group,stream,src,pol,d
real,covertype,covertype,ddm,-0.4442961974649662
real,covertype,covertype,ddm+hedge,-0.03268845897265171
real,covertype,covertype,ddm+hedge@e0.5g0.5,-0.039359573048702856
real,covertype,covertype,ddm+hedge@e1g0.5,-0.03535690460306773
real,covertype,covertype,ddm+hedge@e4g0.5,-0.04936624416276292
real,covertype,covertype,ddm+hedge@e8g0.5,-0.058038692461637176
real,covertype,covertype,ddm+hedge@e2g0.25,-0.06937958639092745
real,covertype,covertype,ddm+hedge@e2g0.75,-0.06337558372246921
real,covertype,covertype,ddm+hedge@e2g0.9,-0.05403602401600205
real,covertype,covertype,eddm,-3.1854569713142045
real,covertype,covertype,eddm+hedge,0.03202134756505881
real,covertype,covertype,eddm+hedge@e0.5g0.5,0.05403602401600205
real,covertype,covertype,eddm+hedge@e1g0.5,0.034689793195463725
real,covertype,covertype,eddm+hedge@e4g0.5,0.046697798532358004
real,covertype,covertype,eddm+hedge@e8g0.5,0.04269513008673398
real,covertype,covertype,eddm+hedge@e2g0.25,0.028018679119423684
real,covertype,covertype,eddm+hedge@e2g0.75,0.03202134756504771
real,covertype,covertype,eddm+hedge@e2g0.9,0.028685790527027688
real,covertype,covertype,fhddm,-3.6124082721814554
real,covertype,covertype,fhddm+hedge,0.03468979319547483
real,covertype,covertype,fhddm+hedge@e0.5g0.5,0.03402268178787082
real,covertype,covertype,fhddm+hedge@e1g0.5,0.03335557038025572
real,covertype,covertype,fhddm+hedge@e4g0.5,0.01801200800535252
real,covertype,covertype,fhddm+hedge@e8g0.5,0.03468979319547483
real,covertype,covertype,fhddm+hedge@e2g0.25,0.03402268178787082
real,covertype,covertype,fhddm+hedge@e2g0.75,0.03402268178787082
real,covertype,covertype,fhddm+hedge@e2g0.9,0.0300200133422468
real,covertype,covertype,hddma,-13.911274182788524
real,covertype,covertype,hddma+hedge,0.04069379586392197
real,covertype,covertype,hddma+hedge@e0.5g0.5,-0.027351567711797475
real,covertype,covertype,hddma+hedge@e1g0.5,0.02468312208138146
real,covertype,covertype,hddma+hedge@e4g0.5,0.024016010673788557
real,covertype,covertype,hddma+hedge@e8g0.5,0.0306871247498397
real,covertype,covertype,hddma+hedge@e2g0.25,0.03402268178787082
real,covertype,covertype,hddma+hedge@e2g0.75,0.04002668445631796
real,covertype,covertype,hddma+hedge@e2g0.9,0.042028018679129975
real,covertype,covertype,hddmw,-4.8619079386257535
real,covertype,covertype,hddmw+hedge,0.06404269513008432
real,covertype,covertype,hddmw+hedge@e0.5g0.5,0.05670446964644027
real,covertype,covertype,hddmw+hedge@e1g0.5,0.057371581054044274
real,covertype,covertype,hddmw+hedge@e4g0.5,0.05336891260842025
real,covertype,covertype,hddmw+hedge@e8g0.5,0.06337558372248031
real,covertype,covertype,hddmw+hedge@e2g0.25,0.059372915276856286
real,covertype,covertype,hddmw+hedge@e2g0.75,0.06604402935290743
real,covertype,covertype,hddmw+hedge@e2g0.9,0.06404269513008432
real,covertype,covertype,adwin,-10.941294196130757
real,covertype,covertype,adwin+hedge,0.019346230820549426
real,covertype,covertype,adwin+hedge@e0.5g0.5,-0.01867911941293432
real,covertype,covertype,adwin+hedge@e1g0.5,0.012008005336916483
real,covertype,covertype,adwin+hedge@e4g0.5,0.005336891260854237
real,covertype,covertype,adwin+hedge@e8g0.5,-0.00933955970646716
real,covertype,covertype,adwin+hedge@e2g0.25,-0.01734489659771521
real,covertype,covertype,adwin+hedge@e2g0.75,0.020680453635757434
real,covertype,covertype,adwin+hedge@e2g0.9,0.013342228152102287
real,covertype,covertype,ph,-5.654436290860576
real,covertype,covertype,ph+hedge,-0.004002668445624025
real,covertype,covertype,ph+hedge@e0.5g0.5,-0.005336891260832033
real,covertype,covertype,ph+hedge@e1g0.5,0.003335557038042225
real,covertype,covertype,ph+hedge@e4g0.5,0.03802535023350595
real,covertype,covertype,ph+hedge@e8g0.5,0.02868579052703879
real,covertype,covertype,ph+hedge@e2g0.25,-0.007338225483644045
real,covertype,covertype,ph+hedge@e2g0.75,0.060707138092064294
real,covertype,covertype,ph+hedge@e2g0.9,0.0627084723148763
real,covertype,covertype,kswin,-3.603068712474977
real,covertype,covertype,kswin+hedge,0.050033355570378024
real,covertype,covertype,kswin+hedge@e0.5g0.5,0.04069379586389976
real,covertype,covertype,kswin+hedge@e1g0.5,0.029352901934631692
real,covertype,covertype,kswin+hedge@e4g0.5,0.03669112741828684
real,covertype,covertype,kswin+hedge@e8g0.5,0.045363575717149995
real,covertype,covertype,kswin+hedge@e2g0.25,0.045363575717149995
real,covertype,covertype,kswin+hedge@e2g0.75,0.05270180120079404
real,covertype,covertype,kswin+hedge@e2g0.9,0.05537024683122116
real,insects_abrupt_imbalanced,insects,ddm,0.2154769846564375
real,insects_abrupt_imbalanced,insects,ddm+hedge,0.22348232154768555
real,insects_abrupt_imbalanced,insects,ddm+hedge@e0.5g0.5,0.19346230820547206
real,insects_abrupt_imbalanced,insects,ddm+hedge@e1g0.5,0.09673115410273603
real,insects_abrupt_imbalanced,insects,ddm+hedge@e4g0.5,0.22081387591726953
real,insects_abrupt_imbalanced,insects,ddm+hedge@e8g0.5,-0.003335557038031123
real,insects_abrupt_imbalanced,insects,ddm+hedge@e2g0.25,0.22148098732488464
real,insects_abrupt_imbalanced,insects,ddm+hedge@e2g0.75,0.22281521014008154
real,insects_abrupt_imbalanced,insects,ddm+hedge@e2g0.9,0.22014676450966553
real,insects_abrupt_imbalanced,insects,eddm,-0.08405603735822664
real,insects_abrupt_imbalanced,insects,eddm+hedge,0.06871247498331234
real,insects_abrupt_imbalanced,insects,eddm+hedge@e0.5g0.5,0.07404936624415548
real,insects_abrupt_imbalanced,insects,eddm+hedge@e1g0.5,0.05870580386925228
real,insects_abrupt_imbalanced,insects,eddm+hedge@e4g0.5,0.09006004002667378
real,insects_abrupt_imbalanced,insects,eddm+hedge@e8g0.5,0.03735823882587974
real,insects_abrupt_imbalanced,insects,eddm+hedge@e2g0.25,0.06804536357570834
real,insects_abrupt_imbalanced,insects,eddm+hedge@e2g0.75,0.09739826551034003
real,insects_abrupt_imbalanced,insects,eddm+hedge@e2g0.9,0.08739159439625777
real,insects_abrupt_imbalanced,insects,fhddm,0.06004002668446029
real,insects_abrupt_imbalanced,insects,fhddm+hedge,0.10673782521679609
real,insects_abrupt_imbalanced,insects,fhddm+hedge@e0.5g0.5,0.10006671114075605
real,insects_abrupt_imbalanced,insects,fhddm+hedge@e1g0.5,0.09939959973315204
real,insects_abrupt_imbalanced,insects,fhddm+hedge@e4g0.5,0.10940627084723431
real,insects_abrupt_imbalanced,insects,fhddm+hedge@e8g0.5,0.10406937958638007
real,insects_abrupt_imbalanced,insects,fhddm+hedge@e2g0.25,0.10673782521679609
real,insects_abrupt_imbalanced,insects,fhddm+hedge@e2g0.75,0.11340893929284723
real,insects_abrupt_imbalanced,insects,fhddm+hedge@e2g0.9,0.10406937958638007
real,insects_abrupt_imbalanced,insects,hddma,0.33022014676450384
real,insects_abrupt_imbalanced,insects,hddma+hedge,0.31954636424281757
real,insects_abrupt_imbalanced,insects,hddma+hedge@e0.5g0.5,0.29819879919946723
real,insects_abrupt_imbalanced,insects,hddma+hedge@e1g0.5,0.3095396931287353
real,insects_abrupt_imbalanced,insects,hddma+hedge@e4g0.5,0.336224149432951
real,insects_abrupt_imbalanced,insects,hddma+hedge@e8g0.5,0.3408939292861901
real,insects_abrupt_imbalanced,insects,hddma+hedge@e2g0.25,0.31354236157437043
real,insects_abrupt_imbalanced,insects,hddma+hedge@e2g0.75,0.33288859239491986
real,insects_abrupt_imbalanced,insects,hddma+hedge@e2g0.9,0.3355570380253581
real,insects_abrupt_imbalanced,insects,hddmw,0.3048699132755184
real,insects_abrupt_imbalanced,insects,hddmw+hedge,0.33422281521013897
real,insects_abrupt_imbalanced,insects,hddmw+hedge@e0.5g0.5,0.28752501667778096
real,insects_abrupt_imbalanced,insects,hddmw+hedge@e1g0.5,0.31287525016677753
real,insects_abrupt_imbalanced,insects,hddmw+hedge@e4g0.5,0.3535690460306884
real,insects_abrupt_imbalanced,insects,hddmw+hedge@e8g0.5,0.3575717144763235
real,insects_abrupt_imbalanced,insects,hddmw+hedge@e2g0.25,0.3208805870580256
real,insects_abrupt_imbalanced,insects,hddmw+hedge@e2g0.75,0.341561040693783
real,insects_abrupt_imbalanced,insects,hddmw+hedge@e2g0.9,0.34356237491660613
real,insects_abrupt_imbalanced,insects,adwin,0.3549032688459075
real,insects_abrupt_imbalanced,insects,adwin+hedge,0.3402268178785861
real,insects_abrupt_imbalanced,insects,adwin+hedge@e0.5g0.5,0.31420947298198554
real,insects_abrupt_imbalanced,insects,adwin+hedge@e1g0.5,0.3242161440960678
real,insects_abrupt_imbalanced,insects,adwin+hedge@e4g0.5,0.34356237491660613
real,insects_abrupt_imbalanced,insects,adwin+hedge@e8g0.5,0.3415610406937941
real,insects_abrupt_imbalanced,insects,adwin+hedge@e2g0.25,0.33222148098731585
real,insects_abrupt_imbalanced,insects,adwin+hedge@e2g0.75,0.3422281521013981
real,insects_abrupt_imbalanced,insects,adwin+hedge@e2g0.9,0.34556370913942924
real,insects_abrupt_imbalanced,insects,ph,0.27151434289527376
real,insects_abrupt_imbalanced,insects,ph+hedge,0.33022014676449274
real,insects_abrupt_imbalanced,insects,ph+hedge@e0.5g0.5,0.28752501667778096
real,insects_abrupt_imbalanced,insects,ph+hedge@e1g0.5,0.30353569046029927
real,insects_abrupt_imbalanced,insects,ph+hedge@e4g0.5,0.3228819212808598
real,insects_abrupt_imbalanced,insects,ph+hedge@e8g0.5,0.33022014676450384
real,insects_abrupt_imbalanced,insects,ph+hedge@e2g0.25,0.31621080720478645
real,insects_abrupt_imbalanced,insects,ph+hedge@e2g0.75,0.3202134756504438
real,insects_abrupt_imbalanced,insects,ph+hedge@e2g0.9,0.3275517011340878
real,insects_abrupt_imbalanced,insects,kswin,0.36157438292194755
real,insects_abrupt_imbalanced,insects,kswin+hedge,0.3275517011340767
real,insects_abrupt_imbalanced,insects,kswin+hedge@e0.5g0.5,0.28819212808538497
real,insects_abrupt_imbalanced,insects,kswin+hedge@e1g0.5,0.3075383589059233
real,insects_abrupt_imbalanced,insects,kswin+hedge@e4g0.5,0.340226817878575
real,insects_abrupt_imbalanced,insects,kswin+hedge@e8g0.5,0.3382254836557741
real,insects_abrupt_imbalanced,insects,kswin+hedge@e2g0.25,0.31554369579719355
real,insects_abrupt_imbalanced,insects,kswin+hedge@e2g0.75,0.33422281521011676
real,insects_abrupt_imbalanced,insects,kswin+hedge@e2g0.9,0.341561040693783
real,insects_gradual_imbalanced,insects,ddm,0.015363128491618916
real,insects_gradual_imbalanced,insects,ddm+hedge,0.023743016759780744
real,insects_gradual_imbalanced,insects,ddm+hedge@e0.5g0.5,0.023743016759780744
real,insects_gradual_imbalanced,insects,ddm+hedge@e1g0.5,0.021648044692745838
real,insects_gradual_imbalanced,insects,ddm+hedge@e4g0.5,0.023743016759780744
real,insects_gradual_imbalanced,insects,ddm+hedge@e8g0.5,0.025139664804474382
real,insects_gradual_imbalanced,insects,ddm+hedge@e2g0.25,0.023044692737439476
real,insects_gradual_imbalanced,insects,ddm+hedge@e2g0.75,0.023743016759780744
real,insects_gradual_imbalanced,insects,ddm+hedge@e2g0.9,0.023044692737439476
real,insects_gradual_imbalanced,insects,eddm,-0.25907821229050887
real,insects_gradual_imbalanced,insects,eddm+hedge,-0.03212290502792037
real,insects_gradual_imbalanced,insects,eddm+hedge@e0.5g0.5,-0.06354748603351057
real,insects_gradual_imbalanced,insects,eddm+hedge@e1g0.5,-0.0314245810055791
real,insects_gradual_imbalanced,insects,eddm+hedge@e4g0.5,-0.04958100558658529
real,insects_gradual_imbalanced,insects,eddm+hedge@e8g0.5,-0.03631284916200128
real,insects_gradual_imbalanced,insects,eddm+hedge@e2g0.25,-0.03212290502792037
real,insects_gradual_imbalanced,insects,eddm+hedge@e2g0.75,-0.034916201117307644
real,insects_gradual_imbalanced,insects,eddm+hedge@e2g0.9,-0.03840782122903619
real,insects_gradual_imbalanced,insects,fhddm,0.0027932960893983783
real,insects_gradual_imbalanced,insects,fhddm+hedge,0.04399441340782184
real,insects_gradual_imbalanced,insects,fhddm+hedge@e0.5g0.5,0.04120111731844567
real,insects_gradual_imbalanced,insects,fhddm+hedge@e1g0.5,0.043296089385480574
real,insects_gradual_imbalanced,insects,fhddm+hedge@e4g0.5,0.041899441340786936
real,insects_gradual_imbalanced,insects,fhddm+hedge@e8g0.5,0.048882681564244024
real,insects_gradual_imbalanced,insects,fhddm+hedge@e2g0.25,0.043296089385480574
real,insects_gradual_imbalanced,insects,fhddm+hedge@e2g0.75,0.0405027932960933
real,insects_gradual_imbalanced,insects,fhddm+hedge@e2g0.9,0.043296089385480574
real,insects_gradual_imbalanced,insects,hddma,0.1124301675977657
real,insects_gradual_imbalanced,insects,hddma+hedge,0.13128491620112426
real,insects_gradual_imbalanced,insects,hddma+hedge@e0.5g0.5,0.11522346368715297
real,insects_gradual_imbalanced,insects,hddma+hedge@e1g0.5,0.12220670391062116
real,insects_gradual_imbalanced,insects,hddma+hedge@e4g0.5,0.13198324022346553
real,insects_gradual_imbalanced,insects,hddma+hedge@e8g0.5,0.13198324022346553
real,insects_gradual_imbalanced,insects,hddma+hedge@e2g0.25,0.12639664804470208
real,insects_gradual_imbalanced,insects,hddma+hedge@e2g0.75,0.1326815642458068
real,insects_gradual_imbalanced,insects,hddma+hedge@e2g0.9,0.1326815642458068
real,insects_gradual_imbalanced,insects,hddmw,0.04818435754191386
real,insects_gradual_imbalanced,insects,hddmw+hedge,0.1236033519553037
real,insects_gradual_imbalanced,insects,hddmw+hedge@e0.5g0.5,0.10893854748603715
real,insects_gradual_imbalanced,insects,hddmw+hedge@e1g0.5,0.11731843575418788
real,insects_gradual_imbalanced,insects,hddmw+hedge@e4g0.5,0.12918994413407825
real,insects_gradual_imbalanced,insects,hddmw+hedge@e8g0.5,0.13826815642458135
real,insects_gradual_imbalanced,insects,hddmw+hedge@e2g0.25,0.12011173184357515
real,insects_gradual_imbalanced,insects,hddmw+hedge@e2g0.75,0.1256983240223497
real,insects_gradual_imbalanced,insects,hddmw+hedge@e2g0.9,0.1236033519553037
real,insects_gradual_imbalanced,insects,adwin,0.12290502793297353
real,insects_gradual_imbalanced,insects,adwin+hedge,0.13966480446928609
real,insects_gradual_imbalanced,insects,adwin+hedge@e0.5g0.5,0.12849162011173698
real,insects_gradual_imbalanced,insects,adwin+hedge@e1g0.5,0.1347765363128639
real,insects_gradual_imbalanced,insects,adwin+hedge@e4g0.5,0.141759776536321
real,insects_gradual_imbalanced,insects,adwin+hedge@e8g0.5,0.14455307262570827
real,insects_gradual_imbalanced,insects,adwin+hedge@e2g0.25,0.1347765363128639
real,insects_gradual_imbalanced,insects,adwin+hedge@e2g0.75,0.14106145251397972
real,insects_gradual_imbalanced,insects,adwin+hedge@e2g0.9,0.14036312849162735
real,insects_gradual_imbalanced,insects,ph,-0.0076815642457872535
real,insects_gradual_imbalanced,insects,ph+hedge,0.1033519553072626
real,insects_gradual_imbalanced,insects,ph+hedge@e0.5g0.5,0.08449720670390404
real,insects_gradual_imbalanced,insects,ph+hedge@e1g0.5,0.10405027932961497
real,insects_gradual_imbalanced,insects,ph+hedge@e4g0.5,0.1012569832402388
real,insects_gradual_imbalanced,insects,ph+hedge@e8g0.5,0.11382681564245933
real,insects_gradual_imbalanced,insects,ph+hedge@e2g0.25,0.09706703910613568
real,insects_gradual_imbalanced,insects,ph+hedge@e2g0.75,0.1033519553072626
real,insects_gradual_imbalanced,insects,ph+hedge@e2g0.9,0.10405027932961497
real,insects_gradual_imbalanced,insects,kswin,0.14874301675977808
real,insects_gradual_imbalanced,insects,kswin+hedge,0.13337988826815916
real,insects_gradual_imbalanced,insects,kswin+hedge@e0.5g0.5,0.12499999999999734
real,insects_gradual_imbalanced,insects,kswin+hedge@e1g0.5,0.13128491620112426
real,insects_gradual_imbalanced,insects,kswin+hedge@e4g0.5,0.1326815642458068
real,insects_gradual_imbalanced,insects,kswin+hedge@e8g0.5,0.13128491620112426
real,insects_gradual_imbalanced,insects,kswin+hedge@e2g0.25,0.13128491620112426
real,insects_gradual_imbalanced,insects,kswin+hedge@e2g0.75,0.13337988826815916
real,insects_gradual_imbalanced,insects,kswin+hedge@e2g0.9,0.13198324022346553
real,insects_incremental_abrupt_balanced,insects,ddm,1.06516290726818
real,insects_incremental_abrupt_balanced,insects,ddm+hedge,1.164160401002512
real,insects_incremental_abrupt_balanced,insects,ddm+hedge@e0.5g0.5,0.7606516290726839
real,insects_incremental_abrupt_balanced,insects,ddm+hedge@e1g0.5,1.0726817042606585
real,insects_incremental_abrupt_balanced,insects,ddm+hedge@e4g0.5,0.9523809523809601
real,insects_incremental_abrupt_balanced,insects,ddm+hedge@e8g0.5,0.8408521303258198
real,insects_incremental_abrupt_balanced,insects,ddm+hedge@e2g0.25,0.854636591478708
real,insects_incremental_abrupt_balanced,insects,ddm+hedge@e2g0.75,0.7807017543859707
real,insects_incremental_abrupt_balanced,insects,ddm+hedge@e2g0.9,0.7894736842105399
real,insects_incremental_abrupt_balanced,insects,eddm,0.30451127819549617
real,insects_incremental_abrupt_balanced,insects,eddm+hedge,0.981203007518805
real,insects_incremental_abrupt_balanced,insects,eddm+hedge@e0.5g0.5,0.5576441102757013
real,insects_incremental_abrupt_balanced,insects,eddm+hedge@e1g0.5,1.00375939849624
real,insects_incremental_abrupt_balanced,insects,eddm+hedge@e4g0.5,0.6754385964912402
real,insects_incremental_abrupt_balanced,insects,eddm+hedge@e8g0.5,0.7255639097744293
real,insects_incremental_abrupt_balanced,insects,eddm+hedge@e2g0.25,0.8972431077694298
real,insects_incremental_abrupt_balanced,insects,eddm+hedge@e2g0.75,0.6654135338345912
real,insects_incremental_abrupt_balanced,insects,eddm+hedge@e2g0.9,0.666666666666671
real,insects_incremental_abrupt_balanced,insects,fhddm,0.18421052631579782
real,insects_incremental_abrupt_balanced,insects,fhddm+hedge,0.34335839598998996
real,insects_incremental_abrupt_balanced,insects,fhddm+hedge@e0.5g0.5,0.33082706766917047
real,insects_incremental_abrupt_balanced,insects,fhddm+hedge@e1g0.5,0.34210526315789913
real,insects_incremental_abrupt_balanced,insects,fhddm+hedge@e4g0.5,0.34711779448621805
real,insects_incremental_abrupt_balanced,insects,fhddm+hedge@e8g0.5,0.35964912280701533
real,insects_incremental_abrupt_balanced,insects,fhddm+hedge@e2g0.25,0.3496240601503775
real,insects_incremental_abrupt_balanced,insects,fhddm+hedge@e2g0.75,0.3458646616541383
real,insects_incremental_abrupt_balanced,insects,fhddm+hedge@e2g0.9,0.34335839598997886
real,insects_incremental_abrupt_balanced,insects,hddma,1.8245614035087843
real,insects_incremental_abrupt_balanced,insects,hddma+hedge,1.8333333333333535
real,insects_incremental_abrupt_balanced,insects,hddma+hedge@e0.5g0.5,1.7493734335839672
real,insects_incremental_abrupt_balanced,insects,hddma+hedge@e1g0.5,1.8120300751879759
real,insects_incremental_abrupt_balanced,insects,hddma+hedge@e4g0.5,1.8533834586466291
real,insects_incremental_abrupt_balanced,insects,hddma+hedge@e8g0.5,1.8120300751879759
real,insects_incremental_abrupt_balanced,insects,hddma+hedge@e2g0.25,1.8383458646616613
real,insects_incremental_abrupt_balanced,insects,hddma+hedge@e2g0.75,1.8408521303258207
real,insects_incremental_abrupt_balanced,insects,hddma+hedge@e2g0.9,1.8358395989975018
real,insects_incremental_abrupt_balanced,insects,hddmw,1.7481203007518875
real,insects_incremental_abrupt_balanced,insects,hddmw+hedge,1.7706766917293337
real,insects_incremental_abrupt_balanced,insects,hddmw+hedge@e0.5g0.5,1.6729323308270816
real,insects_incremental_abrupt_balanced,insects,hddmw+hedge@e1g0.5,1.7280701754385897
real,insects_incremental_abrupt_balanced,insects,hddmw+hedge@e4g0.5,1.8270676691729548
real,insects_incremental_abrupt_balanced,insects,hddmw+hedge@e8g0.5,1.796992481203008
real,insects_incremental_abrupt_balanced,insects,hddmw+hedge@e2g0.25,1.7669172932331056
real,insects_incremental_abrupt_balanced,insects,hddmw+hedge@e2g0.75,1.7556390977443659
real,insects_incremental_abrupt_balanced,insects,hddmw+hedge@e2g0.9,1.7305764411027602
real,insects_incremental_abrupt_balanced,insects,adwin,1.6203007518797108
real,insects_incremental_abrupt_balanced,insects,adwin+hedge,1.627819548872178
real,insects_incremental_abrupt_balanced,insects,adwin+hedge@e0.5g0.5,1.56265664160401
real,insects_incremental_abrupt_balanced,insects,adwin+hedge@e1g0.5,1.6177944862155513
real,insects_incremental_abrupt_balanced,insects,adwin+hedge@e4g0.5,1.6215538847117905
real,insects_incremental_abrupt_balanced,insects,adwin+hedge@e8g0.5,1.6015037593985038
real,insects_incremental_abrupt_balanced,insects,adwin+hedge@e2g0.25,1.6403508771929864
real,insects_incremental_abrupt_balanced,insects,adwin+hedge@e2g0.75,1.6215538847117905
real,insects_incremental_abrupt_balanced,insects,adwin+hedge@e2g0.9,1.600250626566413
real,insects_incremental_abrupt_balanced,insects,ph,1.1942355889724254
real,insects_incremental_abrupt_balanced,insects,ph+hedge,1.4335839598997535
real,insects_incremental_abrupt_balanced,insects,ph+hedge@e0.5g0.5,1.3721804511278246
real,insects_incremental_abrupt_balanced,insects,ph+hedge@e1g0.5,1.4197994987468765
real,insects_incremental_abrupt_balanced,insects,ph+hedge@e4g0.5,1.3621553884711979
real,insects_incremental_abrupt_balanced,insects,ph+hedge@e8g0.5,1.3684210526315854
real,insects_incremental_abrupt_balanced,insects,ph+hedge@e2g0.25,1.4573934837092684
real,insects_incremental_abrupt_balanced,insects,ph+hedge@e2g0.75,1.4323308270676738
real,insects_incremental_abrupt_balanced,insects,ph+hedge@e2g0.9,1.3771929824561546
real,insects_incremental_abrupt_balanced,insects,kswin,1.5125313283207986
real,insects_incremental_abrupt_balanced,insects,kswin+hedge,1.431077694235594
real,insects_incremental_abrupt_balanced,insects,kswin+hedge@e0.5g0.5,1.3822055137844735
real,insects_incremental_abrupt_balanced,insects,kswin+hedge@e1g0.5,1.4185463659147746
real,insects_incremental_abrupt_balanced,insects,kswin+hedge@e4g0.5,1.473684210526327
real,insects_incremental_abrupt_balanced,insects,kswin+hedge@e8g0.5,1.468671679197997
real,insects_incremental_abrupt_balanced,insects,kswin+hedge@e2g0.25,1.4398496240601522
real,insects_incremental_abrupt_balanced,insects,kswin+hedge@e2g0.75,1.4385964912280724
real,insects_incremental_abrupt_balanced,insects,kswin+hedge@e2g0.9,1.4323308270676738
real,h2_airlines,airlines,ddm,-0.009009009009008917
real,h2_airlines,airlines,ddm+hedge,-0.00800800800800916
real,h2_airlines,airlines,ddm+hedge@e0.5g0.5,-0.00800800800800916
real,h2_airlines,airlines,ddm+hedge@e1g0.5,-0.00800800800800916
real,h2_airlines,airlines,ddm+hedge@e4g0.5,-0.009009009009008917
real,h2_airlines,airlines,ddm+hedge@e8g0.5,-0.006006006005998543
real,h2_airlines,airlines,ddm+hedge@e2g0.25,-0.00800800800800916
real,h2_airlines,airlines,ddm+hedge@e2g0.75,-0.00800800800800916
real,h2_airlines,airlines,ddm+hedge@e2g0.9,-0.00800800800800916
real,h2_airlines,airlines,eddm,-0.2732732732732557
real,h2_airlines,airlines,eddm+hedge,-0.02302302302301662
real,h2_airlines,airlines,eddm+hedge@e0.5g0.5,-0.024024024024016377
real,h2_airlines,airlines,eddm+hedge@e1g0.5,-0.024024024024016377
real,h2_airlines,airlines,eddm+hedge@e4g0.5,-0.02302302302301662
real,h2_airlines,airlines,eddm+hedge@e8g0.5,-0.021021021021006003
real,h2_airlines,airlines,eddm+hedge@e2g0.25,-0.02302302302301662
real,h2_airlines,airlines,eddm+hedge@e2g0.75,-0.024024024024016377
real,h2_airlines,airlines,eddm+hedge@e2g0.9,-0.024024024024016377
real,h2_airlines,airlines,fhddm,-0.20420420420419472
real,h2_airlines,airlines,fhddm+hedge,-0.014014014014018805
real,h2_airlines,airlines,fhddm+hedge@e0.5g0.5,-0.01901901901901759
real,h2_airlines,airlines,fhddm+hedge@e1g0.5,-0.018018018018017834
real,h2_airlines,airlines,fhddm+hedge@e4g0.5,-0.018018018018006732
real,h2_airlines,airlines,fhddm+hedge@e8g0.5,-0.010010010010008674
real,h2_airlines,airlines,fhddm+hedge@e2g0.25,-0.01501501501500746
real,h2_airlines,airlines,fhddm+hedge@e2g0.75,-0.016016016016007217
real,h2_airlines,airlines,fhddm+hedge@e2g0.9,-0.014014014014007703
real,h2_airlines,airlines,hddma,-0.14614614614613108
real,h2_airlines,airlines,hddma+hedge,-0.041041041041034454
real,h2_airlines,airlines,hddma+hedge@e0.5g0.5,-0.07907907907906964
real,h2_airlines,airlines,hddma+hedge@e1g0.5,-0.07807807807806988
real,h2_airlines,airlines,hddma+hedge@e4g0.5,-0.03903903903903494
real,h2_airlines,airlines,hddma+hedge@e8g0.5,-0.03903903903903494
real,h2_airlines,airlines,hddma+hedge@e2g0.25,-0.044044044044033726
real,h2_airlines,airlines,hddma+hedge@e2g0.75,-0.03903903903903494
real,h2_airlines,airlines,hddma+hedge@e2g0.9,-0.03703703703702432
real,h2_airlines,airlines,hddmw,-1.1261261261261146
real,h2_airlines,airlines,hddmw+hedge,-0.2092092092092046
real,h2_airlines,airlines,hddmw+hedge@e0.5g0.5,-0.2212212212212128
real,h2_airlines,airlines,hddmw+hedge@e1g0.5,-0.21921921921921328
real,h2_airlines,airlines,hddmw+hedge@e4g0.5,-0.21021021021020436
real,h2_airlines,airlines,hddmw+hedge@e8g0.5,-0.21221221221220388
real,h2_airlines,airlines,hddmw+hedge@e2g0.25,-0.2092092092091935
real,h2_airlines,airlines,hddmw+hedge@e2g0.75,-0.20320320320319496
real,h2_airlines,airlines,hddmw+hedge@e2g0.9,-0.21521521521521425
real,h2_airlines,airlines,adwin,-0.08408408408406842
real,h2_airlines,airlines,adwin+hedge,-0.029029029029026265
real,h2_airlines,airlines,adwin+hedge@e0.5g0.5,-0.028028028028026508
real,h2_airlines,airlines,adwin+hedge@e1g0.5,-0.029029029029026265
real,h2_airlines,airlines,adwin+hedge@e4g0.5,-0.024024024024016377
real,h2_airlines,airlines,adwin+hedge@e8g0.5,-0.021021021021006003
real,h2_airlines,airlines,adwin+hedge@e2g0.25,-0.02702702702702675
real,h2_airlines,airlines,adwin+hedge@e2g0.75,-0.028028028028026508
real,h2_airlines,airlines,adwin+hedge@e2g0.9,-0.028028028028026508
real,h2_airlines,airlines,ph,-0.31631631631631185
real,h2_airlines,airlines,ph+hedge,0.005005005005009888
real,h2_airlines,airlines,ph+hedge@e0.5g0.5,0.0020020020019995144
real,h2_airlines,airlines,ph+hedge@e1g0.5,0.0020020020019995144
real,h2_airlines,airlines,ph+hedge@e4g0.5,0.008008008008020262
real,h2_airlines,airlines,ph+hedge@e8g0.5,0.011011011011019534
real,h2_airlines,airlines,ph+hedge@e2g0.25,0.005005005005009888
real,h2_airlines,airlines,ph+hedge@e2g0.75,0.005005005005009888
real,h2_airlines,airlines,ph+hedge@e2g0.9,0.00900900900902002
real,h2_airlines,airlines,kswin,-0.45545545545544464
real,h2_airlines,airlines,kswin+hedge,-0.061061061061062905
real,h2_airlines,airlines,kswin+hedge@e0.5g0.5,-0.08208208208208001
real,h2_airlines,airlines,kswin+hedge@e1g0.5,-0.06406406406406218
real,h2_airlines,airlines,kswin+hedge@e4g0.5,-0.06606606606606169
real,h2_airlines,airlines,kswin+hedge@e8g0.5,-0.06906906906906096
real,h2_airlines,airlines,kswin+hedge@e2g0.25,-0.061061061061062905
real,h2_airlines,airlines,kswin+hedge@e2g0.75,-0.06006006006006315
real,h2_airlines,airlines,kswin+hedge@e2g0.9,-0.06406406406406218
real,h2_phishing,phishing,ddm,0.0
real,h2_phishing,phishing,ddm+hedge,0.0
real,h2_phishing,phishing,ddm+hedge@e0.5g0.5,0.0
real,h2_phishing,phishing,ddm+hedge@e1g0.5,0.0
real,h2_phishing,phishing,ddm+hedge@e4g0.5,0.0
real,h2_phishing,phishing,ddm+hedge@e8g0.5,0.0
real,h2_phishing,phishing,ddm+hedge@e2g0.25,0.0
real,h2_phishing,phishing,ddm+hedge@e2g0.75,0.0
real,h2_phishing,phishing,ddm+hedge@e2g0.9,0.0
real,h2_phishing,phishing,eddm,-0.11009174311927827
real,h2_phishing,phishing,eddm+hedge,0.04587155963302614
real,h2_phishing,phishing,eddm+hedge@e0.5g0.5,0.06422018348622993
real,h2_phishing,phishing,eddm+hedge@e1g0.5,0.06422018348622993
real,h2_phishing,phishing,eddm+hedge@e4g0.5,0.04587155963300393
real,h2_phishing,phishing,eddm+hedge@e8g0.5,0.036697247706396485
real,h2_phishing,phishing,eddm+hedge@e2g0.25,0.055045871559633586
real,h2_phishing,phishing,eddm+hedge@e2g0.75,0.05504587155960028
real,h2_phishing,phishing,eddm+hedge@e2g0.9,0.05504587155960028
real,h2_phishing,phishing,fhddm,0.0
real,h2_phishing,phishing,fhddm+hedge,0.0
real,h2_phishing,phishing,fhddm+hedge@e0.5g0.5,0.0
real,h2_phishing,phishing,fhddm+hedge@e1g0.5,0.0
real,h2_phishing,phishing,fhddm+hedge@e4g0.5,0.0
real,h2_phishing,phishing,fhddm+hedge@e8g0.5,0.0
real,h2_phishing,phishing,fhddm+hedge@e2g0.25,0.0
real,h2_phishing,phishing,fhddm+hedge@e2g0.75,0.0
real,h2_phishing,phishing,fhddm+hedge@e2g0.9,0.0
real,h2_phishing,phishing,hddma,0.0
real,h2_phishing,phishing,hddma+hedge,0.0
real,h2_phishing,phishing,hddma+hedge@e0.5g0.5,0.0
real,h2_phishing,phishing,hddma+hedge@e1g0.5,0.0
real,h2_phishing,phishing,hddma+hedge@e4g0.5,0.0
real,h2_phishing,phishing,hddma+hedge@e8g0.5,0.0
real,h2_phishing,phishing,hddma+hedge@e2g0.25,0.0
real,h2_phishing,phishing,hddma+hedge@e2g0.75,0.0
real,h2_phishing,phishing,hddma+hedge@e2g0.9,0.0
real,h2_phishing,phishing,hddmw,0.0
real,h2_phishing,phishing,hddmw+hedge,0.0
real,h2_phishing,phishing,hddmw+hedge@e0.5g0.5,0.0
real,h2_phishing,phishing,hddmw+hedge@e1g0.5,0.0
real,h2_phishing,phishing,hddmw+hedge@e4g0.5,0.0
real,h2_phishing,phishing,hddmw+hedge@e8g0.5,0.0
real,h2_phishing,phishing,hddmw+hedge@e2g0.25,0.0
real,h2_phishing,phishing,hddmw+hedge@e2g0.75,0.0
real,h2_phishing,phishing,hddmw+hedge@e2g0.9,0.0
real,h2_phishing,phishing,adwin,0.0
real,h2_phishing,phishing,adwin+hedge,0.0
real,h2_phishing,phishing,adwin+hedge@e0.5g0.5,0.0
real,h2_phishing,phishing,adwin+hedge@e1g0.5,0.0
real,h2_phishing,phishing,adwin+hedge@e4g0.5,0.0
real,h2_phishing,phishing,adwin+hedge@e8g0.5,0.0
real,h2_phishing,phishing,adwin+hedge@e2g0.25,0.0
real,h2_phishing,phishing,adwin+hedge@e2g0.75,0.0
real,h2_phishing,phishing,adwin+hedge@e2g0.9,0.0
real,h2_phishing,phishing,ph,0.0
real,h2_phishing,phishing,ph+hedge,0.0
real,h2_phishing,phishing,ph+hedge@e0.5g0.5,0.0
real,h2_phishing,phishing,ph+hedge@e1g0.5,0.0
real,h2_phishing,phishing,ph+hedge@e4g0.5,0.0
real,h2_phishing,phishing,ph+hedge@e8g0.5,0.0
real,h2_phishing,phishing,ph+hedge@e2g0.25,0.0
real,h2_phishing,phishing,ph+hedge@e2g0.75,0.0
real,h2_phishing,phishing,ph+hedge@e2g0.9,0.0
real,h2_phishing,phishing,kswin,0.0
real,h2_phishing,phishing,kswin+hedge,0.0
real,h2_phishing,phishing,kswin+hedge@e0.5g0.5,0.0
real,h2_phishing,phishing,kswin+hedge@e1g0.5,0.0
real,h2_phishing,phishing,kswin+hedge@e4g0.5,0.0
real,h2_phishing,phishing,kswin+hedge@e8g0.5,0.0
real,h2_phishing,phishing,kswin+hedge@e2g0.25,0.0
real,h2_phishing,phishing,kswin+hedge@e2g0.75,0.0
real,h2_phishing,phishing,kswin+hedge@e2g0.9,0.0
real,h2_poker,poker,ddm,-8.168168168168178
real,h2_poker,poker,ddm+hedge,-1.6076076076076085
real,h2_poker,poker,ddm+hedge@e0.5g0.5,-1.8178178178178128
real,h2_poker,poker,ddm+hedge@e1g0.5,-1.7637637637637704
real,h2_poker,poker,ddm+hedge@e4g0.5,-1.3563563563563696
real,h2_poker,poker,ddm+hedge@e8g0.5,-1.2342342342342438
real,h2_poker,poker,ddm+hedge@e2g0.25,-1.653653653653664
real,h2_poker,poker,ddm+hedge@e2g0.75,-1.5365365365365258
real,h2_poker,poker,ddm+hedge@e2g0.9,-1.5235235235235178
real,h2_poker,poker,eddm,-8.911911911911908
real,h2_poker,poker,eddm+hedge,-0.7457457457457406
real,h2_poker,poker,eddm+hedge@e0.5g0.5,-1.0060060060059994
real,h2_poker,poker,eddm+hedge@e1g0.5,-0.8598598598598683
real,h2_poker,poker,eddm+hedge@e4g0.5,-0.5195195195195179
real,h2_poker,poker,eddm+hedge@e8g0.5,-0.4264264264264295
real,h2_poker,poker,eddm+hedge@e2g0.25,-0.778778778778777
real,h2_poker,poker,eddm+hedge@e2g0.75,-0.5475475475475555
real,h2_poker,poker,eddm+hedge@e2g0.9,-0.5565565565565644
real,h2_poker,poker,fhddm,-6.702702702702712
real,h2_poker,poker,fhddm+hedge,-0.33533533533534055
real,h2_poker,poker,fhddm+hedge@e0.5g0.5,-0.4724724724724627
real,h2_poker,poker,fhddm+hedge@e1g0.5,-0.41741741741742056
real,h2_poker,poker,fhddm+hedge@e4g0.5,-0.2402402402402415
real,h2_poker,poker,fhddm+hedge@e8g0.5,-0.2892892892892851
real,h2_poker,poker,fhddm+hedge@e2g0.25,-0.39639639639639235
real,h2_poker,poker,fhddm+hedge@e2g0.75,-0.2682682682682791
real,h2_poker,poker,fhddm+hedge@e2g0.9,-0.25525525525526005
real,h2_poker,poker,hddma,-9.9009009009009
real,h2_poker,poker,hddma+hedge,-1.631631631631636
real,h2_poker,poker,hddma+hedge@e0.5g0.5,-1.9519519519519468
real,h2_poker,poker,hddma+hedge@e1g0.5,-1.8758758758758654
real,h2_poker,poker,hddma+hedge@e4g0.5,-1.3093093093093144
real,h2_poker,poker,hddma+hedge@e8g0.5,-1.0310310310310267
real,h2_poker,poker,hddma+hedge@e2g0.25,-1.6996996996996971
real,h2_poker,poker,hddma+hedge@e2g0.75,-1.4864864864864935
real,h2_poker,poker,hddma+hedge@e2g0.9,-1.4434434434434484
real,h2_poker,poker,hddmw,-7.9679679679679705
real,h2_poker,poker,hddmw+hedge,-0.4914914914914914
real,h2_poker,poker,hddmw+hedge@e0.5g0.5,-0.6366366366366449
real,h2_poker,poker,hddmw+hedge@e1g0.5,-0.6006006006005871
real,h2_poker,poker,hddmw+hedge@e4g0.5,-0.40140140140140224
real,h2_poker,poker,hddmw+hedge@e8g0.5,-0.2732732732732668
real,h2_poker,poker,hddmw+hedge@e2g0.25,-0.5765765765765707
real,h2_poker,poker,hddmw+hedge@e2g0.75,-0.44844844844844634
real,h2_poker,poker,hddmw+hedge@e2g0.9,-0.4114114114114109
real,h2_poker,poker,adwin,-7.46246246246246
real,h2_poker,poker,adwin+hedge,-0.5475475475475444
real,h2_poker,poker,adwin+hedge@e0.5g0.5,-0.7667667667667688
real,h2_poker,poker,adwin+hedge@e1g0.5,-0.6416416416416437
real,h2_poker,poker,adwin+hedge@e4g0.5,-0.4684684684684637
real,h2_poker,poker,adwin+hedge@e8g0.5,-0.4114114114114109
real,h2_poker,poker,adwin+hedge@e2g0.25,-0.6006006006005982
real,h2_poker,poker,adwin+hedge@e2g0.75,-0.5105105105105201
real,h2_poker,poker,adwin+hedge@e2g0.9,-0.454454454454456
real,h2_poker,poker,ph,-3.992992992992994
real,h2_poker,poker,ph+hedge,-0.19419419419418604
real,h2_poker,poker,ph+hedge@e0.5g0.5,-0.12112112112111495
real,h2_poker,poker,ph+hedge@e1g0.5,-0.13913913913914389
real,h2_poker,poker,ph+hedge@e4g0.5,-0.14714714714714194
real,h2_poker,poker,ph+hedge@e8g0.5,-0.21321321321321474
real,h2_poker,poker,ph+hedge@e2g0.25,-0.1481481481481417
real,h2_poker,poker,ph+hedge@e2g0.75,-0.18918918918918726
real,h2_poker,poker,ph+hedge@e2g0.9,-0.06006006006006315
real,h2_poker,poker,kswin,-6.170170170170175
real,h2_poker,poker,kswin+hedge,-0.3033033033032928
real,h2_poker,poker,kswin+hedge@e0.5g0.5,-0.4404404404404372
real,h2_poker,poker,kswin+hedge@e1g0.5,-0.39139139139139356
real,h2_poker,poker,kswin+hedge@e4g0.5,-0.25525525525524895
real,h2_poker,poker,kswin+hedge@e8g0.5,-0.23123123123124367
real,h2_poker,poker,kswin+hedge@e2g0.25,-0.3713713713713651
real,h2_poker,poker,kswin+hedge@e2g0.75,-0.24424424424424052
real,h2_poker,poker,kswin+hedge@e2g0.9,-0.22222222222221255
real,h2_rialto,rialto,ddm,0.6248477466504254
real,h2_rialto,rialto,ddm+hedge,1.2399512789281308
real,h2_rialto,rialto,ddm+hedge@e0.5g0.5,1.2570036540803797
real,h2_rialto,rialto,ddm+hedge@e1g0.5,1.230207064555422
real,h2_rialto,rialto,ddm+hedge@e4g0.5,1.0292326431181609
real,h2_rialto,rialto,ddm+hedge@e8g0.5,0.942752740560282
real,h2_rialto,rialto,ddm+hedge@e2g0.25,1.191230207064553
real,h2_rialto,rialto,ddm+hedge@e2g0.75,1.2618757612667397
real,h2_rialto,rialto,ddm+hedge@e2g0.9,1.2472594397076597
real,h2_rialto,rialto,eddm,1.0487210718635676
real,h2_rialto,rialto,eddm+hedge,2.431181485992695
real,h2_rialto,rialto,eddm+hedge@e0.5g0.5,2.375152253349566
real,h2_rialto,rialto,eddm+hedge@e1g0.5,2.3751522533495772
real,h2_rialto,rialto,eddm+hedge@e4g0.5,2.393422655298405
real,h2_rialto,rialto,eddm+hedge@e8g0.5,2.3556638246041373
real,h2_rialto,rialto,eddm+hedge@e2g0.25,2.448233861144933
real,h2_rialto,rialto,eddm+hedge@e2g0.75,2.457978075517675
real,h2_rialto,rialto,eddm+hedge@e2g0.9,2.436053593179055
real,h2_rialto,rialto,fhddm,0.8989037758830531
real,h2_rialto,rialto,fhddm+hedge,1.655298416565154
real,h2_rialto,rialto,fhddm+hedge@e0.5g0.5,1.6528623629719852
real,h2_rialto,rialto,fhddm+hedge@e1g0.5,1.679658952496954
real,h2_rialto,rialto,fhddm+hedge@e4g0.5,1.5663824604141174
real,h2_rialto,rialto,fhddm+hedge@e8g0.5,1.4750304506699008
real,h2_rialto,rialto,fhddm+hedge@e2g0.25,1.697929354445804
real,h2_rialto,rialto,fhddm+hedge@e2g0.75,1.6394640682095063
real,h2_rialto,rialto,fhddm+hedge@e2g0.9,1.6309378806333763
real,h2_rialto,rialto,hddma,0.7892813641900198
real,h2_rialto,rialto,hddma+hedge,1.5261875761266697
real,h2_rialto,rialto,hddma+hedge@e0.5g0.5,1.459196102314253
real,h2_rialto,rialto,hddma+hedge@e1g0.5,1.5006090133982908
real,h2_rialto,rialto,hddma+hedge@e4g0.5,1.5176613885505397
real,h2_rialto,rialto,hddma+hedge@e8g0.5,1.428745432399503
real,h2_rialto,rialto,hddma+hedge@e2g0.25,1.4945188794153519
real,h2_rialto,rialto,hddma+hedge@e2g0.75,1.5529841656516497
real,h2_rialto,rialto,hddma+hedge@e2g0.9,1.5261875761266697
real,h2_rialto,rialto,hddmw,1.1023142509135164
real,h2_rialto,rialto,hddmw+hedge,1.7405602923264318
real,h2_rialto,rialto,hddmw+hedge@e0.5g0.5,1.7429963459196007
real,h2_rialto,rialto,hddmw+hedge@e1g0.5,1.7576126674786807
real,h2_rialto,rialto,hddmw+hedge@e4g0.5,1.657734470158334
real,h2_rialto,rialto,hddmw+hedge@e8g0.5,1.6090133982947563
real,h2_rialto,rialto,hddmw+hedge@e2g0.25,1.7259439707673518
real,h2_rialto,rialto,hddmw+hedge@e2g0.75,1.7283800243605318
real,h2_rialto,rialto,hddmw+hedge@e2g0.9,1.7685749086479907
real,h2_rialto,rialto,adwin,0.1778319123020622
real,h2_rialto,rialto,adwin+hedge,1.4945188794153519
real,h2_rialto,rialto,adwin+hedge@e0.5g0.5,1.6017052375152163
real,h2_rialto,rialto,adwin+hedge@e1g0.5,1.5590742996345885
real,h2_rialto,rialto,adwin+hedge@e4g0.5,1.4019488428745452
real,h2_rialto,rialto,adwin+hedge@e8g0.5,1.1412911084043853
real,h2_rialto,rialto,adwin+hedge@e2g0.25,1.4920828258221719
real,h2_rialto,rialto,adwin+hedge@e2g0.75,1.483556638246053
real,h2_rialto,rialto,adwin+hedge@e2g0.9,1.5334957369061986
real,h2_rialto,rialto,ph,0.929354445797792
real,h2_rialto,rialto,ph+hedge,1.3751522533495764
real,h2_rialto,rialto,ph+hedge@e0.5g0.5,1.3775883069427453
real,h2_rialto,rialto,ph+hedge@e1g0.5,1.3873325213154653
real,h2_rialto,rialto,ph+hedge@e4g0.5,1.3520097442143664
real,h2_rialto,rialto,ph+hedge@e8g0.5,1.1802679658952542
real,h2_rialto,rialto,ph+hedge@e2g0.25,1.3702801461632164
real,h2_rialto,rialto,ph+hedge@e2g0.75,1.3873325213154653
real,h2_rialto,rialto,ph+hedge@e2g0.9,1.3934226552984152
real,h2_rialto,rialto,kswin,1.1522533495736953
real,h2_rialto,rialto,kswin+hedge,1.7503045066991518
real,h2_rialto,rialto,kswin+hedge@e0.5g0.5,1.8148599269183885
real,h2_rialto,rialto,kswin+hedge@e1g0.5,1.8148599269184107
real,h2_rialto,rialto,kswin+hedge@e4g0.5,1.7466504263093818
real,h2_rialto,rialto,kswin+hedge@e8g0.5,1.6236297198538252
real,h2_rialto,rialto,kswin+hedge@e2g0.25,1.7186358099878118
real,h2_rialto,rialto,kswin+hedge@e2g0.75,1.7466504263093818
real,h2_rialto,rialto,kswin+hedge@e2g0.9,1.7344701583434818
real,h2_spam,spam,ddm,-0.360655737704918
real,h2_spam,spam,ddm+hedge,-0.2622950819672121
real,h2_spam,spam,ddm+hedge@e0.5g0.5,-0.14754098360654222
real,h2_spam,spam,ddm+hedge@e1g0.5,-0.19672131147538963
real,h2_spam,spam,ddm+hedge@e4g0.5,0.180327868852459
real,h2_spam,spam,ddm+hedge@e8g0.5,0.0
real,h2_spam,spam,ddm+hedge@e2g0.25,-0.21311475409835356
real,h2_spam,spam,ddm+hedge@e2g0.75,0.2622950819672343
real,h2_spam,spam,ddm+hedge@e2g0.9,0.2622950819672343
real,h2_spam,spam,eddm,-2.0163934426229435
real,h2_spam,spam,eddm+hedge,0.06557377049182245
real,h2_spam,spam,eddm+hedge@e0.5g0.5,-0.09836065573769481
real,h2_spam,spam,eddm+hedge@e1g0.5,-0.06557377049180024
real,h2_spam,spam,eddm+hedge@e4g0.5,-0.13114754098360049
real,h2_spam,spam,eddm+hedge@e8g0.5,-0.14754098360654222
real,h2_spam,spam,eddm+hedge@e2g0.25,-0.03278688524588347
real,h2_spam,spam,eddm+hedge@e2g0.75,0.19672131147543404
real,h2_spam,spam,eddm+hedge@e2g0.9,0.11475409836066985
real,h2_spam,spam,fhddm,-0.34426229508195405
real,h2_spam,spam,fhddm+hedge,-0.13114754098360049
real,h2_spam,spam,fhddm+hedge@e0.5g0.5,-0.11475409836064765
real,h2_spam,spam,fhddm+hedge@e1g0.5,-0.13114754098360049
real,h2_spam,spam,fhddm+hedge@e4g0.5,-0.13114754098360049
real,h2_spam,spam,fhddm+hedge@e8g0.5,-0.13114754098360049
real,h2_spam,spam,fhddm+hedge@e2g0.25,-0.13114754098360049
real,h2_spam,spam,fhddm+hedge@e2g0.75,-0.13114754098360049
real,h2_spam,spam,fhddm+hedge@e2g0.9,-0.13114754098360049
real,h2_spam,spam,hddma,-1.0000000000000009
real,h2_spam,spam,hddma+hedge,-0.3606557377049069
real,h2_spam,spam,hddma+hedge@e0.5g0.5,-0.2295081967212953
real,h2_spam,spam,hddma+hedge@e1g0.5,-0.2786885245901538
real,h2_spam,spam,hddma+hedge@e4g0.5,-0.39344262295081256
real,h2_spam,spam,hddma+hedge@e8g0.5,-0.29508196721311775
real,h2_spam,spam,hddma+hedge@e2g0.25,-0.3114754098360706
real,h2_spam,spam,hddma+hedge@e2g0.75,-0.39344262295082366
real,h2_spam,spam,hddma+hedge@e2g0.9,-0.39344262295082366
real,h2_spam,spam,hddmw,-0.704918032786872
real,h2_spam,spam,hddmw+hedge,-0.3770491803278486
real,h2_spam,spam,hddmw+hedge@e0.5g0.5,-0.360655737704918
real,h2_spam,spam,hddmw+hedge@e1g0.5,-0.360655737704918
real,h2_spam,spam,hddmw+hedge@e4g0.5,-0.360655737704918
real,h2_spam,spam,hddmw+hedge@e8g0.5,-0.3606557377049069
real,h2_spam,spam,hddmw+hedge@e2g0.25,-0.3770491803278486
real,h2_spam,spam,hddmw+hedge@e2g0.75,-0.3770491803278486
real,h2_spam,spam,hddmw+hedge@e2g0.9,-0.3770491803278486
real,h2_spam,spam,adwin,-0.5901639344262133
real,h2_spam,spam,adwin+hedge,-0.24590163934424814
real,h2_spam,spam,adwin+hedge@e0.5g0.5,-0.3114754098360595
real,h2_spam,spam,adwin+hedge@e1g0.5,-0.3114754098360595
real,h2_spam,spam,adwin+hedge@e4g0.5,-0.2295081967213064
real,h2_spam,spam,adwin+hedge@e8g0.5,-0.21311475409835356
real,h2_spam,spam,adwin+hedge@e2g0.25,-0.3278688524590012
real,h2_spam,spam,adwin+hedge@e2g0.75,-0.2295081967213064
real,h2_spam,spam,adwin+hedge@e2g0.9,-0.2295081967213064
real,h2_spam,spam,ph,-0.6393442622950718
real,h2_spam,spam,ph+hedge,-0.2786885245901649
real,h2_spam,spam,ph+hedge@e0.5g0.5,-0.4098360655737654
real,h2_spam,spam,ph+hedge@e1g0.5,-0.4098360655737654
real,h2_spam,spam,ph+hedge@e4g0.5,-0.34426229508195405
real,h2_spam,spam,ph+hedge@e8g0.5,-0.3278688524590234
real,h2_spam,spam,ph+hedge@e2g0.25,-0.3770491803278597
real,h2_spam,spam,ph+hedge@e2g0.75,-0.3278688524590123
real,h2_spam,spam,ph+hedge@e2g0.9,-0.3278688524590123
real,h2_spam,spam,kswin,-0.7704918032786834
real,h2_spam,spam,kswin+hedge,-0.6557377049180246
real,h2_spam,spam,kswin+hedge@e0.5g0.5,-0.6557377049180246
real,h2_spam,spam,kswin+hedge@e1g0.5,-0.6557377049180246
real,h2_spam,spam,kswin+hedge@e4g0.5,-0.6557377049180246
real,h2_spam,spam,kswin+hedge@e8g0.5,-0.6721311475409775
real,h2_spam,spam,kswin+hedge@e2g0.25,-0.6557377049180246
real,h2_spam,spam,kswin+hedge@e2g0.75,-0.6557377049180246
real,h2_spam,spam,kswin+hedge@e2g0.9,-0.6557377049180246
real,h2_weather,weather,ddm,0.0
real,h2_weather,weather,ddm+hedge,0.0
real,h2_weather,weather,ddm+hedge@e0.5g0.5,0.0
real,h2_weather,weather,ddm+hedge@e1g0.5,0.0
real,h2_weather,weather,ddm+hedge@e4g0.5,0.0
real,h2_weather,weather,ddm+hedge@e8g0.5,0.0
real,h2_weather,weather,ddm+hedge@e2g0.25,0.0
real,h2_weather,weather,ddm+hedge@e2g0.75,0.0
real,h2_weather,weather,ddm+hedge@e2g0.9,0.0
real,h2_weather,weather,eddm,-4.927777777777775
real,h2_weather,weather,eddm+hedge,-1.0500000000000065
real,h2_weather,weather,eddm+hedge@e0.5g0.5,-1.19999999999999
real,h2_weather,weather,eddm+hedge@e1g0.5,-1.1555555555555541
real,h2_weather,weather,eddm+hedge@e4g0.5,-1.038888888888867
real,h2_weather,weather,eddm+hedge@e8g0.5,-0.7555555555555427
real,h2_weather,weather,eddm+hedge@e2g0.25,-1.0722222222222078
real,h2_weather,weather,eddm+hedge@e2g0.75,-1.0388888888888892
real,h2_weather,weather,eddm+hedge@e2g0.9,-1.0333333333333194
real,h2_weather,weather,fhddm,-2.244444444444438
real,h2_weather,weather,fhddm+hedge,-0.2277777777777712
real,h2_weather,weather,fhddm+hedge@e0.5g0.5,-0.22222222222222365
real,h2_weather,weather,fhddm+hedge@e1g0.5,-0.2555555555555533
real,h2_weather,weather,fhddm+hedge@e4g0.5,-0.22222222222222365
real,h2_weather,weather,fhddm+hedge@e8g0.5,-0.23888888888888848
real,h2_weather,weather,fhddm+hedge@e2g0.25,-0.22222222222222365
real,h2_weather,weather,fhddm+hedge@e2g0.75,-0.2277777777777712
real,h2_weather,weather,fhddm+hedge@e2g0.9,-0.2277777777777712
real,h2_weather,weather,hddma,0.0
real,h2_weather,weather,hddma+hedge,0.0
real,h2_weather,weather,hddma+hedge@e0.5g0.5,0.0
real,h2_weather,weather,hddma+hedge@e1g0.5,0.0
real,h2_weather,weather,hddma+hedge@e4g0.5,0.0
real,h2_weather,weather,hddma+hedge@e8g0.5,0.0
real,h2_weather,weather,hddma+hedge@e2g0.25,0.0
real,h2_weather,weather,hddma+hedge@e2g0.75,0.0
real,h2_weather,weather,hddma+hedge@e2g0.9,0.0
real,h2_weather,weather,hddmw,-0.6555555555555426
real,h2_weather,weather,hddmw+hedge,0.022222222222223476
real,h2_weather,weather,hddmw+hedge@e0.5g0.5,0.011111111111117289
real,h2_weather,weather,hddmw+hedge@e1g0.5,0.016666666666675933
real,h2_weather,weather,hddmw+hedge@e4g0.5,0.033333333333340764
real,h2_weather,weather,hddmw+hedge@e8g0.5,0.03888888888891051
real,h2_weather,weather,hddmw+hedge@e2g0.25,0.005555555555569747
real,h2_weather,weather,hddmw+hedge@e2g0.75,0.016666666666675933
real,h2_weather,weather,hddmw+hedge@e2g0.9,0.033333333333340764
real,h2_weather,weather,adwin,0.0
real,h2_weather,weather,adwin+hedge,0.0
real,h2_weather,weather,adwin+hedge@e0.5g0.5,0.0
real,h2_weather,weather,adwin+hedge@e1g0.5,0.0
real,h2_weather,weather,adwin+hedge@e4g0.5,0.0
real,h2_weather,weather,adwin+hedge@e8g0.5,0.0
real,h2_weather,weather,adwin+hedge@e2g0.25,0.0
real,h2_weather,weather,adwin+hedge@e2g0.75,0.0
real,h2_weather,weather,adwin+hedge@e2g0.9,0.0
real,h2_weather,weather,ph,-0.533333333333319
real,h2_weather,weather,ph+hedge,-0.03333333333332966
real,h2_weather,weather,ph+hedge@e0.5g0.5,-0.03888888888889941
real,h2_weather,weather,ph+hedge@e1g0.5,-0.02777777777778212
real,h2_weather,weather,ph+hedge@e4g0.5,-0.011111111111106187
real,h2_weather,weather,ph+hedge@e8g0.5,-0.033333333333340764
real,h2_weather,weather,ph+hedge@e2g0.25,-0.038888888888877204
real,h2_weather,weather,ph+hedge@e2g0.75,-0.033333333333340764
real,h2_weather,weather,ph+hedge@e2g0.9,-0.03888888888889941
real,h2_weather,weather,kswin,0.0
real,h2_weather,weather,kswin+hedge,0.0
real,h2_weather,weather,kswin+hedge@e0.5g0.5,0.0
real,h2_weather,weather,kswin+hedge@e1g0.5,0.0
real,h2_weather,weather,kswin+hedge@e4g0.5,0.0
real,h2_weather,weather,kswin+hedge@e8g0.5,0.0
real,h2_weather,weather,kswin+hedge@e2g0.25,0.0
real,h2_weather,weather,kswin+hedge@e2g0.75,0.0
real,h2_weather,weather,kswin+hedge@e2g0.9,0.0
real,h3_airlines_b,airlines,ddm,-0.012012012012008189
real,h3_airlines_b,airlines,ddm+hedge,-0.00800800800800916
real,h3_airlines_b,airlines,ddm+hedge@e0.5g0.5,-0.007007007007009403
real,h3_airlines_b,airlines,ddm+hedge@e1g0.5,-0.007007007007009403
real,h3_airlines_b,airlines,ddm+hedge@e4g0.5,-0.00800800800800916
real,h3_airlines_b,airlines,ddm+hedge@e8g0.5,-0.00800800800800916
real,h3_airlines_b,airlines,ddm+hedge@e2g0.25,-0.007007007007009403
real,h3_airlines_b,airlines,ddm+hedge@e2g0.75,-0.009009009009008917
real,h3_airlines_b,airlines,ddm+hedge@e2g0.9,-0.009009009009008917
real,h3_airlines_b,airlines,eddm,-0.3133133133133126
real,h3_airlines_b,airlines,eddm+hedge,-0.06406406406406218
real,h3_airlines_b,airlines,eddm+hedge@e0.5g0.5,-0.09309309309308844
real,h3_airlines_b,airlines,eddm+hedge@e1g0.5,-0.09309309309308844
real,h3_airlines_b,airlines,eddm+hedge@e4g0.5,-0.06906906906906096
real,h3_airlines_b,airlines,eddm+hedge@e8g0.5,-0.06406406406406218
real,h3_airlines_b,airlines,eddm+hedge@e2g0.25,-0.09509509509508796
real,h3_airlines_b,airlines,eddm+hedge@e2g0.75,-0.06606606606606169
real,h3_airlines_b,airlines,eddm+hedge@e2g0.9,-0.06506506506506193
real,h3_airlines_b,airlines,fhddm,-0.2282282282282222
real,h3_airlines_b,airlines,fhddm+hedge,-0.030030030030026023
real,h3_airlines_b,airlines,fhddm+hedge@e0.5g0.5,-0.026026026026026994
real,h3_airlines_b,airlines,fhddm+hedge@e1g0.5,-0.025025025025016134
real,h3_airlines_b,airlines,fhddm+hedge@e4g0.5,-0.029029029029026265
real,h3_airlines_b,airlines,fhddm+hedge@e8g0.5,-0.01501501501500746
real,h3_airlines_b,airlines,fhddm+hedge@e2g0.25,-0.025025025025016134
real,h3_airlines_b,airlines,fhddm+hedge@e2g0.75,-0.029029029029026265
real,h3_airlines_b,airlines,fhddm+hedge@e2g0.9,-0.03203203203203664
real,h3_airlines_b,airlines,hddma,-0.024024024024016377
real,h3_airlines_b,airlines,hddma+hedge,-0.018018018018017834
real,h3_airlines_b,airlines,hddma+hedge@e0.5g0.5,-0.01901901901901759
real,h3_airlines_b,airlines,hddma+hedge@e1g0.5,-0.021021021021017106
real,h3_airlines_b,airlines,hddma+hedge@e4g0.5,-0.018018018018017834
real,h3_airlines_b,airlines,hddma+hedge@e8g0.5,-0.03203203203203664
real,h3_airlines_b,airlines,hddma+hedge@e2g0.25,-0.018018018018017834
real,h3_airlines_b,airlines,hddma+hedge@e2g0.75,-0.017017017017018077
real,h3_airlines_b,airlines,hddma+hedge@e2g0.9,-0.013013013013007946
real,h3_airlines_b,airlines,hddmw,-1.0950950950950888
real,h3_airlines_b,airlines,hddmw+hedge,-0.08808808808808966
real,h3_airlines_b,airlines,hddmw+hedge@e0.5g0.5,-0.09709709709709857
real,h3_airlines_b,airlines,hddmw+hedge@e1g0.5,-0.09609609609608771
real,h3_airlines_b,airlines,hddmw+hedge@e4g0.5,-0.06906906906906096
real,h3_airlines_b,airlines,hddmw+hedge@e8g0.5,-0.057057057057063876
real,h3_airlines_b,airlines,hddmw+hedge@e2g0.25,-0.08908908908908941
real,h3_airlines_b,airlines,hddmw+hedge@e2g0.75,-0.09109109109108893
real,h3_airlines_b,airlines,hddmw+hedge@e2g0.9,-0.08508508508509038
real,h3_airlines_b,airlines,adwin,-0.027027027027037853
real,h3_airlines_b,airlines,adwin+hedge,-0.0070070070069983
real,h3_airlines_b,airlines,adwin+hedge@e0.5g0.5,-0.0070070070069983
real,h3_airlines_b,airlines,adwin+hedge@e1g0.5,-0.0070070070069983
real,h3_airlines_b,airlines,adwin+hedge@e4g0.5,-0.005005005004998786
real,h3_airlines_b,airlines,adwin+hedge@e8g0.5,-0.00800800800800916
real,h3_airlines_b,airlines,adwin+hedge@e2g0.25,-0.006006006005998543
real,h3_airlines_b,airlines,adwin+hedge@e2g0.75,-0.005005005004998786
real,h3_airlines_b,airlines,adwin+hedge@e2g0.9,-0.006006006005998543
real,h3_airlines_b,airlines,ph,-0.3053053053052923
real,h3_airlines_b,airlines,ph+hedge,-0.057057057057052774
real,h3_airlines_b,airlines,ph+hedge@e0.5g0.5,-0.06306306306306242
real,h3_airlines_b,airlines,ph+hedge@e1g0.5,-0.06406406406406218
real,h3_airlines_b,airlines,ph+hedge@e4g0.5,-0.05805805805806363
real,h3_airlines_b,airlines,ph+hedge@e8g0.5,-0.061061061061062905
real,h3_airlines_b,airlines,ph+hedge@e2g0.25,-0.054054054054064604
real,h3_airlines_b,airlines,ph+hedge@e2g0.75,-0.05005005005005447
real,h3_airlines_b,airlines,ph+hedge@e2g0.9,-0.057057057057063876
real,h3_airlines_b,airlines,kswin,-0.28828828828828534
real,h3_airlines_b,airlines,kswin+hedge,-0.033033033033025294
real,h3_airlines_b,airlines,kswin+hedge@e0.5g0.5,-0.060060060060052045
real,h3_airlines_b,airlines,kswin+hedge@e1g0.5,-0.033033033033025294
real,h3_airlines_b,airlines,kswin+hedge@e4g0.5,-0.024024024024016377
real,h3_airlines_b,airlines,kswin+hedge@e8g0.5,-0.031031031031036882
real,h3_airlines_b,airlines,kswin+hedge@e2g0.25,-0.03003003003001492
real,h3_airlines_b,airlines,kswin+hedge@e2g0.75,-0.03203203203202554
real,h3_airlines_b,airlines,kswin+hedge@e2g0.9,-0.03403403403402505
real,h3_airlines_c,airlines,ddm,-0.10910910910911786
real,h3_airlines_c,airlines,ddm+hedge,-0.046046046046055444
real,h3_airlines_c,airlines,ddm+hedge@e0.5g0.5,-0.04404404404405593
real,h3_airlines_c,airlines,ddm+hedge@e1g0.5,-0.04404404404405593
real,h3_airlines_c,airlines,ddm+hedge@e4g0.5,-0.02402402402402748
real,h3_airlines_c,airlines,ddm+hedge@e8g0.5,-0.05205205205205399
real,h3_airlines_c,airlines,ddm+hedge@e2g0.25,-0.042042042042056416
real,h3_airlines_c,airlines,ddm+hedge@e2g0.75,-0.049049049049054716
real,h3_airlines_c,airlines,ddm+hedge@e2g0.9,-0.049049049049054716
real,h3_airlines_c,airlines,eddm,-0.034034034034036154
real,h3_airlines_c,airlines,eddm+hedge,-0.08308308308309087
real,h3_airlines_c,airlines,eddm+hedge@e0.5g0.5,-0.09809809809810943
real,h3_airlines_c,airlines,eddm+hedge@e1g0.5,-0.09809809809810943
real,h3_airlines_c,airlines,eddm+hedge@e4g0.5,-0.09509509509509906
real,h3_airlines_c,airlines,eddm+hedge@e8g0.5,-0.033033033033036396
real,h3_airlines_c,airlines,eddm+hedge@e2g0.25,-0.09109109109110003
real,h3_airlines_c,airlines,eddm+hedge@e2g0.75,-0.07807807807808098
real,h3_airlines_c,airlines,eddm+hedge@e2g0.9,-0.033033033033036396
real,h3_airlines_c,airlines,fhddm,-0.5095095095095203
real,h3_airlines_c,airlines,fhddm+hedge,-0.11611611611612727
real,h3_airlines_c,airlines,fhddm+hedge@e0.5g0.5,-0.12412412412412532
real,h3_airlines_c,airlines,fhddm+hedge@e1g0.5,-0.12612612612613594
real,h3_airlines_c,airlines,fhddm+hedge@e4g0.5,-0.10510510510510773
real,h3_airlines_c,airlines,fhddm+hedge@e8g0.5,-0.11111111111111738
real,h3_airlines_c,airlines,fhddm+hedge@e2g0.25,-0.11811811811811568
real,h3_airlines_c,airlines,fhddm+hedge@e2g0.75,-0.11711711711712702
real,h3_airlines_c,airlines,fhddm+hedge@e2g0.9,-0.12512512512512508
real,h3_airlines_c,airlines,hddma,-0.10610610610610749
real,h3_airlines_c,airlines,hddma+hedge,0.009009009008997815
real,h3_airlines_c,airlines,hddma+hedge@e0.5g0.5,0.012012012011997086
real,h3_airlines_c,airlines,hddma+hedge@e1g0.5,0.01101101101099733
real,h3_airlines_c,airlines,hddma+hedge@e4g0.5,-0.018018018018028936
real,h3_airlines_c,airlines,hddma+hedge@e8g0.5,-0.015015015015018562
real,h3_airlines_c,airlines,hddma+hedge@e2g0.25,0.009009009008997815
real,h3_airlines_c,airlines,hddma+hedge@e2g0.75,0.009009009008997815
real,h3_airlines_c,airlines,hddma+hedge@e2g0.9,0.008008008007998058
real,h3_airlines_c,airlines,hddmw,-1.3883883883883952
real,h3_airlines_c,airlines,hddmw+hedge,-0.2352352352352427
real,h3_airlines_c,airlines,hddmw+hedge@e0.5g0.5,-0.28328328328328656
real,h3_airlines_c,airlines,hddmw+hedge@e1g0.5,-0.2662662662662685
real,h3_airlines_c,airlines,hddmw+hedge@e4g0.5,-0.20620620620620533
real,h3_airlines_c,airlines,hddmw+hedge@e8g0.5,-0.19719719719720752
real,h3_airlines_c,airlines,hddmw+hedge@e2g0.25,-0.23723723723724222
real,h3_airlines_c,airlines,hddmw+hedge@e2g0.75,-0.2212212212212239
real,h3_airlines_c,airlines,hddmw+hedge@e2g0.9,-0.22422422422423427
real,h3_airlines_c,airlines,adwin,-0.11411411411411665
real,h3_airlines_c,airlines,adwin+hedge,-0.010010010010019776
real,h3_airlines_c,airlines,adwin+hedge@e0.5g0.5,-0.008008008008020262
real,h3_airlines_c,airlines,adwin+hedge@e1g0.5,-0.00900900900902002
real,h3_airlines_c,airlines,adwin+hedge@e4g0.5,-0.006006006006020748
real,h3_airlines_c,airlines,adwin+hedge@e8g0.5,-0.0050050050050209904
real,h3_airlines_c,airlines,adwin+hedge@e2g0.25,-0.010010010010019776
real,h3_airlines_c,airlines,adwin+hedge@e2g0.75,-0.006006006006020748
real,h3_airlines_c,airlines,adwin+hedge@e2g0.9,-0.003003003003010374
real,h3_airlines_c,airlines,ph,-0.4444444444444584
real,h3_airlines_c,airlines,ph+hedge,-0.0800800800800916
real,h3_airlines_c,airlines,ph+hedge@e0.5g0.5,-0.07807807807808098
real,h3_airlines_c,airlines,ph+hedge@e1g0.5,-0.08208208208209111
real,h3_airlines_c,airlines,ph+hedge@e4g0.5,-0.06906906906908317
real,h3_airlines_c,airlines,ph+hedge@e8g0.5,-0.07607607607609257
real,h3_airlines_c,airlines,ph+hedge@e2g0.25,-0.07907907907909184
real,h3_airlines_c,airlines,ph+hedge@e2g0.75,-0.07007007007008292
real,h3_airlines_c,airlines,ph+hedge@e2g0.9,-0.08208208208209111
real,h3_airlines_c,airlines,kswin,-0.7977977977978057
real,h3_airlines_c,airlines,kswin+hedge,-0.09609609609609882
real,h3_airlines_c,airlines,kswin+hedge@e0.5g0.5,-0.10910910910911786
real,h3_airlines_c,airlines,kswin+hedge@e1g0.5,-0.1011011011011087
real,h3_airlines_c,airlines,kswin+hedge@e4g0.5,-0.09509509509508796
real,h3_airlines_c,airlines,kswin+hedge@e8g0.5,-0.05205205205205399
real,h3_airlines_c,airlines,kswin+hedge@e2g0.25,-0.1011011011011087
real,h3_airlines_c,airlines,kswin+hedge@e2g0.75,-0.08908908908908941
real,h3_airlines_c,airlines,kswin+hedge@e2g0.9,-0.10410410410411908
real,h3_covertype_b,covertype,ddm,-0.9509509509509573
real,h3_covertype_b,covertype,ddm+hedge,-0.14914914914915256
real,h3_covertype_b,covertype,ddm+hedge@e0.5g0.5,-0.134134134134134
real,h3_covertype_b,covertype,ddm+hedge@e1g0.5,-0.20520520520520558
real,h3_covertype_b,covertype,ddm+hedge@e4g0.5,-0.15115115115115207
real,h3_covertype_b,covertype,ddm+hedge@e8g0.5,-0.15015015015015232
real,h3_covertype_b,covertype,ddm+hedge@e2g0.25,-0.1411411411411545
real,h3_covertype_b,covertype,ddm+hedge@e2g0.75,-0.15215215215216293
real,h3_covertype_b,covertype,ddm+hedge@e2g0.9,-0.15115115115115207
real,h3_covertype_b,covertype,eddm,-5.130130130130128
real,h3_covertype_b,covertype,eddm+hedge,-0.03603603603603567
real,h3_covertype_b,covertype,eddm+hedge@e0.5g0.5,-0.10010010010009784
real,h3_covertype_b,covertype,eddm+hedge@e1g0.5,-0.05105105105105423
real,h3_covertype_b,covertype,eddm+hedge@e4g0.5,-0.042042042042056416
real,h3_covertype_b,covertype,eddm+hedge@e8g0.5,-0.037037037037035425
real,h3_covertype_b,covertype,eddm+hedge@e2g0.25,-0.060060060060052045
real,h3_covertype_b,covertype,eddm+hedge@e2g0.75,-0.04304304304305617
real,h3_covertype_b,covertype,eddm+hedge@e2g0.9,-0.04504504504505569
real,h3_covertype_b,covertype,fhddm,-4.375375375375379
real,h3_covertype_b,covertype,fhddm+hedge,0.0010010010009997572
real,h3_covertype_b,covertype,fhddm+hedge@e0.5g0.5,0.0020020020019995144
real,h3_covertype_b,covertype,fhddm+hedge@e1g0.5,0.0010010010009997572
real,h3_covertype_b,covertype,fhddm+hedge@e4g0.5,0.0030030030029992716
real,h3_covertype_b,covertype,fhddm+hedge@e8g0.5,0.0020020020019995144
real,h3_covertype_b,covertype,fhddm+hedge@e2g0.25,0.0030030030029992716
real,h3_covertype_b,covertype,fhddm+hedge@e2g0.75,0.0020020020019995144
real,h3_covertype_b,covertype,fhddm+hedge@e2g0.9,0.0020020020019995144
real,h3_covertype_b,covertype,hddma,-25.033033033033046
real,h3_covertype_b,covertype,hddma+hedge,-0.06406406406407328
real,h3_covertype_b,covertype,hddma+hedge@e0.5g0.5,-0.07007007007006072
real,h3_covertype_b,covertype,hddma+hedge@e1g0.5,-0.06806806806807231
real,h3_covertype_b,covertype,hddma+hedge@e4g0.5,-0.049049049049054716
real,h3_covertype_b,covertype,hddma+hedge@e8g0.5,-0.06506506506507304
real,h3_covertype_b,covertype,hddma+hedge@e2g0.25,-0.06206206206206266
real,h3_covertype_b,covertype,hddma+hedge@e2g0.75,-0.07007007007008292
real,h3_covertype_b,covertype,hddma+hedge@e2g0.9,-0.06506506506507304
real,h3_covertype_b,covertype,hddmw,-14.997997997997992
real,h3_covertype_b,covertype,hddmw+hedge,-0.014014014014007703
real,h3_covertype_b,covertype,hddmw+hedge@e0.5g0.5,-0.015015015015029665
real,h3_covertype_b,covertype,hddmw+hedge@e1g0.5,-0.015015015015029665
real,h3_covertype_b,covertype,hddmw+hedge@e4g0.5,-0.018018018018028936
real,h3_covertype_b,covertype,hddmw+hedge@e8g0.5,-0.016016016016029422
real,h3_covertype_b,covertype,hddmw+hedge@e2g0.25,-0.014014014014029907
real,h3_covertype_b,covertype,hddmw+hedge@e2g0.75,-0.010010010010008674
real,h3_covertype_b,covertype,hddmw+hedge@e2g0.9,-0.0070070070069983
real,h3_covertype_b,covertype,adwin,-26.552552552552555
real,h3_covertype_b,covertype,adwin+hedge,-0.030030030030026023
real,h3_covertype_b,covertype,adwin+hedge@e0.5g0.5,-0.03103103103102578
real,h3_covertype_b,covertype,adwin+hedge@e1g0.5,-0.029029029029026265
real,h3_covertype_b,covertype,adwin+hedge@e4g0.5,-0.030030030030037125
real,h3_covertype_b,covertype,adwin+hedge@e8g0.5,-0.018018018018028936
real,h3_covertype_b,covertype,adwin+hedge@e2g0.25,-0.029029029029026265
real,h3_covertype_b,covertype,adwin+hedge@e2g0.75,-0.029029029029026265
real,h3_covertype_b,covertype,adwin+hedge@e2g0.9,-0.01201201201201929
real,h3_covertype_b,covertype,ph,-21.505505505505507
real,h3_covertype_b,covertype,ph+hedge,-0.00900900900902002
real,h3_covertype_b,covertype,ph+hedge@e0.5g0.5,-0.014014014014018805
real,h3_covertype_b,covertype,ph+hedge@e1g0.5,-0.014014014014029907
real,h3_covertype_b,covertype,ph+hedge@e4g0.5,-0.008008008008020262
real,h3_covertype_b,covertype,ph+hedge@e8g0.5,-0.005005005004998786
real,h3_covertype_b,covertype,ph+hedge@e2g0.25,-0.009009009009008917
real,h3_covertype_b,covertype,ph+hedge@e2g0.75,-0.008008008008020262
real,h3_covertype_b,covertype,ph+hedge@e2g0.9,-0.005005005004998786
real,h3_covertype_b,covertype,kswin,-5.930930930930933
real,h3_covertype_b,covertype,kswin+hedge,-0.0010010010009997572
real,h3_covertype_b,covertype,kswin+hedge@e0.5g0.5,0.0010010010009997572
real,h3_covertype_b,covertype,kswin+hedge@e1g0.5,-0.0010010010009997572
real,h3_covertype_b,covertype,kswin+hedge@e4g0.5,-0.006006006006009645
real,h3_covertype_b,covertype,kswin+hedge@e8g0.5,-0.005005005005009888
real,h3_covertype_b,covertype,kswin+hedge@e2g0.25,0.0
real,h3_covertype_b,covertype,kswin+hedge@e2g0.75,-0.0020020020019995144
real,h3_covertype_b,covertype,kswin+hedge@e2g0.9,0.0010010010009997572
real,h3_covertype_c,covertype,ddm,-3.8298298298298117
real,h3_covertype_c,covertype,ddm+hedge,-0.07407407407405975
real,h3_covertype_c,covertype,ddm+hedge@e0.5g0.5,-0.07707707707707012
real,h3_covertype_c,covertype,ddm+hedge@e1g0.5,-0.07607607607607036
real,h3_covertype_c,covertype,ddm+hedge@e4g0.5,-0.0750750750750595
real,h3_covertype_c,covertype,ddm+hedge@e8g0.5,-0.07707707707705902
real,h3_covertype_c,covertype,ddm+hedge@e2g0.25,-0.07407407407405975
real,h3_covertype_c,covertype,ddm+hedge@e2g0.75,-0.07707707707705902
real,h3_covertype_c,covertype,ddm+hedge@e2g0.9,-0.07707707707705902
real,h3_covertype_c,covertype,eddm,-48.43443443443443
real,h3_covertype_c,covertype,eddm+hedge,-0.08208208208206891
real,h3_covertype_c,covertype,eddm+hedge@e0.5g0.5,-0.057057057057052774
real,h3_covertype_c,covertype,eddm+hedge@e1g0.5,-0.07607607607605926
real,h3_covertype_c,covertype,eddm+hedge@e4g0.5,-0.08108108108106915
real,h3_covertype_c,covertype,eddm+hedge@e8g0.5,-0.08108108108106915
real,h3_covertype_c,covertype,eddm+hedge@e2g0.25,-0.05305305305304264
real,h3_covertype_c,covertype,eddm+hedge@e2g0.75,-0.07807807807806988
real,h3_covertype_c,covertype,eddm+hedge@e2g0.9,-0.07807807807806988
real,h3_covertype_c,covertype,fhddm,-45.62162162162162
real,h3_covertype_c,covertype,fhddm+hedge,-0.009009009008997815
real,h3_covertype_c,covertype,fhddm+hedge@e0.5g0.5,-0.0010010010009997572
real,h3_covertype_c,covertype,fhddm+hedge@e1g0.5,-0.0030030030029992716
real,h3_covertype_c,covertype,fhddm+hedge@e4g0.5,-0.015015015014996358
real,h3_covertype_c,covertype,fhddm+hedge@e8g0.5,-0.017017017016995872
real,h3_covertype_c,covertype,fhddm+hedge@e2g0.25,-0.010010010009997572
real,h3_covertype_c,covertype,fhddm+hedge@e2g0.75,-0.010010010009997572
real,h3_covertype_c,covertype,fhddm+hedge@e2g0.9,-0.010010010009997572
real,h3_covertype_c,covertype,hddma,-35.99099099099098
real,h3_covertype_c,covertype,hddma+hedge,-0.04604604604603324
real,h3_covertype_c,covertype,hddma+hedge@e0.5g0.5,-0.03103103103102578
real,h3_covertype_c,covertype,hddma+hedge@e1g0.5,-0.03903903903902384
real,h3_covertype_c,covertype,hddma+hedge@e4g0.5,-0.05005005005004337
real,h3_covertype_c,covertype,hddma+hedge@e8g0.5,-0.05105105105104313
real,h3_covertype_c,covertype,hddma+hedge@e2g0.25,-0.04504504504503348
real,h3_covertype_c,covertype,hddma+hedge@e2g0.75,-0.047047047047033
real,h3_covertype_c,covertype,hddma+hedge@e2g0.9,-0.047047047047033
real,h3_covertype_c,covertype,hddmw,-48.17217217217217
real,h3_covertype_c,covertype,hddmw+hedge,-0.02302302302301662
real,h3_covertype_c,covertype,hddmw+hedge@e0.5g0.5,-0.01901901901900649
real,h3_covertype_c,covertype,hddmw+hedge@e1g0.5,-0.021021021021006003
real,h3_covertype_c,covertype,hddmw+hedge@e4g0.5,-0.028028028028026508
real,h3_covertype_c,covertype,hddmw+hedge@e8g0.5,-0.028028028028015406
real,h3_covertype_c,covertype,hddmw+hedge@e2g0.25,-0.025025025025016134
real,h3_covertype_c,covertype,hddmw+hedge@e2g0.75,-0.02202202202200576
real,h3_covertype_c,covertype,hddmw+hedge@e2g0.9,-0.023023023023005518
real,h3_covertype_c,covertype,adwin,-46.029029029029026
real,h3_covertype_c,covertype,adwin+hedge,-0.017017017017006975
real,h3_covertype_c,covertype,adwin+hedge@e0.5g0.5,-0.01901901901900649
real,h3_covertype_c,covertype,adwin+hedge@e1g0.5,-0.017017017017006975
real,h3_covertype_c,covertype,adwin+hedge@e4g0.5,-0.0140140140139966
real,h3_covertype_c,covertype,adwin+hedge@e8g0.5,-0.013013013012996844
real,h3_covertype_c,covertype,adwin+hedge@e2g0.25,-0.01901901901901759
real,h3_covertype_c,covertype,adwin+hedge@e2g0.75,-0.01501501501500746
real,h3_covertype_c,covertype,adwin+hedge@e2g0.9,-0.016016016016007217
real,h3_covertype_c,covertype,ph,-42.03803803803804
real,h3_covertype_c,covertype,ph+hedge,-0.006006006005998543
real,h3_covertype_c,covertype,ph+hedge@e0.5g0.5,-0.005005005004998786
real,h3_covertype_c,covertype,ph+hedge@e1g0.5,-0.005005005004998786
real,h3_covertype_c,covertype,ph+hedge@e4g0.5,-0.0070070070069983
real,h3_covertype_c,covertype,ph+hedge@e8g0.5,-0.0070070070069983
real,h3_covertype_c,covertype,ph+hedge@e2g0.25,-0.006006006005998543
real,h3_covertype_c,covertype,ph+hedge@e2g0.75,-0.005005005004998786
real,h3_covertype_c,covertype,ph+hedge@e2g0.9,-0.005005005004998786
real,h3_covertype_c,covertype,kswin,-47.56856856856857
real,h3_covertype_c,covertype,kswin+hedge,-0.02202202202200576
real,h3_covertype_c,covertype,kswin+hedge@e0.5g0.5,-0.005005005004998786
real,h3_covertype_c,covertype,kswin+hedge@e1g0.5,-0.011011011011008431
real,h3_covertype_c,covertype,kswin+hedge@e4g0.5,-0.020020020020006246
real,h3_covertype_c,covertype,kswin+hedge@e8g0.5,-0.02202202202200576
real,h3_covertype_c,covertype,kswin+hedge@e2g0.25,-0.020020020020006246
real,h3_covertype_c,covertype,kswin+hedge@e2g0.75,-0.024024024024005275
real,h3_covertype_c,covertype,kswin+hedge@e2g0.9,-0.024024024024005275
real,h3_insects_b,insects,ddm,-0.04204204204203421
real,h3_insects_b,insects,ddm+hedge,-0.003003003003010374
real,h3_insects_b,insects,ddm+hedge@e0.5g0.5,-0.0020020020020106166
real,h3_insects_b,insects,ddm+hedge@e1g0.5,0.0020020020019995144
real,h3_insects_b,insects,ddm+hedge@e4g0.5,0.0
real,h3_insects_b,insects,ddm+hedge@e8g0.5,-0.00800800800800916
real,h3_insects_b,insects,ddm+hedge@e2g0.25,-0.0010010010010108594
real,h3_insects_b,insects,ddm+hedge@e2g0.75,-0.006006006006009645
real,h3_insects_b,insects,ddm+hedge@e2g0.9,-0.010010010010008674
real,h3_insects_b,insects,eddm,-0.16316316316316026
real,h3_insects_b,insects,eddm+hedge,-0.013013013013007946
real,h3_insects_b,insects,eddm+hedge@e0.5g0.5,-0.06306306306306242
real,h3_insects_b,insects,eddm+hedge@e1g0.5,-0.03603603603603567
real,h3_insects_b,insects,eddm+hedge@e4g0.5,-0.033033033033025294
real,h3_insects_b,insects,eddm+hedge@e8g0.5,-0.028028028028026508
real,h3_insects_b,insects,eddm+hedge@e2g0.25,-0.011011011011008431
real,h3_insects_b,insects,eddm+hedge@e2g0.75,-0.012012012012008189
real,h3_insects_b,insects,eddm+hedge@e2g0.9,-0.017017017017006975
real,h3_insects_b,insects,fhddm,0.023023023023027722
real,h3_insects_b,insects,fhddm+hedge,0.056056056056053016
real,h3_insects_b,insects,fhddm+hedge@e0.5g0.5,0.05505505505505326
real,h3_insects_b,insects,fhddm+hedge@e1g0.5,0.056056056056053016
real,h3_insects_b,insects,fhddm+hedge@e4g0.5,0.057057057057063876
real,h3_insects_b,insects,fhddm+hedge@e8g0.5,0.04804804804804386
real,h3_insects_b,insects,fhddm+hedge@e2g0.25,0.057057057057052774
real,h3_insects_b,insects,fhddm+hedge@e2g0.75,0.05505505505505326
real,h3_insects_b,insects,fhddm+hedge@e2g0.9,0.05805805805806363
real,h3_insects_b,insects,hddma,0.13813813813814413
real,h3_insects_b,insects,hddma+hedge,0.1461461461461533
real,h3_insects_b,insects,hddma+hedge@e0.5g0.5,0.1411411411411434
real,h3_insects_b,insects,hddma+hedge@e1g0.5,0.14714714714715305
real,h3_insects_b,insects,hddma+hedge@e4g0.5,0.1551551551551622
real,h3_insects_b,insects,hddma+hedge@e8g0.5,0.15815815815816148
real,h3_insects_b,insects,hddma+hedge@e2g0.25,0.1461461461461533
real,h3_insects_b,insects,hddma+hedge@e2g0.75,0.14414414414415377
real,h3_insects_b,insects,hddma+hedge@e2g0.9,0.14414414414414267
real,h3_insects_b,insects,hddmw,0.03603603603604677
real,h3_insects_b,insects,hddmw+hedge,0.1221221221221147
real,h3_insects_b,insects,hddmw+hedge@e0.5g0.5,0.09909909909910919
real,h3_insects_b,insects,hddmw+hedge@e1g0.5,0.10710710710711835
real,h3_insects_b,insects,hddmw+hedge@e4g0.5,0.12612612612613594
real,h3_insects_b,insects,hddmw+hedge@e8g0.5,0.13113113113114583
real,h3_insects_b,insects,hddmw+hedge@e2g0.25,0.11711711711711592
real,h3_insects_b,insects,hddmw+hedge@e2g0.75,0.12412412412413643
real,h3_insects_b,insects,hddmw+hedge@e2g0.9,0.11311311311311689
real,h3_insects_b,insects,adwin,0.09109109109108893
real,h3_insects_b,insects,adwin+hedge,0.11011011011010652
real,h3_insects_b,insects,adwin+hedge@e0.5g0.5,0.10410410410410798
real,h3_insects_b,insects,adwin+hedge@e1g0.5,0.11011011011011762
real,h3_insects_b,insects,adwin+hedge@e4g0.5,0.11911911911912654
real,h3_insects_b,insects,adwin+hedge@e8g0.5,0.12512512512512508
real,h3_insects_b,insects,adwin+hedge@e2g0.25,0.11011011011011762
real,h3_insects_b,insects,adwin+hedge@e2g0.75,0.11311311311311689
real,h3_insects_b,insects,adwin+hedge@e2g0.9,0.11611611611611616
real,h3_insects_b,insects,ph,0.034034034034036154
real,h3_insects_b,insects,ph+hedge,0.10010010010009784
real,h3_insects_b,insects,ph+hedge@e0.5g0.5,0.09909909909910919
real,h3_insects_b,insects,ph+hedge@e1g0.5,0.10310310310311932
real,h3_insects_b,insects,ph+hedge@e4g0.5,0.10210210210211956
real,h3_insects_b,insects,ph+hedge@e8g0.5,0.10410410410410798
real,h3_insects_b,insects,ph+hedge@e2g0.25,0.10210210210211956
real,h3_insects_b,insects,ph+hedge@e2g0.75,0.1011011011011198
real,h3_insects_b,insects,ph+hedge@e2g0.9,0.09809809809810943
real,h3_insects_b,insects,kswin,0.14014014014014364
real,h3_insects_b,insects,kswin+hedge,0.13713713713714437
real,h3_insects_b,insects,kswin+hedge@e0.5g0.5,0.14014014014015475
real,h3_insects_b,insects,kswin+hedge@e1g0.5,0.14314314314315402
real,h3_insects_b,insects,kswin+hedge@e4g0.5,0.13513513513514486
real,h3_insects_b,insects,kswin+hedge@e8g0.5,0.14714714714714194
real,h3_insects_b,insects,kswin+hedge@e2g0.25,0.13913913913914389
real,h3_insects_b,insects,kswin+hedge@e2g0.75,0.13613613613614461
real,h3_insects_b,insects,kswin+hedge@e2g0.9,0.13213213213213448
real,h3_insects_c,insects,ddm,0.025025025025005032
real,h3_insects_c,insects,ddm+hedge,0.048048048048032754
real,h3_insects_c,insects,ddm+hedge@e0.5g0.5,0.05005005005004337
real,h3_insects_c,insects,ddm+hedge@e1g0.5,0.048048048048032754
real,h3_insects_c,insects,ddm+hedge@e4g0.5,0.04904904904903251
real,h3_insects_c,insects,ddm+hedge@e8g0.5,0.047047047047033
real,h3_insects_c,insects,ddm+hedge@e2g0.25,0.047047047047033
real,h3_insects_c,insects,ddm+hedge@e2g0.75,0.05105105105104313
real,h3_insects_c,insects,ddm+hedge@e2g0.9,0.05105105105104313
real,h3_insects_c,insects,eddm,-0.06906906906908317
real,h3_insects_c,insects,eddm+hedge,-0.01701701701702918
real,h3_insects_c,insects,eddm+hedge@e0.5g0.5,-0.02002002002002845
real,h3_insects_c,insects,eddm+hedge@e1g0.5,-0.01701701701702918
real,h3_insects_c,insects,eddm+hedge@e4g0.5,-0.0010010010010108594
real,h3_insects_c,insects,eddm+hedge@e8g0.5,-0.01301301301303015
real,h3_insects_c,insects,eddm+hedge@e2g0.25,-0.00900900900902002
real,h3_insects_c,insects,eddm+hedge@e2g0.75,-0.018018018018028936
real,h3_insects_c,insects,eddm+hedge@e2g0.9,-0.0010010010009997572
real,h3_insects_c,insects,fhddm,0.01501501501500746
real,h3_insects_c,insects,fhddm+hedge,0.023023023023005518
real,h3_insects_c,insects,fhddm+hedge@e0.5g0.5,0.024024024024005275
real,h3_insects_c,insects,fhddm+hedge@e1g0.5,0.024024024024005275
real,h3_insects_c,insects,fhddm+hedge@e4g0.5,0.02302302302301662
real,h3_insects_c,insects,fhddm+hedge@e8g0.5,0.021021021021006003
real,h3_insects_c,insects,fhddm+hedge@e2g0.25,0.023023023023005518
real,h3_insects_c,insects,fhddm+hedge@e2g0.75,0.023023023023005518
real,h3_insects_c,insects,fhddm+hedge@e2g0.9,0.020020020020006246
real,h3_insects_c,insects,hddma,0.07107107107104937
real,h3_insects_c,insects,hddma+hedge,0.07107107107106048
real,h3_insects_c,insects,hddma+hedge@e0.5g0.5,0.06406406406405107
real,h3_insects_c,insects,hddma+hedge@e1g0.5,0.06706706706705035
real,h3_insects_c,insects,hddma+hedge@e4g0.5,0.07107107107106048
real,h3_insects_c,insects,hddma+hedge@e8g0.5,0.07207207207206023
real,h3_insects_c,insects,hddma+hedge@e2g0.25,0.06906906906904986
real,h3_insects_c,insects,hddma+hedge@e2g0.75,0.07307307307305999
real,h3_insects_c,insects,hddma+hedge@e2g0.9,0.07307307307305999
real,h3_insects_c,insects,hddmw,0.13113113113112362
real,h3_insects_c,insects,hddmw+hedge,0.12812812812812435
real,h3_insects_c,insects,hddmw+hedge@e0.5g0.5,0.12112112112111495
real,h3_insects_c,insects,hddmw+hedge@e1g0.5,0.12412412412412532
real,h3_insects_c,insects,hddmw+hedge@e4g0.5,0.13213213213212338
real,h3_insects_c,insects,hddmw+hedge@e8g0.5,0.13513513513512265
real,h3_insects_c,insects,hddmw+hedge@e2g0.25,0.12812812812812435
real,h3_insects_c,insects,hddmw+hedge@e2g0.75,0.1291291291291241
real,h3_insects_c,insects,hddmw+hedge@e2g0.9,0.1291291291291241
real,h3_insects_c,insects,adwin,0.07707707707707012
real,h3_insects_c,insects,adwin+hedge,0.0800800800800694
real,h3_insects_c,insects,adwin+hedge@e0.5g0.5,0.06606606606606169
real,h3_insects_c,insects,adwin+hedge@e1g0.5,0.07007007007006072
real,h3_insects_c,insects,adwin+hedge@e4g0.5,0.07907907907906964
real,h3_insects_c,insects,adwin+hedge@e8g0.5,0.07607607607607036
real,h3_insects_c,insects,adwin+hedge@e2g0.25,0.0750750750750595
real,h3_insects_c,insects,adwin+hedge@e2g0.75,0.08408408408406842
real,h3_insects_c,insects,adwin+hedge@e2g0.9,0.08608608608606794
real,h3_insects_c,insects,ph,0.11411411411409444
real,h3_insects_c,insects,ph+hedge,0.11711711711710482
real,h3_insects_c,insects,ph+hedge@e0.5g0.5,0.10210210210209736
real,h3_insects_c,insects,ph+hedge@e1g0.5,0.10710710710709614
real,h3_insects_c,insects,ph+hedge@e4g0.5,0.11811811811810458
real,h3_insects_c,insects,ph+hedge@e8g0.5,0.12512512512512508
real,h3_insects_c,insects,ph+hedge@e2g0.25,0.11111111111109517
real,h3_insects_c,insects,ph+hedge@e2g0.75,0.11911911911910433
real,h3_insects_c,insects,ph+hedge@e2g0.9,0.11811811811810458
real,h3_insects_c,insects,kswin,0.14214214214213206
real,h3_insects_c,insects,kswin+hedge,0.12812812812812435
real,h3_insects_c,insects,kswin+hedge@e0.5g0.5,0.1221221221221147
real,h3_insects_c,insects,kswin+hedge@e1g0.5,0.12512512512512508
real,h3_insects_c,insects,kswin+hedge@e4g0.5,0.13013013013012387
real,h3_insects_c,insects,kswin+hedge@e8g0.5,0.13213213213212338
real,h3_insects_c,insects,kswin+hedge@e2g0.25,0.12612612612612484
real,h3_insects_c,insects,kswin+hedge@e2g0.75,0.1291291291291241
real,h3_insects_c,insects,kswin+hedge@e2g0.9,0.13013013013012387
real,h3_poker_b,poker,ddm,-8.47247247247246
real,h3_poker_b,poker,ddm+hedge,-0.6856856856856774
real,h3_poker_b,poker,ddm+hedge@e0.5g0.5,-0.8068068068068035
real,h3_poker_b,poker,ddm+hedge@e1g0.5,-0.7757757757757777
real,h3_poker_b,poker,ddm+hedge@e4g0.5,-0.6376376376376447
real,h3_poker_b,poker,ddm+hedge@e8g0.5,-0.7217217217217131
real,h3_poker_b,poker,ddm+hedge@e2g0.25,-0.6846846846846777
real,h3_poker_b,poker,ddm+hedge@e2g0.75,-0.7937937937937956
real,h3_poker_b,poker,ddm+hedge@e2g0.9,-0.7847847847847866
real,h3_poker_b,poker,eddm,-11.873873873873874
real,h3_poker_b,poker,eddm+hedge,-0.29529529529529475
real,h3_poker_b,poker,eddm+hedge@e0.5g0.5,-0.4704704704704632
real,h3_poker_b,poker,eddm+hedge@e1g0.5,-0.34234234234233885
real,h3_poker_b,poker,eddm+hedge@e4g0.5,-0.30430430430430366
real,h3_poker_b,poker,eddm+hedge@e8g0.5,-0.32532532532533187
real,h3_poker_b,poker,eddm+hedge@e2g0.25,-0.3713713713713651
real,h3_poker_b,poker,eddm+hedge@e2g0.75,-0.25725725725724846
real,h3_poker_b,poker,eddm+hedge@e2g0.9,-0.2472472472472509
real,h3_poker_b,poker,fhddm,-6.923923923923924
real,h3_poker_b,poker,fhddm+hedge,-0.23823823823823087
real,h3_poker_b,poker,fhddm+hedge@e0.5g0.5,-0.43643643643642704
real,h3_poker_b,poker,fhddm+hedge@e1g0.5,-0.3673673673673661
real,h3_poker_b,poker,fhddm+hedge@e4g0.5,-0.27627627627626605
real,h3_poker_b,poker,fhddm+hedge@e8g0.5,-0.27827827827826557
real,h3_poker_b,poker,fhddm+hedge@e2g0.25,-0.2702702702702675
real,h3_poker_b,poker,fhddm+hedge@e2g0.75,-0.2402402402402415
real,h3_poker_b,poker,fhddm+hedge@e2g0.9,-0.242242242242241
real,h3_poker_b,poker,hddma,-11.470470470470461
real,h3_poker_b,poker,hddma+hedge,-0.8618618618618568
real,h3_poker_b,poker,hddma+hedge@e0.5g0.5,-1.1021021021020982
real,h3_poker_b,poker,hddma+hedge@e1g0.5,-0.9979979979980014
real,h3_poker_b,poker,hddma+hedge@e4g0.5,-0.6656656656656712
real,h3_poker_b,poker,hddma+hedge@e8g0.5,-0.5745745745745823
real,h3_poker_b,poker,hddma+hedge@e2g0.25,-0.8788788788788748
real,h3_poker_b,poker,hddma+hedge@e2g0.75,-0.8418418418418394
real,h3_poker_b,poker,hddma+hedge@e2g0.9,-0.830830830830831
real,h3_poker_b,poker,hddmw,-9.363363363363364
real,h3_poker_b,poker,hddmw+hedge,-0.4144144144143991
real,h3_poker_b,poker,hddmw+hedge@e0.5g0.5,-0.5355355355355251
real,h3_poker_b,poker,hddmw+hedge@e1g0.5,-0.4444444444444362
real,h3_poker_b,poker,hddmw+hedge@e4g0.5,-0.4134134134133993
real,h3_poker_b,poker,hddmw+hedge@e8g0.5,-0.3993993993994027
real,h3_poker_b,poker,hddmw+hedge@e2g0.25,-0.4394394394394374
real,h3_poker_b,poker,hddmw+hedge@e2g0.75,-0.41741741741742056
real,h3_poker_b,poker,hddmw+hedge@e2g0.9,-0.4144144144143991
real,h3_poker_b,poker,adwin,-8.419419419419416
real,h3_poker_b,poker,adwin+hedge,-0.35835835835835717
real,h3_poker_b,poker,adwin+hedge@e0.5g0.5,-0.37037037037035425
real,h3_poker_b,poker,adwin+hedge@e1g0.5,-0.3243243243243321
real,h3_poker_b,poker,adwin+hedge@e4g0.5,-0.3523523523523586
real,h3_poker_b,poker,adwin+hedge@e8g0.5,-0.33233233233233017
real,h3_poker_b,poker,adwin+hedge@e2g0.25,-0.30430430430430366
real,h3_poker_b,poker,adwin+hedge@e2g0.75,-0.33733733733732896
real,h3_poker_b,poker,adwin+hedge@e2g0.9,-0.33933933933932847
real,h3_poker_b,poker,ph,-5.45745745745746
real,h3_poker_b,poker,ph+hedge,-0.03903903903902384
real,h3_poker_b,poker,ph+hedge@e0.5g0.5,-0.13813813813813303
real,h3_poker_b,poker,ph+hedge@e1g0.5,-0.09309309309309954
real,h3_poker_b,poker,ph+hedge@e4g0.5,-0.16316316316314916
real,h3_poker_b,poker,ph+hedge@e8g0.5,-0.11611611611610506
real,h3_poker_b,poker,ph+hedge@e2g0.25,-0.09209209209209979
real,h3_poker_b,poker,ph+hedge@e2g0.75,-0.052052052052042885
real,h3_poker_b,poker,ph+hedge@e2g0.9,-0.03203203203202554
real,h3_poker_b,poker,kswin,-7.705705705705701
real,h3_poker_b,poker,kswin+hedge,-0.23323323323323208
real,h3_poker_b,poker,kswin+hedge@e0.5g0.5,-0.3033033033033039
real,h3_poker_b,poker,kswin+hedge@e1g0.5,-0.27427427427427764
real,h3_poker_b,poker,kswin+hedge@e4g0.5,-0.2542542542542492
real,h3_poker_b,poker,kswin+hedge@e8g0.5,-0.25725725725724846
real,h3_poker_b,poker,kswin+hedge@e2g0.25,-0.23823823823823087
real,h3_poker_b,poker,kswin+hedge@e2g0.75,-0.2352352352352316
real,h3_poker_b,poker,kswin+hedge@e2g0.9,-0.24124124124124124
real,h3_poker_c,poker,ddm,-7.482482482482489
real,h3_poker_c,poker,ddm+hedge,-0.9929929929929804
real,h3_poker_c,poker,ddm+hedge@e0.5g0.5,-1.0290290290290272
real,h3_poker_c,poker,ddm+hedge@e1g0.5,-0.9959959959960019
real,h3_poker_c,poker,ddm+hedge@e4g0.5,-0.9649649649649539
real,h3_poker_c,poker,ddm+hedge@e8g0.5,-0.9469469469469471
real,h3_poker_c,poker,ddm+hedge@e2g0.25,-0.9749749749749625
real,h3_poker_c,poker,ddm+hedge@e2g0.75,-1.0130130130130088
real,h3_poker_c,poker,ddm+hedge@e2g0.9,-1.0110110110110093
real,h3_poker_c,poker,eddm,-9.192192192192184
real,h3_poker_c,poker,eddm+hedge,-0.6196196196196158
real,h3_poker_c,poker,eddm+hedge@e0.5g0.5,-0.947947947947958
real,h3_poker_c,poker,eddm+hedge@e1g0.5,-0.8208208208208223
real,h3_poker_c,poker,eddm+hedge@e4g0.5,-0.5435435435435343
real,h3_poker_c,poker,eddm+hedge@e8g0.5,-0.5135135135135194
real,h3_poker_c,poker,eddm+hedge@e2g0.25,-0.756756756756749
real,h3_poker_c,poker,eddm+hedge@e2g0.75,-0.5395395395395242
real,h3_poker_c,poker,eddm+hedge@e2g0.9,-0.5155155155155189
real,h3_poker_c,poker,fhddm,-6.050050050050038
real,h3_poker_c,poker,fhddm+hedge,-0.19119119119118677
real,h3_poker_c,poker,fhddm+hedge@e0.5g0.5,-0.3883883883883832
real,h3_poker_c,poker,fhddm+hedge@e1g0.5,-0.2562562562562487
real,h3_poker_c,poker,fhddm+hedge@e4g0.5,-0.1811811811811781
real,h3_poker_c,poker,fhddm+hedge@e8g0.5,-0.2842842842842752
real,h3_poker_c,poker,fhddm+hedge@e2g0.25,-0.23423423423423184
real,h3_poker_c,poker,fhddm+hedge@e2g0.75,-0.13913913913913278
real,h3_poker_c,poker,fhddm+hedge@e2g0.9,-0.17517517517517955
real,h3_poker_c,poker,hddma,-8.821821821821807
real,h3_poker_c,poker,hddma+hedge,-0.9089089089089009
real,h3_poker_c,poker,hddma+hedge@e0.5g0.5,-1.228228228228223
real,h3_poker_c,poker,hddma+hedge@e1g0.5,-1.1591591591591621
real,h3_poker_c,poker,hddma+hedge@e4g0.5,-0.8358358358358298
real,h3_poker_c,poker,hddma+hedge@e8g0.5,-0.8208208208208112
real,h3_poker_c,poker,hddma+hedge@e2g0.25,-0.9879879879879927
real,h3_poker_c,poker,hddma+hedge@e2g0.75,-0.9049049049049018
real,h3_poker_c,poker,hddma+hedge@e2g0.9,-0.8938938938938934
real,h3_poker_c,poker,hddmw,-7.216216216216209
real,h3_poker_c,poker,hddmw+hedge,-0.40840840840840054
real,h3_poker_c,poker,hddmw+hedge@e0.5g0.5,-0.5775775775775815
real,h3_poker_c,poker,hddmw+hedge@e1g0.5,-0.47447447447447333
real,h3_poker_c,poker,hddmw+hedge@e4g0.5,-0.32832832832833114
real,h3_poker_c,poker,hddmw+hedge@e8g0.5,-0.39139139139138246
real,h3_poker_c,poker,hddmw+hedge@e2g0.25,-0.4614614614614654
real,h3_poker_c,poker,hddmw+hedge@e2g0.75,-0.3643643643643668
real,h3_poker_c,poker,hddmw+hedge@e2g0.9,-0.36136136136135644
real,h3_poker_c,poker,adwin,-6.1011011011011025
real,h3_poker_c,poker,adwin+hedge,-0.4874874874874813
real,h3_poker_c,poker,adwin+hedge@e0.5g0.5,-0.778778778778777
real,h3_poker_c,poker,adwin+hedge@e1g0.5,-0.6836836836836779
real,h3_poker_c,poker,adwin+hedge@e4g0.5,-0.45945945945945477
real,h3_poker_c,poker,adwin+hedge@e8g0.5,-0.4874874874874813
real,h3_poker_c,poker,adwin+hedge@e2g0.25,-0.5655655655655623
real,h3_poker_c,poker,adwin+hedge@e2g0.75,-0.4264264264264295
real,h3_poker_c,poker,adwin+hedge@e2g0.9,-0.41741741741739835
real,h3_poker_c,poker,ph,-3.9579579579579582
real,h3_poker_c,poker,ph+hedge,-0.13013013013012387
real,h3_poker_c,poker,ph+hedge@e0.5g0.5,-0.16316316316314916
real,h3_poker_c,poker,ph+hedge@e1g0.5,-0.23723723723724222
real,h3_poker_c,poker,ph+hedge@e4g0.5,-0.15815815815815037
real,h3_poker_c,poker,ph+hedge@e8g0.5,-0.1531531531531516
real,h3_poker_c,poker,ph+hedge@e2g0.25,-0.14214214214214316
real,h3_poker_c,poker,ph+hedge@e2g0.75,-0.06706706706705035
real,h3_poker_c,poker,ph+hedge@e2g0.9,-0.08308308308307977
real,h3_poker_c,poker,kswin,-7.0570570570570474
real,h3_poker_c,poker,kswin+hedge,-0.26726726726726824
real,h3_poker_c,poker,kswin+hedge@e0.5g0.5,-0.432432432432428
real,h3_poker_c,poker,kswin+hedge@e1g0.5,-0.3743743743743755
real,h3_poker_c,poker,kswin+hedge@e4g0.5,-0.2372372372372311
real,h3_poker_c,poker,kswin+hedge@e8g0.5,-0.2652652652652687
real,h3_poker_c,poker,kswin+hedge@e2g0.25,-0.3203203203203109
real,h3_poker_c,poker,kswin+hedge@e2g0.75,-0.268268268268268
real,h3_poker_c,poker,kswin+hedge@e2g0.9,-0.2652652652652687
real,h4_airlines_d,airlines,ddm,-0.03203203203203664
real,h4_airlines_d,airlines,ddm+hedge,-0.02002002002002845
real,h4_airlines_d,airlines,ddm+hedge@e0.5g0.5,-0.019019019019028693
real,h4_airlines_d,airlines,ddm+hedge@e1g0.5,-0.019019019019028693
real,h4_airlines_d,airlines,ddm+hedge@e4g0.5,-0.015015015015029665
real,h4_airlines_d,airlines,ddm+hedge@e8g0.5,-0.02002002002002845
real,h4_airlines_d,airlines,ddm+hedge@e2g0.25,-0.019019019019028693
real,h4_airlines_d,airlines,ddm+hedge@e2g0.75,-0.019019019019028693
real,h4_airlines_d,airlines,ddm+hedge@e2g0.9,-0.02402402402402748
real,h4_airlines_d,airlines,eddm,-0.025025025025027237
real,h4_airlines_d,airlines,eddm+hedge,-0.21121121121122632
real,h4_airlines_d,airlines,eddm+hedge@e0.5g0.5,-0.21221221221222608
real,h4_airlines_d,airlines,eddm+hedge@e1g0.5,-0.2092092092092268
real,h4_airlines_d,airlines,eddm+hedge@e4g0.5,-0.20120120120121765
real,h4_airlines_d,airlines,eddm+hedge@e8g0.5,-0.18018018018018944
real,h4_airlines_d,airlines,eddm+hedge@e2g0.25,-0.2092092092092268
real,h4_airlines_d,airlines,eddm+hedge@e2g0.75,-0.21021021021022657
real,h4_airlines_d,airlines,eddm+hedge@e2g0.9,-0.2092092092092268
real,h4_airlines_d,airlines,fhddm,-0.6166166166166276
real,h4_airlines_d,airlines,fhddm+hedge,-0.15415415415416245
real,h4_airlines_d,airlines,fhddm+hedge@e0.5g0.5,-0.16816816816818125
real,h4_airlines_d,airlines,fhddm+hedge@e1g0.5,-0.16516516516517088
real,h4_airlines_d,airlines,fhddm+hedge@e4g0.5,-0.14014014014015475
real,h4_airlines_d,airlines,fhddm+hedge@e8g0.5,-0.139139139139155
real,h4_airlines_d,airlines,fhddm+hedge@e2g0.25,-0.16116116116117185
real,h4_airlines_d,airlines,fhddm+hedge@e2g0.75,-0.14514514514515353
real,h4_airlines_d,airlines,fhddm+hedge@e2g0.9,-0.139139139139155
real,h4_airlines_d,airlines,hddma,-0.38038038038038513
real,h4_airlines_d,airlines,hddma+hedge,-0.09209209209209979
real,h4_airlines_d,airlines,hddma+hedge@e0.5g0.5,-0.09809809809809833
real,h4_airlines_d,airlines,hddma+hedge@e1g0.5,-0.10010010010010895
real,h4_airlines_d,airlines,hddma+hedge@e4g0.5,-0.08508508508510149
real,h4_airlines_d,airlines,hddma+hedge@e8g0.5,-0.0730730730730822
real,h4_airlines_d,airlines,hddma+hedge@e2g0.25,-0.087087087087101
real,h4_airlines_d,airlines,hddma+hedge@e2g0.75,-0.087087087087101
real,h4_airlines_d,airlines,hddma+hedge@e2g0.9,-0.08808808808810076
real,h4_airlines_d,airlines,hddmw,-2.709709709709718
real,h4_airlines_d,airlines,hddmw+hedge,-0.6066066066066189
real,h4_airlines_d,airlines,hddmw+hedge@e0.5g0.5,-0.6776776776776905
real,h4_airlines_d,airlines,hddmw+hedge@e1g0.5,-0.6306306306306353
real,h4_airlines_d,airlines,hddmw+hedge@e4g0.5,-0.5325325325325481
real,h4_airlines_d,airlines,hddmw+hedge@e8g0.5,-0.5425425425425567
real,h4_airlines_d,airlines,hddmw+hedge@e2g0.25,-0.6186186186186271
real,h4_airlines_d,airlines,hddmw+hedge@e2g0.75,-0.5905905905906006
real,h4_airlines_d,airlines,hddmw+hedge@e2g0.9,-0.5975975975975989
real,h4_airlines_d,airlines,adwin,-0.08808808808810076
real,h4_airlines_d,airlines,adwin+hedge,-0.016016016016029422
real,h4_airlines_d,airlines,adwin+hedge@e0.5g0.5,-0.018018018018028936
real,h4_airlines_d,airlines,adwin+hedge@e1g0.5,-0.018018018018028936
real,h4_airlines_d,airlines,adwin+hedge@e4g0.5,-0.023023023023038824
real,h4_airlines_d,airlines,adwin+hedge@e8g0.5,-0.023023023023038824
real,h4_airlines_d,airlines,adwin+hedge@e2g0.25,-0.016016016016029422
real,h4_airlines_d,airlines,adwin+hedge@e2g0.75,-0.022022022022027965
real,h4_airlines_d,airlines,adwin+hedge@e2g0.9,-0.007007007007020505
real,h4_airlines_d,airlines,ph,-0.4874874874875035
real,h4_airlines_d,airlines,ph+hedge,-0.02002002002002845
real,h4_airlines_d,airlines,ph+hedge@e0.5g0.5,-0.0400400400400458
real,h4_airlines_d,airlines,ph+hedge@e1g0.5,-0.03503503503504701
real,h4_airlines_d,airlines,ph+hedge@e4g0.5,0.004004004003999029
real,h4_airlines_d,airlines,ph+hedge@e8g0.5,0.010010010009997572
real,h4_airlines_d,airlines,ph+hedge@e2g0.25,-0.022022022022039067
real,h4_airlines_d,airlines,ph+hedge@e2g0.75,-0.02402402402403858
real,h4_airlines_d,airlines,ph+hedge@e2g0.9,-0.02502502502503834
real,h4_airlines_d,airlines,kswin,-1.5475475475475564
real,h4_airlines_d,airlines,kswin+hedge,-0.4234234234234413
real,h4_airlines_d,airlines,kswin+hedge@e0.5g0.5,-0.4304304304304396
real,h4_airlines_d,airlines,kswin+hedge@e1g0.5,-0.42442442442442996
real,h4_airlines_d,airlines,kswin+hedge@e4g0.5,-0.40140140140140224
real,h4_airlines_d,airlines,kswin+hedge@e8g0.5,-0.3623623623623784
real,h4_airlines_d,airlines,kswin+hedge@e2g0.25,-0.4184184184184314
real,h4_airlines_d,airlines,kswin+hedge@e2g0.75,-0.4144144144144213
real,h4_airlines_d,airlines,kswin+hedge@e2g0.9,-0.40140140140141334
real,h4_airlines_e,airlines,ddm,-0.11811811811811568
real,h4_airlines_e,airlines,ddm+hedge,-0.021021021021028208
real,h4_airlines_e,airlines,ddm+hedge@e0.5g0.5,-0.02002002002002845
real,h4_airlines_e,airlines,ddm+hedge@e1g0.5,-0.02002002002002845
real,h4_airlines_e,airlines,ddm+hedge@e4g0.5,-0.019019019019028693
real,h4_airlines_e,airlines,ddm+hedge@e8g0.5,-0.014014014014018805
real,h4_airlines_e,airlines,ddm+hedge@e2g0.25,-0.019019019019028693
real,h4_airlines_e,airlines,ddm+hedge@e2g0.75,-0.021021021021028208
real,h4_airlines_e,airlines,ddm+hedge@e2g0.9,-0.02002002002002845
real,h4_airlines_e,airlines,eddm,-0.13713713713714437
real,h4_airlines_e,airlines,eddm+hedge,-0.16416416416417112
real,h4_airlines_e,airlines,eddm+hedge@e0.5g0.5,-0.17317317317316894
real,h4_airlines_e,airlines,eddm+hedge@e1g0.5,-0.16516516516517088
real,h4_airlines_e,airlines,eddm+hedge@e4g0.5,-0.22022022022021304
real,h4_airlines_e,airlines,eddm+hedge@e8g0.5,-0.08608608608609014
real,h4_airlines_e,airlines,eddm+hedge@e2g0.25,-0.16416416416417112
real,h4_airlines_e,airlines,eddm+hedge@e2g0.75,-0.16616616616617064
real,h4_airlines_e,airlines,eddm+hedge@e2g0.9,-0.21921921921921328
real,h4_airlines_e,airlines,fhddm,-0.7737737737737782
real,h4_airlines_e,airlines,fhddm+hedge,-0.06006006006006315
real,h4_airlines_e,airlines,fhddm+hedge@e0.5g0.5,-0.08108108108109136
real,h4_airlines_e,airlines,fhddm+hedge@e1g0.5,-0.06006006006006315
real,h4_airlines_e,airlines,fhddm+hedge@e4g0.5,-0.033033033033036396
real,h4_airlines_e,airlines,fhddm+hedge@e8g0.5,-0.01601601601601832
real,h4_airlines_e,airlines,fhddm+hedge@e2g0.25,-0.05005005005005447
real,h4_airlines_e,airlines,fhddm+hedge@e2g0.75,-0.05005005005005447
real,h4_airlines_e,airlines,fhddm+hedge@e2g0.9,-0.04404404404405593
real,h4_airlines_e,airlines,hddma,-0.06506506506506193
real,h4_airlines_e,airlines,hddma+hedge,0.014014014014007703
real,h4_airlines_e,airlines,hddma+hedge@e0.5g0.5,0.016016016016007217
real,h4_airlines_e,airlines,hddma+hedge@e1g0.5,0.01601601601601832
real,h4_airlines_e,airlines,hddma+hedge@e4g0.5,0.016016016016007217
real,h4_airlines_e,airlines,hddma+hedge@e8g0.5,0.01901901901901759
real,h4_airlines_e,airlines,hddma+hedge@e2g0.25,0.01501501501500746
real,h4_airlines_e,airlines,hddma+hedge@e2g0.75,0.013013013013007946
real,h4_airlines_e,airlines,hddma+hedge@e2g0.9,0.012012012012008189
real,h4_airlines_e,airlines,hddmw,-1.9399399399399386
real,h4_airlines_e,airlines,hddmw+hedge,-0.4044044044044126
real,h4_airlines_e,airlines,hddmw+hedge@e0.5g0.5,-0.4184184184184203
real,h4_airlines_e,airlines,hddmw+hedge@e1g0.5,-0.39639639639639235
real,h4_airlines_e,airlines,hddmw+hedge@e4g0.5,-0.3673673673673661
real,h4_airlines_e,airlines,hddmw+hedge@e8g0.5,-0.23623623623624246
real,h4_airlines_e,airlines,hddmw+hedge@e2g0.25,-0.3923923923923933
real,h4_airlines_e,airlines,hddmw+hedge@e2g0.75,-0.39439439439439283
real,h4_airlines_e,airlines,hddmw+hedge@e2g0.9,-0.3923923923923933
real,h4_airlines_e,airlines,adwin,-0.13713713713713327
real,h4_airlines_e,airlines,adwin+hedge,-0.02002002002001735
real,h4_airlines_e,airlines,adwin+hedge@e0.5g0.5,-0.01601601601601832
real,h4_airlines_e,airlines,adwin+hedge@e1g0.5,-0.01601601601601832
real,h4_airlines_e,airlines,adwin+hedge@e4g0.5,-0.018018018018017834
real,h4_airlines_e,airlines,adwin+hedge@e8g0.5,-0.015015015015018562
real,h4_airlines_e,airlines,adwin+hedge@e2g0.25,-0.02002002002001735
real,h4_airlines_e,airlines,adwin+hedge@e2g0.75,-0.018018018018017834
real,h4_airlines_e,airlines,adwin+hedge@e2g0.9,-0.02002002002001735
real,h4_airlines_e,airlines,ph,-0.5815815815815917
real,h4_airlines_e,airlines,ph+hedge,-0.053053053053053745
real,h4_airlines_e,airlines,ph+hedge@e0.5g0.5,-0.07207207207207134
real,h4_airlines_e,airlines,ph+hedge@e1g0.5,-0.07407407407408195
real,h4_airlines_e,airlines,ph+hedge@e4g0.5,-0.049049049049054716
real,h4_airlines_e,airlines,ph+hedge@e8g0.5,-0.03703703703704653
real,h4_airlines_e,airlines,ph+hedge@e2g0.25,-0.0730730730730711
real,h4_airlines_e,airlines,ph+hedge@e2g0.75,-0.049049049049043614
real,h4_airlines_e,airlines,ph+hedge@e2g0.9,-0.05605605605606412
real,h4_airlines_e,airlines,kswin,-1.0780780780780708
real,h4_airlines_e,airlines,kswin+hedge,-0.2022022022022174
real,h4_airlines_e,airlines,kswin+hedge@e0.5g0.5,-0.20120120120120655
real,h4_airlines_e,airlines,kswin+hedge@e1g0.5,-0.19619619619620776
real,h4_airlines_e,airlines,kswin+hedge@e4g0.5,-0.17317317317316894
real,h4_airlines_e,airlines,kswin+hedge@e8g0.5,-0.13513513513514486
real,h4_airlines_e,airlines,kswin+hedge@e2g0.25,-0.20120120120120655
real,h4_airlines_e,airlines,kswin+hedge@e2g0.75,-0.19619619619619666
real,h4_airlines_e,airlines,kswin+hedge@e2g0.9,-0.2022022022022063
real,h4_covertype_d,covertype,ddm,-6.506506506506504
real,h4_covertype_d,covertype,ddm+hedge,-0.1811811811811781
real,h4_covertype_d,covertype,ddm+hedge@e0.5g0.5,-0.17717717717717907
real,h4_covertype_d,covertype,ddm+hedge@e1g0.5,-0.19319319319318629
real,h4_covertype_d,covertype,ddm+hedge@e4g0.5,-0.17817817817817883
real,h4_covertype_d,covertype,ddm+hedge@e8g0.5,-0.0800800800800694
real,h4_covertype_d,covertype,ddm+hedge@e2g0.25,-0.1831831831831776
real,h4_covertype_d,covertype,ddm+hedge@e2g0.75,-0.0870870870870899
real,h4_covertype_d,covertype,ddm+hedge@e2g0.9,-0.0870870870870899
real,h4_covertype_d,covertype,eddm,-9.561561561561561
real,h4_covertype_d,covertype,eddm+hedge,-0.07507507507507061
real,h4_covertype_d,covertype,eddm+hedge@e0.5g0.5,-0.1081081081080959
real,h4_covertype_d,covertype,eddm+hedge@e1g0.5,-0.12612612612612484
real,h4_covertype_d,covertype,eddm+hedge@e4g0.5,-0.07107107107107158
real,h4_covertype_d,covertype,eddm+hedge@e8g0.5,-0.1811811811811892
real,h4_covertype_d,covertype,eddm+hedge@e2g0.25,-0.07907907907906964
real,h4_covertype_d,covertype,eddm+hedge@e2g0.75,-0.17317317317316894
real,h4_covertype_d,covertype,eddm+hedge@e2g0.9,-0.17717717717717907
real,h4_covertype_d,covertype,fhddm,-33.57457457457457
real,h4_covertype_d,covertype,fhddm+hedge,-0.022022022022027965
real,h4_covertype_d,covertype,fhddm+hedge@e0.5g0.5,-0.025025025025027237
real,h4_covertype_d,covertype,fhddm+hedge@e1g0.5,-0.02402402402402748
real,h4_covertype_d,covertype,fhddm+hedge@e4g0.5,-0.018018018018006732
real,h4_covertype_d,covertype,fhddm+hedge@e8g0.5,-0.018018018018006732
real,h4_covertype_d,covertype,fhddm+hedge@e2g0.25,-0.022022022022027965
real,h4_covertype_d,covertype,fhddm+hedge@e2g0.75,-0.022022022022027965
real,h4_covertype_d,covertype,fhddm+hedge@e2g0.9,-0.022022022022027965
real,h4_covertype_d,covertype,hddma,-38.77277277277278
real,h4_covertype_d,covertype,hddma+hedge,-0.19019019019019812
real,h4_covertype_d,covertype,hddma+hedge@e0.5g0.5,-0.2002002002001957
real,h4_covertype_d,covertype,hddma+hedge@e1g0.5,-0.19419419419418604
real,h4_covertype_d,covertype,hddma+hedge@e4g0.5,-0.19119119119119787
real,h4_covertype_d,covertype,hddma+hedge@e8g0.5,-0.19119119119119787
real,h4_covertype_d,covertype,hddma+hedge@e2g0.25,-0.18518518518517713
real,h4_covertype_d,covertype,hddma+hedge@e2g0.75,-0.1811811811811781
real,h4_covertype_d,covertype,hddma+hedge@e2g0.9,-0.1811811811811781
real,h4_covertype_d,covertype,hddmw,-38.80880880880881
real,h4_covertype_d,covertype,hddmw+hedge,-0.018018018018017834
real,h4_covertype_d,covertype,hddmw+hedge@e0.5g0.5,-0.041041041041034454
real,h4_covertype_d,covertype,hddmw+hedge@e1g0.5,-0.028028028028026508
real,h4_covertype_d,covertype,hddmw+hedge@e4g0.5,-0.01901901901901759
real,h4_covertype_d,covertype,hddmw+hedge@e8g0.5,-0.021021021021028208
real,h4_covertype_d,covertype,hddmw+hedge@e2g0.25,-0.02002002002001735
real,h4_covertype_d,covertype,hddmw+hedge@e2g0.75,-0.021021021021028208
real,h4_covertype_d,covertype,hddmw+hedge@e2g0.9,-0.022022022022027965
real,h4_covertype_d,covertype,adwin,-41.38438438438439
real,h4_covertype_d,covertype,adwin+hedge,-0.013013013013007946
real,h4_covertype_d,covertype,adwin+hedge@e0.5g0.5,-0.04204204204204531
real,h4_covertype_d,covertype,adwin+hedge@e1g0.5,-0.021021021021028208
real,h4_covertype_d,covertype,adwin+hedge@e4g0.5,0.004004004003999029
real,h4_covertype_d,covertype,adwin+hedge@e8g0.5,0.0030030030029992716
real,h4_covertype_d,covertype,adwin+hedge@e2g0.25,-0.013013013013007946
real,h4_covertype_d,covertype,adwin+hedge@e2g0.75,-0.011011011011019534
real,h4_covertype_d,covertype,adwin+hedge@e2g0.9,-0.010010010010008674
real,h4_covertype_d,covertype,ph,-34.00100100100101
real,h4_covertype_d,covertype,ph+hedge,-0.08108108108106915
real,h4_covertype_d,covertype,ph+hedge@e0.5g0.5,-0.08508508508507928
real,h4_covertype_d,covertype,ph+hedge@e1g0.5,-0.03803803803803518
real,h4_covertype_d,covertype,ph+hedge@e4g0.5,-0.0800800800800694
real,h4_covertype_d,covertype,ph+hedge@e8g0.5,-0.07807807807806988
real,h4_covertype_d,covertype,ph+hedge@e2g0.25,-0.03803803803803518
real,h4_covertype_d,covertype,ph+hedge@e2g0.75,-0.07907907907906964
real,h4_covertype_d,covertype,ph+hedge@e2g0.9,-0.07807807807806988
real,h4_covertype_d,covertype,kswin,-36.17917917917918
real,h4_covertype_d,covertype,kswin+hedge,-0.017017017017018077
real,h4_covertype_d,covertype,kswin+hedge@e0.5g0.5,-0.0400400400400347
real,h4_covertype_d,covertype,kswin+hedge@e1g0.5,-0.02402402402402748
real,h4_covertype_d,covertype,kswin+hedge@e4g0.5,-0.017017017017018077
real,h4_covertype_d,covertype,kswin+hedge@e8g0.5,-0.018018018018017834
real,h4_covertype_d,covertype,kswin+hedge@e2g0.25,-0.018018018018017834
real,h4_covertype_d,covertype,kswin+hedge@e2g0.75,-0.01901901901901759
real,h4_covertype_d,covertype,kswin+hedge@e2g0.9,-0.02002002002001735
real,h4_covertype_e,covertype,ddm,-0.4704704704704632
real,h4_covertype_e,covertype,ddm+hedge,-0.1271271271271246
real,h4_covertype_e,covertype,ddm+hedge@e0.5g0.5,-0.11211211211209493
real,h4_covertype_e,covertype,ddm+hedge@e1g0.5,-0.10010010010009784
real,h4_covertype_e,covertype,ddm+hedge@e4g0.5,-0.09309309309308844
real,h4_covertype_e,covertype,ddm+hedge@e8g0.5,-0.0940940940940882
real,h4_covertype_e,covertype,ddm+hedge@e2g0.25,-0.13013013013012387
real,h4_covertype_e,covertype,ddm+hedge@e2g0.75,-0.1271271271271246
real,h4_covertype_e,covertype,ddm+hedge@e2g0.9,-0.1011011011010976
real,h4_covertype_e,covertype,eddm,-26.489489489489483
real,h4_covertype_e,covertype,eddm+hedge,-0.04904904904903251
real,h4_covertype_e,covertype,eddm+hedge@e0.5g0.5,-0.0870870870870788
real,h4_covertype_e,covertype,eddm+hedge@e1g0.5,-0.09909909909909809
real,h4_covertype_e,covertype,eddm+hedge@e4g0.5,-0.07007007007006072
real,h4_covertype_e,covertype,eddm+hedge@e8g0.5,-0.07007007007006072
real,h4_covertype_e,covertype,eddm+hedge@e2g0.25,-0.06206206206205156
real,h4_covertype_e,covertype,eddm+hedge@e2g0.75,-0.07207207207207134
real,h4_covertype_e,covertype,eddm+hedge@e2g0.9,-0.06606606606606169
real,h4_covertype_e,covertype,fhddm,-31.03003003003003
real,h4_covertype_e,covertype,fhddm+hedge,-0.004004004003999029
real,h4_covertype_e,covertype,fhddm+hedge@e0.5g0.5,-0.0070070070069983
real,h4_covertype_e,covertype,fhddm+hedge@e1g0.5,-0.006006006005998543
real,h4_covertype_e,covertype,fhddm+hedge@e4g0.5,-0.0030030030029992716
real,h4_covertype_e,covertype,fhddm+hedge@e8g0.5,-0.0020020020019995144
real,h4_covertype_e,covertype,fhddm+hedge@e2g0.25,-0.004004004003999029
real,h4_covertype_e,covertype,fhddm+hedge@e2g0.75,-0.0020020020019995144
real,h4_covertype_e,covertype,fhddm+hedge@e2g0.9,0.0
real,h4_covertype_e,covertype,hddma,-30.11711711711711
real,h4_covertype_e,covertype,hddma+hedge,-0.06306306306306242
real,h4_covertype_e,covertype,hddma+hedge@e0.5g0.5,-0.08108108108106915
real,h4_covertype_e,covertype,hddma+hedge@e1g0.5,-0.07507507507507061
real,h4_covertype_e,covertype,hddma+hedge@e4g0.5,-0.0610610610610518
real,h4_covertype_e,covertype,hddma+hedge@e8g0.5,-0.0610610610610518
real,h4_covertype_e,covertype,hddma+hedge@e2g0.25,-0.07107107107106048
real,h4_covertype_e,covertype,hddma+hedge@e2g0.75,-0.06406406406406218
real,h4_covertype_e,covertype,hddma+hedge@e2g0.9,-0.06606606606606169
real,h4_covertype_e,covertype,hddmw,-29.122122122122118
real,h4_covertype_e,covertype,hddmw+hedge,0.003003003003010374
real,h4_covertype_e,covertype,hddmw+hedge@e0.5g0.5,-0.0070070070069983
real,h4_covertype_e,covertype,hddmw+hedge@e1g0.5,-0.008008008007998058
real,h4_covertype_e,covertype,hddmw+hedge@e4g0.5,0.004004004003999029
real,h4_covertype_e,covertype,hddmw+hedge@e8g0.5,0.003003003003010374
real,h4_covertype_e,covertype,hddmw+hedge@e2g0.25,0.003003003003010374
real,h4_covertype_e,covertype,hddmw+hedge@e2g0.75,0.004004004003999029
real,h4_covertype_e,covertype,hddmw+hedge@e2g0.9,0.007007007007020505
real,h4_covertype_e,covertype,adwin,-34.984984984984976
real,h4_covertype_e,covertype,adwin+hedge,-0.01801801801799563
real,h4_covertype_e,covertype,adwin+hedge@e0.5g0.5,-0.024024024024016377
real,h4_covertype_e,covertype,adwin+hedge@e1g0.5,-0.021021021021006003
real,h4_covertype_e,covertype,adwin+hedge@e4g0.5,-0.05505505505504216
real,h4_covertype_e,covertype,adwin+hedge@e8g0.5,-0.018018018018006732
real,h4_covertype_e,covertype,adwin+hedge@e2g0.25,-0.021021021021006003
real,h4_covertype_e,covertype,adwin+hedge@e2g0.75,-0.0540540540540424
real,h4_covertype_e,covertype,adwin+hedge@e2g0.9,-0.016016016015996115
real,h4_covertype_e,covertype,ph,-29.232232232232224
real,h4_covertype_e,covertype,ph+hedge,-0.017017017016995872
real,h4_covertype_e,covertype,ph+hedge@e0.5g0.5,-0.029029029029026265
real,h4_covertype_e,covertype,ph+hedge@e1g0.5,-0.019019019018995387
real,h4_covertype_e,covertype,ph+hedge@e4g0.5,-0.014014014014007703
real,h4_covertype_e,covertype,ph+hedge@e8g0.5,-0.01101101101099733
real,h4_covertype_e,covertype,ph+hedge@e2g0.25,-0.020020020020006246
real,h4_covertype_e,covertype,ph+hedge@e2g0.75,-0.012012012011997086
real,h4_covertype_e,covertype,ph+hedge@e2g0.9,-0.012012012011997086
real,h4_covertype_e,covertype,kswin,-34.864864864864856
real,h4_covertype_e,covertype,kswin+hedge,-0.005005005004998786
real,h4_covertype_e,covertype,kswin+hedge@e0.5g0.5,-0.01101101101099733
real,h4_covertype_e,covertype,kswin+hedge@e1g0.5,-0.012012012011997086
real,h4_covertype_e,covertype,kswin+hedge@e4g0.5,-0.0020020020019995144
real,h4_covertype_e,covertype,kswin+hedge@e8g0.5,-0.004004004003999029
real,h4_covertype_e,covertype,kswin+hedge@e2g0.25,-0.006006006005998543
real,h4_covertype_e,covertype,kswin+hedge@e2g0.75,-0.0030030030029992716
real,h4_covertype_e,covertype,kswin+hedge@e2g0.9,-0.0010010010009997572
real,h4_poker_d,poker,ddm,-9.541541541541543
real,h4_poker_d,poker,ddm+hedge,-1.2972972972973063
real,h4_poker_d,poker,ddm+hedge@e0.5g0.5,-1.4834834834834831
real,h4_poker_d,poker,ddm+hedge@e1g0.5,-1.4004004004004034
real,h4_poker_d,poker,ddm+hedge@e4g0.5,-1.2222222222222245
real,h4_poker_d,poker,ddm+hedge@e8g0.5,-0.9699699699699638
real,h4_poker_d,poker,ddm+hedge@e2g0.25,-1.4024024024024029
real,h4_poker_d,poker,ddm+hedge@e2g0.75,-1.2572572572572605
real,h4_poker_d,poker,ddm+hedge@e2g0.9,-1.2362362362362322
real,h4_poker_d,poker,eddm,-12.155155155155162
real,h4_poker_d,poker,eddm+hedge,-0.4684684684684748
real,h4_poker_d,poker,eddm+hedge@e0.5g0.5,-0.8278278278278317
real,h4_poker_d,poker,eddm+hedge@e1g0.5,-0.7037037037037064
real,h4_poker_d,poker,eddm+hedge@e4g0.5,-0.4164164164164319
real,h4_poker_d,poker,eddm+hedge@e8g0.5,-0.44144144144143693
real,h4_poker_d,poker,eddm+hedge@e2g0.25,-0.49949949949950057
real,h4_poker_d,poker,eddm+hedge@e2g0.75,-0.4774774774774837
real,h4_poker_d,poker,eddm+hedge@e2g0.9,-0.47447447447448443
real,h4_poker_d,poker,fhddm,-8.40340340340341
real,h4_poker_d,poker,fhddm+hedge,-0.6586586586586507
real,h4_poker_d,poker,fhddm+hedge@e0.5g0.5,-0.8418418418418283
real,h4_poker_d,poker,fhddm+hedge@e1g0.5,-0.765765765765769
real,h4_poker_d,poker,fhddm+hedge@e4g0.5,-0.6376376376376447
real,h4_poker_d,poker,fhddm+hedge@e8g0.5,-0.6246246246246256
real,h4_poker_d,poker,fhddm+hedge@e2g0.25,-0.6916916916916871
real,h4_poker_d,poker,fhddm+hedge@e2g0.75,-0.6396396396396331
real,h4_poker_d,poker,fhddm+hedge@e2g0.9,-0.5645645645645625
real,h4_poker_d,poker,hddma,-12.695695695695708
real,h4_poker_d,poker,hddma+hedge,-1.08608608608608
real,h4_poker_d,poker,hddma+hedge@e0.5g0.5,-1.3783783783783754
real,h4_poker_d,poker,hddma+hedge@e1g0.5,-1.2392392392392315
real,h4_poker_d,poker,hddma+hedge@e4g0.5,-0.9929929929929804
real,h4_poker_d,poker,hddma+hedge@e8g0.5,-0.8678678678678664
real,h4_poker_d,poker,hddma+hedge@e2g0.25,-1.125125125125126
real,h4_poker_d,poker,hddma+hedge@e2g0.75,-1.0630630630630633
real,h4_poker_d,poker,hddma+hedge@e2g0.9,-1.0500500500500554
real,h4_poker_d,poker,hddmw,-10.029029029029024
real,h4_poker_d,poker,hddmw+hedge,-0.5965965965965991
real,h4_poker_d,poker,hddmw+hedge@e0.5g0.5,-0.8068068068068035
real,h4_poker_d,poker,hddmw+hedge@e1g0.5,-0.691691691691676
real,h4_poker_d,poker,hddmw+hedge@e4g0.5,-0.545545545545556
real,h4_poker_d,poker,hddmw+hedge@e8g0.5,-0.43843843843842656
real,h4_poker_d,poker,hddmw+hedge@e2g0.25,-0.5895895895895786
real,h4_poker_d,poker,hddmw+hedge@e2g0.75,-0.5805805805805808
real,h4_poker_d,poker,hddmw+hedge@e2g0.9,-0.5725725725725828
real,h4_poker_d,poker,adwin,-8.600600600600616
real,h4_poker_d,poker,adwin+hedge,-0.6656656656656712
real,h4_poker_d,poker,adwin+hedge@e0.5g0.5,-0.6996996996997074
real,h4_poker_d,poker,adwin+hedge@e1g0.5,-0.6826826826826782
real,h4_poker_d,poker,adwin+hedge@e4g0.5,-0.575575575575582
real,h4_poker_d,poker,adwin+hedge@e8g0.5,-0.44544544544545817
real,h4_poker_d,poker,adwin+hedge@e2g0.25,-0.7147147147147148
real,h4_poker_d,poker,adwin+hedge@e2g0.75,-0.622622622622615
real,h4_poker_d,poker,adwin+hedge@e2g0.9,-0.5845845845845798
real,h4_poker_d,poker,ph,-5.337337337337333
real,h4_poker_d,poker,ph+hedge,-0.3453453453453492
real,h4_poker_d,poker,ph+hedge@e0.5g0.5,-0.4374374374374379
real,h4_poker_d,poker,ph+hedge@e1g0.5,-0.3673673673673772
real,h4_poker_d,poker,ph+hedge@e4g0.5,-0.21121121121120412
real,h4_poker_d,poker,ph+hedge@e8g0.5,-0.2912912912912957
real,h4_poker_d,poker,ph+hedge@e2g0.25,-0.37737737737737476
real,h4_poker_d,poker,ph+hedge@e2g0.75,-0.2472472472472398
real,h4_poker_d,poker,ph+hedge@e2g0.9,-0.18218218218217785
real,h4_poker_d,poker,kswin,-8.101101101101115
real,h4_poker_d,poker,kswin+hedge,-0.480480480480483
real,h4_poker_d,poker,kswin+hedge@e0.5g0.5,-0.5525525525525543
real,h4_poker_d,poker,kswin+hedge@e1g0.5,-0.50650650650651
real,h4_poker_d,poker,kswin+hedge@e4g0.5,-0.38438438438438416
real,h4_poker_d,poker,kswin+hedge@e8g0.5,-0.3293293293293309
real,h4_poker_d,poker,kswin+hedge@e2g0.25,-0.4984984984985008
real,h4_poker_d,poker,kswin+hedge@e2g0.75,-0.3673673673673661
real,h4_poker_d,poker,kswin+hedge@e2g0.9,-0.3433433433433497
real,h4_poker_e,poker,ddm,-8.536536536536554
real,h4_poker_e,poker,ddm+hedge,-1.260260260260282
real,h4_poker_e,poker,ddm+hedge@e0.5g0.5,-1.3433433433433506
real,h4_poker_e,poker,ddm+hedge@e1g0.5,-1.3013013013013053
real,h4_poker_e,poker,ddm+hedge@e4g0.5,-1.1961961961962086
real,h4_poker_e,poker,ddm+hedge@e8g0.5,-1.1291291291291583
real,h4_poker_e,poker,ddm+hedge@e2g0.25,-1.3013013013013053
real,h4_poker_e,poker,ddm+hedge@e2g0.75,-1.2022022022022072
real,h4_poker_e,poker,ddm+hedge@e2g0.9,-1.2022022022022072
real,h4_poker_e,poker,eddm,-11.105105105105118
real,h4_poker_e,poker,eddm+hedge,-0.649649649649664
real,h4_poker_e,poker,eddm+hedge@e0.5g0.5,-0.7717717717717787
real,h4_poker_e,poker,eddm+hedge@e1g0.5,-0.7107107107107269
real,h4_poker_e,poker,eddm+hedge@e4g0.5,-0.60660660660663
real,h4_poker_e,poker,eddm+hedge@e8g0.5,-0.5165165165165297
real,h4_poker_e,poker,eddm+hedge@e2g0.25,-0.6576576576576731
real,h4_poker_e,poker,eddm+hedge@e2g0.75,-0.6486486486486642
real,h4_poker_e,poker,eddm+hedge@e2g0.9,-0.558558558558564
real,h4_poker_e,poker,fhddm,-8.872872872872883
real,h4_poker_e,poker,fhddm+hedge,-0.6736736736736915
real,h4_poker_e,poker,fhddm+hedge@e0.5g0.5,-0.8868868868869062
real,h4_poker_e,poker,fhddm+hedge@e1g0.5,-0.7627627627627809
real,h4_poker_e,poker,fhddm+hedge@e4g0.5,-0.6316316316316462
real,h4_poker_e,poker,fhddm+hedge@e8g0.5,-0.6196196196196269
real,h4_poker_e,poker,fhddm+hedge@e2g0.25,-0.7547547547547828
real,h4_poker_e,poker,fhddm+hedge@e2g0.75,-0.6046046046046194
real,h4_poker_e,poker,fhddm+hedge@e2g0.9,-0.5625625625625741
real,h4_poker_e,poker,hddma,-10.84284284284286
real,h4_poker_e,poker,hddma+hedge,-1.2542542542542723
real,h4_poker_e,poker,hddma+hedge@e0.5g0.5,-1.3143143143143354
real,h4_poker_e,poker,hddma+hedge@e1g0.5,-1.2592592592592822
real,h4_poker_e,poker,hddma+hedge@e4g0.5,-1.2042042042042178
real,h4_poker_e,poker,hddma+hedge@e8g0.5,-0.9859859859860043
real,h4_poker_e,poker,hddma+hedge@e2g0.25,-1.2952952952953067
real,h4_poker_e,poker,hddma+hedge@e2g0.75,-1.2102102102102275
real,h4_poker_e,poker,hddma+hedge@e2g0.9,-1.1451451451451544
real,h4_poker_e,poker,hddmw,-10.095095095095118
real,h4_poker_e,poker,hddmw+hedge,-0.649649649649664
real,h4_poker_e,poker,hddmw+hedge@e0.5g0.5,-0.7887887887888079
real,h4_poker_e,poker,hddmw+hedge@e1g0.5,-0.7287287287287447
real,h4_poker_e,poker,hddmw+hedge@e4g0.5,-0.6026026026026199
real,h4_poker_e,poker,hddmw+hedge@e8g0.5,-0.6046046046046194
real,h4_poker_e,poker,hddmw+hedge@e2g0.25,-0.6986986986987187
real,h4_poker_e,poker,hddmw+hedge@e2g0.75,-0.567567567567584
real,h4_poker_e,poker,hddmw+hedge@e2g0.9,-0.5755755755755931
real,h4_poker_e,poker,adwin,-9.210210210210224
real,h4_poker_e,poker,adwin+hedge,-0.541541541541557
real,h4_poker_e,poker,adwin+hedge@e0.5g0.5,-0.5595595595595748
real,h4_poker_e,poker,adwin+hedge@e1g0.5,-0.5565565565565755
real,h4_poker_e,poker,adwin+hedge@e4g0.5,-0.6296296296296466
real,h4_poker_e,poker,adwin+hedge@e8g0.5,-0.6556556556556514
real,h4_poker_e,poker,adwin+hedge@e2g0.25,-0.5825825825826025
real,h4_poker_e,poker,adwin+hedge@e2g0.75,-0.5805805805805919
real,h4_poker_e,poker,adwin+hedge@e2g0.9,-0.5965965965966213
real,h4_poker_e,poker,ph,-6.670670670670686
real,h4_poker_e,poker,ph+hedge,-0.3483483483483707
real,h4_poker_e,poker,ph+hedge@e0.5g0.5,-0.5295295295295377
real,h4_poker_e,poker,ph+hedge@e1g0.5,-0.4804804804805052
real,h4_poker_e,poker,ph+hedge@e4g0.5,-0.38438438438440636
real,h4_poker_e,poker,ph+hedge@e8g0.5,-0.3603603603603678
real,h4_poker_e,poker,ph+hedge@e2g0.25,-0.6136136136136283
real,h4_poker_e,poker,ph+hedge@e2g0.75,-0.3603603603603789
real,h4_poker_e,poker,ph+hedge@e2g0.9,-0.31131131131132417
real,h4_poker_e,poker,kswin,-8.57257257257259
real,h4_poker_e,poker,kswin+hedge,-0.4474474474474688
real,h4_poker_e,poker,kswin+hedge@e0.5g0.5,-0.5035035035035107
real,h4_poker_e,poker,kswin+hedge@e1g0.5,-0.4724724724724849
real,h4_poker_e,poker,kswin+hedge@e4g0.5,-0.47147147147149626
real,h4_poker_e,poker,kswin+hedge@e8g0.5,-0.5315315315315483
real,h4_poker_e,poker,kswin+hedge@e2g0.25,-0.4444444444444584
real,h4_poker_e,poker,kswin+hedge@e2g0.75,-0.47447447447449553
real,h4_poker_e,poker,kswin+hedge@e2g0.9,-0.4774774774774948
real,elec2,elec2,ddm,-1.0641592920354048
real,elec2,elec2,ddm+hedge,-0.3805309734513207
real,elec2,elec2,ddm+hedge@e0.5g0.5,-0.4004424778760951
real,elec2,elec2,ddm+hedge@e1g0.5,-0.38274336283183885
real,elec2,elec2,ddm+hedge@e4g0.5,-0.2234513274336325
real,elec2,elec2,ddm+hedge@e8g0.5,-0.22566371681416175
real,elec2,elec2,ddm+hedge@e2g0.25,-0.36725663716813406
real,elec2,elec2,ddm+hedge@e2g0.75,-0.36725663716813406
real,elec2,elec2,ddm+hedge@e2g0.9,-0.3561946902654767
real,elec2,elec2,eddm,-2.0575221238937957
real,elec2,elec2,eddm+hedge,-0.3849557522123792
real,elec2,elec2,eddm+hedge@e0.5g0.5,-0.34292035398229004
real,elec2,elec2,eddm+hedge@e1g0.5,-0.35176991150440706
real,elec2,elec2,eddm+hedge@e4g0.5,-0.42920353982299764
real,elec2,elec2,eddm+hedge@e8g0.5,-0.34734513274337075
real,elec2,elec2,eddm+hedge@e2g0.25,-0.3761061946902622
real,elec2,elec2,eddm+hedge@e2g0.75,-0.3694690265486633
real,elec2,elec2,eddm+hedge@e2g0.9,-0.3362831858407134
real,elec2,elec2,fhddm,-1.0818584070796389
real,elec2,elec2,fhddm+hedge,-0.16150442477875782
real,elec2,elec2,fhddm+hedge@e0.5g0.5,-0.20132743362831773
real,elec2,elec2,fhddm+hedge@e1g0.5,-0.15486725663717005
real,elec2,elec2,fhddm+hedge@e4g0.5,-0.21238938053098622
real,elec2,elec2,fhddm+hedge@e8g0.5,-0.16371681415929817
real,elec2,elec2,fhddm+hedge@e2g0.25,-0.212389380530964
real,elec2,elec2,fhddm+hedge@e2g0.75,-0.19469026548672996
real,elec2,elec2,fhddm+hedge@e2g0.9,-0.1681415929203567
real,elec2,elec2,hddma,-1.8517699115044306
real,elec2,elec2,hddma+hedge,-0.41371681415928174
real,elec2,elec2,hddma+hedge@e0.5g0.5,-0.42920353982299764
real,elec2,elec2,hddma+hedge@e1g0.5,-0.4070796460176829
real,elec2,elec2,hddma+hedge@e4g0.5,-0.4867256637168027
real,elec2,elec2,hddma+hedge@e8g0.5,-0.46460176991149904
real,elec2,elec2,hddma+hedge@e2g0.25,-0.4269911504424684
real,elec2,elec2,hddma+hedge@e2g0.75,-0.41371681415928174
real,elec2,elec2,hddma+hedge@e2g0.9,-0.4314159292035269
real,elec2,elec2,hddmw,-1.6504424778761018
real,elec2,elec2,hddmw+hedge,-0.3097345132743401
real,elec2,elec2,hddmw+hedge@e0.5g0.5,-0.30752212389381084
real,elec2,elec2,hddmw+hedge@e1g0.5,-0.3030973451327412
real,elec2,elec2,hddmw+hedge@e4g0.5,-0.2234513274336325
real,elec2,elec2,hddmw+hedge@e8g0.5,-0.3030973451327523
real,elec2,elec2,hddmw+hedge@e2g0.25,-0.28761061946902533
real,elec2,elec2,hddmw+hedge@e2g0.75,-0.29646017699116456
real,elec2,elec2,hddmw+hedge@e2g0.9,-0.2831858407079668
real,elec2,elec2,adwin,-1.278761061946898
real,elec2,elec2,adwin+hedge,-0.40265486725662436
real,elec2,elec2,adwin+hedge@e0.5g0.5,-0.48008849557521494
real,elec2,elec2,adwin+hedge@e1g0.5,-0.4269911504424684
real,elec2,elec2,adwin+hedge@e4g0.5,-0.4756637168141564
real,elec2,elec2,adwin+hedge@e8g0.5,-0.3849557522123792
real,elec2,elec2,adwin+hedge@e2g0.25,-0.3451327433628193
real,elec2,elec2,adwin+hedge@e2g0.75,-0.3893805309734488
real,elec2,elec2,adwin+hedge@e2g0.9,-0.40265486725662436
real,elec2,elec2,ph,-0.6172566371681398
real,elec2,elec2,ph+hedge,-0.03097345132743179
real,elec2,elec2,ph+hedge@e0.5g0.5,-0.10840707964601126
real,elec2,elec2,ph+hedge@e1g0.5,-0.05309734513273545
real,elec2,elec2,ph+hedge@e4g0.5,-0.08849557522123686
real,elec2,elec2,ph+hedge@e8g0.5,-0.21460176991150437
real,elec2,elec2,ph+hedge@e2g0.25,-0.01106194690264628
real,elec2,elec2,ph+hedge@e2g0.75,-0.01769911504423405
real,elec2,elec2,ph+hedge@e2g0.9,-0.046460176991147684
real,elec2,elec2,kswin,-1.4026548672566475
real,elec2,elec2,kswin+hedge,-0.3606194690265463
real,elec2,elec2,kswin+hedge@e0.5g0.5,-0.2787610619469083
real,elec2,elec2,kswin+hedge@e1g0.5,-0.3030973451327412
real,elec2,elec2,kswin+hedge@e4g0.5,-0.3451327433628193
real,elec2,elec2,kswin+hedge@e8g0.5,-0.35176991150444037
real,elec2,elec2,kswin+hedge@e2g0.25,-0.3495575221238889
real,elec2,elec2,kswin+hedge@e2g0.75,-0.3030973451327523
real,elec2,elec2,kswin+hedge@e2g0.9,-0.2853982300884961
real,insects_abrupt_balanced,insects,ddm,1.2713472485768595
real,insects_abrupt_balanced,insects,ddm+hedge,1.2485768500948846
real,insects_abrupt_balanced,insects,ddm+hedge@e0.5g0.5,1.250474383301714
real,insects_abrupt_balanced,insects,ddm+hedge@e1g0.5,1.2542694497153728
real,insects_abrupt_balanced,insects,ddm+hedge@e4g0.5,1.240986717267556
real,insects_abrupt_balanced,insects,ddm+hedge@e8g0.5,1.2542694497153728
real,insects_abrupt_balanced,insects,ddm+hedge@e2g0.25,1.2542694497153728
real,insects_abrupt_balanced,insects,ddm+hedge@e2g0.75,1.2371916508538972
real,insects_abrupt_balanced,insects,ddm+hedge@e2g0.9,1.2296015180265685
real,insects_abrupt_balanced,insects,eddm,-0.053130929791267434
real,insects_abrupt_balanced,insects,eddm+hedge,0.6356736242884353
real,insects_abrupt_balanced,insects,eddm+hedge@e0.5g0.5,0.5882352941176561
real,insects_abrupt_balanced,insects,eddm+hedge@e1g0.5,0.6356736242884353
real,insects_abrupt_balanced,insects,eddm+hedge@e4g0.5,0.5863377609108267
real,insects_abrupt_balanced,insects,eddm+hedge@e8g0.5,0.5388994307400474
real,insects_abrupt_balanced,insects,eddm+hedge@e2g0.25,0.6413662239089346
real,insects_abrupt_balanced,insects,eddm+hedge@e2g0.75,0.5920303605313149
real,insects_abrupt_balanced,insects,eddm+hedge@e2g0.9,0.5635673624288517
real,insects_abrupt_balanced,insects,fhddm,0.34535104364328273
real,insects_abrupt_balanced,insects,fhddm+hedge,0.6736242884250676
real,insects_abrupt_balanced,insects,fhddm+hedge@e0.5g0.5,0.7039848197343601
real,insects_abrupt_balanced,insects,fhddm+hedge@e1g0.5,0.694497153700202
real,insects_abrupt_balanced,insects,fhddm+hedge@e4g0.5,0.601518026565484
real,insects_abrupt_balanced,insects,fhddm+hedge@e8g0.5,0.6034155597723134
real,insects_abrupt_balanced,insects,fhddm+hedge@e2g0.25,0.6831119544592146
real,insects_abrupt_balanced,insects,fhddm+hedge@e2g0.75,0.6015180265654729
real,insects_abrupt_balanced,insects,fhddm+hedge@e2g0.9,0.6223908918406296
real,insects_abrupt_balanced,insects,hddma,1.796963946869079
real,insects_abrupt_balanced,insects,hddma+hedge,1.6053130929791326
real,insects_abrupt_balanced,insects,hddma+hedge@e0.5g0.5,1.5711574952561924
real,insects_abrupt_balanced,insects,hddma+hedge@e1g0.5,1.5939278937381562
real,insects_abrupt_balanced,insects,hddma+hedge@e4g0.5,1.6091081593927914
real,insects_abrupt_balanced,insects,hddma+hedge@e8g0.5,1.694497153700203
real,insects_abrupt_balanced,insects,hddma+hedge@e2g0.25,1.6034155597723032
real,insects_abrupt_balanced,insects,hddma+hedge@e2g0.75,1.6129032258064502
real,insects_abrupt_balanced,insects,hddma+hedge@e2g0.9,1.6129032258064502
real,insects_abrupt_balanced,insects,hddmw,1.6831119544592155
real,insects_abrupt_balanced,insects,hddmw+hedge,1.6793168880455456
real,insects_abrupt_balanced,insects,hddmw+hedge@e0.5g0.5,1.5996204933586444
real,insects_abrupt_balanced,insects,hddmw+hedge@e1g0.5,1.6375711574952656
real,insects_abrupt_balanced,insects,hddmw+hedge@e4g0.5,1.6982922201138617
real,insects_abrupt_balanced,insects,hddmw+hedge@e8g0.5,1.6963946869070323
real,insects_abrupt_balanced,insects,hddmw+hedge@e2g0.25,1.6603415559772294
real,insects_abrupt_balanced,insects,hddmw+hedge@e2g0.75,1.6982922201138617
real,insects_abrupt_balanced,insects,hddmw+hedge@e2g0.9,1.7020872865275205
real,insects_abrupt_balanced,insects,adwin,1.7343453510436535
real,insects_abrupt_balanced,insects,adwin+hedge,1.5920303605313268
real,insects_abrupt_balanced,insects,adwin+hedge@e0.5g0.5,1.5730550284630107
real,insects_abrupt_balanced,insects,adwin+hedge@e1g0.5,1.5939278937381562
real,insects_abrupt_balanced,insects,adwin+hedge@e4g0.5,1.5939278937381451
real,insects_abrupt_balanced,insects,adwin+hedge@e8g0.5,1.5920303605313157
real,insects_abrupt_balanced,insects,adwin+hedge@e2g0.25,1.5901328273244864
real,insects_abrupt_balanced,insects,adwin+hedge@e2g0.75,1.6034155597723032
real,insects_abrupt_balanced,insects,adwin+hedge@e2g0.9,1.5958254269449856
real,insects_abrupt_balanced,insects,ph,1.2770398481973477
real,insects_abrupt_balanced,insects,ph+hedge,1.4554079696394773
real,insects_abrupt_balanced,insects,ph+hedge@e0.5g0.5,1.388994307400393
real,insects_abrupt_balanced,insects,ph+hedge@e1g0.5,1.4155597722960267
real,insects_abrupt_balanced,insects,ph+hedge@e4g0.5,1.4762808349146228
real,insects_abrupt_balanced,insects,ph+hedge@e8g0.5,1.4516129032258185
real,insects_abrupt_balanced,insects,ph+hedge@e2g0.25,1.4535104364326479
real,insects_abrupt_balanced,insects,ph+hedge@e2g0.75,1.4459203036053303
real,insects_abrupt_balanced,insects,ph+hedge@e2g0.9,1.4478178368121486
real,insects_abrupt_balanced,insects,kswin,1.8671726755218332
real,insects_abrupt_balanced,insects,kswin+hedge,1.7115749525616786
real,insects_abrupt_balanced,insects,kswin+hedge@e0.5g0.5,1.6546489563567413
real,insects_abrupt_balanced,insects,kswin+hedge@e1g0.5,1.6831119544592044
real,insects_abrupt_balanced,insects,kswin+hedge@e4g0.5,1.7305502846299836
real,insects_abrupt_balanced,insects,kswin+hedge@e8g0.5,1.7438330170778116
real,insects_abrupt_balanced,insects,kswin+hedge@e2g0.25,1.700189753320691
real,insects_abrupt_balanced,insects,kswin+hedge@e2g0.75,1.736242884250483
real,insects_abrupt_balanced,insects,kswin+hedge@e2g0.9,1.7438330170778116
real,insects_gradual_balanced,insects,ddm,1.0958333333333292
real,insects_gradual_balanced,insects,ddm+hedge,0.6541666666666557
real,insects_gradual_balanced,insects,ddm+hedge@e0.5g0.5,0.6375000000000131
real,insects_gradual_balanced,insects,ddm+hedge@e1g0.5,0.6374999999999909
real,insects_gradual_balanced,insects,ddm+hedge@e4g0.5,0.6874999999999853
real,insects_gradual_balanced,insects,ddm+hedge@e8g0.5,0.7124999999999937
real,insects_gradual_balanced,insects,ddm+hedge@e2g0.25,0.6625000000000103
real,insects_gradual_balanced,insects,ddm+hedge@e2g0.75,0.6666666666666599
real,insects_gradual_balanced,insects,ddm+hedge@e2g0.9,0.6708333333333316
real,insects_gradual_balanced,insects,eddm,0.3375000000000017
real,insects_gradual_balanced,insects,eddm+hedge,0.5666666666666709
real,insects_gradual_balanced,insects,eddm+hedge@e0.5g0.5,0.4749999999999921
real,insects_gradual_balanced,insects,eddm+hedge@e1g0.5,0.462499999999999
real,insects_gradual_balanced,insects,eddm+hedge@e4g0.5,0.6041666666666723
real,insects_gradual_balanced,insects,eddm+hedge@e8g0.5,0.32916666666666927
real,insects_gradual_balanced,insects,eddm+hedge@e2g0.25,0.27083333333332016
real,insects_gradual_balanced,insects,eddm+hedge@e2g0.75,0.5499999999999949
real,insects_gradual_balanced,insects,eddm+hedge@e2g0.9,0.550000000000006
real,insects_gradual_balanced,insects,fhddm,0.6583333333333385
real,insects_gradual_balanced,insects,fhddm+hedge,0.6666666666666599
real,insects_gradual_balanced,insects,fhddm+hedge@e0.5g0.5,0.6624999999999881
real,insects_gradual_balanced,insects,fhddm+hedge@e1g0.5,0.6708333333333316
real,insects_gradual_balanced,insects,fhddm+hedge@e4g0.5,0.6749999999999923
real,insects_gradual_balanced,insects,fhddm+hedge@e8g0.5,0.666666666666671
real,insects_gradual_balanced,insects,fhddm+hedge@e2g0.25,0.649999999999995
real,insects_gradual_balanced,insects,fhddm+hedge@e2g0.75,0.6833333333333247
real,insects_gradual_balanced,insects,fhddm+hedge@e2g0.9,0.7041666666666613
real,insects_gradual_balanced,insects,hddma,1.5708333333333324
real,insects_gradual_balanced,insects,hddma+hedge,1.2333333333333307
real,insects_gradual_balanced,insects,hddma+hedge@e0.5g0.5,1.2041666666666728
real,insects_gradual_balanced,insects,hddma+hedge@e1g0.5,1.2249999999999983
real,insects_gradual_balanced,insects,hddma+hedge@e4g0.5,1.2833333333333252
real,insects_gradual_balanced,insects,hddma+hedge@e8g0.5,1.3041666666666618
real,insects_gradual_balanced,insects,hddma+hedge@e2g0.25,1.2541666666666562
real,insects_gradual_balanced,insects,hddma+hedge@e2g0.75,1.2541666666666673
real,insects_gradual_balanced,insects,hddma+hedge@e2g0.9,1.2583333333333502
real,insects_gradual_balanced,insects,hddmw,1.433333333333331
real,insects_gradual_balanced,insects,hddmw+hedge,1.375000000000004
real,insects_gradual_balanced,insects,hddmw+hedge@e0.5g0.5,1.316666666666677
real,insects_gradual_balanced,insects,hddmw+hedge@e1g0.5,1.329166666666659
real,insects_gradual_balanced,insects,hddmw+hedge@e4g0.5,1.4416666666666633
real,insects_gradual_balanced,insects,hddmw+hedge@e8g0.5,1.4666666666666717
real,insects_gradual_balanced,insects,hddmw+hedge@e2g0.25,1.3958333333333184
real,insects_gradual_balanced,insects,hddmw+hedge@e2g0.75,1.4124999999999943
real,insects_gradual_balanced,insects,hddmw+hedge@e2g0.9,1.3958333333333406
real,insects_gradual_balanced,insects,adwin,1.404166666666662
real,insects_gradual_balanced,insects,adwin+hedge,1.2499999999999956
real,insects_gradual_balanced,insects,adwin+hedge@e0.5g0.5,1.187500000000008
real,insects_gradual_balanced,insects,adwin+hedge@e1g0.5,1.2374999999999914
real,insects_gradual_balanced,insects,adwin+hedge@e4g0.5,1.2833333333333363
real,insects_gradual_balanced,insects,adwin+hedge@e8g0.5,1.2958333333333294
real,insects_gradual_balanced,insects,adwin+hedge@e2g0.25,1.245833333333335
real,insects_gradual_balanced,insects,adwin+hedge@e2g0.75,1.2791666666666646
real,insects_gradual_balanced,insects,adwin+hedge@e2g0.9,1.2874999999999859
real,insects_gradual_balanced,insects,ph,1.170833333333332
real,insects_gradual_balanced,insects,ph+hedge,0.9874999999999967
real,insects_gradual_balanced,insects,ph+hedge@e0.5g0.5,0.9333333333333305
real,insects_gradual_balanced,insects,ph+hedge@e1g0.5,1.0333333333333417
real,insects_gradual_balanced,insects,ph+hedge@e4g0.5,0.9416666666666629
real,insects_gradual_balanced,insects,ph+hedge@e8g0.5,0.9583333333333388
real,insects_gradual_balanced,insects,ph+hedge@e2g0.25,1.0291666666666588
real,insects_gradual_balanced,insects,ph+hedge@e2g0.75,1.012499999999994
real,insects_gradual_balanced,insects,ph+hedge@e2g0.9,1.1166666666666658
real,insects_gradual_balanced,insects,kswin,1.5166666666666662
real,insects_gradual_balanced,insects,kswin+hedge,1.3000000000000012
real,insects_gradual_balanced,insects,kswin+hedge@e0.5g0.5,1.2083333333333446
real,insects_gradual_balanced,insects,kswin+hedge@e1g0.5,1.2666666666666715
real,insects_gradual_balanced,insects,kswin+hedge@e4g0.5,1.329166666666659
real,insects_gradual_balanced,insects,kswin+hedge@e8g0.5,1.3333333333333197
real,insects_gradual_balanced,insects,kswin+hedge@e2g0.25,1.3041666666666618
real,insects_gradual_balanced,insects,kswin+hedge@e2g0.75,1.3124999999999942
real,insects_gradual_balanced,insects,kswin+hedge@e2g0.9,1.3083333333333225
real,insects_incremental_balanced,insects,ddm,0.0035149384885801993
real,insects_incremental_balanced,insects,ddm+hedge,0.03163444639718849
real,insects_incremental_balanced,insects,ddm+hedge@e0.5g0.5,0.038664323374348886
real,insects_incremental_balanced,insects,ddm+hedge@e1g0.5,0.040421792618638985
real,insects_incremental_balanced,insects,ddm+hedge@e4g0.5,0.02460456942003919
real,insects_incremental_balanced,insects,ddm+hedge@e8g0.5,0.02284710017574909
real,insects_incremental_balanced,insects,ddm+hedge@e2g0.25,0.031634446397177385
real,insects_incremental_balanced,insects,ddm+hedge@e2g0.75,0.03163444639718849
real,insects_incremental_balanced,insects,ddm+hedge@e2g0.9,0.03163444639718849
real,insects_incremental_balanced,insects,eddm,-0.11423550087873435
real,insects_incremental_balanced,insects,eddm+hedge,-0.012302284710019595
real,insects_incremental_balanced,insects,eddm+hedge@e0.5g0.5,-0.02108963093145899
real,insects_incremental_balanced,insects,eddm+hedge@e1g0.5,-0.01933216168716889
real,insects_incremental_balanced,insects,eddm+hedge@e4g0.5,-0.003514938488569097
real,insects_incremental_balanced,insects,eddm+hedge@e8g0.5,-0.061511423550086874
real,insects_incremental_balanced,insects,eddm+hedge@e2g0.25,-0.03163444639718849
real,insects_incremental_balanced,insects,eddm+hedge@e2g0.75,-0.02284710017574909
real,insects_incremental_balanced,insects,eddm+hedge@e2g0.9,-0.007029876977160399
real,insects_incremental_balanced,insects,fhddm,-0.4235500878734588
real,insects_incremental_balanced,insects,fhddm+hedge,-0.02460456942002809
real,insects_incremental_balanced,insects,fhddm+hedge@e0.5g0.5,-0.05799648506151778
real,insects_incremental_balanced,insects,fhddm+hedge@e1g0.5,-0.04920913884007838
real,insects_incremental_balanced,insects,fhddm+hedge@e4g0.5,-0.017574692442889894
real,insects_incremental_balanced,insects,fhddm+hedge@e8g0.5,-0.017574692442889894
real,insects_incremental_balanced,insects,fhddm+hedge@e2g0.25,-0.036906854130058786
real,insects_incremental_balanced,insects,fhddm+hedge@e2g0.75,-0.014059753954309695
real,insects_incremental_balanced,insects,fhddm+hedge@e2g0.9,-0.026362038664318188
real,insects_incremental_balanced,insects,hddma,-0.11247803163444425
real,insects_incremental_balanced,insects,hddma+hedge,0.040421792618638985
real,insects_incremental_balanced,insects,hddma+hedge@e0.5g0.5,0.036906854130058786
real,insects_incremental_balanced,insects,hddma+hedge@e1g0.5,0.02811950790861939
real,insects_incremental_balanced,insects,hddma+hedge@e4g0.5,0.028119507908608288
real,insects_incremental_balanced,insects,hddma+hedge@e8g0.5,0.02284710017574909
real,insects_incremental_balanced,insects,hddma+hedge@e2g0.25,0.029876977152898387
real,insects_incremental_balanced,insects,hddma+hedge@e2g0.75,0.040421792618638985
real,insects_incremental_balanced,insects,hddma+hedge@e2g0.9,0.036906854130058786
real,insects_incremental_balanced,insects,hddmw,-0.9226713532513142
real,insects_incremental_balanced,insects,hddmw+hedge,-0.007029876977149296
real,insects_incremental_balanced,insects,hddmw+hedge@e0.5g0.5,0.01933216168716889
real,insects_incremental_balanced,insects,hddmw+hedge@e1g0.5,-0.0035149384885801993
real,insects_incremental_balanced,insects,hddmw+hedge@e4g0.5,0.04393673110720808
real,insects_incremental_balanced,insects,hddmw+hedge@e8g0.5,0.014059753954309695
real,insects_incremental_balanced,insects,hddmw+hedge@e2g0.25,-0.01933216168716889
real,insects_incremental_balanced,insects,hddmw+hedge@e2g0.75,0.005272407732859197
real,insects_incremental_balanced,insects,hddmw+hedge@e2g0.9,0.028119507908608288
real,insects_incremental_balanced,insects,adwin,-0.2442882249560574
real,insects_incremental_balanced,insects,adwin+hedge,0.014059753954298593
real,insects_incremental_balanced,insects,adwin+hedge@e0.5g0.5,0.005272407732859197
real,insects_incremental_balanced,insects,adwin+hedge@e1g0.5,0.0017574692442900997
real,insects_incremental_balanced,insects,adwin+hedge@e4g0.5,0.0035149384885801993
real,insects_incremental_balanced,insects,adwin+hedge@e8g0.5,-0.005272407732859197
real,insects_incremental_balanced,insects,adwin+hedge@e2g0.25,0.0
real,insects_incremental_balanced,insects,adwin+hedge@e2g0.75,0.007029876977149296
real,insects_incremental_balanced,insects,adwin+hedge@e2g0.9,0.012302284710019595
real,insects_incremental_balanced,insects,ph,-0.5746924428822409
real,insects_incremental_balanced,insects,ph+hedge,-0.09666080843585556
real,insects_incremental_balanced,insects,ph+hedge@e0.5g0.5,-0.11072056239015415
real,insects_incremental_balanced,insects,ph+hedge@e1g0.5,-0.07557117750439657
real,insects_incremental_balanced,insects,ph+hedge@e4g0.5,-0.08435852372583597
real,insects_incremental_balanced,insects,ph+hedge@e8g0.5,-0.05623901581722768
real,insects_incremental_balanced,insects,ph+hedge@e2g0.25,-0.10369068541300486
real,insects_incremental_balanced,insects,ph+hedge@e2g0.75,-0.09841827768013456
real,insects_incremental_balanced,insects,ph+hedge@e2g0.9,-0.11072056239015415
real,insects_incremental_balanced,insects,kswin,-0.2952548330404259
real,insects_incremental_balanced,insects,kswin+hedge,0.008787346221439396
real,insects_incremental_balanced,insects,kswin+hedge@e0.5g0.5,0.0017574692442900997
real,insects_incremental_balanced,insects,kswin+hedge@e1g0.5,0.007029876977149296
real,insects_incremental_balanced,insects,kswin+hedge@e4g0.5,0.012302284710019595
real,insects_incremental_balanced,insects,kswin+hedge@e8g0.5,0.0017574692442900997
real,insects_incremental_balanced,insects,kswin+hedge@e2g0.25,0.012302284710019595
real,insects_incremental_balanced,insects,kswin+hedge@e2g0.75,0.010544815465718393
real,insects_incremental_balanced,insects,kswin+hedge@e2g0.9,-0.003514938488569097
real,insects_incremental_reoccurring_balanced,insects,ddm,0.9937343358395911
real,insects_incremental_reoccurring_balanced,insects,ddm+hedge,1.1278195488721776
real,insects_incremental_reoccurring_balanced,insects,ddm+hedge@e0.5g0.5,1.0626566416039984
real,insects_incremental_reoccurring_balanced,insects,ddm+hedge@e1g0.5,1.087719298245604
real,insects_incremental_reoccurring_balanced,insects,ddm+hedge@e4g0.5,1.157894736842091
real,insects_incremental_reoccurring_balanced,insects,ddm+hedge@e8g0.5,1.1478696741854533
real,insects_incremental_reoccurring_balanced,insects,ddm+hedge@e2g0.25,0.8847117794486214
real,insects_incremental_reoccurring_balanced,insects,ddm+hedge@e2g0.75,1.0852130325814446
real,insects_incremental_reoccurring_balanced,insects,ddm+hedge@e2g0.9,1.0388471177944947
real,insects_incremental_reoccurring_balanced,insects,eddm,0.25187969924811426
real,insects_incremental_reoccurring_balanced,insects,eddm+hedge,1.3195488721804427
real,insects_incremental_reoccurring_balanced,insects,eddm+hedge@e0.5g0.5,0.6629072681704318
real,insects_incremental_reoccurring_balanced,insects,eddm+hedge@e1g0.5,0.6591478696741815
real,insects_incremental_reoccurring_balanced,insects,eddm+hedge@e4g0.5,1.4185463659147857
real,insects_incremental_reoccurring_balanced,insects,eddm+hedge@e8g0.5,1.1954887218045052
real,insects_incremental_reoccurring_balanced,insects,eddm+hedge@e2g0.25,0.8245614035087723
real,insects_incremental_reoccurring_balanced,insects,eddm+hedge@e2g0.75,1.3822055137844513
real,insects_incremental_reoccurring_balanced,insects,eddm+hedge@e2g0.9,1.4160401002506373
real,insects_incremental_reoccurring_balanced,insects,fhddm,0.6842105263157761
real,insects_incremental_reoccurring_balanced,insects,fhddm+hedge,0.6516290726817031
real,insects_incremental_reoccurring_balanced,insects,fhddm+hedge@e0.5g0.5,0.6541353383458626
real,insects_incremental_reoccurring_balanced,insects,fhddm+hedge@e1g0.5,0.6754385964912291
real,insects_incremental_reoccurring_balanced,insects,fhddm+hedge@e4g0.5,0.6516290726817031
real,insects_incremental_reoccurring_balanced,insects,fhddm+hedge@e8g0.5,0.651629072681692
real,insects_incremental_reoccurring_balanced,insects,fhddm+hedge@e2g0.25,0.6491228070175326
real,insects_incremental_reoccurring_balanced,insects,fhddm+hedge@e2g0.75,0.666666666666671
real,insects_incremental_reoccurring_balanced,insects,fhddm+hedge@e2g0.9,0.6654135338345801
real,insects_incremental_reoccurring_balanced,insects,hddma,1.6403508771929864
real,insects_incremental_reoccurring_balanced,insects,hddma+hedge,1.61403508771929
real,insects_incremental_reoccurring_balanced,insects,hddma+hedge@e0.5g0.5,1.4248120300751843
real,insects_incremental_reoccurring_balanced,insects,hddma+hedge@e1g0.5,1.4862155388471132
real,insects_incremental_reoccurring_balanced,insects,hddma+hedge@e4g0.5,1.6253132832080075
real,insects_incremental_reoccurring_balanced,insects,hddma+hedge@e8g0.5,1.6503759398496132
real,insects_incremental_reoccurring_balanced,insects,hddma+hedge@e2g0.25,1.5977443609022535
real,insects_incremental_reoccurring_balanced,insects,hddma+hedge@e2g0.75,1.6065162907268227
real,insects_incremental_reoccurring_balanced,insects,hddma+hedge@e2g0.9,1.6040100250626632
real,insects_incremental_reoccurring_balanced,insects,hddmw,1.646616541353374
real,insects_incremental_reoccurring_balanced,insects,hddmw+hedge,1.6729323308270705
real,insects_incremental_reoccurring_balanced,insects,hddmw+hedge@e0.5g0.5,1.5802005012531373
real,insects_incremental_reoccurring_balanced,insects,hddmw+hedge@e1g0.5,1.6040100250626632
real,insects_incremental_reoccurring_balanced,insects,hddmw+hedge@e4g0.5,1.7067669172932343
real,insects_incremental_reoccurring_balanced,insects,hddmw+hedge@e8g0.5,1.708020050125314
real,insects_incremental_reoccurring_balanced,insects,hddmw+hedge@e2g0.25,1.6541353383458635
real,insects_incremental_reoccurring_balanced,insects,hddmw+hedge@e2g0.75,1.6804511278195378
real,insects_incremental_reoccurring_balanced,insects,hddmw+hedge@e2g0.9,1.6917293233082664
real,insects_incremental_reoccurring_balanced,insects,adwin,1.4812030075187832
real,insects_incremental_reoccurring_balanced,insects,adwin+hedge,1.496240601503751
real,insects_incremental_reoccurring_balanced,insects,adwin+hedge@e0.5g0.5,1.3859649122806905
real,insects_incremental_reoccurring_balanced,insects,adwin+hedge@e1g0.5,1.4385964912280724
real,insects_incremental_reoccurring_balanced,insects,adwin+hedge@e4g0.5,1.5037593984962405
real,insects_incremental_reoccurring_balanced,insects,adwin+hedge@e8g0.5,1.5150375939849692
real,insects_incremental_reoccurring_balanced,insects,adwin+hedge@e2g0.25,1.4749373433584068
real,insects_incremental_reoccurring_balanced,insects,adwin+hedge@e2g0.75,1.496240601503751
real,insects_incremental_reoccurring_balanced,insects,adwin+hedge@e2g0.9,1.487468671679193
real,insects_incremental_reoccurring_balanced,insects,ph,1.243107769423546
real,insects_incremental_reoccurring_balanced,insects,ph+hedge,1.3308270676691714
real,insects_incremental_reoccurring_balanced,insects,ph+hedge@e0.5g0.5,1.2080200501253135
real,insects_incremental_reoccurring_balanced,insects,ph+hedge@e1g0.5,1.2167919799498716
real,insects_incremental_reoccurring_balanced,insects,ph+hedge@e4g0.5,1.2418546365914773
real,insects_incremental_reoccurring_balanced,insects,ph+hedge@e8g0.5,1.2568922305764452
real,insects_incremental_reoccurring_balanced,insects,ph+hedge@e2g0.25,1.2969924812030076
real,insects_incremental_reoccurring_balanced,insects,ph+hedge@e2g0.75,1.308270676691714
real,insects_incremental_reoccurring_balanced,insects,ph+hedge@e2g0.9,1.2531328320801949
real,insects_incremental_reoccurring_balanced,insects,kswin,1.3157894736842035
real,insects_incremental_reoccurring_balanced,insects,kswin+hedge,1.1177944862155287
real,insects_incremental_reoccurring_balanced,insects,kswin+hedge@e0.5g0.5,1.0375939849624038
real,insects_incremental_reoccurring_balanced,insects,kswin+hedge@e1g0.5,1.0726817042606474
real,insects_incremental_reoccurring_balanced,insects,kswin+hedge@e4g0.5,1.2117794486215416
real,insects_incremental_reoccurring_balanced,insects,kswin+hedge@e8g0.5,1.2155388471177808
real,insects_incremental_reoccurring_balanced,insects,kswin+hedge@e2g0.25,1.107769423558902
real,insects_incremental_reoccurring_balanced,insects,kswin+hedge@e2g0.75,1.1278195488721776
real,insects_incremental_reoccurring_balanced,insects,kswin+hedge@e2g0.9,1.1152882205513692
real,gas,gas,ddm,-7.362318840579718
real,gas,gas,ddm+hedge,-2.0000000000000018
real,gas,gas,ddm+hedge@e0.5g0.5,-1.6159420289854953
real,gas,gas,ddm+hedge@e1g0.5,-1.637681159420279
real,gas,gas,ddm+hedge@e4g0.5,-2.630434782608704
real,gas,gas,ddm+hedge@e8g0.5,-2.5434782608695583
real,gas,gas,ddm+hedge@e2g0.25,-2.007246376811589
real,gas,gas,ddm+hedge@e2g0.75,-1.9637681159420328
real,gas,gas,ddm+hedge@e2g0.9,-1.9637681159420328
real,gas,gas,eddm,-6.05072463768116
real,gas,gas,eddm+hedge,-0.8695652173912993
real,gas,gas,eddm+hedge@e0.5g0.5,-0.9927536231884027
real,gas,gas,eddm+hedge@e1g0.5,-0.9492753623188355
real,gas,gas,eddm+hedge@e4g0.5,-0.9347826086956501
real,gas,gas,eddm+hedge@e8g0.5,-0.6956521739130306
real,gas,gas,eddm+hedge@e2g0.25,-1.079710144927526
real,gas,gas,eddm+hedge@e2g0.75,-0.8115942028985357
real,gas,gas,eddm+hedge@e2g0.9,-0.7971014492753503
real,gas,gas,fhddm,-7.094202898550728
real,gas,gas,fhddm+hedge,-0.934782608695639
real,gas,gas,fhddm+hedge@e0.5g0.5,-1.0942028985507224
real,gas,gas,fhddm+hedge@e1g0.5,-1.0724637681159277
real,gas,gas,fhddm+hedge@e4g0.5,-1.6449275362318772
real,gas,gas,fhddm+hedge@e8g0.5,-1.6956521739130426
real,gas,gas,fhddm+hedge@e2g0.25,-1.3115942028985361
real,gas,gas,fhddm+hedge@e2g0.75,-0.9130434782608665
real,gas,gas,fhddm+hedge@e2g0.9,-0.9420289855072372
real,gas,gas,hddma,-6.268115942028995
real,gas,gas,hddma+hedge,-2.0652173913043526
real,gas,gas,hddma+hedge@e0.5g0.5,-2.1811594202898577
real,gas,gas,hddma+hedge@e1g0.5,-2.152173913043487
real,gas,gas,hddma+hedge@e4g0.5,-2.1304347826086922
real,gas,gas,hddma+hedge@e8g0.5,-1.934782608695651
real,gas,gas,hddma+hedge@e2g0.25,-2.3550724637681153
real,gas,gas,hddma+hedge@e2g0.75,-2.1014492753623215
real,gas,gas,hddma+hedge@e2g0.9,-2.1086956521739197
real,gas,gas,hddmw,-5.000000000000004
real,gas,gas,hddmw+hedge,-1.1376811594202896
real,gas,gas,hddmw+hedge@e0.5g0.5,-1.2681159420289911
real,gas,gas,hddmw+hedge@e1g0.5,-1.231884057971011
real,gas,gas,hddmw+hedge@e4g0.5,-1.2028985507246404
real,gas,gas,hddmw+hedge@e8g0.5,-0.8623188405797011
real,gas,gas,hddmw+hedge@e2g0.25,-1.4275362318840412
real,gas,gas,hddmw+hedge@e2g0.75,-1.1739130434782585
real,gas,gas,hddmw+hedge@e2g0.9,-1.159420289855062
real,gas,gas,adwin,-5.623188405797097
real,gas,gas,adwin+hedge,-1.6159420289854953
real,gas,gas,adwin+hedge@e0.5g0.5,-1.5144927536231867
real,gas,gas,adwin+hedge@e1g0.5,-1.528985507246372
real,gas,gas,adwin+hedge@e4g0.5,-1.6159420289855064
real,gas,gas,adwin+hedge@e8g0.5,-1.4710144927536084
real,gas,gas,adwin+hedge@e2g0.25,-1.5942028985507117
real,gas,gas,adwin+hedge@e2g0.75,-1.60144927536231
real,gas,gas,adwin+hedge@e2g0.9,-1.5869565217391246
real,gas,gas,ph,-6.442028985507243
real,gas,gas,ph+hedge,-1.1159420289854949
real,gas,gas,ph+hedge@e0.5g0.5,-1.0507246376811552
real,gas,gas,ph+hedge@e1g0.5,-1.0507246376811552
real,gas,gas,ph+hedge@e4g0.5,-1.0942028985507113
real,gas,gas,ph+hedge@e8g0.5,-0.9999999999999898
real,gas,gas,ph+hedge@e2g0.25,-1.1231884057970931
real,gas,gas,ph+hedge@e2g0.75,-1.1159420289854949
real,gas,gas,ph+hedge@e2g0.9,-1.1159420289854949
real,gas,gas,kswin,-7.347826086956532
real,gas,gas,kswin+hedge,-1.8043478260869494
real,gas,gas,kswin+hedge@e0.5g0.5,-1.6594202898550736
real,gas,gas,kswin+hedge@e1g0.5,-1.6956521739130426
real,gas,gas,kswin+hedge@e4g0.5,-1.8333333333333313
real,gas,gas,kswin+hedge@e8g0.5,-1.60144927536231
real,gas,gas,kswin+hedge@e2g0.25,-1.789855072463764
real,gas,gas,kswin+hedge@e2g0.75,-1.7681159420289805
real,gas,gas,kswin+hedge@e2g0.9,-1.7536231884057951
real,occupancy,occupancy,ddm,-1.5931372549019551
real,occupancy,occupancy,ddm+hedge,-0.6470588235294117
real,occupancy,occupancy,ddm+hedge@e0.5g0.5,-0.6764705882353006
real,occupancy,occupancy,ddm+hedge@e1g0.5,-0.7205882352941062
real,occupancy,occupancy,ddm+hedge@e4g0.5,-0.6715686274509913
real,occupancy,occupancy,ddm+hedge@e8g0.5,-0.7499999999999951
real,occupancy,occupancy,ddm+hedge@e2g0.25,-0.6176470588235228
real,occupancy,occupancy,ddm+hedge@e2g0.75,-0.6470588235294117
real,occupancy,occupancy,ddm+hedge@e2g0.9,-0.6470588235294117
real,occupancy,occupancy,eddm,-1.2058823529411677
real,occupancy,occupancy,eddm+hedge,-0.4313725490196041
real,occupancy,occupancy,eddm+hedge@e0.5g0.5,-0.5343137254901986
real,occupancy,occupancy,eddm+hedge@e1g0.5,-0.5147058823529393
real,occupancy,occupancy,eddm+hedge@e4g0.5,-0.4313725490196041
real,occupancy,occupancy,eddm+hedge@e8g0.5,-0.43627450980391336
real,occupancy,occupancy,eddm+hedge@e2g0.25,-0.5147058823529393
real,occupancy,occupancy,eddm+hedge@e2g0.75,-0.4313725490196041
real,occupancy,occupancy,eddm+hedge@e2g0.9,-0.43627450980391336
real,occupancy,occupancy,fhddm,-2.6813725490196005
real,occupancy,occupancy,fhddm+hedge,-1.5784313725490273
real,occupancy,occupancy,fhddm+hedge@e0.5g0.5,-1.4705882352941235
real,occupancy,occupancy,fhddm+hedge@e1g0.5,-1.5147058823529291
real,occupancy,occupancy,fhddm+hedge@e4g0.5,-1.588235294117657
real,occupancy,occupancy,fhddm+hedge@e8g0.5,-1.7303921568627367
real,occupancy,occupancy,fhddm+hedge@e2g0.25,-1.588235294117657
real,occupancy,occupancy,fhddm+hedge@e2g0.75,-1.4558823529411846
real,occupancy,occupancy,fhddm+hedge@e2g0.9,-1.3872549019607772
real,occupancy,occupancy,hddma,-1.1421568627450918
real,occupancy,occupancy,hddma+hedge,-0.48039215686273007
real,occupancy,occupancy,hddma+hedge@e0.5g0.5,-0.48529411764706154
real,occupancy,occupancy,hddma+hedge@e1g0.5,-0.48529411764705044
real,occupancy,occupancy,hddma+hedge@e4g0.5,-0.46568627450980227
real,occupancy,occupancy,hddma+hedge@e8g0.5,-0.45588235294118373
real,occupancy,occupancy,hddma+hedge@e2g0.25,-0.48039215686273007
real,occupancy,occupancy,hddma+hedge@e2g0.75,-0.48039215686273007
real,occupancy,occupancy,hddma+hedge@e2g0.9,-0.48529411764705044
real,occupancy,occupancy,hddmw,-0.9509803921568638
real,occupancy,occupancy,hddmw+hedge,-0.43627450980391336
real,occupancy,occupancy,hddmw+hedge@e0.5g0.5,-0.5441176470588283
real,occupancy,occupancy,hddmw+hedge@e1g0.5,-0.5196078431372597
real,occupancy,occupancy,hddmw+hedge@e4g0.5,-0.4411764705882226
real,occupancy,occupancy,hddmw+hedge@e8g0.5,-0.4460784313725541
real,occupancy,occupancy,hddmw+hedge@e2g0.25,-0.5196078431372597
real,occupancy,occupancy,hddmw+hedge@e2g0.75,-0.43627450980391336
real,occupancy,occupancy,hddmw+hedge@e2g0.9,-0.4411764705882226
real,occupancy,occupancy,adwin,-1.6323529411764626
real,occupancy,occupancy,adwin+hedge,-0.9803921568627527
real,occupancy,occupancy,adwin+hedge@e0.5g0.5,-1.0882352941176454
real,occupancy,occupancy,adwin+hedge@e1g0.5,-1.0637254901960769
real,occupancy,occupancy,adwin+hedge@e4g0.5,-0.9803921568627527
real,occupancy,occupancy,adwin+hedge@e8g0.5,-0.985294117647062
real,occupancy,occupancy,adwin+hedge@e2g0.25,-1.0637254901960769
real,occupancy,occupancy,adwin+hedge@e2g0.75,-0.9803921568627527
real,occupancy,occupancy,adwin+hedge@e2g0.9,-0.985294117647062
real,occupancy,occupancy,ph,-1.0245098039215583
real,occupancy,occupancy,ph+hedge,-0.45098039215686336
real,occupancy,occupancy,ph+hedge@e0.5g0.5,-0.2794117647058836
real,occupancy,occupancy,ph+hedge@e1g0.5,-0.5343137254901986
real,occupancy,occupancy,ph+hedge@e4g0.5,-0.45098039215686336
real,occupancy,occupancy,ph+hedge@e8g0.5,-0.460784313725493
real,occupancy,occupancy,ph+hedge@e2g0.25,-0.5343137254901986
real,occupancy,occupancy,ph+hedge@e2g0.75,-0.45098039215686336
real,occupancy,occupancy,ph+hedge@e2g0.9,-0.45588235294118373
real,occupancy,occupancy,kswin,-1.495098039215692
real,occupancy,occupancy,kswin+hedge,-0.7009803921568691
real,occupancy,occupancy,kswin+hedge@e0.5g0.5,-0.8088235294117729
real,occupancy,occupancy,kswin+hedge@e1g0.5,-0.7843137254901933
real,occupancy,occupancy,kswin+hedge@e4g0.5,-0.7009803921568691
real,occupancy,occupancy,kswin+hedge@e8g0.5,-0.7058823529411784
real,occupancy,occupancy,kswin+hedge@e2g0.25,-0.7843137254901933
real,occupancy,occupancy,kswin+hedge@e2g0.75,-0.7009803921568691
real,occupancy,occupancy,kswin+hedge@e2g0.9,-0.7058823529411784
real,room,room,ddm,-2.949999999999997
real,room,room,ddm+hedge,-1.9399999999999973
real,room,room,ddm+hedge@e0.5g0.5,-2.0099999999999896
real,room,room,ddm+hedge@e1g0.5,-1.9900000000000029
real,room,room,ddm+hedge@e4g0.5,-1.8199999999999994
real,room,room,ddm+hedge@e8g0.5,-1.5799999999999925
real,room,room,ddm+hedge@e2g0.25,-1.9399999999999973
real,room,room,ddm+hedge@e2g0.75,-1.9399999999999973
real,room,room,ddm+hedge@e2g0.9,-1.9399999999999973
real,room,room,eddm,-2.2299999999999986
real,room,room,eddm+hedge,-1.4599999999999946
real,room,room,eddm+hedge@e0.5g0.5,-1.5300000000000091
real,room,room,eddm+hedge@e1g0.5,-1.5100000000000002
real,room,room,eddm+hedge@e4g0.5,-1.3400000000000079
real,room,room,eddm+hedge@e8g0.5,-1.100000000000001
real,room,room,eddm+hedge@e2g0.25,-1.4599999999999946
real,room,room,eddm+hedge@e2g0.75,-1.4599999999999946
real,room,room,eddm+hedge@e2g0.9,-1.4599999999999946
real,room,room,fhddm,-2.2199999999999998
real,room,room,fhddm+hedge,-1.3399999999999967
real,room,room,fhddm+hedge@e0.5g0.5,-1.3399999999999967
real,room,room,fhddm+hedge@e1g0.5,-1.3399999999999967
real,room,room,fhddm+hedge@e4g0.5,-1.3399999999999967
real,room,room,fhddm+hedge@e8g0.5,-1.3399999999999967
real,room,room,fhddm+hedge@e2g0.25,-1.3399999999999967
real,room,room,fhddm+hedge@e2g0.75,-1.3399999999999967
real,room,room,fhddm+hedge@e2g0.9,-1.3399999999999967
real,room,room,hddma,-2.949999999999997
real,room,room,hddma+hedge,-1.9399999999999973
real,room,room,hddma+hedge@e0.5g0.5,-2.0099999999999896
real,room,room,hddma+hedge@e1g0.5,-1.9900000000000029
real,room,room,hddma+hedge@e4g0.5,-1.8199999999999994
real,room,room,hddma+hedge@e8g0.5,-1.5799999999999925
real,room,room,hddma+hedge@e2g0.25,-1.9399999999999973
real,room,room,hddma+hedge@e2g0.75,-1.9399999999999973
real,room,room,hddma+hedge@e2g0.9,-1.9399999999999973
real,room,room,hddmw,-2.7100000000000013
real,room,room,hddmw+hedge,-1.4700000000000046
real,room,room,hddmw+hedge@e0.5g0.5,-1.539999999999997
real,room,room,hddmw+hedge@e1g0.5,-1.5199999999999991
real,room,room,hddmw+hedge@e4g0.5,-1.3499999999999956
real,room,room,hddmw+hedge@e8g0.5,-1.1099999999999888
real,room,room,hddmw+hedge@e2g0.25,-1.4700000000000046
real,room,room,hddmw+hedge@e2g0.75,-1.4700000000000046
real,room,room,hddmw+hedge@e2g0.9,-1.4700000000000046
real,room,room,adwin,-2.2299999999999986
real,room,room,adwin+hedge,-1.4599999999999946
real,room,room,adwin+hedge@e0.5g0.5,-1.5300000000000091
real,room,room,adwin+hedge@e1g0.5,-1.5100000000000002
real,room,room,adwin+hedge@e4g0.5,-1.3400000000000079
real,room,room,adwin+hedge@e8g0.5,-1.100000000000001
real,room,room,adwin+hedge@e2g0.25,-1.4599999999999946
real,room,room,adwin+hedge@e2g0.75,-1.4599999999999946
real,room,room,adwin+hedge@e2g0.9,-1.4599999999999946
real,room,room,ph,-2.3700000000000054
real,room,room,ph+hedge,-0.36000000000000476
real,room,room,ph+hedge@e0.5g0.5,-0.36000000000000476
real,room,room,ph+hedge@e1g0.5,-0.36000000000000476
real,room,room,ph+hedge@e4g0.5,-0.36000000000000476
real,room,room,ph+hedge@e8g0.5,-0.36000000000000476
real,room,room,ph+hedge@e2g0.25,-0.36000000000000476
real,room,room,ph+hedge@e2g0.75,-0.36000000000000476
real,room,room,ph+hedge@e2g0.9,-0.36000000000000476
real,room,room,kswin,-2.32
real,room,room,kswin+hedge,-1.4599999999999946
real,room,room,kswin+hedge@e0.5g0.5,-1.5300000000000091
real,room,room,kswin+hedge@e1g0.5,-1.5100000000000002
real,room,room,kswin+hedge@e4g0.5,-1.3400000000000079
real,room,room,kswin+hedge@e8g0.5,-1.100000000000001
real,room,room,kswin+hedge@e2g0.25,-1.4599999999999946
real,room,room,kswin+hedge@e2g0.75,-1.4599999999999946
real,room,room,kswin+hedge@e2g0.9,-1.4599999999999946
real,bank,bank,ddm,-0.017073170731718434
real,bank,bank,ddm+hedge,-0.029268292682926855
real,bank,bank,ddm+hedge@e0.5g0.5,-0.02682926829268295
real,bank,bank,ddm+hedge@e1g0.5,-0.029268292682926855
real,bank,bank,ddm+hedge@e4g0.5,-0.029268292682926855
real,bank,bank,ddm+hedge@e8g0.5,-0.03170731707317076
real,bank,bank,ddm+hedge@e2g0.25,-0.02682926829268295
real,bank,bank,ddm+hedge@e2g0.75,-0.03170731707317076
real,bank,bank,ddm+hedge@e2g0.9,-0.03170731707317076
real,bank,bank,eddm,-0.2073170731707319
real,bank,bank,eddm+hedge,0.046341463414623085
real,bank,bank,eddm+hedge@e0.5g0.5,0.046341463414623085
real,bank,bank,eddm+hedge@e1g0.5,0.046341463414623085
real,bank,bank,eddm+hedge@e4g0.5,0.04390243902437918
real,bank,bank,eddm+hedge@e8g0.5,0.04390243902437918
real,bank,bank,eddm+hedge@e2g0.25,0.046341463414623085
real,bank,bank,eddm+hedge@e2g0.75,0.046341463414623085
real,bank,bank,eddm+hedge@e2g0.9,0.046341463414623085
real,bank,bank,fhddm,-0.048780487804889194
real,bank,bank,fhddm+hedge,0.01219512195120842
real,bank,bank,fhddm+hedge@e0.5g0.5,0.017073170731707332
real,bank,bank,fhddm+hedge@e1g0.5,0.014634146341452325
real,bank,bank,fhddm+hedge@e4g0.5,0.009756097560964516
real,bank,bank,fhddm+hedge@e8g0.5,0.014634146341452325
real,bank,bank,fhddm+hedge@e2g0.25,0.01219512195120842
real,bank,bank,fhddm+hedge@e2g0.75,0.009756097560964516
real,bank,bank,fhddm+hedge@e2g0.9,0.004878048780487809
real,bank,bank,hddma,0.007317073170731714
real,bank,bank,hddma+hedge,0.029268292682926855
real,bank,bank,hddma+hedge@e0.5g0.5,0.02682926829267185
real,bank,bank,hddma+hedge@e1g0.5,0.029268292682926855
real,bank,bank,hddma+hedge@e4g0.5,0.03170731707317076
real,bank,bank,hddma+hedge@e8g0.5,0.03170731707317076
real,bank,bank,hddma+hedge@e2g0.25,0.029268292682926855
real,bank,bank,hddma+hedge@e2g0.75,0.029268292682926855
real,bank,bank,hddma+hedge@e2g0.9,0.029268292682926855
real,bank,bank,hddmw,-0.056097560975609806
real,bank,bank,hddmw+hedge,0.0
real,bank,bank,hddmw+hedge@e0.5g0.5,-0.029268292682926855
real,bank,bank,hddmw+hedge@e1g0.5,-0.024390243902439046
real,bank,bank,hddmw+hedge@e4g0.5,-0.01951219512196234
real,bank,bank,hddmw+hedge@e8g0.5,-0.01463414634147453
real,bank,bank,hddmw+hedge@e2g0.25,0.0024390243902439046
real,bank,bank,hddmw+hedge@e2g0.75,0.0
real,bank,bank,hddmw+hedge@e2g0.9,-0.007317073170731714
real,bank,bank,adwin,0.09756097560975618
real,bank,bank,adwin+hedge,0.07317073170730604
real,bank,bank,adwin+hedge@e0.5g0.5,0.07073170731706213
real,bank,bank,adwin+hedge@e1g0.5,0.07317073170730604
real,bank,bank,adwin+hedge@e4g0.5,0.07317073170730604
real,bank,bank,adwin+hedge@e8g0.5,0.07317073170730604
real,bank,bank,adwin+hedge@e2g0.25,0.07073170731706213
real,bank,bank,adwin+hedge@e2g0.75,0.07317073170730604
real,bank,bank,adwin+hedge@e2g0.9,0.07317073170730604
real,bank,bank,ph,-0.029268292682926855
real,bank,bank,ph+hedge,0.01219512195120842
real,bank,bank,ph+hedge@e0.5g0.5,0.014634146341463428
real,bank,bank,ph+hedge@e1g0.5,0.01219512195120842
real,bank,bank,ph+hedge@e4g0.5,0.01219512195120842
real,bank,bank,ph+hedge@e8g0.5,0.007317073170731714
real,bank,bank,ph+hedge@e2g0.25,0.014634146341463428
real,bank,bank,ph+hedge@e2g0.75,0.009756097560964516
real,bank,bank,ph+hedge@e2g0.9,0.009756097560964516
real,bank,bank,kswin,-0.0024390243902439046
real,bank,bank,kswin+hedge,0.034146341463414664
real,bank,bank,kswin+hedge@e0.5g0.5,0.029268292682915753
real,bank,bank,kswin+hedge@e1g0.5,0.034146341463414664
real,bank,bank,kswin+hedge@e4g0.5,0.03658536585365857
real,bank,bank,kswin+hedge@e8g0.5,0.03658536585365857
real,bank,bank,kswin+hedge@e2g0.25,0.034146341463414664
real,bank,bank,kswin+hedge@e2g0.75,0.034146341463414664
real,bank,bank,kswin+hedge@e2g0.9,0.03170731707317076
real,kdd,kdd,ddm,-0.2912912912912957
real,kdd,kdd,ddm+hedge,-0.049049049049043614
real,kdd,kdd,ddm+hedge@e0.5g0.5,-0.05605605605606412
real,kdd,kdd,ddm+hedge@e1g0.5,-0.054054054054064604
real,kdd,kdd,ddm+hedge@e4g0.5,-0.049049049049043614
real,kdd,kdd,ddm+hedge@e8g0.5,-0.049049049049043614
real,kdd,kdd,ddm+hedge@e2g0.25,-0.049049049049043614
real,kdd,kdd,ddm+hedge@e2g0.75,-0.049049049049043614
real,kdd,kdd,ddm+hedge@e2g0.9,-0.049049049049043614
real,kdd,kdd,eddm,-0.21321321321321474
real,kdd,kdd,eddm+hedge,0.01501501501500746
real,kdd,kdd,eddm+hedge@e0.5g0.5,0.004004004003999029
real,kdd,kdd,eddm+hedge@e1g0.5,0.010010010009997572
real,kdd,kdd,eddm+hedge@e4g0.5,0.01501501501500746
real,kdd,kdd,eddm+hedge@e8g0.5,0.01501501501500746
real,kdd,kdd,eddm+hedge@e2g0.25,0.01501501501500746
real,kdd,kdd,eddm+hedge@e2g0.75,0.01501501501500746
real,kdd,kdd,eddm+hedge@e2g0.9,0.01501501501500746
real,kdd,kdd,fhddm,-0.2962962962962945
real,kdd,kdd,fhddm+hedge,-0.21921921921922438
real,kdd,kdd,fhddm+hedge@e0.5g0.5,-0.21921921921922438
real,kdd,kdd,fhddm+hedge@e1g0.5,-0.21921921921922438
real,kdd,kdd,fhddm+hedge@e4g0.5,-0.21921921921922438
real,kdd,kdd,fhddm+hedge@e8g0.5,-0.21921921921922438
real,kdd,kdd,fhddm+hedge@e2g0.25,-0.21921921921922438
real,kdd,kdd,fhddm+hedge@e2g0.75,-0.21921921921922438
real,kdd,kdd,fhddm+hedge@e2g0.9,-0.21921921921922438
real,kdd,kdd,hddma,-0.1531531531531516
real,kdd,kdd,hddma+hedge,0.023023023023027722
real,kdd,kdd,hddma+hedge@e0.5g0.5,0.017017017017018077
real,kdd,kdd,hddma+hedge@e1g0.5,0.01901901901901759
real,kdd,kdd,hddma+hedge@e4g0.5,0.023023023023027722
real,kdd,kdd,hddma+hedge@e8g0.5,0.023023023023027722
real,kdd,kdd,hddma+hedge@e2g0.25,0.023023023023027722
real,kdd,kdd,hddma+hedge@e2g0.75,0.023023023023027722
real,kdd,kdd,hddma+hedge@e2g0.9,0.023023023023027722
real,kdd,kdd,hddmw,-0.160160160160161
real,kdd,kdd,hddmw+hedge,0.022022022022027965
real,kdd,kdd,hddmw+hedge@e0.5g0.5,0.015015015015018562
real,kdd,kdd,hddmw+hedge@e1g0.5,0.017017017017018077
real,kdd,kdd,hddmw+hedge@e4g0.5,0.022022022022027965
real,kdd,kdd,hddmw+hedge@e8g0.5,0.022022022022027965
real,kdd,kdd,hddmw+hedge@e2g0.25,0.022022022022027965
real,kdd,kdd,hddmw+hedge@e2g0.75,0.022022022022027965
real,kdd,kdd,hddmw+hedge@e2g0.9,0.022022022022027965
real,kdd,kdd,adwin,-0.1671671671671704
real,kdd,kdd,adwin+hedge,0.022022022022027965
real,kdd,kdd,adwin+hedge@e0.5g0.5,0.015015015015018562
real,kdd,kdd,adwin+hedge@e1g0.5,0.017017017017018077
real,kdd,kdd,adwin+hedge@e4g0.5,0.022022022022027965
real,kdd,kdd,adwin+hedge@e8g0.5,0.022022022022027965
real,kdd,kdd,adwin+hedge@e2g0.25,0.022022022022027965
real,kdd,kdd,adwin+hedge@e2g0.75,0.022022022022027965
real,kdd,kdd,adwin+hedge@e2g0.9,0.022022022022027965
real,kdd,kdd,ph,0.030030030030026023
real,kdd,kdd,ph+hedge,0.05205205205205399
real,kdd,kdd,ph+hedge@e0.5g0.5,0.05205205205205399
real,kdd,kdd,ph+hedge@e1g0.5,0.05205205205205399
real,kdd,kdd,ph+hedge@e4g0.5,0.05205205205205399
real,kdd,kdd,ph+hedge@e8g0.5,0.05105105105105423
real,kdd,kdd,ph+hedge@e2g0.25,0.05205205205205399
real,kdd,kdd,ph+hedge@e2g0.75,0.05205205205205399
real,kdd,kdd,ph+hedge@e2g0.9,0.05105105105105423
real,kdd,kdd,kswin,-0.18618618618618799
real,kdd,kdd,kswin+hedge,0.022022022022027965
real,kdd,kdd,kswin+hedge@e0.5g0.5,0.011011011011008431
real,kdd,kdd,kswin+hedge@e1g0.5,0.017017017017018077
real,kdd,kdd,kswin+hedge@e4g0.5,0.022022022022027965
real,kdd,kdd,kswin+hedge@e8g0.5,0.022022022022027965
real,kdd,kdd,kswin+hedge@e2g0.25,0.022022022022027965
real,kdd,kdd,kswin+hedge@e2g0.75,0.022022022022027965
real,kdd,kdd,kswin+hedge@e2g0.9,0.022022022022027965
real,eeg,eeg,ddm,7.385135135135135
real,eeg,eeg,ddm+hedge,6.804054054054043
real,eeg,eeg,ddm+hedge@e0.5g0.5,6.810810810810796
real,eeg,eeg,ddm+hedge@e1g0.5,6.810810810810796
real,eeg,eeg,ddm+hedge@e4g0.5,6.7972972972973
real,eeg,eeg,ddm+hedge@e8g0.5,6.790540540540524
real,eeg,eeg,ddm+hedge@e2g0.25,6.804054054054043
real,eeg,eeg,ddm+hedge@e2g0.75,6.7972972972973
real,eeg,eeg,ddm+hedge@e2g0.9,6.7972972972973
real,eeg,eeg,eddm,6.66891891891892
real,eeg,eeg,eddm+hedge,6.317567567567561
real,eeg,eeg,eddm+hedge@e0.5g0.5,6.209459459459432
real,eeg,eeg,eddm+hedge@e1g0.5,6.2905405405405235
real,eeg,eeg,eddm+hedge@e4g0.5,6.344594594594588
real,eeg,eeg,eddm+hedge@e8g0.5,6.36486486486485
real,eeg,eeg,eddm+hedge@e2g0.25,6.290540540540546
real,eeg,eeg,eddm+hedge@e2g0.75,6.358108108108107
real,eeg,eeg,eddm+hedge@e2g0.9,6.358108108108107
real,eeg,eeg,fhddm,3.2635135135135163
real,eeg,eeg,fhddm+hedge,4.33108108108109
real,eeg,eeg,fhddm+hedge@e0.5g0.5,4.182432432432437
real,eeg,eeg,fhddm+hedge@e1g0.5,4.304054054054052
real,eeg,eeg,fhddm+hedge@e4g0.5,4.317567567567582
real,eeg,eeg,fhddm+hedge@e8g0.5,4.317567567567582
real,eeg,eeg,fhddm+hedge@e2g0.25,4.317567567567582
real,eeg,eeg,fhddm+hedge@e2g0.75,4.337837837837844
real,eeg,eeg,fhddm+hedge@e2g0.9,4.337837837837844
real,eeg,eeg,hddma,7.054054054054049
real,eeg,eeg,hddma+hedge,6.533783783783775
real,eeg,eeg,hddma+hedge@e0.5g0.5,6.499999999999984
real,eeg,eeg,hddma+hedge@e1g0.5,6.5135135135135025
real,eeg,eeg,hddma+hedge@e4g0.5,6.54054054054054
real,eeg,eeg,hddma+hedge@e8g0.5,6.554054054054048
real,eeg,eeg,hddma+hedge@e2g0.25,6.533783783783775
real,eeg,eeg,hddma+hedge@e2g0.75,6.533783783783775
real,eeg,eeg,hddma+hedge@e2g0.9,6.533783783783775
real,eeg,eeg,hddmw,6.5337837837837975
real,eeg,eeg,hddmw+hedge,6.04054054054054
real,eeg,eeg,hddmw+hedge@e0.5g0.5,5.99324324324324
real,eeg,eeg,hddmw+hedge@e1g0.5,6.013513513513502
real,eeg,eeg,hddmw+hedge@e4g0.5,6.054054054054059
real,eeg,eeg,hddmw+hedge@e8g0.5,6.0810810810810745
real,eeg,eeg,hddmw+hedge@e2g0.25,6.02027027027029
real,eeg,eeg,hddmw+hedge@e2g0.75,6.074324324324332
real,eeg,eeg,hddmw+hedge@e2g0.9,6.074324324324332
real,eeg,eeg,adwin,6.500000000000005
real,eeg,eeg,adwin+hedge,5.83108108108108
real,eeg,eeg,adwin+hedge@e0.5g0.5,5.716216216216196
real,eeg,eeg,adwin+hedge@e1g0.5,5.770270270270261
real,eeg,eeg,adwin+hedge@e4g0.5,5.898648648648641
real,eeg,eeg,adwin+hedge@e8g0.5,5.959459459459449
real,eeg,eeg,adwin+hedge@e2g0.25,5.810810810810785
real,eeg,eeg,adwin+hedge@e2g0.75,5.871621621621614
real,eeg,eeg,adwin+hedge@e2g0.9,5.871621621621614
real,eeg,eeg,ph,6.648648648648625
real,eeg,eeg,ph+hedge,6.256756756756754
real,eeg,eeg,ph+hedge@e0.5g0.5,6.141891891891871
real,eeg,eeg,ph+hedge@e1g0.5,6.222972972972962
real,eeg,eeg,ph+hedge@e4g0.5,6.277027027027016
real,eeg,eeg,ph+hedge@e8g0.5,6.304054054054042
real,eeg,eeg,ph+hedge@e2g0.25,6.229729729729727
real,eeg,eeg,ph+hedge@e2g0.75,6.304054054054042
real,eeg,eeg,ph+hedge@e2g0.9,6.304054054054042
real,eeg,eeg,kswin,6.527027027027021
real,eeg,eeg,kswin+hedge,5.729729729729738
real,eeg,eeg,kswin+hedge@e0.5g0.5,5.601351351351324
real,eeg,eeg,kswin+hedge@e1g0.5,5.668918918918909
real,eeg,eeg,kswin+hedge@e4g0.5,5.797297297297299
real,eeg,eeg,kswin+hedge@e8g0.5,5.858108108108118
real,eeg,eeg,kswin+hedge@e2g0.25,5.709459459459454
real,eeg,eeg,kswin+hedge@e2g0.75,5.7702702702702835
real,eeg,eeg,kswin+hedge@e2g0.9,5.7702702702702835
real,news,news,ddm,0.0
real,news,news,ddm+hedge,0.0
real,news,news,ddm+hedge@e0.5g0.5,0.0
real,news,news,ddm+hedge@e1g0.5,0.0
real,news,news,ddm+hedge@e4g0.5,0.0
real,news,news,ddm+hedge@e8g0.5,0.0
real,news,news,ddm+hedge@e2g0.25,0.0
real,news,news,ddm+hedge@e2g0.75,0.0
real,news,news,ddm+hedge@e2g0.9,0.0
real,news,news,eddm,-0.6253164556961899
real,news,news,eddm+hedge,0.015189873417720268
real,news,news,eddm+hedge@e0.5g0.5,0.012658227848105774
real,news,news,eddm+hedge@e1g0.5,0.012658227848105774
real,news,news,eddm+hedge@e4g0.5,0.017721518987345863
real,news,news,eddm+hedge@e8g0.5,0.01012658227849128
real,news,news,eddm+hedge@e2g0.25,0.012658227848105774
real,news,news,eddm+hedge@e2g0.75,0.015189873417720268
real,news,news,eddm+hedge@e2g0.9,0.020253164556960357
real,news,news,fhddm,-0.574683544303789
real,news,news,fhddm+hedge,-0.10126582278481289
real,news,news,fhddm+hedge@e0.5g0.5,-0.10632911392405298
real,news,news,fhddm+hedge@e1g0.5,-0.10886075949366747
real,news,news,fhddm+hedge@e4g0.5,-0.0936708860759472
real,news,news,fhddm+hedge@e8g0.5,-0.030379746835451638
real,news,news,fhddm+hedge@e2g0.25,-0.09873417721518729
real,news,news,fhddm+hedge@e2g0.75,-0.08607594936709262
real,news,news,fhddm+hedge@e2g0.9,-0.07088607594937235
real,news,news,hddma,-0.12151898734177324
real,news,news,hddma+hedge,-0.10126582278481289
real,news,news,hddma+hedge@e0.5g0.5,-0.06329113924050667
real,news,news,hddma+hedge@e1g0.5,-0.06582278481013226
real,news,news,hddma+hedge@e4g0.5,-0.0936708860759472
real,news,news,hddma+hedge@e8g0.5,-0.05569620253164098
real,news,news,hddma+hedge@e2g0.25,-0.06582278481013226
real,news,news,hddma+hedge@e2g0.75,-0.08860759493671821
real,news,news,hddma+hedge@e2g0.9,-0.07848101265822693
real,news,news,hddmw,-1.2683544303797478
real,news,news,hddmw+hedge,-0.21265822784809485
real,news,news,hddmw+hedge@e0.5g0.5,-0.2329113924050663
real,news,news,hddmw+hedge@e1g0.5,-0.2329113924050663
real,news,news,hddmw+hedge@e4g0.5,-0.1848101265822799
real,news,news,hddmw+hedge@e8g0.5,-0.09873417721518729
real,news,news,hddmw+hedge@e2g0.25,-0.21772151898734604
real,news,news,hddmw+hedge@e2g0.75,-0.1417721518987336
real,news,news,hddmw+hedge@e2g0.9,-0.1417721518987336
real,news,news,adwin,-0.16202531645570506
real,news,news,adwin+hedge,-0.0025316455696255957
real,news,news,adwin+hedge@e0.5g0.5,0.0
real,news,news,adwin+hedge@e1g0.5,0.0
real,news,news,adwin+hedge@e4g0.5,0.0050632911392511915
real,news,news,adwin+hedge@e8g0.5,0.027848101265826042
real,news,news,adwin+hedge@e2g0.25,0.0
real,news,news,adwin+hedge@e2g0.75,0.007594936708865685
real,news,news,adwin+hedge@e2g0.9,0.0025316455696144935
real,news,news,ph,-0.37974683544304
real,news,news,ph+hedge,-0.030379746835440535
real,news,news,ph+hedge@e0.5g0.5,-0.0481012658227864
real,news,news,ph+hedge@e1g0.5,-0.0481012658227864
real,news,news,ph+hedge@e4g0.5,-0.03291139240505503
real,news,news,ph+hedge@e8g0.5,0.015189873417720268
real,news,news,ph+hedge@e2g0.25,-0.04303797468354631
real,news,news,ph+hedge@e2g0.75,-0.035443037974680625
real,news,news,ph+hedge@e2g0.9,-0.02531645569621155
real,news,news,kswin,-0.6101265822784807
real,news,news,kswin+hedge,0.007594936708854583
real,news,news,kswin+hedge@e0.5g0.5,0.0
real,news,news,kswin+hedge@e1g0.5,-0.005063291139228987
real,news,news,kswin+hedge@e4g0.5,0.005063291139240089
real,news,news,kswin+hedge@e8g0.5,0.007594936708865685
real,news,news,kswin+hedge@e2g0.25,0.007594936708865685
real,news,news,kswin+hedge@e2g0.75,0.012658227848105774
real,news,news,kswin+hedge@e2g0.9,0.0050632911392511915
real,home,home,ddm,1.475475475475474
real,home,home,ddm+hedge,1.168168168168171
real,home,home,ddm+hedge@e0.5g0.5,1.1831831831831785
real,home,home,ddm+hedge@e1g0.5,1.1821821821821676
real,home,home,ddm+hedge@e4g0.5,1.1591591591591621
real,home,home,ddm+hedge@e8g0.5,1.1431431431431438
real,home,home,ddm+hedge@e2g0.25,1.1631631631631612
real,home,home,ddm+hedge@e2g0.75,1.1791791791791684
real,home,home,ddm+hedge@e2g0.9,1.1791791791791795
real,home,home,eddm,1.3793793793793863
real,home,home,eddm+hedge,1.2082082082082168
real,home,home,eddm+hedge@e0.5g0.5,1.216216216216215
real,home,home,eddm+hedge@e1g0.5,1.220220220220225
real,home,home,eddm+hedge@e4g0.5,1.1991991991991968
real,home,home,eddm+hedge@e8g0.5,1.1841841841841783
real,home,home,eddm+hedge@e2g0.25,1.203203203203207
real,home,home,eddm+hedge@e2g0.75,1.2192192192192253
real,home,home,eddm+hedge@e2g0.9,1.2192192192192253
real,home,home,fhddm,0.8758758758758756
real,home,home,fhddm+hedge,0.8758758758758756
real,home,home,fhddm+hedge@e0.5g0.5,0.8758758758758756
real,home,home,fhddm+hedge@e1g0.5,0.8758758758758756
real,home,home,fhddm+hedge@e4g0.5,0.8758758758758756
real,home,home,fhddm+hedge@e8g0.5,0.8758758758758756
real,home,home,fhddm+hedge@e2g0.25,0.8758758758758756
real,home,home,fhddm+hedge@e2g0.75,0.8758758758758756
real,home,home,fhddm+hedge@e2g0.9,0.8758758758758756
real,home,home,hddma,1.505505505505511
real,home,home,hddma+hedge,1.2922922922922964
real,home,home,hddma+hedge@e0.5g0.5,1.306306306306304
real,home,home,hddma+hedge@e1g0.5,1.3053053053052932
real,home,home,hddma+hedge@e4g0.5,1.2832832832832874
real,home,home,hddma+hedge@e8g0.5,1.2672672672672691
real,home,home,hddma+hedge@e2g0.25,1.2872872872872865
real,home,home,hddma+hedge@e2g0.75,1.3033033033032937
real,home,home,hddma+hedge@e2g0.9,1.3033033033033048
real,home,home,hddmw,1.4914914914914923
real,home,home,hddmw+hedge,1.2822822822822988
real,home,home,hddmw+hedge@e0.5g0.5,1.2912912912912966
real,home,home,hddmw+hedge@e1g0.5,1.2952952952952956
real,home,home,hddmw+hedge@e4g0.5,1.2732732732732677
real,home,home,hddmw+hedge@e8g0.5,1.2572572572572716
real,home,home,hddmw+hedge@e2g0.25,1.2772772772772667
real,home,home,hddmw+hedge@e2g0.75,1.2932932932932961
real,home,home,hddmw+hedge@e2g0.9,1.2932932932932961
real,home,home,adwin,1.4914914914914923
real,home,home,adwin+hedge,1.2822822822822988
real,home,home,adwin+hedge@e0.5g0.5,1.2912912912912966
real,home,home,adwin+hedge@e1g0.5,1.2952952952952956
real,home,home,adwin+hedge@e4g0.5,1.2732732732732677
real,home,home,adwin+hedge@e8g0.5,1.2572572572572716
real,home,home,adwin+hedge@e2g0.25,1.2772772772772667
real,home,home,adwin+hedge@e2g0.75,1.2932932932932961
real,home,home,adwin+hedge@e2g0.9,1.2932932932932961
real,home,home,ph,1.2602602602602597
real,home,home,ph+hedge,1.1051051051051086
real,home,home,ph+hedge@e0.5g0.5,1.099099099099099
real,home,home,ph+hedge@e1g0.5,1.1071071071071081
real,home,home,ph+hedge@e4g0.5,1.0960960960960997
real,home,home,ph+hedge@e8g0.5,1.0810810810810811
real,home,home,ph+hedge@e2g0.25,1.1001001001001098
real,home,home,ph+hedge@e2g0.75,1.116116116116117
real,home,home,ph+hedge@e2g0.9,1.116116116116117
real,home,home,kswin,1.4344344344344395
real,home,home,kswin+hedge,1.1221221221221156
real,home,home,kswin+hedge@e0.5g0.5,1.1311311311311356
real,home,home,kswin+hedge@e1g0.5,1.1351351351351457
real,home,home,kswin+hedge@e4g0.5,1.1351351351351457
real,home,home,kswin+hedge@e8g0.5,1.1991991991991968
real,home,home,kswin+hedge@e2g0.25,1.1171171171171168
real,home,home,kswin+hedge@e2g0.75,1.1331331331331351
real,home,home,kswin+hedge@e2g0.9,1.1331331331331462
real,wall,wall,ddm,-3.113207547169805
real,wall,wall,ddm+hedge,-1.8113207547169718
real,wall,wall,ddm+hedge@e0.5g0.5,-2.0566037735849085
real,wall,wall,ddm+hedge@e1g0.5,-1.943396226415084
real,wall,wall,ddm+hedge@e4g0.5,-1.8867924528301772
real,wall,wall,ddm+hedge@e8g0.5,-1.9056603773584757
real,wall,wall,ddm+hedge@e2g0.25,-1.9056603773584757
real,wall,wall,ddm+hedge@e2g0.75,-1.8301886792452815
real,wall,wall,ddm+hedge@e2g0.9,-1.849056603773569
real,wall,wall,eddm,-32.679245283018865
real,wall,wall,eddm+hedge,-1.2641509433962028
real,wall,wall,eddm+hedge@e0.5g0.5,-1.5094339622641506
real,wall,wall,eddm+hedge@e1g0.5,-1.5094339622641506
real,wall,wall,eddm+hedge@e4g0.5,-1.5660377358490463
real,wall,wall,eddm+hedge@e8g0.5,-1.0943396226414936
real,wall,wall,eddm+hedge@e2g0.25,-1.3207547169811207
real,wall,wall,eddm+hedge@e2g0.75,-1.584905660377356
real,wall,wall,eddm+hedge@e2g0.9,-1.6037735849056545
real,wall,wall,fhddm,-2.207547169811319
real,wall,wall,fhddm+hedge,-0.18867924528300772
real,wall,wall,fhddm+hedge@e0.5g0.5,-0.26415094339622414
real,wall,wall,fhddm+hedge@e1g0.5,-0.24528301886792558
real,wall,wall,fhddm+hedge@e4g0.5,-0.056603773584895656
real,wall,wall,fhddm+hedge@e8g0.5,0.07547169811321641
real,wall,wall,fhddm+hedge@e2g0.25,-0.22641509433962703
real,wall,wall,fhddm+hedge@e2g0.75,-0.11320754716979131
real,wall,wall,fhddm+hedge@e2g0.9,-0.037735849056597104
real,wall,wall,hddma,-33.77358490566037
real,wall,wall,hddma+hedge,-1.490566037735852
real,wall,wall,hddma+hedge@e0.5g0.5,-1.7924528301886622
real,wall,wall,hddma+hedge@e1g0.5,-1.7358490566037665
real,wall,wall,hddma+hedge@e4g0.5,-1.3018867924528332
real,wall,wall,hddma+hedge@e8g0.5,-1.1698113207547323
real,wall,wall,hddma+hedge@e2g0.25,-1.584905660377356
real,wall,wall,hddma+hedge@e2g0.75,-1.4150943396226467
real,wall,wall,hddma+hedge@e2g0.9,-1.4150943396226356
real,wall,wall,hddmw,-24.132075471698112
real,wall,wall,hddmw+hedge,-1.2452830188679265
real,wall,wall,hddmw+hedge@e0.5g0.5,-1.3773584905660385
real,wall,wall,hddmw+hedge@e1g0.5,-1.3773584905660385
real,wall,wall,hddmw+hedge@e4g0.5,-1.1132075471698144
real,wall,wall,hddmw+hedge@e8g0.5,-1.2452830188679265
real,wall,wall,hddmw+hedge@e2g0.25,-1.2830188679245347
real,wall,wall,hddmw+hedge@e2g0.75,-1.2452830188679265
real,wall,wall,hddmw+hedge@e2g0.9,-1.1509433962264226
real,wall,wall,adwin,-20.396226415094333
real,wall,wall,adwin+hedge,-0.4339622641509333
real,wall,wall,adwin+hedge@e0.5g0.5,-0.5660377358490565
real,wall,wall,adwin+hedge@e1g0.5,-0.5471698113207579
real,wall,wall,adwin+hedge@e4g0.5,-0.30188679245283234
real,wall,wall,adwin+hedge@e8g0.5,-0.26415094339623524
real,wall,wall,adwin+hedge@e2g0.25,-0.5094339622641497
real,wall,wall,adwin+hedge@e2g0.75,-0.37735849056602655
real,wall,wall,adwin+hedge@e2g0.9,-0.3584905660377391
real,wall,wall,ph,-13.301886792452834
real,wall,wall,ph+hedge,-0.09433962264150386
real,wall,wall,ph+hedge@e0.5g0.5,-0.358490566037728
real,wall,wall,ph+hedge@e1g0.5,-0.18867924528300772
real,wall,wall,ph+hedge@e4g0.5,-0.13207547169810097
real,wall,wall,ph+hedge@e8g0.5,-0.15094339622642172
real,wall,wall,ph+hedge@e2g0.25,-0.24528301886792558
real,wall,wall,ph+hedge@e2g0.75,0.037735849056608206
real,wall,wall,ph+hedge@e2g0.9,0.05660377358490676
real,wall,wall,kswin,-20.867924528301895
real,wall,wall,kswin+hedge,-0.33962264150942945
real,wall,wall,kswin+hedge@e0.5g0.5,-0.6037735849056536
real,wall,wall,kswin+hedge@e1g0.5,-0.5283018867924594
real,wall,wall,kswin+hedge@e4g0.5,-0.2830188679245338
real,wall,wall,kswin+hedge@e8g0.5,-0.16981132075473138
real,wall,wall,kswin+hedge@e2g0.25,-0.37735849056602655
real,wall,wall,kswin+hedge@e2g0.75,-0.22641509433960483
real,wall,wall,kswin+hedge@e2g0.9,-0.33962264150942945
real,chest,chest,ddm,2.0320320320320273
real,chest,chest,ddm+hedge,1.781781781781766
real,chest,chest,ddm+hedge@e0.5g0.5,1.7337337337337333
real,chest,chest,ddm+hedge@e1g0.5,1.7637637637637704
real,chest,chest,ddm+hedge@e4g0.5,1.795795795795796
real,chest,chest,ddm+hedge@e8g0.5,1.8018018018018056
real,chest,chest,ddm+hedge@e2g0.25,1.7747747747747677
real,chest,chest,ddm+hedge@e2g0.75,1.7877877877877868
real,chest,chest,ddm+hedge@e2g0.9,1.7887887887887866
real,chest,chest,eddm,2.1171171171171177
real,chest,chest,eddm+hedge,2.01201201201201
real,chest,chest,eddm+hedge@e0.5g0.5,2.01201201201201
real,chest,chest,eddm+hedge@e1g0.5,2.01201201201201
real,chest,chest,eddm+hedge@e4g0.5,2.01201201201201
real,chest,chest,eddm+hedge@e8g0.5,2.01201201201201
real,chest,chest,eddm+hedge@e2g0.25,2.01201201201201
real,chest,chest,eddm+hedge@e2g0.75,2.01201201201201
real,chest,chest,eddm+hedge@e2g0.9,2.01201201201201
real,chest,chest,fhddm,0.7377377377377425
real,chest,chest,fhddm+hedge,0.7377377377377425
real,chest,chest,fhddm+hedge@e0.5g0.5,0.7387387387387423
real,chest,chest,fhddm+hedge@e1g0.5,0.7387387387387423
real,chest,chest,fhddm+hedge@e4g0.5,0.7377377377377425
real,chest,chest,fhddm+hedge@e8g0.5,0.7377377377377425
real,chest,chest,fhddm+hedge@e2g0.25,0.7387387387387423
real,chest,chest,fhddm+hedge@e2g0.75,0.7377377377377425
real,chest,chest,fhddm+hedge@e2g0.9,0.7377377377377425
real,chest,chest,hddma,2.01701701701702
real,chest,chest,hddma+hedge,1.7547547547547504
real,chest,chest,hddma+hedge@e0.5g0.5,1.7037037037037073
real,chest,chest,hddma+hedge@e1g0.5,1.735735735735744
real,chest,chest,hddma+hedge@e4g0.5,1.769769769769769
real,chest,chest,hddma+hedge@e8g0.5,1.7757757757757675
real,chest,chest,hddma+hedge@e2g0.25,1.747747747747741
real,chest,chest,hddma+hedge@e2g0.75,1.76076076076076
real,chest,chest,hddma+hedge@e2g0.9,1.761761761761771
real,chest,chest,hddmw,2.0670670670670632
real,chest,chest,hddmw+hedge,1.7837837837837767
real,chest,chest,hddmw+hedge@e0.5g0.5,1.7337337337337333
real,chest,chest,hddmw+hedge@e1g0.5,1.76576576576577
real,chest,chest,hddmw+hedge@e4g0.5,1.7977977977977955
real,chest,chest,hddmw+hedge@e8g0.5,1.8038038038038051
real,chest,chest,hddmw+hedge@e2g0.25,1.7767767767767673
real,chest,chest,hddmw+hedge@e2g0.75,1.7897897897897863
real,chest,chest,hddmw+hedge@e2g0.9,1.790790790790786
real,chest,chest,adwin,2.076076076076072
real,chest,chest,adwin+hedge,1.9569569569569456
real,chest,chest,adwin+hedge@e0.5g0.5,1.954954954954946
real,chest,chest,adwin+hedge@e1g0.5,1.9559559559559458
real,chest,chest,adwin+hedge@e4g0.5,1.9619619619619555
real,chest,chest,adwin+hedge@e8g0.5,1.9619619619619555
real,chest,chest,adwin+hedge@e2g0.25,1.9569569569569456
real,chest,chest,adwin+hedge@e2g0.75,1.9569569569569456
real,chest,chest,adwin+hedge@e2g0.9,1.9569569569569456
real,chest,chest,ph,2.086086086086092
real,chest,chest,ph+hedge,1.9929929929929924
real,chest,chest,ph+hedge@e0.5g0.5,1.9919919919919926
real,chest,chest,ph+hedge@e1g0.5,1.9919919919919926
real,chest,chest,ph+hedge@e4g0.5,1.9929929929929924
real,chest,chest,ph+hedge@e8g0.5,1.9929929929929924
real,chest,chest,ph+hedge@e2g0.25,1.9929929929929924
real,chest,chest,ph+hedge@e2g0.75,1.9929929929929924
real,chest,chest,ph+hedge@e2g0.9,1.9929929929929924
real,chest,chest,kswin,2.0620620620620533
real,chest,chest,kswin+hedge,1.9419419419419381
real,chest,chest,kswin+hedge@e0.5g0.5,1.9229229229229206
real,chest,chest,kswin+hedge@e1g0.5,1.9369369369369394
real,chest,chest,kswin+hedge@e4g0.5,1.9479479479479367
real,chest,chest,kswin+hedge@e8g0.5,1.9479479479479367
real,chest,chest,kswin+hedge@e2g0.25,1.9419419419419381
real,chest,chest,kswin+hedge@e2g0.75,1.9419419419419381
real,chest,chest,kswin+hedge@e2g0.9,1.9419419419419381
syn,agrawal_s10,agrawal,ddm,10.213389121338912
syn,agrawal_s10,agrawal,ddm+hedge,9.849372384937249
syn,agrawal_s10,agrawal,ddm+hedge@e0.5g0.5,9.824267782426777
syn,agrawal_s10,agrawal,ddm+hedge@e1g0.5,9.882845188284527
syn,agrawal_s10,agrawal,ddm+hedge@e4g0.5,9.841004184100433
syn,agrawal_s10,agrawal,ddm+hedge@e8g0.5,9.84100418410041
syn,agrawal_s10,agrawal,ddm+hedge@e2g0.25,9.857740585774067
syn,agrawal_s10,agrawal,ddm+hedge@e2g0.75,9.836820083682007
syn,agrawal_s10,agrawal,ddm+hedge@e2g0.9,9.845188284518835
syn,agrawal_s10,agrawal,eddm,10.242677824267787
syn,agrawal_s10,agrawal,eddm+hedge,9.832635983263604
syn,agrawal_s10,agrawal,eddm+hedge@e0.5g0.5,9.811715481171547
syn,agrawal_s10,agrawal,eddm+hedge@e1g0.5,9.8744769874477
syn,agrawal_s10,agrawal,eddm+hedge@e4g0.5,9.824267782426787
syn,agrawal_s10,agrawal,eddm+hedge@e8g0.5,9.824267782426787
syn,agrawal_s10,agrawal,eddm+hedge@e2g0.25,9.841004184100433
syn,agrawal_s10,agrawal,eddm+hedge@e2g0.75,9.820083682008374
syn,agrawal_s10,agrawal,eddm+hedge@e2g0.9,9.8284518828452
syn,agrawal_s10,agrawal,fhddm,0.47698744769874013
syn,agrawal_s10,agrawal,fhddm+hedge,0.598326359832646
syn,agrawal_s10,agrawal,fhddm+hedge@e0.5g0.5,0.6066945606694518
syn,agrawal_s10,agrawal,fhddm+hedge@e1g0.5,0.6025104602510489
syn,agrawal_s10,agrawal,fhddm+hedge@e4g0.5,0.5857740585774152
syn,agrawal_s10,agrawal,fhddm+hedge@e8g0.5,0.589958158995818
syn,agrawal_s10,agrawal,fhddm+hedge@e2g0.25,0.598326359832646
syn,agrawal_s10,agrawal,fhddm+hedge@e2g0.75,0.594142259414232
syn,agrawal_s10,agrawal,fhddm+hedge@e2g0.9,0.594142259414232
syn,agrawal_s10,agrawal,hddma,10.380753138075304
syn,agrawal_s10,agrawal,hddma+hedge,9.849372384937249
syn,agrawal_s10,agrawal,hddma+hedge@e0.5g0.5,9.824267782426777
syn,agrawal_s10,agrawal,hddma+hedge@e1g0.5,9.882845188284527
syn,agrawal_s10,agrawal,hddma+hedge@e4g0.5,9.841004184100433
syn,agrawal_s10,agrawal,hddma+hedge@e8g0.5,9.84100418410041
syn,agrawal_s10,agrawal,hddma+hedge@e2g0.25,9.857740585774067
syn,agrawal_s10,agrawal,hddma+hedge@e2g0.75,9.836820083682007
syn,agrawal_s10,agrawal,hddma+hedge@e2g0.9,9.845188284518835
syn,agrawal_s10,agrawal,hddmw,10.380753138075304
syn,agrawal_s10,agrawal,hddmw+hedge,9.849372384937249
syn,agrawal_s10,agrawal,hddmw+hedge@e0.5g0.5,9.824267782426777
syn,agrawal_s10,agrawal,hddmw+hedge@e1g0.5,9.882845188284527
syn,agrawal_s10,agrawal,hddmw+hedge@e4g0.5,9.841004184100433
syn,agrawal_s10,agrawal,hddmw+hedge@e8g0.5,9.84100418410041
syn,agrawal_s10,agrawal,hddmw+hedge@e2g0.25,9.857740585774067
syn,agrawal_s10,agrawal,hddmw+hedge@e2g0.75,9.836820083682007
syn,agrawal_s10,agrawal,hddmw+hedge@e2g0.9,9.845188284518835
syn,agrawal_s10,agrawal,adwin,10.196652719665277
syn,agrawal_s10,agrawal,adwin+hedge,9.690376569037662
syn,agrawal_s10,agrawal,adwin+hedge@e0.5g0.5,9.728033472803354
syn,agrawal_s10,agrawal,adwin+hedge@e1g0.5,9.71129707112972
syn,agrawal_s10,agrawal,adwin+hedge@e4g0.5,9.67782426778243
syn,agrawal_s10,agrawal,adwin+hedge@e8g0.5,9.661087866108797
syn,agrawal_s10,agrawal,adwin+hedge@e2g0.25,9.707112970711297
syn,agrawal_s10,agrawal,adwin+hedge@e2g0.75,9.6652719665272
syn,agrawal_s10,agrawal,adwin+hedge@e2g0.9,9.673640167364027
syn,agrawal_s10,agrawal,ph,8.569037656903777
syn,agrawal_s10,agrawal,ph+hedge,8.539748953974902
syn,agrawal_s10,agrawal,ph+hedge@e0.5g0.5,8.476987447698747
syn,agrawal_s10,agrawal,ph+hedge@e1g0.5,8.52719665271967
syn,agrawal_s10,agrawal,ph+hedge@e4g0.5,8.556485355648535
syn,agrawal_s10,agrawal,ph+hedge@e8g0.5,8.56066945606695
syn,agrawal_s10,agrawal,ph+hedge@e2g0.25,8.548117154811719
syn,agrawal_s10,agrawal,ph+hedge@e2g0.75,8.543933054393316
syn,agrawal_s10,agrawal,ph+hedge@e2g0.9,8.548117154811719
syn,agrawal_s10,agrawal,kswin,9.435146443514641
syn,agrawal_s10,agrawal,kswin+hedge,8.970711297071132
syn,agrawal_s10,agrawal,kswin+hedge@e0.5g0.5,8.953974895397499
syn,agrawal_s10,agrawal,kswin+hedge@e1g0.5,9.004184100418422
syn,agrawal_s10,agrawal,kswin+hedge@e4g0.5,8.949790794979073
syn,agrawal_s10,agrawal,kswin+hedge@e8g0.5,8.949790794979073
syn,agrawal_s10,agrawal,kswin+hedge@e2g0.25,8.97907949790796
syn,agrawal_s10,agrawal,kswin+hedge@e2g0.75,8.95815899581589
syn,agrawal_s10,agrawal,kswin+hedge@e2g0.9,8.962343096234305
syn,agrawal_s11,agrawal,ddm,10.096234309623453
syn,agrawal_s11,agrawal,ddm+hedge,9.66527196652721
syn,agrawal_s11,agrawal,ddm+hedge@e0.5g0.5,9.564853556485364
syn,agrawal_s11,agrawal,ddm+hedge@e1g0.5,9.65271966527198
syn,agrawal_s11,agrawal,ddm+hedge@e4g0.5,9.67364016736404
syn,agrawal_s11,agrawal,ddm+hedge@e8g0.5,9.669456066945624
syn,agrawal_s11,agrawal,ddm+hedge@e2g0.25,9.669456066945614
syn,agrawal_s11,agrawal,ddm+hedge@e2g0.75,9.656903765690394
syn,agrawal_s11,agrawal,ddm+hedge@e2g0.9,9.656903765690394
syn,agrawal_s11,agrawal,eddm,10.297071129707136
syn,agrawal_s11,agrawal,eddm+hedge,9.376569037656923
syn,agrawal_s11,agrawal,eddm+hedge@e0.5g0.5,9.355648535564875
syn,agrawal_s11,agrawal,eddm+hedge@e1g0.5,9.376569037656923
syn,agrawal_s11,agrawal,eddm+hedge@e4g0.5,9.380753138075326
syn,agrawal_s11,agrawal,eddm+hedge@e8g0.5,9.384937238493729
syn,agrawal_s11,agrawal,eddm+hedge@e2g0.25,9.380753138075326
syn,agrawal_s11,agrawal,eddm+hedge@e2g0.75,9.368200836820106
syn,agrawal_s11,agrawal,eddm+hedge@e2g0.9,9.368200836820106
syn,agrawal_s11,agrawal,fhddm,-0.008368200836805784
syn,agrawal_s11,agrawal,fhddm+hedge,0.28033472803348225
syn,agrawal_s11,agrawal,fhddm+hedge@e0.5g0.5,0.27196652719667647
syn,agrawal_s11,agrawal,fhddm+hedge@e1g0.5,0.28033472803348225
syn,agrawal_s11,agrawal,fhddm+hedge@e4g0.5,0.28451882845190735
syn,agrawal_s11,agrawal,fhddm+hedge@e8g0.5,0.2635983263598596
syn,agrawal_s11,agrawal,fhddm+hedge@e2g0.25,0.28033472803348225
syn,agrawal_s11,agrawal,fhddm+hedge@e2g0.75,0.27615062761507936
syn,agrawal_s11,agrawal,fhddm+hedge@e2g0.9,0.27196652719667647
syn,agrawal_s11,agrawal,hddma,10.297071129707136
syn,agrawal_s11,agrawal,hddma+hedge,9.736401673640183
syn,agrawal_s11,agrawal,hddma+hedge@e0.5g0.5,9.65271966527198
syn,agrawal_s11,agrawal,hddma+hedge@e1g0.5,9.728033472803366
syn,agrawal_s11,agrawal,hddma+hedge@e4g0.5,9.736401673640183
syn,agrawal_s11,agrawal,hddma+hedge@e8g0.5,9.73221757322178
syn,agrawal_s11,agrawal,hddma+hedge@e2g0.25,9.744769874476999
syn,agrawal_s11,agrawal,hddma+hedge@e2g0.75,9.736401673640183
syn,agrawal_s11,agrawal,hddma+hedge@e2g0.9,9.732217573221769
syn,agrawal_s11,agrawal,hddmw,10.297071129707136
syn,agrawal_s11,agrawal,hddmw+hedge,9.736401673640183
syn,agrawal_s11,agrawal,hddmw+hedge@e0.5g0.5,9.65271966527198
syn,agrawal_s11,agrawal,hddmw+hedge@e1g0.5,9.728033472803366
syn,agrawal_s11,agrawal,hddmw+hedge@e4g0.5,9.736401673640183
syn,agrawal_s11,agrawal,hddmw+hedge@e8g0.5,9.73221757322178
syn,agrawal_s11,agrawal,hddmw+hedge@e2g0.25,9.744769874476999
syn,agrawal_s11,agrawal,hddmw+hedge@e2g0.75,9.736401673640183
syn,agrawal_s11,agrawal,hddmw+hedge@e2g0.9,9.732217573221769
syn,agrawal_s11,agrawal,adwin,9.52301255230128
syn,agrawal_s11,agrawal,adwin+hedge,9.343096234309645
syn,agrawal_s11,agrawal,adwin+hedge@e0.5g0.5,9.334728033472828
syn,agrawal_s11,agrawal,adwin+hedge@e1g0.5,9.389121338912155
syn,agrawal_s11,agrawal,adwin+hedge@e4g0.5,9.334728033472818
syn,agrawal_s11,agrawal,adwin+hedge@e8g0.5,9.355648535564875
syn,agrawal_s11,agrawal,adwin+hedge@e2g0.25,9.338912133891231
syn,agrawal_s11,agrawal,adwin+hedge@e2g0.75,9.359832635983267
syn,agrawal_s11,agrawal,adwin+hedge@e2g0.9,9.351464435146461
syn,agrawal_s11,agrawal,ph,8.67782426778243
syn,agrawal_s11,agrawal,ph+hedge,8.48953974895399
syn,agrawal_s11,agrawal,ph+hedge@e0.5g0.5,8.414225941422604
syn,agrawal_s11,agrawal,ph+hedge@e1g0.5,8.456066945606711
syn,agrawal_s11,agrawal,ph+hedge@e4g0.5,8.485355648535586
syn,agrawal_s11,agrawal,ph+hedge@e8g0.5,8.493723849372403
syn,agrawal_s11,agrawal,ph+hedge@e2g0.25,8.476987447698757
syn,agrawal_s11,agrawal,ph+hedge@e2g0.75,8.48953974895399
syn,agrawal_s11,agrawal,ph+hedge@e2g0.9,8.48953974895399
syn,agrawal_s11,agrawal,kswin,8.447698744769895
syn,agrawal_s11,agrawal,kswin+hedge,8.037656903765711
syn,agrawal_s11,agrawal,kswin+hedge@e0.5g0.5,7.983263598326385
syn,agrawal_s11,agrawal,kswin+hedge@e1g0.5,8.033472803347308
syn,agrawal_s11,agrawal,kswin+hedge@e4g0.5,8.037656903765711
syn,agrawal_s11,agrawal,kswin+hedge@e8g0.5,8.033472803347298
syn,agrawal_s11,agrawal,kswin+hedge@e2g0.25,8.054393305439344
syn,agrawal_s11,agrawal,kswin+hedge@e2g0.75,8.033472803347308
syn,agrawal_s11,agrawal,kswin+hedge@e2g0.9,8.029288702928882
syn,agrawal_s12,agrawal,ddm,9.912133891213404
syn,agrawal_s12,agrawal,ddm+hedge,9.343096234309634
syn,agrawal_s12,agrawal,ddm+hedge@e0.5g0.5,9.284518828451882
syn,agrawal_s12,agrawal,ddm+hedge@e1g0.5,9.343096234309634
syn,agrawal_s12,agrawal,ddm+hedge@e4g0.5,9.343096234309634
syn,agrawal_s12,agrawal,ddm+hedge@e8g0.5,9.347280334728037
syn,agrawal_s12,agrawal,ddm+hedge@e2g0.25,9.347280334728037
syn,agrawal_s12,agrawal,ddm+hedge@e2g0.75,9.347280334728037
syn,agrawal_s12,agrawal,ddm+hedge@e2g0.9,9.35146443514644
syn,agrawal_s12,agrawal,eddm,9.970711297071134
syn,agrawal_s12,agrawal,eddm+hedge,9.230125523012555
syn,agrawal_s12,agrawal,eddm+hedge@e0.5g0.5,9.221757322175728
syn,agrawal_s12,agrawal,eddm+hedge@e1g0.5,9.158995815899583
syn,agrawal_s12,agrawal,eddm+hedge@e4g0.5,9.29288702928871
syn,agrawal_s12,agrawal,eddm+hedge@e8g0.5,9.297071129707113
syn,agrawal_s12,agrawal,eddm+hedge@e2g0.25,9.23430962343097
syn,agrawal_s12,agrawal,eddm+hedge@e2g0.75,9.23430962343097
syn,agrawal_s12,agrawal,eddm+hedge@e2g0.9,9.238493723849373
syn,agrawal_s12,agrawal,fhddm,0.28870292887028803
syn,agrawal_s12,agrawal,fhddm+hedge,0.46025104602510636
syn,agrawal_s12,agrawal,fhddm+hedge@e0.5g0.5,0.45606694560669236
syn,agrawal_s12,agrawal,fhddm+hedge@e1g0.5,0.45606694560669236
syn,agrawal_s12,agrawal,fhddm+hedge@e4g0.5,0.45606694560669236
syn,agrawal_s12,agrawal,fhddm+hedge@e8g0.5,0.45606694560669236
syn,agrawal_s12,agrawal,fhddm+hedge@e2g0.25,0.45606694560669236
syn,agrawal_s12,agrawal,fhddm+hedge@e2g0.75,0.4518828451882895
syn,agrawal_s12,agrawal,fhddm+hedge@e2g0.9,0.4435146443514615
syn,agrawal_s12,agrawal,hddma,9.970711297071134
syn,agrawal_s12,agrawal,hddma+hedge,9.35146443514644
syn,agrawal_s12,agrawal,hddma+hedge@e0.5g0.5,9.29288702928871
syn,agrawal_s12,agrawal,hddma+hedge@e1g0.5,9.35146443514644
syn,agrawal_s12,agrawal,hddma+hedge@e4g0.5,9.35146443514644
syn,agrawal_s12,agrawal,hddma+hedge@e8g0.5,9.355648535564864
syn,agrawal_s12,agrawal,hddma+hedge@e2g0.25,9.355648535564864
syn,agrawal_s12,agrawal,hddma+hedge@e2g0.75,9.355648535564843
syn,agrawal_s12,agrawal,hddma+hedge@e2g0.9,9.359832635983267
syn,agrawal_s12,agrawal,hddmw,9.970711297071134
syn,agrawal_s12,agrawal,hddmw+hedge,9.35146443514644
syn,agrawal_s12,agrawal,hddmw+hedge@e0.5g0.5,9.29288702928871
syn,agrawal_s12,agrawal,hddmw+hedge@e1g0.5,9.35146443514644
syn,agrawal_s12,agrawal,hddmw+hedge@e4g0.5,9.35146443514644
syn,agrawal_s12,agrawal,hddmw+hedge@e8g0.5,9.355648535564864
syn,agrawal_s12,agrawal,hddmw+hedge@e2g0.25,9.355648535564864
syn,agrawal_s12,agrawal,hddmw+hedge@e2g0.75,9.355648535564843
syn,agrawal_s12,agrawal,hddmw+hedge@e2g0.9,9.359832635983267
syn,agrawal_s12,agrawal,adwin,9.849372384937238
syn,agrawal_s12,agrawal,adwin+hedge,8.76987447698745
syn,agrawal_s12,agrawal,adwin+hedge@e0.5g0.5,8.93305439330544
syn,agrawal_s12,agrawal,adwin+hedge@e1g0.5,8.966527196652718
syn,agrawal_s12,agrawal,adwin+hedge@e4g0.5,8.983263598326364
syn,agrawal_s12,agrawal,adwin+hedge@e8g0.5,8.983263598326364
syn,agrawal_s12,agrawal,adwin+hedge@e2g0.25,8.78242677824268
syn,agrawal_s12,agrawal,adwin+hedge@e2g0.75,8.966527196652718
syn,agrawal_s12,agrawal,adwin+hedge@e2g0.9,8.962343096234305
syn,agrawal_s12,agrawal,ph,9.112970711297075
syn,agrawal_s12,agrawal,ph+hedge,8.338912133891219
syn,agrawal_s12,agrawal,ph+hedge@e0.5g0.5,8.276150627615063
syn,agrawal_s12,agrawal,ph+hedge@e1g0.5,8.368200836820083
syn,agrawal_s12,agrawal,ph+hedge@e4g0.5,8.52719665271967
syn,agrawal_s12,agrawal,ph+hedge@e8g0.5,8.535564853556487
syn,agrawal_s12,agrawal,ph+hedge@e2g0.25,8.338912133891219
syn,agrawal_s12,agrawal,ph+hedge@e2g0.75,8.52719665271966
syn,agrawal_s12,agrawal,ph+hedge@e2g0.9,8.518828451882843
syn,agrawal_s12,agrawal,kswin,9.970711297071134
syn,agrawal_s12,agrawal,kswin+hedge,9.217573221757325
syn,agrawal_s12,agrawal,kswin+hedge@e0.5g0.5,9.146443514644353
syn,agrawal_s12,agrawal,kswin+hedge@e1g0.5,9.217573221757325
syn,agrawal_s12,agrawal,kswin+hedge@e4g0.5,9.230125523012555
syn,agrawal_s12,agrawal,kswin+hedge@e8g0.5,9.238493723849373
syn,agrawal_s12,agrawal,kswin+hedge@e2g0.25,9.225941422594142
syn,agrawal_s12,agrawal,kswin+hedge@e2g0.75,9.225941422594142
syn,agrawal_s12,agrawal,kswin+hedge@e2g0.9,9.230125523012568
syn,agrawal_s13,agrawal,ddm,9.999999999999998
syn,agrawal_s13,agrawal,ddm+hedge,9.635983263598336
syn,agrawal_s13,agrawal,ddm+hedge@e0.5g0.5,9.602510460251034
syn,agrawal_s13,agrawal,ddm+hedge@e1g0.5,9.610878661087874
syn,agrawal_s13,agrawal,ddm+hedge@e4g0.5,9.635983263598336
syn,agrawal_s13,agrawal,ddm+hedge@e8g0.5,9.644351464435152
syn,agrawal_s13,agrawal,ddm+hedge@e2g0.25,9.623430962343104
syn,agrawal_s13,agrawal,ddm+hedge@e2g0.75,9.631799163179922
syn,agrawal_s13,agrawal,ddm+hedge@e2g0.9,9.631799163179922
syn,agrawal_s13,agrawal,eddm,10.163179916317999
syn,agrawal_s13,agrawal,eddm+hedge,9.627615062761507
syn,agrawal_s13,agrawal,eddm+hedge@e0.5g0.5,9.552301255230134
syn,agrawal_s13,agrawal,eddm+hedge@e1g0.5,9.569037656903777
syn,agrawal_s13,agrawal,eddm+hedge@e4g0.5,9.623430962343104
syn,agrawal_s13,agrawal,eddm+hedge@e8g0.5,9.627615062761507
syn,agrawal_s13,agrawal,eddm+hedge@e2g0.25,9.615062761506277
syn,agrawal_s13,agrawal,eddm+hedge@e2g0.75,9.623430962343104
syn,agrawal_s13,agrawal,eddm+hedge@e2g0.9,9.623430962343104
syn,agrawal_s13,agrawal,fhddm,0.26778242677824027
syn,agrawal_s13,agrawal,fhddm+hedge,0.4811715481171541
syn,agrawal_s13,agrawal,fhddm+hedge@e0.5g0.5,0.46861924686192324
syn,agrawal_s13,agrawal,fhddm+hedge@e1g0.5,0.4811715481171652
syn,agrawal_s13,agrawal,fhddm+hedge@e4g0.5,0.46861924686192324
syn,agrawal_s13,agrawal,fhddm+hedge@e8g0.5,0.4351464435146557
syn,agrawal_s13,agrawal,fhddm+hedge@e2g0.25,0.4811715481171541
syn,agrawal_s13,agrawal,fhddm+hedge@e2g0.75,0.4811715481171652
syn,agrawal_s13,agrawal,fhddm+hedge@e2g0.9,0.47698744769874013
syn,agrawal_s13,agrawal,hddma,10.217573221757325
syn,agrawal_s13,agrawal,hddma+hedge,9.740585774058585
syn,agrawal_s13,agrawal,hddma+hedge@e0.5g0.5,9.690376569037662
syn,agrawal_s13,agrawal,hddma+hedge@e1g0.5,9.71129707112972
syn,agrawal_s13,agrawal,hddma+hedge@e4g0.5,9.736401673640183
syn,agrawal_s13,agrawal,hddma+hedge@e8g0.5,9.744769874476999
syn,agrawal_s13,agrawal,hddma+hedge@e2g0.25,9.728033472803343
syn,agrawal_s13,agrawal,hddma+hedge@e2g0.75,9.736401673640183
syn,agrawal_s13,agrawal,hddma+hedge@e2g0.9,9.736401673640183
syn,agrawal_s13,agrawal,hddmw,10.217573221757325
syn,agrawal_s13,agrawal,hddmw+hedge,9.740585774058585
syn,agrawal_s13,agrawal,hddmw+hedge@e0.5g0.5,9.690376569037662
syn,agrawal_s13,agrawal,hddmw+hedge@e1g0.5,9.71129707112972
syn,agrawal_s13,agrawal,hddmw+hedge@e4g0.5,9.736401673640183
syn,agrawal_s13,agrawal,hddmw+hedge@e8g0.5,9.744769874476999
syn,agrawal_s13,agrawal,hddmw+hedge@e2g0.25,9.728033472803343
syn,agrawal_s13,agrawal,hddmw+hedge@e2g0.75,9.736401673640183
syn,agrawal_s13,agrawal,hddmw+hedge@e2g0.9,9.736401673640183
syn,agrawal_s13,agrawal,adwin,9.937238493723843
syn,agrawal_s13,agrawal,adwin+hedge,9.510460251046027
syn,agrawal_s13,agrawal,adwin+hedge@e0.5g0.5,9.493723849372381
syn,agrawal_s13,agrawal,adwin+hedge@e1g0.5,9.493723849372381
syn,agrawal_s13,agrawal,adwin+hedge@e4g0.5,9.50209205020921
syn,agrawal_s13,agrawal,adwin+hedge@e8g0.5,9.497907949790797
syn,agrawal_s13,agrawal,adwin+hedge@e2g0.25,9.518828451882843
syn,agrawal_s13,agrawal,adwin+hedge@e2g0.75,9.51464435146444
syn,agrawal_s13,agrawal,adwin+hedge@e2g0.9,9.51464435146444
syn,agrawal_s13,agrawal,ph,8.907949790794989
syn,agrawal_s13,agrawal,ph+hedge,8.748953974895402
syn,agrawal_s13,agrawal,ph+hedge@e0.5g0.5,8.690376569037673
syn,agrawal_s13,agrawal,ph+hedge@e1g0.5,8.73640167364016
syn,agrawal_s13,agrawal,ph+hedge@e4g0.5,8.765690376569035
syn,agrawal_s13,agrawal,ph+hedge@e8g0.5,8.753138075313815
syn,agrawal_s13,agrawal,ph+hedge@e2g0.25,8.73640167364016
syn,agrawal_s13,agrawal,ph+hedge@e2g0.75,8.744769874476999
syn,agrawal_s13,agrawal,ph+hedge@e2g0.9,8.748953974895402
syn,agrawal_s13,agrawal,kswin,9.297071129707124
syn,agrawal_s13,agrawal,kswin+hedge,8.853556485355663
syn,agrawal_s13,agrawal,kswin+hedge@e0.5g0.5,8.811715481171545
syn,agrawal_s13,agrawal,kswin+hedge@e1g0.5,8.824267782426777
syn,agrawal_s13,agrawal,kswin+hedge@e4g0.5,8.853556485355663
syn,agrawal_s13,agrawal,kswin+hedge@e8g0.5,8.861924686192468
syn,agrawal_s13,agrawal,kswin+hedge@e2g0.25,8.84100418410043
syn,agrawal_s13,agrawal,kswin+hedge@e2g0.75,8.853556485355663
syn,agrawal_s13,agrawal,kswin+hedge@e2g0.9,8.853556485355663
syn,agrawal_s14,agrawal,ddm,10.125523012552296
syn,agrawal_s14,agrawal,ddm+hedge,9.602510460251057
syn,agrawal_s14,agrawal,ddm+hedge@e0.5g0.5,9.52301255230127
syn,agrawal_s14,agrawal,ddm+hedge@e1g0.5,9.560669456066961
syn,agrawal_s14,agrawal,ddm+hedge@e4g0.5,9.615062761506287
syn,agrawal_s14,agrawal,ddm+hedge@e8g0.5,9.615062761506287
syn,agrawal_s14,agrawal,ddm+hedge@e2g0.25,9.598326359832654
syn,agrawal_s14,agrawal,ddm+hedge@e2g0.75,9.606694560669471
syn,agrawal_s14,agrawal,ddm+hedge@e2g0.9,9.610878661087874
syn,agrawal_s14,agrawal,eddm,10.29288702928871
syn,agrawal_s14,agrawal,eddm+hedge,9.52301255230127
syn,agrawal_s14,agrawal,eddm+hedge@e0.5g0.5,9.485355648535576
syn,agrawal_s14,agrawal,eddm+hedge@e1g0.5,9.510460251046037
syn,agrawal_s14,agrawal,eddm+hedge@e4g0.5,9.527196652719672
syn,agrawal_s14,agrawal,eddm+hedge@e8g0.5,9.514644351464451
syn,agrawal_s14,agrawal,eddm+hedge@e2g0.25,9.527196652719683
syn,agrawal_s14,agrawal,eddm+hedge@e2g0.75,9.518828451882843
syn,agrawal_s14,agrawal,eddm+hedge@e2g0.9,9.51464435146444
syn,agrawal_s14,agrawal,fhddm,0.33472803347281976
syn,agrawal_s14,agrawal,fhddm+hedge,0.5230125523012719
syn,agrawal_s14,agrawal,fhddm+hedge@e0.5g0.5,0.5146443514644439
syn,agrawal_s14,agrawal,fhddm+hedge@e1g0.5,0.5313807531380776
syn,agrawal_s14,agrawal,fhddm+hedge@e4g0.5,0.5188284518828468
syn,agrawal_s14,agrawal,fhddm+hedge@e8g0.5,0.5271966527196636
syn,agrawal_s14,agrawal,fhddm+hedge@e2g0.25,0.5230125523012719
syn,agrawal_s14,agrawal,fhddm+hedge@e2g0.75,0.5188284518828468
syn,agrawal_s14,agrawal,fhddm+hedge@e2g0.9,0.5104602510460299
syn,agrawal_s14,agrawal,hddma,10.29288702928871
syn,agrawal_s14,agrawal,hddma+hedge,9.794979079497923
syn,agrawal_s14,agrawal,hddma+hedge@e0.5g0.5,9.72384937238494
syn,agrawal_s14,agrawal,hddma+hedge@e1g0.5,9.753138075313805
syn,agrawal_s14,agrawal,hddma+hedge@e4g0.5,9.811715481171557
syn,agrawal_s14,agrawal,hddma+hedge@e8g0.5,9.80334728033474
syn,agrawal_s14,agrawal,hddma+hedge@e2g0.25,9.794979079497923
syn,agrawal_s14,agrawal,hddma+hedge@e2g0.75,9.799163179916325
syn,agrawal_s14,agrawal,hddma+hedge@e2g0.9,9.799163179916325
syn,agrawal_s14,agrawal,hddmw,10.29288702928871
syn,agrawal_s14,agrawal,hddmw+hedge,9.794979079497923
syn,agrawal_s14,agrawal,hddmw+hedge@e0.5g0.5,9.72384937238494
syn,agrawal_s14,agrawal,hddmw+hedge@e1g0.5,9.753138075313805
syn,agrawal_s14,agrawal,hddmw+hedge@e4g0.5,9.811715481171557
syn,agrawal_s14,agrawal,hddmw+hedge@e8g0.5,9.80334728033474
syn,agrawal_s14,agrawal,hddmw+hedge@e2g0.25,9.794979079497923
syn,agrawal_s14,agrawal,hddmw+hedge@e2g0.75,9.799163179916325
syn,agrawal_s14,agrawal,hddmw+hedge@e2g0.9,9.799163179916325
syn,agrawal_s14,agrawal,adwin,10.01255230125524
syn,agrawal_s14,agrawal,adwin+hedge,9.51464435146444
syn,agrawal_s14,agrawal,adwin+hedge@e0.5g0.5,9.125523012552305
syn,agrawal_s14,agrawal,adwin+hedge@e1g0.5,9.451882845188287
syn,agrawal_s14,agrawal,adwin+hedge@e4g0.5,9.531380753138086
syn,agrawal_s14,agrawal,adwin+hedge@e8g0.5,9.539748953974902
syn,agrawal_s14,agrawal,adwin+hedge@e2g0.25,9.493723849372381
syn,agrawal_s14,agrawal,adwin+hedge@e2g0.75,9.531380753138086
syn,agrawal_s14,agrawal,adwin+hedge@e2g0.9,9.527196652719683
syn,agrawal_s14,agrawal,ph,9.16317991631801
syn,agrawal_s14,agrawal,ph+hedge,8.711297071129708
syn,agrawal_s14,agrawal,ph+hedge@e0.5g0.5,8.627615062761507
syn,agrawal_s14,agrawal,ph+hedge@e1g0.5,8.67782426778243
syn,agrawal_s14,agrawal,ph+hedge@e4g0.5,8.753138075313815
syn,agrawal_s14,agrawal,ph+hedge@e8g0.5,8.744769874476999
syn,agrawal_s14,agrawal,ph+hedge@e2g0.25,8.71129707112972
syn,agrawal_s14,agrawal,ph+hedge@e2g0.75,8.72384937238495
syn,agrawal_s14,agrawal,ph+hedge@e2g0.9,8.728033472803354
syn,agrawal_s14,agrawal,kswin,9.443514644351481
syn,agrawal_s14,agrawal,kswin+hedge,8.845188284518846
syn,agrawal_s14,agrawal,kswin+hedge@e0.5g0.5,8.786610878661094
syn,agrawal_s14,agrawal,kswin+hedge@e1g0.5,8.811715481171555
syn,agrawal_s14,agrawal,kswin+hedge@e4g0.5,8.866108786610882
syn,agrawal_s14,agrawal,kswin+hedge@e8g0.5,8.866108786610894
syn,agrawal_s14,agrawal,kswin+hedge@e2g0.25,8.84100418410043
syn,agrawal_s14,agrawal,kswin+hedge@e2g0.75,8.84937238493726
syn,agrawal_s14,agrawal,kswin+hedge@e2g0.9,8.84937238493726
syn,hyperplane_s10,hyperplane,ddm,1.0726256983240368
syn,hyperplane_s10,hyperplane,ddm+hedge,0.7430167597765269
syn,hyperplane_s10,hyperplane,ddm+hedge@e0.5g0.5,0.6927374301676004
syn,hyperplane_s10,hyperplane,ddm+hedge@e1g0.5,0.6927374301676004
syn,hyperplane_s10,hyperplane,ddm+hedge@e4g0.5,0.9832402234636883
syn,hyperplane_s10,hyperplane,ddm+hedge@e8g0.5,1.0502793296089497
syn,hyperplane_s10,hyperplane,ddm+hedge@e2g0.25,0.7374301675977635
syn,hyperplane_s10,hyperplane,ddm+hedge@e2g0.75,0.7486033519553015
syn,hyperplane_s10,hyperplane,ddm+hedge@e2g0.9,0.893854748603351
syn,hyperplane_s10,hyperplane,eddm,0.22346368715084886
syn,hyperplane_s10,hyperplane,eddm+hedge,1.2513966480447003
syn,hyperplane_s10,hyperplane,eddm+hedge@e0.5g0.5,1.2960893854748634
syn,hyperplane_s10,hyperplane,eddm+hedge@e1g0.5,1.2905027932960889
syn,hyperplane_s10,hyperplane,eddm+hedge@e4g0.5,1.2905027932960889
syn,hyperplane_s10,hyperplane,eddm+hedge@e8g0.5,1.3519553072625867
syn,hyperplane_s10,hyperplane,eddm+hedge@e2g0.25,1.1955307262569992
syn,hyperplane_s10,hyperplane,eddm+hedge@e2g0.75,1.2625698324022494
syn,hyperplane_s10,hyperplane,eddm+hedge@e2g0.9,1.2346368715083766
syn,hyperplane_s10,hyperplane,fhddm,-0.2849162011173134
syn,hyperplane_s10,hyperplane,fhddm+hedge,0.022346368715087106
syn,hyperplane_s10,hyperplane,fhddm+hedge@e0.5g0.5,0.011173184357538002
syn,hyperplane_s10,hyperplane,fhddm+hedge@e1g0.5,0.011173184357538002
syn,hyperplane_s10,hyperplane,fhddm+hedge@e4g0.5,0.01675977653630145
syn,hyperplane_s10,hyperplane,fhddm+hedge@e8g0.5,0.011173184357538002
syn,hyperplane_s10,hyperplane,fhddm+hedge@e2g0.25,0.011173184357538002
syn,hyperplane_s10,hyperplane,fhddm+hedge@e2g0.75,0.022346368715087106
syn,hyperplane_s10,hyperplane,fhddm+hedge@e2g0.9,0.022346368715087106
syn,hyperplane_s10,hyperplane,hddma,0.6927374301676004
syn,hyperplane_s10,hyperplane,hddma+hedge,0.8882681564245876
syn,hyperplane_s10,hyperplane,hddma+hedge@e0.5g0.5,0.6256983240223501
syn,hyperplane_s10,hyperplane,hddma+hedge@e1g0.5,0.6424581005586627
syn,hyperplane_s10,hyperplane,hddma+hedge@e4g0.5,0.27932960893854997
syn,hyperplane_s10,hyperplane,hddma+hedge@e8g0.5,0.2960893854748625
syn,hyperplane_s10,hyperplane,hddma+hedge@e2g0.25,0.6536312849162118
syn,hyperplane_s10,hyperplane,hddma+hedge@e2g0.75,0.8882681564245876
syn,hyperplane_s10,hyperplane,hddma+hedge@e2g0.9,0.8826815642458019
syn,hyperplane_s10,hyperplane,hddmw,0.0
syn,hyperplane_s10,hyperplane,hddmw+hedge,0.0
syn,hyperplane_s10,hyperplane,hddmw+hedge@e0.5g0.5,0.0
syn,hyperplane_s10,hyperplane,hddmw+hedge@e1g0.5,0.0
syn,hyperplane_s10,hyperplane,hddmw+hedge@e4g0.5,0.0
syn,hyperplane_s10,hyperplane,hddmw+hedge@e8g0.5,0.0
syn,hyperplane_s10,hyperplane,hddmw+hedge@e2g0.25,0.0
syn,hyperplane_s10,hyperplane,hddmw+hedge@e2g0.75,0.0
syn,hyperplane_s10,hyperplane,hddmw+hedge@e2g0.9,0.0
syn,hyperplane_s10,hyperplane,adwin,1.1452513966480504
syn,hyperplane_s10,hyperplane,adwin+hedge,1.033519553072626
syn,hyperplane_s10,hyperplane,adwin+hedge@e0.5g0.5,1.0558659217877242
syn,hyperplane_s10,hyperplane,adwin+hedge@e1g0.5,1.0670391061452733
syn,hyperplane_s10,hyperplane,adwin+hedge@e4g0.5,1.0837988826815859
syn,hyperplane_s10,hyperplane,adwin+hedge@e8g0.5,1.1340782122905235
syn,hyperplane_s10,hyperplane,adwin+hedge@e2g0.25,1.067039106145251
syn,hyperplane_s10,hyperplane,adwin+hedge@e2g0.75,1.0391061452514117
syn,hyperplane_s10,hyperplane,adwin+hedge@e2g0.9,1.0391061452514117
syn,hyperplane_s10,hyperplane,ph,0.1843575418994492
syn,hyperplane_s10,hyperplane,ph+hedge,0.35195530726257473
syn,hyperplane_s10,hyperplane,ph+hedge@e0.5g0.5,0.35195530726257473
syn,hyperplane_s10,hyperplane,ph+hedge@e1g0.5,0.35195530726257473
syn,hyperplane_s10,hyperplane,ph+hedge@e4g0.5,0.35195530726257473
syn,hyperplane_s10,hyperplane,ph+hedge@e8g0.5,0.34078212290502563
syn,hyperplane_s10,hyperplane,ph+hedge@e2g0.25,0.3575418994413382
syn,hyperplane_s10,hyperplane,ph+hedge@e2g0.75,0.34078212290503673
syn,hyperplane_s10,hyperplane,ph+hedge@e2g0.9,0.34078212290503673
syn,hyperplane_s10,hyperplane,kswin,0.0
syn,hyperplane_s10,hyperplane,kswin+hedge,0.0
syn,hyperplane_s10,hyperplane,kswin+hedge@e0.5g0.5,0.0
syn,hyperplane_s10,hyperplane,kswin+hedge@e1g0.5,0.0
syn,hyperplane_s10,hyperplane,kswin+hedge@e4g0.5,0.0
syn,hyperplane_s10,hyperplane,kswin+hedge@e8g0.5,0.0
syn,hyperplane_s10,hyperplane,kswin+hedge@e2g0.25,0.0
syn,hyperplane_s10,hyperplane,kswin+hedge@e2g0.75,0.0
syn,hyperplane_s10,hyperplane,kswin+hedge@e2g0.9,0.0
syn,hyperplane_s11,hyperplane,ddm,0.6703910614525355
syn,hyperplane_s11,hyperplane,ddm+hedge,0.6592178770949753
syn,hyperplane_s11,hyperplane,ddm+hedge@e0.5g0.5,0.6424581005586738
syn,hyperplane_s11,hyperplane,ddm+hedge@e1g0.5,0.6424581005586738
syn,hyperplane_s11,hyperplane,ddm+hedge@e4g0.5,0.6871508379888369
syn,hyperplane_s11,hyperplane,ddm+hedge@e8g0.5,0.3798882681564253
syn,hyperplane_s11,hyperplane,ddm+hedge@e2g0.25,0.6703910614525022
syn,hyperplane_s11,hyperplane,ddm+hedge@e2g0.75,0.6703910614525355
syn,hyperplane_s11,hyperplane,ddm+hedge@e2g0.9,0.6703910614525355
syn,hyperplane_s11,hyperplane,eddm,0.10614525139666098
syn,hyperplane_s11,hyperplane,eddm+hedge,0.8100558659217882
syn,hyperplane_s11,hyperplane,eddm+hedge@e0.5g0.5,0.6536312849162007
syn,hyperplane_s11,hyperplane,eddm+hedge@e1g0.5,0.6424581005586738
syn,hyperplane_s11,hyperplane,eddm+hedge@e4g0.5,1.0167597765363023
syn,hyperplane_s11,hyperplane,eddm+hedge@e8g0.5,0.9441340782123109
syn,hyperplane_s11,hyperplane,eddm+hedge@e2g0.25,0.7877094972067122
syn,hyperplane_s11,hyperplane,eddm+hedge@e2g0.75,0.849162011173199
syn,hyperplane_s11,hyperplane,eddm+hedge@e2g0.9,0.8770949720670607
syn,hyperplane_s11,hyperplane,fhddm,-0.20111731843573954
syn,hyperplane_s11,hyperplane,fhddm+hedge,-0.005586592178752348
syn,hyperplane_s11,hyperplane,fhddm+hedge@e0.5g0.5,-0.011173184357538002
syn,hyperplane_s11,hyperplane,fhddm+hedge@e1g0.5,-0.011173184357538002
syn,hyperplane_s11,hyperplane,fhddm+hedge@e4g0.5,1.1102230246251565e-14
syn,hyperplane_s11,hyperplane,fhddm+hedge@e8g0.5,0.005586592178774552
syn,hyperplane_s11,hyperplane,fhddm+hedge@e2g0.25,-0.005586592178752348
syn,hyperplane_s11,hyperplane,fhddm+hedge@e2g0.75,1.1102230246251565e-14
syn,hyperplane_s11,hyperplane,fhddm+hedge@e2g0.9,1.1102230246251565e-14
syn,hyperplane_s11,hyperplane,hddma,0.5977653631284996
syn,hyperplane_s11,hyperplane,hddma+hedge,0.43016759776538516
syn,hyperplane_s11,hyperplane,hddma+hedge@e0.5g0.5,0.4245810055865995
syn,hyperplane_s11,hyperplane,hddma+hedge@e1g0.5,0.4245810055865995
syn,hyperplane_s11,hyperplane,hddma+hedge@e4g0.5,0.46368715083801026
syn,hyperplane_s11,hyperplane,hddma+hedge@e8g0.5,0.5027932960893988
syn,hyperplane_s11,hyperplane,hddma+hedge@e2g0.25,0.44134078212291206
syn,hyperplane_s11,hyperplane,hddma+hedge@e2g0.75,0.4469273743016755
syn,hyperplane_s11,hyperplane,hddma+hedge@e2g0.9,0.4469273743016755
syn,hyperplane_s11,hyperplane,hddmw,0.0
syn,hyperplane_s11,hyperplane,hddmw+hedge,0.0
syn,hyperplane_s11,hyperplane,hddmw+hedge@e0.5g0.5,0.0
syn,hyperplane_s11,hyperplane,hddmw+hedge@e1g0.5,0.0
syn,hyperplane_s11,hyperplane,hddmw+hedge@e4g0.5,0.0
syn,hyperplane_s11,hyperplane,hddmw+hedge@e8g0.5,0.0
syn,hyperplane_s11,hyperplane,hddmw+hedge@e2g0.25,0.0
syn,hyperplane_s11,hyperplane,hddmw+hedge@e2g0.75,0.0
syn,hyperplane_s11,hyperplane,hddmw+hedge@e2g0.9,0.0
syn,hyperplane_s11,hyperplane,adwin,0.558659217877111
syn,hyperplane_s11,hyperplane,adwin+hedge,0.5139664804469368
syn,hyperplane_s11,hyperplane,adwin+hedge@e0.5g0.5,0.5139664804469368
syn,hyperplane_s11,hyperplane,adwin+hedge@e1g0.5,0.5139664804469368
syn,hyperplane_s11,hyperplane,adwin+hedge@e4g0.5,0.5363128491620239
syn,hyperplane_s11,hyperplane,adwin+hedge@e8g0.5,0.5642458100558523
syn,hyperplane_s11,hyperplane,adwin+hedge@e2g0.25,0.5307262569832272
syn,hyperplane_s11,hyperplane,adwin+hedge@e2g0.75,0.5251396648044637
syn,hyperplane_s11,hyperplane,adwin+hedge@e2g0.9,0.5195530726257003
syn,hyperplane_s11,hyperplane,ph,0.1843575418994492
syn,hyperplane_s11,hyperplane,ph+hedge,0.21229050279332196
syn,hyperplane_s11,hyperplane,ph+hedge@e0.5g0.5,0.2290502793296234
syn,hyperplane_s11,hyperplane,ph+hedge@e1g0.5,0.22346368715084886
syn,hyperplane_s11,hyperplane,ph+hedge@e4g0.5,0.20111731843576175
syn,hyperplane_s11,hyperplane,ph+hedge@e8g0.5,0.1955307262569872
syn,hyperplane_s11,hyperplane,ph+hedge@e2g0.25,0.2178770949720854
syn,hyperplane_s11,hyperplane,ph+hedge@e2g0.75,0.21229050279332196
syn,hyperplane_s11,hyperplane,ph+hedge@e2g0.9,0.21229050279332196
syn,hyperplane_s11,hyperplane,kswin,0.0
syn,hyperplane_s11,hyperplane,kswin+hedge,0.0
syn,hyperplane_s11,hyperplane,kswin+hedge@e0.5g0.5,0.0
syn,hyperplane_s11,hyperplane,kswin+hedge@e1g0.5,0.0
syn,hyperplane_s11,hyperplane,kswin+hedge@e4g0.5,0.0
syn,hyperplane_s11,hyperplane,kswin+hedge@e8g0.5,0.0
syn,hyperplane_s11,hyperplane,kswin+hedge@e2g0.25,0.0
syn,hyperplane_s11,hyperplane,kswin+hedge@e2g0.75,0.0
syn,hyperplane_s11,hyperplane,kswin+hedge@e2g0.9,0.0
syn,hyperplane_s12,hyperplane,ddm,1.1564245810055995
syn,hyperplane_s12,hyperplane,ddm+hedge,0.8770949720670385
syn,hyperplane_s12,hyperplane,ddm+hedge@e0.5g0.5,1.0167597765363134
syn,hyperplane_s12,hyperplane,ddm+hedge@e1g0.5,1.044692737430153
syn,hyperplane_s12,hyperplane,ddm+hedge@e4g0.5,0.9944134078212263
syn,hyperplane_s12,hyperplane,ddm+hedge@e8g0.5,1.2905027932960889
syn,hyperplane_s12,hyperplane,ddm+hedge@e2g0.25,0.8659217877094894
syn,hyperplane_s12,hyperplane,ddm+hedge@e2g0.75,0.3351955307262511
syn,hyperplane_s12,hyperplane,ddm+hedge@e2g0.9,0.3351955307262511
syn,hyperplane_s12,hyperplane,eddm,0.3240223463687242
syn,hyperplane_s12,hyperplane,eddm+hedge,1.251396648044678
syn,hyperplane_s12,hyperplane,eddm+hedge@e0.5g0.5,1.206703910614526
syn,hyperplane_s12,hyperplane,eddm+hedge@e1g0.5,1.2793296089385398
syn,hyperplane_s12,hyperplane,eddm+hedge@e4g0.5,1.2905027932960778
syn,hyperplane_s12,hyperplane,eddm+hedge@e8g0.5,1.3743016759776627
syn,hyperplane_s12,hyperplane,eddm+hedge@e2g0.25,1.2681564245809906
syn,hyperplane_s12,hyperplane,eddm+hedge@e2g0.75,1.1899441340781913
syn,hyperplane_s12,hyperplane,eddm+hedge@e2g0.9,1.206703910614526
syn,hyperplane_s12,hyperplane,fhddm,0.3184357541899385
syn,hyperplane_s12,hyperplane,fhddm+hedge,0.2513966480446994
syn,hyperplane_s12,hyperplane,fhddm+hedge@e0.5g0.5,0.26815642458100086
syn,hyperplane_s12,hyperplane,fhddm+hedge@e1g0.5,0.2849162011173134
syn,hyperplane_s12,hyperplane,fhddm+hedge@e4g0.5,0.2737430167597643
syn,hyperplane_s12,hyperplane,fhddm+hedge@e8g0.5,0.34078212290501453
syn,hyperplane_s12,hyperplane,fhddm+hedge@e2g0.25,0.24581005586592486
syn,hyperplane_s12,hyperplane,fhddm+hedge@e2g0.75,0.25698324022345176
syn,hyperplane_s12,hyperplane,fhddm+hedge@e2g0.9,0.26815642458100086
syn,hyperplane_s12,hyperplane,hddma,0.9664804469273647
syn,hyperplane_s12,hyperplane,hddma+hedge,0.9553072625698378
syn,hyperplane_s12,hyperplane,hddma+hedge@e0.5g0.5,0.8491620111731879
syn,hyperplane_s12,hyperplane,hddma+hedge@e1g0.5,0.9050279329609001
syn,hyperplane_s12,hyperplane,hddma+hedge@e4g0.5,1.011173184357539
syn,hyperplane_s12,hyperplane,hddma+hedge@e8g0.5,1.0726256983240146
syn,hyperplane_s12,hyperplane,hddma+hedge@e2g0.25,0.9441340782122887
syn,hyperplane_s12,hyperplane,hddma+hedge@e2g0.75,0.9888268156424629
syn,hyperplane_s12,hyperplane,hddma+hedge@e2g0.9,1.0055865921787643
syn,hyperplane_s12,hyperplane,hddmw,0.12849162011172588
syn,hyperplane_s12,hyperplane,hddmw+hedge,0.14525139664803843
syn,hyperplane_s12,hyperplane,hddmw+hedge@e0.5g0.5,0.15642458100558754
syn,hyperplane_s12,hyperplane,hddmw+hedge@e1g0.5,0.1508379888268241
syn,hyperplane_s12,hyperplane,hddmw+hedge@e4g0.5,0.13407821229051153
syn,hyperplane_s12,hyperplane,hddmw+hedge@e8g0.5,0.13966480446927498
syn,hyperplane_s12,hyperplane,hddmw+hedge@e2g0.25,0.14525139664803843
syn,hyperplane_s12,hyperplane,hddmw+hedge@e2g0.75,0.13966480446927498
syn,hyperplane_s12,hyperplane,hddmw+hedge@e2g0.9,0.13407821229051153
syn,hyperplane_s12,hyperplane,adwin,1.2960893854748523
syn,hyperplane_s12,hyperplane,adwin+hedge,1.1564245810055773
syn,hyperplane_s12,hyperplane,adwin+hedge@e0.5g0.5,1.022346368715088
syn,hyperplane_s12,hyperplane,adwin+hedge@e1g0.5,1.0726256983240146
syn,hyperplane_s12,hyperplane,adwin+hedge@e4g0.5,1.3631284916200914
syn,hyperplane_s12,hyperplane,adwin+hedge@e8g0.5,1.3854748603351896
syn,hyperplane_s12,hyperplane,adwin+hedge@e2g0.25,1.1452513966480393
syn,hyperplane_s12,hyperplane,adwin+hedge@e2g0.75,1.3184357541899394
syn,hyperplane_s12,hyperplane,adwin+hedge@e2g0.9,1.346368715083801
syn,hyperplane_s12,hyperplane,ph,0.5251396648044526
syn,hyperplane_s12,hyperplane,ph+hedge,0.44134078212290095
syn,hyperplane_s12,hyperplane,ph+hedge@e0.5g0.5,0.4469273743016644
syn,hyperplane_s12,hyperplane,ph+hedge@e1g0.5,0.44134078212290095
syn,hyperplane_s12,hyperplane,ph+hedge@e4g0.5,0.4357541899441375
syn,hyperplane_s12,hyperplane,ph+hedge@e8g0.5,0.4581005586592246
syn,hyperplane_s12,hyperplane,ph+hedge@e2g0.25,0.4357541899441375
syn,hyperplane_s12,hyperplane,ph+hedge@e2g0.75,0.43016759776536295
syn,hyperplane_s12,hyperplane,ph+hedge@e2g0.9,0.4245810055865884
syn,hyperplane_s12,hyperplane,kswin,0.0
syn,hyperplane_s12,hyperplane,kswin+hedge,0.0
syn,hyperplane_s12,hyperplane,kswin+hedge@e0.5g0.5,0.0
syn,hyperplane_s12,hyperplane,kswin+hedge@e1g0.5,0.0
syn,hyperplane_s12,hyperplane,kswin+hedge@e4g0.5,0.0
syn,hyperplane_s12,hyperplane,kswin+hedge@e8g0.5,0.0
syn,hyperplane_s12,hyperplane,kswin+hedge@e2g0.25,0.0
syn,hyperplane_s12,hyperplane,kswin+hedge@e2g0.75,0.0
syn,hyperplane_s12,hyperplane,kswin+hedge@e2g0.9,0.0
syn,hyperplane_s13,hyperplane,ddm,1.9944134078212383
syn,hyperplane_s13,hyperplane,ddm+hedge,2.5251396648044655
syn,hyperplane_s13,hyperplane,ddm+hedge@e0.5g0.5,2.391061452513965
syn,hyperplane_s13,hyperplane,ddm+hedge@e1g0.5,2.4469273743016773
syn,hyperplane_s13,hyperplane,ddm+hedge@e4g0.5,2.569832402234651
syn,hyperplane_s13,hyperplane,ddm+hedge@e8g0.5,2.6201117318435774
syn,hyperplane_s13,hyperplane,ddm+hedge@e2g0.25,2.4916201117318293
syn,hyperplane_s13,hyperplane,ddm+hedge@e2g0.75,2.564245810055854
syn,hyperplane_s13,hyperplane,ddm+hedge@e2g0.9,2.564245810055865
syn,hyperplane_s13,hyperplane,eddm,1.6312849162011145
syn,hyperplane_s13,hyperplane,eddm+hedge,2.3072625698324023
syn,hyperplane_s13,hyperplane,eddm+hedge@e0.5g0.5,1.9329608938547738
syn,hyperplane_s13,hyperplane,eddm+hedge@e1g0.5,2.1675977653631384
syn,hyperplane_s13,hyperplane,eddm+hedge@e4g0.5,2.4804469273743024
syn,hyperplane_s13,hyperplane,eddm+hedge@e8g0.5,2.379888268156416
syn,hyperplane_s13,hyperplane,eddm+hedge@e2g0.25,2.262569832402239
syn,hyperplane_s13,hyperplane,eddm+hedge@e2g0.75,2.312849162011188
syn,hyperplane_s13,hyperplane,eddm+hedge@e2g0.9,2.3184357541899625
syn,hyperplane_s13,hyperplane,fhddm,-0.7541899441340538
syn,hyperplane_s13,hyperplane,fhddm+hedge,-0.00558659217876345
syn,hyperplane_s13,hyperplane,fhddm+hedge@e0.5g0.5,-0.00558659217876345
syn,hyperplane_s13,hyperplane,fhddm+hedge@e1g0.5,-0.00558659217876345
syn,hyperplane_s13,hyperplane,fhddm+hedge@e4g0.5,0.0
syn,hyperplane_s13,hyperplane,fhddm+hedge@e8g0.5,-0.00558659217876345
syn,hyperplane_s13,hyperplane,fhddm+hedge@e2g0.25,-0.0111731843575269
syn,hyperplane_s13,hyperplane,fhddm+hedge@e2g0.75,-0.00558659217876345
syn,hyperplane_s13,hyperplane,fhddm+hedge@e2g0.9,-0.00558659217876345
syn,hyperplane_s13,hyperplane,hddma,2.614525139664814
syn,hyperplane_s13,hyperplane,hddma+hedge,2.648044692737439
syn,hyperplane_s13,hyperplane,hddma+hedge@e0.5g0.5,2.5921787709497157
syn,hyperplane_s13,hyperplane,hddma+hedge@e1g0.5,2.659217877094966
syn,hyperplane_s13,hyperplane,hddma+hedge@e4g0.5,2.692737430167591
syn,hyperplane_s13,hyperplane,hddma+hedge@e8g0.5,2.787709497206692
syn,hyperplane_s13,hyperplane,hddma+hedge@e2g0.25,2.70391061452514
syn,hyperplane_s13,hyperplane,hddma+hedge@e2g0.75,2.70391061452514
syn,hyperplane_s13,hyperplane,hddma+hedge@e2g0.9,2.692737430167591
syn,hyperplane_s13,hyperplane,hddmw,2.379888268156416
syn,hyperplane_s13,hyperplane,hddmw+hedge,2.240223463687152
syn,hyperplane_s13,hyperplane,hddmw+hedge@e0.5g0.5,2.0726256983240154
syn,hyperplane_s13,hyperplane,hddmw+hedge@e1g0.5,2.1173184357542008
syn,hyperplane_s13,hyperplane,hddmw+hedge@e4g0.5,2.284916201117304
syn,hyperplane_s13,hyperplane,hddmw+hedge@e8g0.5,2.229050279329614
syn,hyperplane_s13,hyperplane,hddmw+hedge@e2g0.25,2.2011173184357524
syn,hyperplane_s13,hyperplane,hddmw+hedge@e2g0.75,2.284916201117304
syn,hyperplane_s13,hyperplane,hddmw+hedge@e2g0.9,2.2849162011173263
syn,hyperplane_s13,hyperplane,adwin,3.1173184357541794
syn,hyperplane_s13,hyperplane,adwin+hedge,2.6759776536312785
syn,hyperplane_s13,hyperplane,adwin+hedge@e0.5g0.5,2.4804469273743024
syn,hyperplane_s13,hyperplane,adwin+hedge@e1g0.5,2.5698324022346397
syn,hyperplane_s13,hyperplane,adwin+hedge@e4g0.5,2.63687150837989
syn,hyperplane_s13,hyperplane,adwin+hedge@e8g0.5,2.849162011173201
syn,hyperplane_s13,hyperplane,adwin+hedge@e2g0.25,2.6648044692737294
syn,hyperplane_s13,hyperplane,adwin+hedge@e2g0.75,2.7821229050279395
syn,hyperplane_s13,hyperplane,adwin+hedge@e2g0.9,2.731843575419002
syn,hyperplane_s13,hyperplane,ph,1.5251396648044646
syn,hyperplane_s13,hyperplane,ph+hedge,1.1675977653631264
syn,hyperplane_s13,hyperplane,ph+hedge@e0.5g0.5,1.1452513966480504
syn,hyperplane_s13,hyperplane,ph+hedge@e1g0.5,1.1508379888268139
syn,hyperplane_s13,hyperplane,ph+hedge@e4g0.5,1.346368715083801
syn,hyperplane_s13,hyperplane,ph+hedge@e8g0.5,1.3575418994413502
syn,hyperplane_s13,hyperplane,ph+hedge@e2g0.25,1.1508379888268139
syn,hyperplane_s13,hyperplane,ph+hedge@e2g0.75,1.324022346368714
syn,hyperplane_s13,hyperplane,ph+hedge@e2g0.9,1.3184357541899505
syn,hyperplane_s13,hyperplane,kswin,0.0
syn,hyperplane_s13,hyperplane,kswin+hedge,0.0
syn,hyperplane_s13,hyperplane,kswin+hedge@e0.5g0.5,0.0
syn,hyperplane_s13,hyperplane,kswin+hedge@e1g0.5,0.0
syn,hyperplane_s13,hyperplane,kswin+hedge@e4g0.5,0.0
syn,hyperplane_s13,hyperplane,kswin+hedge@e8g0.5,0.0
syn,hyperplane_s13,hyperplane,kswin+hedge@e2g0.25,0.0
syn,hyperplane_s13,hyperplane,kswin+hedge@e2g0.75,0.0
syn,hyperplane_s13,hyperplane,kswin+hedge@e2g0.9,0.0
syn,hyperplane_s14,hyperplane,ddm,2.379888268156438
syn,hyperplane_s14,hyperplane,ddm+hedge,2.3184357541899736
syn,hyperplane_s14,hyperplane,ddm+hedge@e0.5g0.5,2.08938547486035
syn,hyperplane_s14,hyperplane,ddm+hedge@e1g0.5,2.2122905027933237
syn,hyperplane_s14,hyperplane,ddm+hedge@e4g0.5,2.3072625698324023
syn,hyperplane_s14,hyperplane,ddm+hedge@e8g0.5,2.508379888268164
syn,hyperplane_s14,hyperplane,ddm+hedge@e2g0.25,2.273743016759777
syn,hyperplane_s14,hyperplane,ddm+hedge@e2g0.75,2.240223463687152
syn,hyperplane_s14,hyperplane,ddm+hedge@e2g0.9,2.2458100558659155
syn,hyperplane_s14,hyperplane,eddm,2.022346368715089
syn,hyperplane_s14,hyperplane,eddm+hedge,1.871508379888287
syn,hyperplane_s14,hyperplane,eddm+hedge@e0.5g0.5,1.7653631284916371
syn,hyperplane_s14,hyperplane,eddm+hedge@e1g0.5,1.731843575419012
syn,hyperplane_s14,hyperplane,eddm+hedge@e4g0.5,2.08938547486035
syn,hyperplane_s14,hyperplane,eddm+hedge@e8g0.5,2.2960893854748754
syn,hyperplane_s14,hyperplane,eddm+hedge@e2g0.25,1.8659217877095013
syn,hyperplane_s14,hyperplane,eddm+hedge@e2g0.75,1.905027932960912
syn,hyperplane_s14,hyperplane,eddm+hedge@e2g0.9,1.871508379888287
syn,hyperplane_s14,hyperplane,fhddm,-0.3798882681564253
syn,hyperplane_s14,hyperplane,fhddm+hedge,-0.03351955307262511
syn,hyperplane_s14,hyperplane,fhddm+hedge@e0.5g0.5,-0.022346368715076004
syn,hyperplane_s14,hyperplane,fhddm+hedge@e1g0.5,-0.027932960893850556
syn,hyperplane_s14,hyperplane,fhddm+hedge@e4g0.5,-0.027932960893839454
syn,hyperplane_s14,hyperplane,fhddm+hedge@e8g0.5,-0.0111731843575269
syn,hyperplane_s14,hyperplane,fhddm+hedge@e2g0.25,-0.03351955307262511
syn,hyperplane_s14,hyperplane,fhddm+hedge@e2g0.75,-0.022346368715076004
syn,hyperplane_s14,hyperplane,fhddm+hedge@e2g0.9,-0.0111731843575269
syn,hyperplane_s14,hyperplane,hddma,2.100558659217888
syn,hyperplane_s14,hyperplane,hddma+hedge,2.033519553072627
syn,hyperplane_s14,hyperplane,hddma+hedge@e0.5g0.5,1.893854748603363
syn,hyperplane_s14,hyperplane,hddma+hedge@e1g0.5,1.9497206703910752
syn,hyperplane_s14,hyperplane,hddma+hedge@e4g0.5,2.1061452513966405
syn,hyperplane_s14,hyperplane,hddma+hedge@e8g0.5,2.1061452513966628
syn,hyperplane_s14,hyperplane,hddma+hedge@e2g0.25,2.0055865921787652
syn,hyperplane_s14,hyperplane,hddma+hedge@e2g0.75,2.055865921787714
syn,hyperplane_s14,hyperplane,hddma+hedge@e2g0.9,2.0614525139664885
syn,hyperplane_s14,hyperplane,hddmw,1.0391061452514117
syn,hyperplane_s14,hyperplane,hddmw+hedge,1.0726256983240368
syn,hyperplane_s14,hyperplane,hddmw+hedge@e0.5g0.5,1.000000000000012
syn,hyperplane_s14,hyperplane,hddmw+hedge@e1g0.5,1.0279329608938625
syn,hyperplane_s14,hyperplane,hddmw+hedge@e4g0.5,1.0893854748603382
syn,hyperplane_s14,hyperplane,hddmw+hedge@e8g0.5,1.0893854748603493
syn,hyperplane_s14,hyperplane,hddmw+hedge@e2g0.25,1.0614525139664877
syn,hyperplane_s14,hyperplane,hddmw+hedge@e2g0.75,1.055865921787702
syn,hyperplane_s14,hyperplane,hddmw+hedge@e2g0.9,1.0614525139664877
syn,hyperplane_s14,hyperplane,adwin,2.5754189944134254
syn,hyperplane_s14,hyperplane,adwin+hedge,1.9832402234637003
syn,hyperplane_s14,hyperplane,adwin+hedge@e0.5g0.5,1.9776536312849147
syn,hyperplane_s14,hyperplane,adwin+hedge@e1g0.5,2.1229050279329753
syn,hyperplane_s14,hyperplane,adwin+hedge@e4g0.5,2.3910614525139873
syn,hyperplane_s14,hyperplane,adwin+hedge@e8g0.5,2.452513966480463
syn,hyperplane_s14,hyperplane,adwin+hedge@e2g0.25,2.150837988826837
syn,hyperplane_s14,hyperplane,adwin+hedge@e2g0.75,2.022346368715089
syn,hyperplane_s14,hyperplane,adwin+hedge@e2g0.9,2.033519553072638
syn,hyperplane_s14,hyperplane,ph,1.0837988826815637
syn,hyperplane_s14,hyperplane,ph+hedge,1.055865921787702
syn,hyperplane_s14,hyperplane,ph+hedge@e0.5g0.5,1.0055865921787865
syn,hyperplane_s14,hyperplane,ph+hedge@e1g0.5,1.022346368715077
syn,hyperplane_s14,hyperplane,ph+hedge@e4g0.5,1.0949720670391128
syn,hyperplane_s14,hyperplane,ph+hedge@e8g0.5,1.0893854748603382
syn,hyperplane_s14,hyperplane,ph+hedge@e2g0.25,1.0558659217877242
syn,hyperplane_s14,hyperplane,ph+hedge@e2g0.75,1.0782122905028002
syn,hyperplane_s14,hyperplane,ph+hedge@e2g0.9,1.0837988826815637
syn,hyperplane_s14,hyperplane,kswin,0.0
syn,hyperplane_s14,hyperplane,kswin+hedge,0.0
syn,hyperplane_s14,hyperplane,kswin+hedge@e0.5g0.5,0.0
syn,hyperplane_s14,hyperplane,kswin+hedge@e1g0.5,0.0
syn,hyperplane_s14,hyperplane,kswin+hedge@e4g0.5,0.0
syn,hyperplane_s14,hyperplane,kswin+hedge@e8g0.5,0.0
syn,hyperplane_s14,hyperplane,kswin+hedge@e2g0.25,0.0
syn,hyperplane_s14,hyperplane,kswin+hedge@e2g0.75,0.0
syn,hyperplane_s14,hyperplane,kswin+hedge@e2g0.9,0.0
syn,rbf_s10,rbf,ddm,0.7039106145251273
syn,rbf_s10,rbf,ddm+hedge,0.5977653631284885
syn,rbf_s10,rbf,ddm+hedge@e0.5g0.5,0.5865921787709505
syn,rbf_s10,rbf,ddm+hedge@e1g0.5,0.5977653631284885
syn,rbf_s10,rbf,ddm+hedge@e4g0.5,0.5921787709497139
syn,rbf_s10,rbf,ddm+hedge@e8g0.5,0.6033519553072519
syn,rbf_s10,rbf,ddm+hedge@e2g0.25,0.5865921787709505
syn,rbf_s10,rbf,ddm+hedge@e2g0.75,0.5865921787709505
syn,rbf_s10,rbf,ddm+hedge@e2g0.9,0.6089385474860376
syn,rbf_s10,rbf,eddm,0.0223463687150649
syn,rbf_s10,rbf,eddm+hedge,0.9385474860335252
syn,rbf_s10,rbf,eddm+hedge@e0.5g0.5,0.8547486033519514
syn,rbf_s10,rbf,eddm+hedge@e1g0.5,0.8659217877095005
syn,rbf_s10,rbf,eddm+hedge@e4g0.5,0.9776536312849138
syn,rbf_s10,rbf,eddm+hedge@e8g0.5,0.9553072625698378
syn,rbf_s10,rbf,eddm+hedge@e2g0.25,0.8659217877095005
syn,rbf_s10,rbf,eddm+hedge@e2g0.75,0.9553072625698156
syn,rbf_s10,rbf,eddm+hedge@e2g0.9,0.938547486033503
syn,rbf_s10,rbf,fhddm,0.44134078212287875
syn,rbf_s10,rbf,fhddm+hedge,0.46368715083797696
syn,rbf_s10,rbf,fhddm+hedge@e0.5g0.5,0.43016759776535185
syn,rbf_s10,rbf,fhddm+hedge@e1g0.5,0.44134078212287875
syn,rbf_s10,rbf,fhddm+hedge@e4g0.5,0.47486033519550386
syn,rbf_s10,rbf,fhddm+hedge@e8g0.5,0.47486033519552606
syn,rbf_s10,rbf,fhddm+hedge@e2g0.25,0.45251396648042785
syn,rbf_s10,rbf,fhddm+hedge@e2g0.75,0.4692737430167404
syn,rbf_s10,rbf,fhddm+hedge@e2g0.9,0.47486033519550386
syn,rbf_s10,rbf,hddma,0.9497206703910521
syn,rbf_s10,rbf,hddma+hedge,0.8324022346368753
syn,rbf_s10,rbf,hddma+hedge@e0.5g0.5,0.8044692737430137
syn,rbf_s10,rbf,hddma+hedge@e1g0.5,0.8268156424581119
syn,rbf_s10,rbf,hddma+hedge@e4g0.5,0.8491620111731879
syn,rbf_s10,rbf,hddma+hedge@e8g0.5,0.8994413407821145
syn,rbf_s10,rbf,hddma+hedge@e2g0.25,0.8212290502793262
syn,rbf_s10,rbf,hddma+hedge@e2g0.75,0.8547486033519736
syn,rbf_s10,rbf,hddma+hedge@e2g0.9,0.8938547486033288
syn,rbf_s10,rbf,hddmw,0.9497206703910521
syn,rbf_s10,rbf,hddmw+hedge,0.8324022346368753
syn,rbf_s10,rbf,hddmw+hedge@e0.5g0.5,0.8044692737430137
syn,rbf_s10,rbf,hddmw+hedge@e1g0.5,0.8268156424581119
syn,rbf_s10,rbf,hddmw+hedge@e4g0.5,0.8491620111731879
syn,rbf_s10,rbf,hddmw+hedge@e8g0.5,0.8994413407821145
syn,rbf_s10,rbf,hddmw+hedge@e2g0.25,0.8212290502793262
syn,rbf_s10,rbf,hddmw+hedge@e2g0.75,0.8547486033519736
syn,rbf_s10,rbf,hddmw+hedge@e2g0.9,0.8938547486033288
syn,rbf_s10,rbf,adwin,0.9497206703910521
syn,rbf_s10,rbf,adwin+hedge,0.8324022346368753
syn,rbf_s10,rbf,adwin+hedge@e0.5g0.5,0.8044692737430137
syn,rbf_s10,rbf,adwin+hedge@e1g0.5,0.8268156424581119
syn,rbf_s10,rbf,adwin+hedge@e4g0.5,0.8491620111731879
syn,rbf_s10,rbf,adwin+hedge@e8g0.5,0.8994413407821145
syn,rbf_s10,rbf,adwin+hedge@e2g0.25,0.8212290502793262
syn,rbf_s10,rbf,adwin+hedge@e2g0.75,0.8547486033519736
syn,rbf_s10,rbf,adwin+hedge@e2g0.9,0.8938547486033288
syn,rbf_s10,rbf,ph,0.9497206703910521
syn,rbf_s10,rbf,ph+hedge,0.8324022346368753
syn,rbf_s10,rbf,ph+hedge@e0.5g0.5,0.8044692737430137
syn,rbf_s10,rbf,ph+hedge@e1g0.5,0.8268156424581119
syn,rbf_s10,rbf,ph+hedge@e4g0.5,0.8491620111731879
syn,rbf_s10,rbf,ph+hedge@e8g0.5,0.8994413407821145
syn,rbf_s10,rbf,ph+hedge@e2g0.25,0.8212290502793262
syn,rbf_s10,rbf,ph+hedge@e2g0.75,0.8547486033519736
syn,rbf_s10,rbf,ph+hedge@e2g0.9,0.8938547486033288
syn,rbf_s10,rbf,kswin,0.9497206703910521
syn,rbf_s10,rbf,kswin+hedge,0.8324022346368753
syn,rbf_s10,rbf,kswin+hedge@e0.5g0.5,0.8044692737430137
syn,rbf_s10,rbf,kswin+hedge@e1g0.5,0.8268156424581119
syn,rbf_s10,rbf,kswin+hedge@e4g0.5,0.8491620111731879
syn,rbf_s10,rbf,kswin+hedge@e8g0.5,0.8994413407821145
syn,rbf_s10,rbf,kswin+hedge@e2g0.25,0.8212290502793262
syn,rbf_s10,rbf,kswin+hedge@e2g0.75,0.8547486033519736
syn,rbf_s10,rbf,kswin+hedge@e2g0.9,0.8938547486033288
syn,rbf_s11,rbf,ddm,-0.01675977653629035
syn,rbf_s11,rbf,ddm+hedge,0.8268156424581119
syn,rbf_s11,rbf,ddm+hedge@e0.5g0.5,0.8324022346368753
syn,rbf_s11,rbf,ddm+hedge@e1g0.5,0.8212290502793484
syn,rbf_s11,rbf,ddm+hedge@e4g0.5,0.8212290502793484
syn,rbf_s11,rbf,ddm+hedge@e8g0.5,0.8491620111732101
syn,rbf_s11,rbf,ddm+hedge@e2g0.25,0.8268156424581119
syn,rbf_s11,rbf,ddm+hedge@e2g0.75,0.8212290502793484
syn,rbf_s11,rbf,ddm+hedge@e2g0.9,0.8212290502793484
syn,rbf_s11,rbf,eddm,2.220446049250313e-14
syn,rbf_s11,rbf,eddm+hedge,0.7821229050279599
syn,rbf_s11,rbf,eddm+hedge@e0.5g0.5,0.7932960893854868
syn,rbf_s11,rbf,eddm+hedge@e1g0.5,0.7430167597765602
syn,rbf_s11,rbf,eddm+hedge@e4g0.5,0.8100558659217993
syn,rbf_s11,rbf,eddm+hedge@e8g0.5,0.8659217877095116
syn,rbf_s11,rbf,eddm+hedge@e2g0.25,0.7653631284916251
syn,rbf_s11,rbf,eddm+hedge@e2g0.75,0.7988826815642502
syn,rbf_s11,rbf,eddm+hedge@e2g0.9,0.7988826815642502
syn,rbf_s11,rbf,fhddm,0.48603351955309737
syn,rbf_s11,rbf,fhddm+hedge,0.5530726256983365
syn,rbf_s11,rbf,fhddm+hedge@e0.5g0.5,0.558659217877111
syn,rbf_s11,rbf,fhddm+hedge@e1g0.5,0.5418994413407985
syn,rbf_s11,rbf,fhddm+hedge@e4g0.5,0.5865921787709616
syn,rbf_s11,rbf,fhddm+hedge@e8g0.5,0.6145251396648233
syn,rbf_s11,rbf,fhddm+hedge@e2g0.25,0.558659217877111
syn,rbf_s11,rbf,fhddm+hedge@e2g0.75,0.5530726256983365
syn,rbf_s11,rbf,fhddm+hedge@e2g0.9,0.5698324022346601
syn,rbf_s11,rbf,hddma,0.9608938547486234
syn,rbf_s11,rbf,hddma+hedge,0.8938547486033732
syn,rbf_s11,rbf,hddma+hedge@e0.5g0.5,0.8826815642458352
syn,rbf_s11,rbf,hddma+hedge@e1g0.5,0.8715083798882861
syn,rbf_s11,rbf,hddma+hedge@e4g0.5,0.8882681564245876
syn,rbf_s11,rbf,hddma+hedge@e8g0.5,0.9608938547486234
syn,rbf_s11,rbf,hddma+hedge@e2g0.25,0.8938547486033732
syn,rbf_s11,rbf,hddma+hedge@e2g0.75,0.8994413407821367
syn,rbf_s11,rbf,hddma+hedge@e2g0.9,0.9162011173184603
syn,rbf_s11,rbf,hddmw,0.9608938547486234
syn,rbf_s11,rbf,hddmw+hedge,0.8938547486033732
syn,rbf_s11,rbf,hddmw+hedge@e0.5g0.5,0.8826815642458352
syn,rbf_s11,rbf,hddmw+hedge@e1g0.5,0.8715083798882861
syn,rbf_s11,rbf,hddmw+hedge@e4g0.5,0.8882681564245876
syn,rbf_s11,rbf,hddmw+hedge@e8g0.5,0.9608938547486234
syn,rbf_s11,rbf,hddmw+hedge@e2g0.25,0.8938547486033732
syn,rbf_s11,rbf,hddmw+hedge@e2g0.75,0.8994413407821367
syn,rbf_s11,rbf,hddmw+hedge@e2g0.9,0.9162011173184603
syn,rbf_s11,rbf,adwin,0.9608938547486234
syn,rbf_s11,rbf,adwin+hedge,0.8938547486033732
syn,rbf_s11,rbf,adwin+hedge@e0.5g0.5,0.8826815642458352
syn,rbf_s11,rbf,adwin+hedge@e1g0.5,0.8715083798882861
syn,rbf_s11,rbf,adwin+hedge@e4g0.5,0.8882681564245876
syn,rbf_s11,rbf,adwin+hedge@e8g0.5,0.9608938547486234
syn,rbf_s11,rbf,adwin+hedge@e2g0.25,0.8938547486033732
syn,rbf_s11,rbf,adwin+hedge@e2g0.75,0.8994413407821367
syn,rbf_s11,rbf,adwin+hedge@e2g0.9,0.9162011173184603
syn,rbf_s11,rbf,ph,0.9608938547486234
syn,rbf_s11,rbf,ph+hedge,0.8938547486033732
syn,rbf_s11,rbf,ph+hedge@e0.5g0.5,0.8826815642458352
syn,rbf_s11,rbf,ph+hedge@e1g0.5,0.8715083798882861
syn,rbf_s11,rbf,ph+hedge@e4g0.5,0.8882681564245876
syn,rbf_s11,rbf,ph+hedge@e8g0.5,0.9608938547486234
syn,rbf_s11,rbf,ph+hedge@e2g0.25,0.8938547486033732
syn,rbf_s11,rbf,ph+hedge@e2g0.75,0.8994413407821367
syn,rbf_s11,rbf,ph+hedge@e2g0.9,0.9162011173184603
syn,rbf_s11,rbf,kswin,0.9608938547486234
syn,rbf_s11,rbf,kswin+hedge,0.8938547486033732
syn,rbf_s11,rbf,kswin+hedge@e0.5g0.5,0.8826815642458352
syn,rbf_s11,rbf,kswin+hedge@e1g0.5,0.8715083798882861
syn,rbf_s11,rbf,kswin+hedge@e4g0.5,0.8882681564245876
syn,rbf_s11,rbf,kswin+hedge@e8g0.5,0.9608938547486234
syn,rbf_s11,rbf,kswin+hedge@e2g0.25,0.8938547486033732
syn,rbf_s11,rbf,kswin+hedge@e2g0.75,0.8994413407821367
syn,rbf_s11,rbf,kswin+hedge@e2g0.9,0.9162011173184603
syn,rbf_s12,rbf,ddm,0.7709497206703997
syn,rbf_s12,rbf,ddm+hedge,0.8268156424581008
syn,rbf_s12,rbf,ddm+hedge@e0.5g0.5,0.8212290502793373
syn,rbf_s12,rbf,ddm+hedge@e1g0.5,0.8212290502793373
syn,rbf_s12,rbf,ddm+hedge@e4g0.5,0.860335195530737
syn,rbf_s12,rbf,ddm+hedge@e8g0.5,0.8826815642458241
syn,rbf_s12,rbf,ddm+hedge@e2g0.25,0.8268156424581008
syn,rbf_s12,rbf,ddm+hedge@e2g0.75,0.8435754189944356
syn,rbf_s12,rbf,ddm+hedge@e2g0.9,0.860335195530737
syn,rbf_s12,rbf,eddm,0.11731843575421008
syn,rbf_s12,rbf,eddm+hedge,0.849162011173199
syn,rbf_s12,rbf,eddm+hedge@e0.5g0.5,0.8212290502793373
syn,rbf_s12,rbf,eddm+hedge@e1g0.5,0.8268156424581008
syn,rbf_s12,rbf,eddm+hedge@e4g0.5,0.9608938547486123
syn,rbf_s12,rbf,eddm+hedge@e8g0.5,0.9106145251396858
syn,rbf_s12,rbf,eddm+hedge@e2g0.25,0.8324022346368753
syn,rbf_s12,rbf,eddm+hedge@e2g0.75,0.8882681564245987
syn,rbf_s12,rbf,eddm+hedge@e2g0.9,0.8882681564245987
syn,rbf_s12,rbf,fhddm,0.3798882681564253
syn,rbf_s12,rbf,fhddm+hedge,0.4916201117318719
syn,rbf_s12,rbf,fhddm+hedge@e0.5g0.5,0.4804469273743006
syn,rbf_s12,rbf,fhddm+hedge@e1g0.5,0.48603351955307517
syn,rbf_s12,rbf,fhddm+hedge@e4g0.5,0.5027932960893988
syn,rbf_s12,rbf,fhddm+hedge@e8g0.5,0.4692737430167737
syn,rbf_s12,rbf,fhddm+hedge@e2g0.25,0.48603351955309737
syn,rbf_s12,rbf,fhddm+hedge@e2g0.75,0.5027932960893988
syn,rbf_s12,rbf,fhddm+hedge@e2g0.9,0.4916201117318497
syn,rbf_s12,rbf,hddma,0.9217877094972238
syn,rbf_s12,rbf,hddma+hedge,0.860335195530737
syn,rbf_s12,rbf,hddma+hedge@e0.5g0.5,0.8435754189944245
syn,rbf_s12,rbf,hddma+hedge@e1g0.5,0.860335195530737
syn,rbf_s12,rbf,hddma+hedge@e4g0.5,0.9050279329609112
syn,rbf_s12,rbf,hddma+hedge@e8g0.5,0.9329608938547507
syn,rbf_s12,rbf,hddma+hedge@e2g0.25,0.860335195530737
syn,rbf_s12,rbf,hddma+hedge@e2g0.75,0.8882681564245987
syn,rbf_s12,rbf,hddma+hedge@e2g0.9,0.9050279329609223
syn,rbf_s12,rbf,hddmw,0.9217877094972238
syn,rbf_s12,rbf,hddmw+hedge,0.860335195530737
syn,rbf_s12,rbf,hddmw+hedge@e0.5g0.5,0.8435754189944245
syn,rbf_s12,rbf,hddmw+hedge@e1g0.5,0.860335195530737
syn,rbf_s12,rbf,hddmw+hedge@e4g0.5,0.9050279329609112
syn,rbf_s12,rbf,hddmw+hedge@e8g0.5,0.9329608938547507
syn,rbf_s12,rbf,hddmw+hedge@e2g0.25,0.860335195530737
syn,rbf_s12,rbf,hddmw+hedge@e2g0.75,0.8882681564245987
syn,rbf_s12,rbf,hddmw+hedge@e2g0.9,0.9050279329609223
syn,rbf_s12,rbf,adwin,0.9217877094972238
syn,rbf_s12,rbf,adwin+hedge,0.860335195530737
syn,rbf_s12,rbf,adwin+hedge@e0.5g0.5,0.8435754189944245
syn,rbf_s12,rbf,adwin+hedge@e1g0.5,0.860335195530737
syn,rbf_s12,rbf,adwin+hedge@e4g0.5,0.9050279329609112
syn,rbf_s12,rbf,adwin+hedge@e8g0.5,0.9329608938547507
syn,rbf_s12,rbf,adwin+hedge@e2g0.25,0.860335195530737
syn,rbf_s12,rbf,adwin+hedge@e2g0.75,0.8882681564245987
syn,rbf_s12,rbf,adwin+hedge@e2g0.9,0.9050279329609223
syn,rbf_s12,rbf,ph,0.9217877094972238
syn,rbf_s12,rbf,ph+hedge,0.860335195530737
syn,rbf_s12,rbf,ph+hedge@e0.5g0.5,0.8435754189944245
syn,rbf_s12,rbf,ph+hedge@e1g0.5,0.860335195530737
syn,rbf_s12,rbf,ph+hedge@e4g0.5,0.9050279329609112
syn,rbf_s12,rbf,ph+hedge@e8g0.5,0.9329608938547507
syn,rbf_s12,rbf,ph+hedge@e2g0.25,0.860335195530737
syn,rbf_s12,rbf,ph+hedge@e2g0.75,0.8882681564245987
syn,rbf_s12,rbf,ph+hedge@e2g0.9,0.9050279329609223
syn,rbf_s12,rbf,kswin,0.9217877094972238
syn,rbf_s12,rbf,kswin+hedge,0.860335195530737
syn,rbf_s12,rbf,kswin+hedge@e0.5g0.5,0.8435754189944245
syn,rbf_s12,rbf,kswin+hedge@e1g0.5,0.860335195530737
syn,rbf_s12,rbf,kswin+hedge@e4g0.5,0.9050279329609112
syn,rbf_s12,rbf,kswin+hedge@e8g0.5,0.9329608938547507
syn,rbf_s12,rbf,kswin+hedge@e2g0.25,0.860335195530737
syn,rbf_s12,rbf,kswin+hedge@e2g0.75,0.8882681564245987
syn,rbf_s12,rbf,kswin+hedge@e2g0.9,0.9050279329609223
syn,rbf_s13,rbf,ddm,0.8770949720670163
syn,rbf_s13,rbf,ddm+hedge,0.9776536312849027
syn,rbf_s13,rbf,ddm+hedge@e0.5g0.5,0.9664804469273536
syn,rbf_s13,rbf,ddm+hedge@e1g0.5,0.9720670391061392
syn,rbf_s13,rbf,ddm+hedge@e4g0.5,0.9776536312849138
syn,rbf_s13,rbf,ddm+hedge@e8g0.5,0.9944134078212152
syn,rbf_s13,rbf,ddm+hedge@e2g0.25,0.9776536312849027
syn,rbf_s13,rbf,ddm+hedge@e2g0.75,0.9888268156424518
syn,rbf_s13,rbf,ddm+hedge@e2g0.9,0.9776536312849138
syn,rbf_s13,rbf,eddm,-0.7374301675977968
syn,rbf_s13,rbf,eddm+hedge,0.7206703910614509
syn,rbf_s13,rbf,eddm+hedge@e0.5g0.5,0.7709497206703886
syn,rbf_s13,rbf,eddm+hedge@e1g0.5,0.7988826815642391
syn,rbf_s13,rbf,eddm+hedge@e4g0.5,0.5754189944133903
syn,rbf_s13,rbf,eddm+hedge@e8g0.5,0.5418994413407652
syn,rbf_s13,rbf,eddm+hedge@e2g0.25,0.8212290502793151
syn,rbf_s13,rbf,eddm+hedge@e2g0.75,0.7039106145251384
syn,rbf_s13,rbf,eddm+hedge@e2g0.9,0.7094972067039018
syn,rbf_s13,rbf,fhddm,0.3910614525139633
syn,rbf_s13,rbf,fhddm+hedge,0.6201117318435534
syn,rbf_s13,rbf,fhddm+hedge@e0.5g0.5,0.5977653631284885
syn,rbf_s13,rbf,fhddm+hedge@e1g0.5,0.6033519553072519
syn,rbf_s13,rbf,fhddm+hedge@e4g0.5,0.6033519553072519
syn,rbf_s13,rbf,fhddm+hedge@e8g0.5,0.5754189944133903
syn,rbf_s13,rbf,fhddm+hedge@e2g0.25,0.6201117318435534
syn,rbf_s13,rbf,fhddm+hedge@e2g0.75,0.6201117318435534
syn,rbf_s13,rbf,fhddm+hedge@e2g0.9,0.6089385474860154
syn,rbf_s13,rbf,hddma,0.9106145251396636
syn,rbf_s13,rbf,hddma+hedge,0.9944134078212152
syn,rbf_s13,rbf,hddma+hedge@e0.5g0.5,1.0000000000000009
syn,rbf_s13,rbf,hddma+hedge@e1g0.5,0.9999999999999787
syn,rbf_s13,rbf,hddma+hedge@e4g0.5,0.9776536312849138
syn,rbf_s13,rbf,hddma+hedge@e8g0.5,0.9888268156424518
syn,rbf_s13,rbf,hddma+hedge@e2g0.25,1.0000000000000009
syn,rbf_s13,rbf,hddma+hedge@e2g0.75,1.0000000000000009
syn,rbf_s13,rbf,hddma+hedge@e2g0.9,0.9832402234636772
syn,rbf_s13,rbf,hddmw,0.9106145251396636
syn,rbf_s13,rbf,hddmw+hedge,0.9944134078212152
syn,rbf_s13,rbf,hddmw+hedge@e0.5g0.5,1.0000000000000009
syn,rbf_s13,rbf,hddmw+hedge@e1g0.5,0.9999999999999787
syn,rbf_s13,rbf,hddmw+hedge@e4g0.5,0.9776536312849138
syn,rbf_s13,rbf,hddmw+hedge@e8g0.5,0.9888268156424518
syn,rbf_s13,rbf,hddmw+hedge@e2g0.25,1.0000000000000009
syn,rbf_s13,rbf,hddmw+hedge@e2g0.75,1.0000000000000009
syn,rbf_s13,rbf,hddmw+hedge@e2g0.9,0.9832402234636772
syn,rbf_s13,rbf,adwin,0.9106145251396636
syn,rbf_s13,rbf,adwin+hedge,0.9944134078212152
syn,rbf_s13,rbf,adwin+hedge@e0.5g0.5,1.0000000000000009
syn,rbf_s13,rbf,adwin+hedge@e1g0.5,0.9999999999999787
syn,rbf_s13,rbf,adwin+hedge@e4g0.5,0.9776536312849138
syn,rbf_s13,rbf,adwin+hedge@e8g0.5,0.9888268156424518
syn,rbf_s13,rbf,adwin+hedge@e2g0.25,1.0000000000000009
syn,rbf_s13,rbf,adwin+hedge@e2g0.75,1.0000000000000009
syn,rbf_s13,rbf,adwin+hedge@e2g0.9,0.9832402234636772
syn,rbf_s13,rbf,ph,0.9106145251396636
syn,rbf_s13,rbf,ph+hedge,0.9944134078212152
syn,rbf_s13,rbf,ph+hedge@e0.5g0.5,1.0000000000000009
syn,rbf_s13,rbf,ph+hedge@e1g0.5,0.9999999999999787
syn,rbf_s13,rbf,ph+hedge@e4g0.5,0.9776536312849138
syn,rbf_s13,rbf,ph+hedge@e8g0.5,0.9888268156424518
syn,rbf_s13,rbf,ph+hedge@e2g0.25,1.0000000000000009
syn,rbf_s13,rbf,ph+hedge@e2g0.75,1.0000000000000009
syn,rbf_s13,rbf,ph+hedge@e2g0.9,0.9832402234636772
syn,rbf_s13,rbf,kswin,0.9106145251396636
syn,rbf_s13,rbf,kswin+hedge,0.9944134078212152
syn,rbf_s13,rbf,kswin+hedge@e0.5g0.5,1.0000000000000009
syn,rbf_s13,rbf,kswin+hedge@e1g0.5,0.9999999999999787
syn,rbf_s13,rbf,kswin+hedge@e4g0.5,0.9776536312849138
syn,rbf_s13,rbf,kswin+hedge@e8g0.5,0.9888268156424518
syn,rbf_s13,rbf,kswin+hedge@e2g0.25,1.0000000000000009
syn,rbf_s13,rbf,kswin+hedge@e2g0.75,1.0000000000000009
syn,rbf_s13,rbf,kswin+hedge@e2g0.9,0.9832402234636772
syn,rbf_s14,rbf,ddm,1.2458100558659368
syn,rbf_s14,rbf,ddm+hedge,1.055865921787702
syn,rbf_s14,rbf,ddm+hedge@e0.5g0.5,1.0055865921787754
syn,rbf_s14,rbf,ddm+hedge@e1g0.5,1.0279329608938625
syn,rbf_s14,rbf,ddm+hedge@e4g0.5,1.06703910614524
syn,rbf_s14,rbf,ddm+hedge@e8g0.5,1.0949720670391017
syn,rbf_s14,rbf,ddm+hedge@e2g0.25,1.022346368715077
syn,rbf_s14,rbf,ddm+hedge@e2g0.75,1.0726256983240146
syn,rbf_s14,rbf,ddm+hedge@e2g0.9,1.0782122905028002
syn,rbf_s14,rbf,eddm,0.5977653631284885
syn,rbf_s14,rbf,eddm+hedge,1.0670391061452622
syn,rbf_s14,rbf,eddm+hedge@e0.5g0.5,1.044692737430175
syn,rbf_s14,rbf,eddm+hedge@e1g0.5,1.0167597765363245
syn,rbf_s14,rbf,eddm+hedge@e4g0.5,1.0726256983240368
syn,rbf_s14,rbf,eddm+hedge@e8g0.5,1.2122905027933117
syn,rbf_s14,rbf,eddm+hedge@e2g0.25,1.01117318435755
syn,rbf_s14,rbf,eddm+hedge@e2g0.75,1.1061452513966397
syn,rbf_s14,rbf,eddm+hedge@e2g0.9,1.1173184357541888
syn,rbf_s14,rbf,fhddm,0.6703910614525133
syn,rbf_s14,rbf,fhddm+hedge,0.7877094972067011
syn,rbf_s14,rbf,fhddm+hedge@e0.5g0.5,0.7988826815642502
syn,rbf_s14,rbf,fhddm+hedge@e1g0.5,0.7877094972067011
syn,rbf_s14,rbf,fhddm+hedge@e4g0.5,0.7932960893854868
syn,rbf_s14,rbf,fhddm+hedge@e8g0.5,0.8100558659217882
syn,rbf_s14,rbf,fhddm+hedge@e2g0.25,0.7877094972067011
syn,rbf_s14,rbf,fhddm+hedge@e2g0.75,0.8100558659217882
syn,rbf_s14,rbf,fhddm+hedge@e2g0.9,0.8044692737430137
syn,rbf_s14,rbf,hddma,1.3072625698324014
syn,rbf_s14,rbf,hddma+hedge,1.0949720670391017
syn,rbf_s14,rbf,hddma+hedge@e0.5g0.5,1.0391061452514005
syn,rbf_s14,rbf,hddma+hedge@e1g0.5,1.0614525139664877
syn,rbf_s14,rbf,hddma+hedge@e4g0.5,1.1061452513966397
syn,rbf_s14,rbf,hddma+hedge@e8g0.5,1.139664804469287
syn,rbf_s14,rbf,hddma+hedge@e2g0.25,1.055865921787702
syn,rbf_s14,rbf,hddma+hedge@e2g0.75,1.1117318435754142
syn,rbf_s14,rbf,hddma+hedge@e2g0.9,1.1229050279329522
syn,rbf_s14,rbf,hddmw,1.3072625698324014
syn,rbf_s14,rbf,hddmw+hedge,1.0949720670391017
syn,rbf_s14,rbf,hddmw+hedge@e0.5g0.5,1.0391061452514005
syn,rbf_s14,rbf,hddmw+hedge@e1g0.5,1.0614525139664877
syn,rbf_s14,rbf,hddmw+hedge@e4g0.5,1.1061452513966397
syn,rbf_s14,rbf,hddmw+hedge@e8g0.5,1.139664804469287
syn,rbf_s14,rbf,hddmw+hedge@e2g0.25,1.055865921787702
syn,rbf_s14,rbf,hddmw+hedge@e2g0.75,1.1117318435754142
syn,rbf_s14,rbf,hddmw+hedge@e2g0.9,1.1229050279329522
syn,rbf_s14,rbf,adwin,1.3072625698324014
syn,rbf_s14,rbf,adwin+hedge,1.0949720670391017
syn,rbf_s14,rbf,adwin+hedge@e0.5g0.5,1.0391061452514005
syn,rbf_s14,rbf,adwin+hedge@e1g0.5,1.0614525139664877
syn,rbf_s14,rbf,adwin+hedge@e4g0.5,1.1061452513966397
syn,rbf_s14,rbf,adwin+hedge@e8g0.5,1.139664804469287
syn,rbf_s14,rbf,adwin+hedge@e2g0.25,1.055865921787702
syn,rbf_s14,rbf,adwin+hedge@e2g0.75,1.1117318435754142
syn,rbf_s14,rbf,adwin+hedge@e2g0.9,1.1229050279329522
syn,rbf_s14,rbf,ph,1.3072625698324014
syn,rbf_s14,rbf,ph+hedge,1.0949720670391017
syn,rbf_s14,rbf,ph+hedge@e0.5g0.5,1.0391061452514005
syn,rbf_s14,rbf,ph+hedge@e1g0.5,1.0614525139664877
syn,rbf_s14,rbf,ph+hedge@e4g0.5,1.1061452513966397
syn,rbf_s14,rbf,ph+hedge@e8g0.5,1.139664804469287
syn,rbf_s14,rbf,ph+hedge@e2g0.25,1.055865921787702
syn,rbf_s14,rbf,ph+hedge@e2g0.75,1.1117318435754142
syn,rbf_s14,rbf,ph+hedge@e2g0.9,1.1229050279329522
syn,rbf_s14,rbf,kswin,1.3072625698324014
syn,rbf_s14,rbf,kswin+hedge,1.0949720670391017
syn,rbf_s14,rbf,kswin+hedge@e0.5g0.5,1.0391061452514005
syn,rbf_s14,rbf,kswin+hedge@e1g0.5,1.0614525139664877
syn,rbf_s14,rbf,kswin+hedge@e4g0.5,1.1061452513966397
syn,rbf_s14,rbf,kswin+hedge@e8g0.5,1.139664804469287
syn,rbf_s14,rbf,kswin+hedge@e2g0.25,1.055865921787702
syn,rbf_s14,rbf,kswin+hedge@e2g0.75,1.1117318435754142
syn,rbf_s14,rbf,kswin+hedge@e2g0.9,1.1229050279329522
syn,sea_s10,sea,ddm,1.6927374301676013
syn,sea_s10,sea,ddm+hedge,1.4357541899441273
syn,sea_s10,sea,ddm+hedge@e0.5g0.5,1.4078212290502878
syn,sea_s10,sea,ddm+hedge@e1g0.5,1.418994413407837
syn,sea_s10,sea,ddm+hedge@e4g0.5,1.5474860335195406
syn,sea_s10,sea,ddm+hedge@e8g0.5,1.581005586592188
syn,sea_s10,sea,ddm+hedge@e2g0.25,1.4134078212290624
syn,sea_s10,sea,ddm+hedge@e2g0.75,1.4916201117318506
syn,sea_s10,sea,ddm+hedge@e2g0.9,1.4916201117318395
syn,sea_s10,sea,eddm,1.4078212290502878
syn,sea_s10,sea,eddm+hedge,1.3072625698324014
syn,sea_s10,sea,eddm+hedge@e0.5g0.5,1.2737430167597763
syn,sea_s10,sea,eddm+hedge@e1g0.5,1.2960893854748523
syn,sea_s10,sea,eddm+hedge@e4g0.5,1.2905027932960889
syn,sea_s10,sea,eddm+hedge@e8g0.5,1.301675977653638
syn,sea_s10,sea,eddm+hedge@e2g0.25,1.3016759776536269
syn,sea_s10,sea,eddm+hedge@e2g0.75,1.3184357541899505
syn,sea_s10,sea,eddm+hedge@e2g0.9,1.3184357541899505
syn,sea_s10,sea,fhddm,0.0
syn,sea_s10,sea,fhddm+hedge,0.0
syn,sea_s10,sea,fhddm+hedge@e0.5g0.5,0.0
syn,sea_s10,sea,fhddm+hedge@e1g0.5,0.0
syn,sea_s10,sea,fhddm+hedge@e4g0.5,0.0
syn,sea_s10,sea,fhddm+hedge@e8g0.5,0.0
syn,sea_s10,sea,fhddm+hedge@e2g0.25,0.0
syn,sea_s10,sea,fhddm+hedge@e2g0.75,0.0
syn,sea_s10,sea,fhddm+hedge@e2g0.9,0.0
syn,sea_s10,sea,hddma,0.5418994413407763
syn,sea_s10,sea,hddma+hedge,0.5530726256983254
syn,sea_s10,sea,hddma+hedge@e0.5g0.5,0.5474860335195508
syn,sea_s10,sea,hddma+hedge@e1g0.5,0.5474860335195508
syn,sea_s10,sea,hddma+hedge@e4g0.5,0.5698324022346379
syn,sea_s10,sea,hddma+hedge@e8g0.5,0.5754189944134125
syn,sea_s10,sea,hddma+hedge@e2g0.25,0.5474860335195508
syn,sea_s10,sea,hddma+hedge@e2g0.75,0.5530726256983254
syn,sea_s10,sea,hddma+hedge@e2g0.9,0.5530726256983254
syn,sea_s10,sea,hddmw,0.0
syn,sea_s10,sea,hddmw+hedge,0.0
syn,sea_s10,sea,hddmw+hedge@e0.5g0.5,0.0
syn,sea_s10,sea,hddmw+hedge@e1g0.5,0.0
syn,sea_s10,sea,hddmw+hedge@e4g0.5,0.0
syn,sea_s10,sea,hddmw+hedge@e8g0.5,0.0
syn,sea_s10,sea,hddmw+hedge@e2g0.25,0.0
syn,sea_s10,sea,hddmw+hedge@e2g0.75,0.0
syn,sea_s10,sea,hddmw+hedge@e2g0.9,0.0
syn,sea_s10,sea,adwin,1.6815642458100633
syn,sea_s10,sea,adwin+hedge,1.5307262569832503
syn,sea_s10,sea,adwin+hedge@e0.5g0.5,1.4581005586592255
syn,sea_s10,sea,adwin+hedge@e1g0.5,1.5027932960893886
syn,sea_s10,sea,adwin+hedge@e4g0.5,1.5698324022346388
syn,sea_s10,sea,adwin+hedge@e8g0.5,1.603351955307264
syn,sea_s10,sea,adwin+hedge@e2g0.25,1.5251396648044757
syn,sea_s10,sea,adwin+hedge@e2g0.75,1.5698324022346388
syn,sea_s10,sea,adwin+hedge@e2g0.9,1.581005586592188
syn,sea_s10,sea,ph,0.2849162011173134
syn,sea_s10,sea,ph+hedge,0.2737430167597865
syn,sea_s10,sea,ph+hedge@e0.5g0.5,0.2737430167597865
syn,sea_s10,sea,ph+hedge@e1g0.5,0.2737430167597865
syn,sea_s10,sea,ph+hedge@e4g0.5,0.32960893854748763
syn,sea_s10,sea,ph+hedge@e8g0.5,0.2849162011173134
syn,sea_s10,sea,ph+hedge@e2g0.25,0.2737430167597865
syn,sea_s10,sea,ph+hedge@e2g0.75,0.27932960893854997
syn,sea_s10,sea,ph+hedge@e2g0.9,0.27932960893854997
syn,sea_s10,sea,kswin,0.0
syn,sea_s10,sea,kswin+hedge,0.0
syn,sea_s10,sea,kswin+hedge@e0.5g0.5,0.0
syn,sea_s10,sea,kswin+hedge@e1g0.5,0.0
syn,sea_s10,sea,kswin+hedge@e4g0.5,0.0
syn,sea_s10,sea,kswin+hedge@e8g0.5,0.0
syn,sea_s10,sea,kswin+hedge@e2g0.25,0.0
syn,sea_s10,sea,kswin+hedge@e2g0.75,0.0
syn,sea_s10,sea,kswin+hedge@e2g0.9,0.0
syn,sea_s11,sea,ddm,1.7541899441340658
syn,sea_s11,sea,ddm+hedge,1.8268156424580795
syn,sea_s11,sea,ddm+hedge@e0.5g0.5,1.6648044692737507
syn,sea_s11,sea,ddm+hedge@e1g0.5,1.7597765363128515
syn,sea_s11,sea,ddm+hedge@e4g0.5,1.8379888268156508
syn,sea_s11,sea,ddm+hedge@e8g0.5,1.8826815642458028
syn,sea_s11,sea,ddm+hedge@e2g0.25,1.7821229050279275
syn,sea_s11,sea,ddm+hedge@e2g0.75,1.79888268156424
syn,sea_s11,sea,ddm+hedge@e2g0.9,1.8100558659217891
syn,sea_s11,sea,eddm,1.2681564245809906
syn,sea_s11,sea,eddm+hedge,1.2681564245809906
syn,sea_s11,sea,eddm+hedge@e0.5g0.5,1.2849162011173143
syn,sea_s11,sea,eddm+hedge@e1g0.5,1.2737430167597763
syn,sea_s11,sea,eddm+hedge@e4g0.5,1.24022346368714
syn,sea_s11,sea,eddm+hedge@e8g0.5,1.1955307262569659
syn,sea_s11,sea,eddm+hedge@e2g0.25,1.2625698324022272
syn,sea_s11,sea,eddm+hedge@e2g0.75,1.273743016759754
syn,sea_s11,sea,eddm+hedge@e2g0.9,1.2681564245809906
syn,sea_s11,sea,fhddm,0.0
syn,sea_s11,sea,fhddm+hedge,0.0
syn,sea_s11,sea,fhddm+hedge@e0.5g0.5,0.0
syn,sea_s11,sea,fhddm+hedge@e1g0.5,0.0
syn,sea_s11,sea,fhddm+hedge@e4g0.5,0.0
syn,sea_s11,sea,fhddm+hedge@e8g0.5,0.0
syn,sea_s11,sea,fhddm+hedge@e2g0.25,0.0
syn,sea_s11,sea,fhddm+hedge@e2g0.75,0.0
syn,sea_s11,sea,fhddm+hedge@e2g0.9,0.0
syn,sea_s11,sea,hddma,0.5698324022346268
syn,sea_s11,sea,hddma+hedge,0.5195530726257003
syn,sea_s11,sea,hddma+hedge@e0.5g0.5,0.5083798882681512
syn,sea_s11,sea,hddma+hedge@e1g0.5,0.5083798882681512
syn,sea_s11,sea,hddma+hedge@e4g0.5,0.5418994413407652
syn,sea_s11,sea,hddma+hedge@e8g0.5,0.5530726256983254
syn,sea_s11,sea,hddma+hedge@e2g0.25,0.5139664804469257
syn,sea_s11,sea,hddma+hedge@e2g0.75,0.5307262569832272
syn,sea_s11,sea,hddma+hedge@e2g0.9,0.5307262569832272
syn,sea_s11,sea,hddmw,0.0
syn,sea_s11,sea,hddmw+hedge,0.0
syn,sea_s11,sea,hddmw+hedge@e0.5g0.5,0.0
syn,sea_s11,sea,hddmw+hedge@e1g0.5,0.0
syn,sea_s11,sea,hddmw+hedge@e4g0.5,0.0
syn,sea_s11,sea,hddmw+hedge@e8g0.5,0.0
syn,sea_s11,sea,hddmw+hedge@e2g0.25,0.0
syn,sea_s11,sea,hddmw+hedge@e2g0.75,0.0
syn,sea_s11,sea,hddmw+hedge@e2g0.9,0.0
syn,sea_s11,sea,adwin,1.765363128491615
syn,sea_s11,sea,adwin+hedge,1.6145251396647908
syn,sea_s11,sea,adwin+hedge@e0.5g0.5,1.5307262569832392
syn,sea_s11,sea,adwin+hedge@e1g0.5,1.6089385474860274
syn,sea_s11,sea,adwin+hedge@e4g0.5,1.6536312849162016
syn,sea_s11,sea,adwin+hedge@e8g0.5,1.6592178770949872
syn,sea_s11,sea,adwin+hedge@e2g0.25,1.6089385474860274
syn,sea_s11,sea,adwin+hedge@e2g0.75,1.6145251396647908
syn,sea_s11,sea,adwin+hedge@e2g0.9,1.62569832402234
syn,sea_s11,sea,ph,0.2625698324022263
syn,sea_s11,sea,ph+hedge,0.26815642458098976
syn,sea_s11,sea,ph+hedge@e0.5g0.5,0.2625698324022152
syn,sea_s11,sea,ph+hedge@e1g0.5,0.26815642458098976
syn,sea_s11,sea,ph+hedge@e4g0.5,0.26815642458098976
syn,sea_s11,sea,ph+hedge@e8g0.5,0.26815642458101197
syn,sea_s11,sea,ph+hedge@e2g0.25,0.26815642458098976
syn,sea_s11,sea,ph+hedge@e2g0.75,0.26815642458098976
syn,sea_s11,sea,ph+hedge@e2g0.9,0.26815642458098976
syn,sea_s11,sea,kswin,0.0
syn,sea_s11,sea,kswin+hedge,0.0
syn,sea_s11,sea,kswin+hedge@e0.5g0.5,0.0
syn,sea_s11,sea,kswin+hedge@e1g0.5,0.0
syn,sea_s11,sea,kswin+hedge@e4g0.5,0.0
syn,sea_s11,sea,kswin+hedge@e8g0.5,0.0
syn,sea_s11,sea,kswin+hedge@e2g0.25,0.0
syn,sea_s11,sea,kswin+hedge@e2g0.75,0.0
syn,sea_s11,sea,kswin+hedge@e2g0.9,0.0
syn,sea_s12,sea,ddm,1.832402234636854
syn,sea_s12,sea,ddm+hedge,1.6648044692737396
syn,sea_s12,sea,ddm+hedge@e0.5g0.5,1.6089385474860274
syn,sea_s12,sea,ddm+hedge@e1g0.5,1.6201117318435654
syn,sea_s12,sea,ddm+hedge@e4g0.5,1.7318435754189787
syn,sea_s12,sea,ddm+hedge@e8g0.5,1.8435754189944031
syn,sea_s12,sea,ddm+hedge@e2g0.25,1.6424581005586525
syn,sea_s12,sea,ddm+hedge@e2g0.75,1.692737430167579
syn,sea_s12,sea,ddm+hedge@e2g0.9,1.7094972067038916
syn,sea_s12,sea,eddm,1.474860335195527
syn,sea_s12,sea,eddm+hedge,1.3463687150837789
syn,sea_s12,sea,eddm+hedge@e0.5g0.5,1.4022346368715022
syn,sea_s12,sea,eddm+hedge@e1g0.5,1.4189944134078036
syn,sea_s12,sea,eddm+hedge@e4g0.5,1.3296089385474774
syn,sea_s12,sea,eddm+hedge@e8g0.5,1.357541899441339
syn,sea_s12,sea,eddm+hedge@e2g0.25,1.335195530726252
syn,sea_s12,sea,eddm+hedge@e2g0.75,1.346368715083801
syn,sea_s12,sea,eddm+hedge@e2g0.9,1.357541899441328
syn,sea_s12,sea,fhddm,-0.03910614525138856
syn,sea_s12,sea,fhddm+hedge,-0.016759776536312554
syn,sea_s12,sea,fhddm+hedge@e0.5g0.5,-0.016759776536312554
syn,sea_s12,sea,fhddm+hedge@e1g0.5,-0.016759776536312554
syn,sea_s12,sea,fhddm+hedge@e4g0.5,-0.016759776536312554
syn,sea_s12,sea,fhddm+hedge@e8g0.5,-0.016759776536312554
syn,sea_s12,sea,fhddm+hedge@e2g0.25,-0.016759776536312554
syn,sea_s12,sea,fhddm+hedge@e2g0.75,-0.016759776536312554
syn,sea_s12,sea,fhddm+hedge@e2g0.9,-0.016759776536312554
syn,sea_s12,sea,hddma,0.43016759776535185
syn,sea_s12,sea,hddma+hedge,0.4022346368714902
syn,sea_s12,sea,hddma+hedge@e0.5g0.5,0.38547486033518874
syn,sea_s12,sea,hddma+hedge@e1g0.5,0.38547486033518874
syn,sea_s12,sea,hddma+hedge@e4g0.5,0.4134078212290393
syn,sea_s12,sea,hddma+hedge@e8g0.5,0.4245810055865884
syn,sea_s12,sea,hddma+hedge@e2g0.25,0.4022346368714902
syn,sea_s12,sea,hddma+hedge@e2g0.75,0.4022346368714902
syn,sea_s12,sea,hddma+hedge@e2g0.9,0.4022346368714902
syn,sea_s12,sea,hddmw,0.0
syn,sea_s12,sea,hddmw+hedge,0.0
syn,sea_s12,sea,hddmw+hedge@e0.5g0.5,0.0
syn,sea_s12,sea,hddmw+hedge@e1g0.5,0.0
syn,sea_s12,sea,hddmw+hedge@e4g0.5,0.0
syn,sea_s12,sea,hddmw+hedge@e8g0.5,0.0
syn,sea_s12,sea,hddmw+hedge@e2g0.25,0.0
syn,sea_s12,sea,hddmw+hedge@e2g0.75,0.0
syn,sea_s12,sea,hddmw+hedge@e2g0.9,0.0
syn,sea_s12,sea,adwin,1.8212290502793271
syn,sea_s12,sea,adwin+hedge,1.5642458100558754
syn,sea_s12,sea,adwin+hedge@e0.5g0.5,1.4301675977653638
syn,sea_s12,sea,adwin+hedge@e1g0.5,1.5251396648044646
syn,sea_s12,sea,adwin+hedge@e4g0.5,1.5977653631285005
syn,sea_s12,sea,adwin+hedge@e8g0.5,1.6312849162011256
syn,sea_s12,sea,adwin+hedge@e2g0.25,1.5474860335195406
syn,sea_s12,sea,adwin+hedge@e2g0.75,1.5642458100558754
syn,sea_s12,sea,adwin+hedge@e2g0.9,1.5754189944134023
syn,sea_s12,sea,ph,0.46368715083797696
syn,sea_s12,sea,ph+hedge,0.41899441340782495
syn,sea_s12,sea,ph+hedge@e0.5g0.5,0.4134078212290504
syn,sea_s12,sea,ph+hedge@e1g0.5,0.4134078212290504
syn,sea_s12,sea,ph+hedge@e4g0.5,0.4357541899441153
syn,sea_s12,sea,ph+hedge@e8g0.5,0.4469273743016866
syn,sea_s12,sea,ph+hedge@e2g0.25,0.41899441340782495
syn,sea_s12,sea,ph+hedge@e2g0.75,0.4134078212290504
syn,sea_s12,sea,ph+hedge@e2g0.9,0.41899441340782495
syn,sea_s12,sea,kswin,0.0
syn,sea_s12,sea,kswin+hedge,0.0
syn,sea_s12,sea,kswin+hedge@e0.5g0.5,0.0
syn,sea_s12,sea,kswin+hedge@e1g0.5,0.0
syn,sea_s12,sea,kswin+hedge@e4g0.5,0.0
syn,sea_s12,sea,kswin+hedge@e8g0.5,0.0
syn,sea_s12,sea,kswin+hedge@e2g0.25,0.0
syn,sea_s12,sea,kswin+hedge@e2g0.75,0.0
syn,sea_s12,sea,kswin+hedge@e2g0.9,0.0
syn,sea_s13,sea,ddm,1.6089385474860163
syn,sea_s13,sea,ddm+hedge,1.3519553072625645
syn,sea_s13,sea,ddm+hedge@e0.5g0.5,1.2960893854748634
syn,sea_s13,sea,ddm+hedge@e1g0.5,1.3184357541899394
syn,sea_s13,sea,ddm+hedge@e4g0.5,1.4972067039106252
syn,sea_s13,sea,ddm+hedge@e8g0.5,1.5474860335195628
syn,sea_s13,sea,ddm+hedge@e2g0.25,1.3407821229050376
syn,sea_s13,sea,ddm+hedge@e2g0.75,1.368715083798877
syn,sea_s13,sea,ddm+hedge@e2g0.9,1.4469273743016764
syn,sea_s13,sea,eddm,1.1005586592178762
syn,sea_s13,sea,eddm+hedge,1.0391061452513894
syn,sea_s13,sea,eddm+hedge@e0.5g0.5,1.089385474860327
syn,sea_s13,sea,eddm+hedge@e1g0.5,1.1061452513966397
syn,sea_s13,sea,eddm+hedge@e4g0.5,1.0726256983240146
syn,sea_s13,sea,eddm+hedge@e8g0.5,1.0949720670391128
syn,sea_s13,sea,eddm+hedge@e2g0.25,1.033519553072626
syn,sea_s13,sea,eddm+hedge@e2g0.75,1.0558659217877242
syn,sea_s13,sea,eddm+hedge@e2g0.9,1.0614525139664877
syn,sea_s13,sea,fhddm,0.0
syn,sea_s13,sea,fhddm+hedge,0.0
syn,sea_s13,sea,fhddm+hedge@e0.5g0.5,0.0
syn,sea_s13,sea,fhddm+hedge@e1g0.5,0.0
syn,sea_s13,sea,fhddm+hedge@e4g0.5,0.0
syn,sea_s13,sea,fhddm+hedge@e8g0.5,0.0
syn,sea_s13,sea,fhddm+hedge@e2g0.25,0.0
syn,sea_s13,sea,fhddm+hedge@e2g0.75,0.0
syn,sea_s13,sea,fhddm+hedge@e2g0.9,0.0
syn,sea_s13,sea,hddma,0.614525139664801
syn,sea_s13,sea,hddma+hedge,0.5754189944133903
syn,sea_s13,sea,hddma+hedge@e0.5g0.5,0.5418994413407874
syn,sea_s13,sea,hddma+hedge@e1g0.5,0.5586592178770777
syn,sea_s13,sea,hddma+hedge@e4g0.5,0.5865921787709394
syn,sea_s13,sea,hddma+hedge@e8g0.5,0.614525139664801
syn,sea_s13,sea,hddma+hedge@e2g0.25,0.5642458100558634
syn,sea_s13,sea,hddma+hedge@e2g0.75,0.5810055865921759
syn,sea_s13,sea,hddma+hedge@e2g0.9,0.5977653631284885
syn,sea_s13,sea,hddmw,0.0
syn,sea_s13,sea,hddmw+hedge,0.0
syn,sea_s13,sea,hddmw+hedge@e0.5g0.5,0.0
syn,sea_s13,sea,hddmw+hedge@e1g0.5,0.0
syn,sea_s13,sea,hddmw+hedge@e4g0.5,0.0
syn,sea_s13,sea,hddmw+hedge@e8g0.5,0.0
syn,sea_s13,sea,hddmw+hedge@e2g0.25,0.0
syn,sea_s13,sea,hddmw+hedge@e2g0.75,0.0
syn,sea_s13,sea,hddmw+hedge@e2g0.9,0.0
syn,sea_s13,sea,adwin,1.4078212290502656
syn,sea_s13,sea,adwin+hedge,1.2625698324022272
syn,sea_s13,sea,adwin+hedge@e0.5g0.5,1.195530726256977
syn,sea_s13,sea,adwin+hedge@e1g0.5,1.2122905027932895
syn,sea_s13,sea,adwin+hedge@e4g0.5,1.2849162011173143
syn,sea_s13,sea,adwin+hedge@e8g0.5,1.312849162011176
syn,sea_s13,sea,adwin+hedge@e2g0.25,1.2122905027932895
syn,sea_s13,sea,adwin+hedge@e2g0.75,1.2737430167597763
syn,sea_s13,sea,adwin+hedge@e2g0.9,1.2625698324022494
syn,sea_s13,sea,ph,0.13407821229048933
syn,sea_s13,sea,ph+hedge,0.11731843575419898
syn,sea_s13,sea,ph+hedge@e0.5g0.5,0.11731843575419898
syn,sea_s13,sea,ph+hedge@e1g0.5,0.11731843575419898
syn,sea_s13,sea,ph+hedge@e4g0.5,0.11731843575419898
syn,sea_s13,sea,ph+hedge@e8g0.5,0.11731843575419898
syn,sea_s13,sea,ph+hedge@e2g0.25,0.11731843575419898
syn,sea_s13,sea,ph+hedge@e2g0.75,0.11731843575419898
syn,sea_s13,sea,ph+hedge@e2g0.9,0.11731843575419898
syn,sea_s13,sea,kswin,0.0
syn,sea_s13,sea,kswin+hedge,0.0
syn,sea_s13,sea,kswin+hedge@e0.5g0.5,0.0
syn,sea_s13,sea,kswin+hedge@e1g0.5,0.0
syn,sea_s13,sea,kswin+hedge@e4g0.5,0.0
syn,sea_s13,sea,kswin+hedge@e8g0.5,0.0
syn,sea_s13,sea,kswin+hedge@e2g0.25,0.0
syn,sea_s13,sea,kswin+hedge@e2g0.75,0.0
syn,sea_s13,sea,kswin+hedge@e2g0.9,0.0
syn,sea_s14,sea,ddm,1.6648044692737285
syn,sea_s14,sea,ddm+hedge,1.51955307262569
syn,sea_s14,sea,ddm+hedge@e0.5g0.5,1.4134078212290402
syn,sea_s14,sea,ddm+hedge@e1g0.5,1.4134078212290402
syn,sea_s14,sea,ddm+hedge@e4g0.5,1.5139664804469266
syn,sea_s14,sea,ddm+hedge@e8g0.5,1.5474860335195517
syn,sea_s14,sea,ddm+hedge@e2g0.25,1.4469273743016653
syn,sea_s14,sea,ddm+hedge@e2g0.75,1.5139664804469266
syn,sea_s14,sea,ddm+hedge@e2g0.9,1.5195530726257012
syn,sea_s14,sea,eddm,1.2793296089385509
syn,sea_s14,sea,eddm+hedge,1.1899441340782135
syn,sea_s14,sea,eddm+hedge@e0.5g0.5,1.1731843575418899
syn,sea_s14,sea,eddm+hedge@e1g0.5,1.1787709497206533
syn,sea_s14,sea,eddm+hedge@e4g0.5,1.2122905027932895
syn,sea_s14,sea,eddm+hedge@e8g0.5,1.1787709497206533
syn,sea_s14,sea,eddm+hedge@e2g0.25,1.217877094972064
syn,sea_s14,sea,eddm+hedge@e2g0.75,1.1731843575418899
syn,sea_s14,sea,eddm+hedge@e2g0.9,1.1731843575418899
syn,sea_s14,sea,fhddm,0.0
syn,sea_s14,sea,fhddm+hedge,0.0
syn,sea_s14,sea,fhddm+hedge@e0.5g0.5,0.0
syn,sea_s14,sea,fhddm+hedge@e1g0.5,0.0
syn,sea_s14,sea,fhddm+hedge@e4g0.5,0.0
syn,sea_s14,sea,fhddm+hedge@e8g0.5,0.0
syn,sea_s14,sea,fhddm+hedge@e2g0.25,0.0
syn,sea_s14,sea,fhddm+hedge@e2g0.75,0.0
syn,sea_s14,sea,fhddm+hedge@e2g0.9,0.0
syn,sea_s14,sea,hddma,0.8547486033519403
syn,sea_s14,sea,hddma+hedge,0.7206703910614398
syn,sea_s14,sea,hddma+hedge@e0.5g0.5,0.7206703910614398
syn,sea_s14,sea,hddma+hedge@e1g0.5,0.7206703910614398
syn,sea_s14,sea,hddma+hedge@e4g0.5,0.731843575419
syn,sea_s14,sea,hddma+hedge@e8g0.5,0.743016759776538
syn,sea_s14,sea,hddma+hedge@e2g0.25,0.7206703910614509
syn,sea_s14,sea,hddma+hedge@e2g0.75,0.7262569832402144
syn,sea_s14,sea,hddma+hedge@e2g0.9,0.7262569832402144
syn,sea_s14,sea,hddmw,0.0
syn,sea_s14,sea,hddmw+hedge,0.0
syn,sea_s14,sea,hddmw+hedge@e0.5g0.5,0.0
syn,sea_s14,sea,hddmw+hedge@e1g0.5,0.0
syn,sea_s14,sea,hddmw+hedge@e4g0.5,0.0
syn,sea_s14,sea,hddmw+hedge@e8g0.5,0.0
syn,sea_s14,sea,hddmw+hedge@e2g0.25,0.0
syn,sea_s14,sea,hddmw+hedge@e2g0.75,0.0
syn,sea_s14,sea,hddmw+hedge@e2g0.9,0.0
syn,sea_s14,sea,adwin,1.5363128491620137
syn,sea_s14,sea,adwin+hedge,1.2905027932960667
syn,sea_s14,sea,adwin+hedge@e0.5g0.5,1.2849162011173254
syn,sea_s14,sea,adwin+hedge@e1g0.5,1.2793296089385509
syn,sea_s14,sea,adwin+hedge@e4g0.5,1.3072625698323903
syn,sea_s14,sea,adwin+hedge@e8g0.5,1.3854748603351896
syn,sea_s14,sea,adwin+hedge@e2g0.25,1.2793296089385287
syn,sea_s14,sea,adwin+hedge@e2g0.75,1.3016759776536269
syn,sea_s14,sea,adwin+hedge@e2g0.9,1.2960893854748634
syn,sea_s14,sea,ph,0.195530726256965
syn,sea_s14,sea,ph+hedge,0.18994413407820154
syn,sea_s14,sea,ph+hedge@e0.5g0.5,0.18994413407820154
syn,sea_s14,sea,ph+hedge@e1g0.5,0.18994413407820154
syn,sea_s14,sea,ph+hedge@e4g0.5,0.195530726256965
syn,sea_s14,sea,ph+hedge@e8g0.5,0.195530726256965
syn,sea_s14,sea,ph+hedge@e2g0.25,0.18994413407820154
syn,sea_s14,sea,ph+hedge@e2g0.75,0.18994413407820154
syn,sea_s14,sea,ph+hedge@e2g0.9,0.1843575418994381
syn,sea_s14,sea,kswin,0.0
syn,sea_s14,sea,kswin+hedge,0.0
syn,sea_s14,sea,kswin+hedge@e0.5g0.5,0.0
syn,sea_s14,sea,kswin+hedge@e1g0.5,0.0
syn,sea_s14,sea,kswin+hedge@e4g0.5,0.0
syn,sea_s14,sea,kswin+hedge@e8g0.5,0.0
syn,sea_s14,sea,kswin+hedge@e2g0.25,0.0
syn,sea_s14,sea,kswin+hedge@e2g0.75,0.0
syn,sea_s14,sea,kswin+hedge@e2g0.9,0.0
syn,sine_s10,sine,ddm,17.397489539748957
syn,sine_s10,sine,ddm+hedge,17.225941422594136
syn,sine_s10,sine,ddm+hedge@e0.5g0.5,17.242677824267773
syn,sine_s10,sine,ddm+hedge@e1g0.5,17.246861924686176
syn,sine_s10,sine,ddm+hedge@e4g0.5,17.225941422594136
syn,sine_s10,sine,ddm+hedge@e8g0.5,17.221757322175723
syn,sine_s10,sine,ddm+hedge@e2g0.25,17.230125523012553
syn,sine_s10,sine,ddm+hedge@e2g0.75,17.21757322175731
syn,sine_s10,sine,ddm+hedge@e2g0.9,17.213389121338906
syn,sine_s10,sine,eddm,17.598326359832626
syn,sine_s10,sine,eddm+hedge,17.305439330543926
syn,sine_s10,sine,eddm+hedge@e0.5g0.5,17.301255230125513
syn,sine_s10,sine,eddm+hedge@e1g0.5,17.313807531380743
syn,sine_s10,sine,eddm+hedge@e4g0.5,17.301255230125502
syn,sine_s10,sine,eddm+hedge@e8g0.5,17.301255230125502
syn,sine_s10,sine,eddm+hedge@e2g0.25,17.305439330543926
syn,sine_s10,sine,eddm+hedge@e2g0.75,17.2970711297071
syn,sine_s10,sine,eddm+hedge@e2g0.9,17.2970711297071
syn,sine_s10,sine,fhddm,0.481171548117143
syn,sine_s10,sine,fhddm+hedge,0.5523012552301143
syn,sine_s10,sine,fhddm+hedge@e0.5g0.5,0.5648535564853452
syn,sine_s10,sine,fhddm+hedge@e1g0.5,0.5481171548117003
syn,sine_s10,sine,fhddm+hedge@e4g0.5,0.5355648535564694
syn,sine_s10,sine,fhddm+hedge@e8g0.5,0.5230125523012386
syn,sine_s10,sine,fhddm+hedge@e2g0.25,0.5523012552301143
syn,sine_s10,sine,fhddm+hedge@e2g0.75,0.5397489539748723
syn,sine_s10,sine,fhddm+hedge@e2g0.9,0.5355648535564694
syn,sine_s10,sine,hddma,17.598326359832626
syn,sine_s10,sine,hddma+hedge,17.305439330543926
syn,sine_s10,sine,hddma+hedge@e0.5g0.5,17.301255230125513
syn,sine_s10,sine,hddma+hedge@e1g0.5,17.313807531380743
syn,sine_s10,sine,hddma+hedge@e4g0.5,17.301255230125502
syn,sine_s10,sine,hddma+hedge@e8g0.5,17.301255230125502
syn,sine_s10,sine,hddma+hedge@e2g0.25,17.305439330543926
syn,sine_s10,sine,hddma+hedge@e2g0.75,17.2970711297071
syn,sine_s10,sine,hddma+hedge@e2g0.9,17.2970711297071
syn,sine_s10,sine,hddmw,17.598326359832626
syn,sine_s10,sine,hddmw+hedge,17.305439330543926
syn,sine_s10,sine,hddmw+hedge@e0.5g0.5,17.301255230125513
syn,sine_s10,sine,hddmw+hedge@e1g0.5,17.313807531380743
syn,sine_s10,sine,hddmw+hedge@e4g0.5,17.301255230125502
syn,sine_s10,sine,hddmw+hedge@e8g0.5,17.301255230125502
syn,sine_s10,sine,hddmw+hedge@e2g0.25,17.305439330543926
syn,sine_s10,sine,hddmw+hedge@e2g0.75,17.2970711297071
syn,sine_s10,sine,hddmw+hedge@e2g0.9,17.2970711297071
syn,sine_s10,sine,adwin,17.598326359832626
syn,sine_s10,sine,adwin+hedge,17.2970711297071
syn,sine_s10,sine,adwin+hedge@e0.5g0.5,17.284518828451866
syn,sine_s10,sine,adwin+hedge@e1g0.5,17.30962343096233
syn,sine_s10,sine,adwin+hedge@e4g0.5,17.292887029288696
syn,sine_s10,sine,adwin+hedge@e8g0.5,17.301255230125502
syn,sine_s10,sine,adwin+hedge@e2g0.25,17.2970711297071
syn,sine_s10,sine,adwin+hedge@e2g0.75,17.28870292887028
syn,sine_s10,sine,adwin+hedge@e2g0.9,17.292887029288696
syn,sine_s10,sine,ph,17.598326359832626
syn,sine_s10,sine,ph+hedge,17.305439330543926
syn,sine_s10,sine,ph+hedge@e0.5g0.5,17.301255230125513
syn,sine_s10,sine,ph+hedge@e1g0.5,17.313807531380743
syn,sine_s10,sine,ph+hedge@e4g0.5,17.301255230125502
syn,sine_s10,sine,ph+hedge@e8g0.5,17.301255230125502
syn,sine_s10,sine,ph+hedge@e2g0.25,17.305439330543926
syn,sine_s10,sine,ph+hedge@e2g0.75,17.2970711297071
syn,sine_s10,sine,ph+hedge@e2g0.9,17.2970711297071
syn,sine_s10,sine,kswin,17.598326359832626
syn,sine_s10,sine,kswin+hedge,17.305439330543926
syn,sine_s10,sine,kswin+hedge@e0.5g0.5,17.301255230125513
syn,sine_s10,sine,kswin+hedge@e1g0.5,17.313807531380743
syn,sine_s10,sine,kswin+hedge@e4g0.5,17.301255230125502
syn,sine_s10,sine,kswin+hedge@e8g0.5,17.301255230125502
syn,sine_s10,sine,kswin+hedge@e2g0.25,17.305439330543926
syn,sine_s10,sine,kswin+hedge@e2g0.75,17.2970711297071
syn,sine_s10,sine,kswin+hedge@e2g0.9,17.2970711297071
syn,sine_s11,sine,ddm,17.606694560669467
syn,sine_s11,sine,ddm+hedge,17.213389121338928
syn,sine_s11,sine,ddm+hedge@e0.5g0.5,17.200836820083698
syn,sine_s11,sine,ddm+hedge@e1g0.5,17.209205020920503
syn,sine_s11,sine,ddm+hedge@e4g0.5,17.2050209205021
syn,sine_s11,sine,ddm+hedge@e8g0.5,17.209205020920503
syn,sine_s11,sine,ddm+hedge@e2g0.25,17.21757322175733
syn,sine_s11,sine,ddm+hedge@e2g0.75,17.2050209205021
syn,sine_s11,sine,ddm+hedge@e2g0.9,17.209205020920503
syn,sine_s11,sine,eddm,17.698744769874473
syn,sine_s11,sine,eddm+hedge,17.35564853556486
syn,sine_s11,sine,eddm+hedge@e0.5g0.5,17.334728033472814
syn,sine_s11,sine,eddm+hedge@e1g0.5,17.364016736401677
syn,sine_s11,sine,eddm+hedge@e4g0.5,17.351464435146447
syn,sine_s11,sine,eddm+hedge@e8g0.5,17.351464435146447
syn,sine_s11,sine,eddm+hedge@e2g0.25,17.35564853556486
syn,sine_s11,sine,eddm+hedge@e2g0.75,17.351464435146447
syn,sine_s11,sine,eddm+hedge@e2g0.9,17.351464435146447
syn,sine_s11,sine,fhddm,0.5439330543933085
syn,sine_s11,sine,fhddm+hedge,0.5355648535564916
syn,sine_s11,sine,fhddm+hedge@e0.5g0.5,0.5355648535564916
syn,sine_s11,sine,fhddm+hedge@e1g0.5,0.5355648535564916
syn,sine_s11,sine,fhddm+hedge@e4g0.5,0.5313807531380776
syn,sine_s11,sine,fhddm+hedge@e8g0.5,0.5313807531380887
syn,sine_s11,sine,fhddm+hedge@e2g0.25,0.5355648535564916
syn,sine_s11,sine,fhddm+hedge@e2g0.75,0.5313807531380887
syn,sine_s11,sine,fhddm+hedge@e2g0.9,0.5230125523012608
syn,sine_s11,sine,hddma,17.732217573221764
syn,sine_s11,sine,hddma+hedge,17.35564853556486
syn,sine_s11,sine,hddma+hedge@e0.5g0.5,17.334728033472814
syn,sine_s11,sine,hddma+hedge@e1g0.5,17.364016736401677
syn,sine_s11,sine,hddma+hedge@e4g0.5,17.351464435146447
syn,sine_s11,sine,hddma+hedge@e8g0.5,17.351464435146447
syn,sine_s11,sine,hddma+hedge@e2g0.25,17.35564853556486
syn,sine_s11,sine,hddma+hedge@e2g0.75,17.351464435146447
syn,sine_s11,sine,hddma+hedge@e2g0.9,17.351464435146447
syn,sine_s11,sine,hddmw,17.732217573221764
syn,sine_s11,sine,hddmw+hedge,17.35564853556486
syn,sine_s11,sine,hddmw+hedge@e0.5g0.5,17.334728033472814
syn,sine_s11,sine,hddmw+hedge@e1g0.5,17.364016736401677
syn,sine_s11,sine,hddmw+hedge@e4g0.5,17.351464435146447
syn,sine_s11,sine,hddmw+hedge@e8g0.5,17.351464435146447
syn,sine_s11,sine,hddmw+hedge@e2g0.25,17.35564853556486
syn,sine_s11,sine,hddmw+hedge@e2g0.75,17.351464435146447
syn,sine_s11,sine,hddmw+hedge@e2g0.9,17.351464435146447
syn,sine_s11,sine,adwin,17.732217573221764
syn,sine_s11,sine,adwin+hedge,17.32217573221758
syn,sine_s11,sine,adwin+hedge@e0.5g0.5,17.292887029288718
syn,sine_s11,sine,adwin+hedge@e1g0.5,17.3305439330544
syn,sine_s11,sine,adwin+hedge@e4g0.5,17.313807531380764
syn,sine_s11,sine,adwin+hedge@e8g0.5,17.313807531380764
syn,sine_s11,sine,adwin+hedge@e2g0.25,17.32217573221758
syn,sine_s11,sine,adwin+hedge@e2g0.75,17.313807531380764
syn,sine_s11,sine,adwin+hedge@e2g0.9,17.317991631799178
syn,sine_s11,sine,ph,17.732217573221764
syn,sine_s11,sine,ph+hedge,17.35564853556486
syn,sine_s11,sine,ph+hedge@e0.5g0.5,17.334728033472814
syn,sine_s11,sine,ph+hedge@e1g0.5,17.364016736401677
syn,sine_s11,sine,ph+hedge@e4g0.5,17.351464435146447
syn,sine_s11,sine,ph+hedge@e8g0.5,17.347280334728044
syn,sine_s11,sine,ph+hedge@e2g0.25,17.35564853556486
syn,sine_s11,sine,ph+hedge@e2g0.75,17.351464435146447
syn,sine_s11,sine,ph+hedge@e2g0.9,17.351464435146447
syn,sine_s11,sine,kswin,17.732217573221764
syn,sine_s11,sine,kswin+hedge,17.35564853556486
syn,sine_s11,sine,kswin+hedge@e0.5g0.5,17.334728033472814
syn,sine_s11,sine,kswin+hedge@e1g0.5,17.364016736401677
syn,sine_s11,sine,kswin+hedge@e4g0.5,17.351464435146447
syn,sine_s11,sine,kswin+hedge@e8g0.5,17.351464435146447
syn,sine_s11,sine,kswin+hedge@e2g0.25,17.35564853556486
syn,sine_s11,sine,kswin+hedge@e2g0.75,17.351464435146447
syn,sine_s11,sine,kswin+hedge@e2g0.9,17.351464435146447
syn,sine_s12,sine,ddm,17.25104602510461
syn,sine_s12,sine,ddm+hedge,16.94979079497908
syn,sine_s12,sine,ddm+hedge@e0.5g0.5,16.61087866108787
syn,sine_s12,sine,ddm+hedge@e1g0.5,16.928870292887034
syn,sine_s12,sine,ddm+hedge@e4g0.5,16.941422594142253
syn,sine_s12,sine,ddm+hedge@e8g0.5,16.945606694560677
syn,sine_s12,sine,ddm+hedge@e2g0.25,16.945606694560666
syn,sine_s12,sine,ddm+hedge@e2g0.75,16.94979079497908
syn,sine_s12,sine,ddm+hedge@e2g0.9,16.94979079497908
syn,sine_s12,sine,eddm,17.543933054393314
syn,sine_s12,sine,eddm+hedge,17.280334728033473
syn,sine_s12,sine,eddm+hedge@e0.5g0.5,17.255230125523024
syn,sine_s12,sine,eddm+hedge@e1g0.5,17.280334728033473
syn,sine_s12,sine,eddm+hedge@e4g0.5,17.27615062761506
syn,sine_s12,sine,eddm+hedge@e8g0.5,17.27615062761506
syn,sine_s12,sine,eddm+hedge@e2g0.25,17.271966527196657
syn,sine_s12,sine,eddm+hedge@e2g0.75,17.280334728033473
syn,sine_s12,sine,eddm+hedge@e2g0.9,17.280334728033473
syn,sine_s12,sine,fhddm,0.3138075313807609
syn,sine_s12,sine,fhddm+hedge,0.4184100418410108
syn,sine_s12,sine,fhddm+hedge@e0.5g0.5,0.4393305439330586
syn,sine_s12,sine,fhddm+hedge@e1g0.5,0.4351464435146335
syn,sine_s12,sine,fhddm+hedge@e4g0.5,0.39748953974896306
syn,sine_s12,sine,fhddm+hedge@e8g0.5,0.3807531380753071
syn,sine_s12,sine,fhddm+hedge@e2g0.25,0.4393305439330586
syn,sine_s12,sine,fhddm+hedge@e2g0.75,0.41004184100419394
syn,sine_s12,sine,fhddm+hedge@e2g0.9,0.39748953974896306
syn,sine_s12,sine,hddma,17.543933054393314
syn,sine_s12,sine,hddma+hedge,17.280334728033473
syn,sine_s12,sine,hddma+hedge@e0.5g0.5,17.255230125523024
syn,sine_s12,sine,hddma+hedge@e1g0.5,17.280334728033473
syn,sine_s12,sine,hddma+hedge@e4g0.5,17.27615062761506
syn,sine_s12,sine,hddma+hedge@e8g0.5,17.27615062761506
syn,sine_s12,sine,hddma+hedge@e2g0.25,17.271966527196657
syn,sine_s12,sine,hddma+hedge@e2g0.75,17.280334728033473
syn,sine_s12,sine,hddma+hedge@e2g0.9,17.280334728033473
syn,sine_s12,sine,hddmw,17.543933054393314
syn,sine_s12,sine,hddmw+hedge,17.280334728033473
syn,sine_s12,sine,hddmw+hedge@e0.5g0.5,17.255230125523024
syn,sine_s12,sine,hddmw+hedge@e1g0.5,17.280334728033473
syn,sine_s12,sine,hddmw+hedge@e4g0.5,17.27615062761506
syn,sine_s12,sine,hddmw+hedge@e8g0.5,17.27615062761506
syn,sine_s12,sine,hddmw+hedge@e2g0.25,17.271966527196657
syn,sine_s12,sine,hddmw+hedge@e2g0.75,17.280334728033473
syn,sine_s12,sine,hddmw+hedge@e2g0.9,17.280334728033473
syn,sine_s12,sine,adwin,17.543933054393314
syn,sine_s12,sine,adwin+hedge,17.271966527196646
syn,sine_s12,sine,adwin+hedge@e0.5g0.5,17.255230125523013
syn,sine_s12,sine,adwin+hedge@e1g0.5,17.259414225941427
syn,sine_s12,sine,adwin+hedge@e4g0.5,17.267782426778243
syn,sine_s12,sine,adwin+hedge@e8g0.5,17.26359832635984
syn,sine_s12,sine,adwin+hedge@e2g0.25,17.259414225941427
syn,sine_s12,sine,adwin+hedge@e2g0.75,17.271966527196646
syn,sine_s12,sine,adwin+hedge@e2g0.9,17.271966527196646
syn,sine_s12,sine,ph,17.543933054393314
syn,sine_s12,sine,ph+hedge,17.280334728033473
syn,sine_s12,sine,ph+hedge@e0.5g0.5,17.255230125523024
syn,sine_s12,sine,ph+hedge@e1g0.5,17.280334728033473
syn,sine_s12,sine,ph+hedge@e4g0.5,17.050209205020916
syn,sine_s12,sine,ph+hedge@e8g0.5,17.050209205020916
syn,sine_s12,sine,ph+hedge@e2g0.25,17.271966527196657
syn,sine_s12,sine,ph+hedge@e2g0.75,17.05439330543934
syn,sine_s12,sine,ph+hedge@e2g0.9,17.05439330543934
syn,sine_s12,sine,kswin,17.543933054393314
syn,sine_s12,sine,kswin+hedge,17.280334728033473
syn,sine_s12,sine,kswin+hedge@e0.5g0.5,17.255230125523024
syn,sine_s12,sine,kswin+hedge@e1g0.5,17.280334728033473
syn,sine_s12,sine,kswin+hedge@e4g0.5,17.27615062761506
syn,sine_s12,sine,kswin+hedge@e8g0.5,17.27615062761506
syn,sine_s12,sine,kswin+hedge@e2g0.25,17.271966527196657
syn,sine_s12,sine,kswin+hedge@e2g0.75,17.280334728033473
syn,sine_s12,sine,kswin+hedge@e2g0.9,17.280334728033473
syn,sine_s13,sine,ddm,17.569037656903774
syn,sine_s13,sine,ddm+hedge,17.259414225941427
syn,sine_s13,sine,ddm+hedge@e0.5g0.5,17.246861924686197
syn,sine_s13,sine,ddm+hedge@e1g0.5,17.259414225941427
syn,sine_s13,sine,ddm+hedge@e4g0.5,17.255230125523013
syn,sine_s13,sine,ddm+hedge@e8g0.5,17.25104602510461
syn,sine_s13,sine,ddm+hedge@e2g0.25,17.246861924686197
syn,sine_s13,sine,ddm+hedge@e2g0.75,17.255230125523013
syn,sine_s13,sine,ddm+hedge@e2g0.9,17.25104602510461
syn,sine_s13,sine,eddm,17.70292887029289
syn,sine_s13,sine,eddm+hedge,17.313807531380753
syn,sine_s13,sine,eddm+hedge@e0.5g0.5,17.317991631799156
syn,sine_s13,sine,eddm+hedge@e1g0.5,17.317991631799156
syn,sine_s13,sine,eddm+hedge@e4g0.5,17.30962343096234
syn,sine_s13,sine,eddm+hedge@e8g0.5,17.30962343096234
syn,sine_s13,sine,eddm+hedge@e2g0.25,17.305439330543937
syn,sine_s13,sine,eddm+hedge@e2g0.75,17.30962343096234
syn,sine_s13,sine,eddm+hedge@e2g0.9,17.30962343096234
syn,sine_s13,sine,fhddm,0.4895397489539821
syn,sine_s13,sine,fhddm+hedge,0.5564853556485394
syn,sine_s13,sine,fhddm+hedge@e0.5g0.5,0.5648535564853674
syn,sine_s13,sine,fhddm+hedge@e1g0.5,0.5732217573221732
syn,sine_s13,sine,fhddm+hedge@e4g0.5,0.5355648535564805
syn,sine_s13,sine,fhddm+hedge@e8g0.5,0.5104602510460188
syn,sine_s13,sine,fhddm+hedge@e2g0.25,0.5690376569037703
syn,sine_s13,sine,fhddm+hedge@e2g0.75,0.5397489539748945
syn,sine_s13,sine,fhddm+hedge@e2g0.9,0.5271966527196636
syn,sine_s13,sine,hddma,17.70292887029289
syn,sine_s13,sine,hddma+hedge,17.313807531380753
syn,sine_s13,sine,hddma+hedge@e0.5g0.5,17.317991631799156
syn,sine_s13,sine,hddma+hedge@e1g0.5,17.317991631799156
syn,sine_s13,sine,hddma+hedge@e4g0.5,17.30962343096234
syn,sine_s13,sine,hddma+hedge@e8g0.5,17.30962343096234
syn,sine_s13,sine,hddma+hedge@e2g0.25,17.305439330543937
syn,sine_s13,sine,hddma+hedge@e2g0.75,17.30962343096234
syn,sine_s13,sine,hddma+hedge@e2g0.9,17.30962343096234
syn,sine_s13,sine,hddmw,17.70292887029289
syn,sine_s13,sine,hddmw+hedge,17.313807531380753
syn,sine_s13,sine,hddmw+hedge@e0.5g0.5,17.317991631799156
syn,sine_s13,sine,hddmw+hedge@e1g0.5,17.317991631799156
syn,sine_s13,sine,hddmw+hedge@e4g0.5,17.30962343096234
syn,sine_s13,sine,hddmw+hedge@e8g0.5,17.30962343096234
syn,sine_s13,sine,hddmw+hedge@e2g0.25,17.305439330543937
syn,sine_s13,sine,hddmw+hedge@e2g0.75,17.30962343096234
syn,sine_s13,sine,hddmw+hedge@e2g0.9,17.30962343096234
syn,sine_s13,sine,adwin,17.70292887029289
syn,sine_s13,sine,adwin+hedge,17.23849372384937
syn,sine_s13,sine,adwin+hedge@e0.5g0.5,17.255230125523013
syn,sine_s13,sine,adwin+hedge@e1g0.5,17.23849372384938
syn,sine_s13,sine,adwin+hedge@e4g0.5,17.234309623430967
syn,sine_s13,sine,adwin+hedge@e8g0.5,17.23849372384937
syn,sine_s13,sine,adwin+hedge@e2g0.25,17.234309623430967
syn,sine_s13,sine,adwin+hedge@e2g0.75,17.234309623430967
syn,sine_s13,sine,adwin+hedge@e2g0.9,17.234309623430967
syn,sine_s13,sine,ph,17.70292887029289
syn,sine_s13,sine,ph+hedge,17.280334728033473
syn,sine_s13,sine,ph+hedge@e0.5g0.5,17.28451882845188
syn,sine_s13,sine,ph+hedge@e1g0.5,17.28451882845188
syn,sine_s13,sine,ph+hedge@e4g0.5,17.280334728033473
syn,sine_s13,sine,ph+hedge@e8g0.5,17.280334728033473
syn,sine_s13,sine,ph+hedge@e2g0.25,17.276150627615074
syn,sine_s13,sine,ph+hedge@e2g0.75,17.276150627615074
syn,sine_s13,sine,ph+hedge@e2g0.9,17.276150627615074
syn,sine_s13,sine,kswin,17.70292887029289
syn,sine_s13,sine,kswin+hedge,17.313807531380753
syn,sine_s13,sine,kswin+hedge@e0.5g0.5,17.317991631799156
syn,sine_s13,sine,kswin+hedge@e1g0.5,17.317991631799156
syn,sine_s13,sine,kswin+hedge@e4g0.5,17.30962343096234
syn,sine_s13,sine,kswin+hedge@e8g0.5,17.30962343096234
syn,sine_s13,sine,kswin+hedge@e2g0.25,17.305439330543937
syn,sine_s13,sine,kswin+hedge@e2g0.75,17.30962343096234
syn,sine_s13,sine,kswin+hedge@e2g0.9,17.30962343096234
syn,sine_s14,sine,ddm,17.384937238493727
syn,sine_s14,sine,ddm+hedge,16.96234309623431
syn,sine_s14,sine,ddm+hedge@e0.5g0.5,16.933054393305447
syn,sine_s14,sine,ddm+hedge@e1g0.5,16.94979079497908
syn,sine_s14,sine,ddm+hedge@e4g0.5,16.966527196652702
syn,sine_s14,sine,ddm+hedge@e8g0.5,16.966527196652702
syn,sine_s14,sine,ddm+hedge@e2g0.25,16.966527196652727
syn,sine_s14,sine,ddm+hedge@e2g0.75,16.9623430962343
syn,sine_s14,sine,ddm+hedge@e2g0.9,16.958158995815896
syn,sine_s14,sine,eddm,17.41422594142259
syn,sine_s14,sine,eddm+hedge,17.020920502092064
syn,sine_s14,sine,eddm+hedge@e0.5g0.5,17.016736401673636
syn,sine_s14,sine,eddm+hedge@e1g0.5,17.012552301255234
syn,sine_s14,sine,eddm+hedge@e4g0.5,17.020920502092064
syn,sine_s14,sine,eddm+hedge@e8g0.5,17.016736401673647
syn,sine_s14,sine,eddm+hedge@e2g0.25,17.020920502092064
syn,sine_s14,sine,eddm+hedge@e2g0.75,17.012552301255234
syn,sine_s14,sine,eddm+hedge@e2g0.9,17.012552301255234
syn,sine_s14,sine,fhddm,0.5271966527196636
syn,sine_s14,sine,fhddm+hedge,0.6025104602510378
syn,sine_s14,sine,fhddm+hedge@e0.5g0.5,0.6527196652719724
syn,sine_s14,sine,fhddm+hedge@e1g0.5,0.6317991631799136
syn,sine_s14,sine,fhddm+hedge@e4g0.5,0.5606694560669423
syn,sine_s14,sine,fhddm+hedge@e8g0.5,0.5439330543932863
syn,sine_s14,sine,fhddm+hedge@e2g0.25,0.6276150627615107
syn,sine_s14,sine,fhddm+hedge@e2g0.75,0.585774058577404
syn,sine_s14,sine,fhddm+hedge@e2g0.9,0.5648535564853452
syn,sine_s14,sine,hddma,17.46025104602511
syn,sine_s14,sine,hddma+hedge,17.05439330543933
syn,sine_s14,sine,hddma+hedge@e0.5g0.5,17.046025104602503
syn,sine_s14,sine,hddma+hedge@e1g0.5,17.0418410041841
syn,sine_s14,sine,hddma+hedge@e4g0.5,17.058577405857733
syn,sine_s14,sine,hddma+hedge@e8g0.5,17.05439330543933
syn,sine_s14,sine,hddma+hedge@e2g0.25,17.05439330543933
syn,sine_s14,sine,hddma+hedge@e2g0.75,17.050209205020927
syn,sine_s14,sine,hddma+hedge@e2g0.9,17.050209205020927
syn,sine_s14,sine,hddmw,17.46025104602511
syn,sine_s14,sine,hddmw+hedge,17.05439330543933
syn,sine_s14,sine,hddmw+hedge@e0.5g0.5,17.046025104602503
syn,sine_s14,sine,hddmw+hedge@e1g0.5,17.0418410041841
syn,sine_s14,sine,hddmw+hedge@e4g0.5,17.058577405857733
syn,sine_s14,sine,hddmw+hedge@e8g0.5,17.05439330543933
syn,sine_s14,sine,hddmw+hedge@e2g0.25,17.05439330543933
syn,sine_s14,sine,hddmw+hedge@e2g0.75,17.050209205020927
syn,sine_s14,sine,hddmw+hedge@e2g0.9,17.050209205020927
syn,sine_s14,sine,adwin,17.46025104602511
syn,sine_s14,sine,adwin+hedge,17.012552301255234
syn,sine_s14,sine,adwin+hedge@e0.5g0.5,17.004184100418406
syn,sine_s14,sine,adwin+hedge@e1g0.5,17.000000000000004
syn,sine_s14,sine,adwin+hedge@e4g0.5,17.00836820083681
syn,sine_s14,sine,adwin+hedge@e8g0.5,17.00836820083683
syn,sine_s14,sine,adwin+hedge@e2g0.25,17.012552301255234
syn,sine_s14,sine,adwin+hedge@e2g0.75,17.004184100418406
syn,sine_s14,sine,adwin+hedge@e2g0.9,17.004184100418406
syn,sine_s14,sine,ph,17.46025104602511
syn,sine_s14,sine,ph+hedge,17.02928870292887
syn,sine_s14,sine,ph+hedge@e0.5g0.5,17.025104602510467
syn,sine_s14,sine,ph+hedge@e1g0.5,17.012552301255234
syn,sine_s14,sine,ph+hedge@e4g0.5,17.025104602510467
syn,sine_s14,sine,ph+hedge@e8g0.5,17.020920502092064
syn,sine_s14,sine,ph+hedge@e2g0.25,17.02928870292887
syn,sine_s14,sine,ph+hedge@e2g0.75,17.020920502092064
syn,sine_s14,sine,ph+hedge@e2g0.9,17.016736401673647
syn,sine_s14,sine,kswin,17.46025104602511
syn,sine_s14,sine,kswin+hedge,17.037656903765697
syn,sine_s14,sine,kswin+hedge@e0.5g0.5,17.02928870292887
syn,sine_s14,sine,kswin+hedge@e1g0.5,17.02928870292887
syn,sine_s14,sine,kswin+hedge@e4g0.5,17.046025104602514
syn,sine_s14,sine,kswin+hedge@e8g0.5,17.046025104602514
syn,sine_s14,sine,kswin+hedge@e2g0.25,17.0418410041841
syn,sine_s14,sine,kswin+hedge@e2g0.75,17.033472803347273
syn,sine_s14,sine,kswin+hedge@e2g0.9,17.033472803347273
syn,stagger_s10,stagger,ddm,11.815642458100562
syn,stagger_s10,stagger,ddm+hedge,11.79888268156425
syn,stagger_s10,stagger,ddm+hedge@e0.5g0.5,11.79888268156425
syn,stagger_s10,stagger,ddm+hedge@e1g0.5,11.79888268156425
syn,stagger_s10,stagger,ddm+hedge@e4g0.5,11.79888268156425
syn,stagger_s10,stagger,ddm+hedge@e8g0.5,11.79888268156425
syn,stagger_s10,stagger,ddm+hedge@e2g0.25,11.79888268156425
syn,stagger_s10,stagger,ddm+hedge@e2g0.75,11.79888268156425
syn,stagger_s10,stagger,ddm+hedge@e2g0.9,11.79888268156425
syn,stagger_s10,stagger,eddm,11.815642458100562
syn,stagger_s10,stagger,eddm+hedge,11.79888268156425
syn,stagger_s10,stagger,eddm+hedge@e0.5g0.5,11.79888268156425
syn,stagger_s10,stagger,eddm+hedge@e1g0.5,11.79888268156425
syn,stagger_s10,stagger,eddm+hedge@e4g0.5,11.79888268156425
syn,stagger_s10,stagger,eddm+hedge@e8g0.5,11.79888268156425
syn,stagger_s10,stagger,eddm+hedge@e2g0.25,11.79888268156425
syn,stagger_s10,stagger,eddm+hedge@e2g0.75,11.79888268156425
syn,stagger_s10,stagger,eddm+hedge@e2g0.9,11.79888268156425
syn,stagger_s10,stagger,fhddm,0.12849162011172588
syn,stagger_s10,stagger,fhddm+hedge,0.12849162011172588
syn,stagger_s10,stagger,fhddm+hedge@e0.5g0.5,0.12849162011172588
syn,stagger_s10,stagger,fhddm+hedge@e1g0.5,0.12849162011172588
syn,stagger_s10,stagger,fhddm+hedge@e4g0.5,0.12849162011172588
syn,stagger_s10,stagger,fhddm+hedge@e8g0.5,0.12849162011172588
syn,stagger_s10,stagger,fhddm+hedge@e2g0.25,0.12849162011172588
syn,stagger_s10,stagger,fhddm+hedge@e2g0.75,0.12849162011172588
syn,stagger_s10,stagger,fhddm+hedge@e2g0.9,0.12849162011172588
syn,stagger_s10,stagger,hddma,11.815642458100562
syn,stagger_s10,stagger,hddma+hedge,11.79888268156425
syn,stagger_s10,stagger,hddma+hedge@e0.5g0.5,11.79888268156425
syn,stagger_s10,stagger,hddma+hedge@e1g0.5,11.79888268156425
syn,stagger_s10,stagger,hddma+hedge@e4g0.5,11.79888268156425
syn,stagger_s10,stagger,hddma+hedge@e8g0.5,11.79888268156425
syn,stagger_s10,stagger,hddma+hedge@e2g0.25,11.79888268156425
syn,stagger_s10,stagger,hddma+hedge@e2g0.75,11.79888268156425
syn,stagger_s10,stagger,hddma+hedge@e2g0.9,11.79888268156425
syn,stagger_s10,stagger,hddmw,11.815642458100562
syn,stagger_s10,stagger,hddmw+hedge,11.79888268156425
syn,stagger_s10,stagger,hddmw+hedge@e0.5g0.5,11.79888268156425
syn,stagger_s10,stagger,hddmw+hedge@e1g0.5,11.79888268156425
syn,stagger_s10,stagger,hddmw+hedge@e4g0.5,11.79888268156425
syn,stagger_s10,stagger,hddmw+hedge@e8g0.5,11.79888268156425
syn,stagger_s10,stagger,hddmw+hedge@e2g0.25,11.79888268156425
syn,stagger_s10,stagger,hddmw+hedge@e2g0.75,11.79888268156425
syn,stagger_s10,stagger,hddmw+hedge@e2g0.9,11.79888268156425
syn,stagger_s10,stagger,adwin,11.815642458100562
syn,stagger_s10,stagger,adwin+hedge,11.79888268156425
syn,stagger_s10,stagger,adwin+hedge@e0.5g0.5,11.79888268156425
syn,stagger_s10,stagger,adwin+hedge@e1g0.5,11.79888268156425
syn,stagger_s10,stagger,adwin+hedge@e4g0.5,11.79888268156425
syn,stagger_s10,stagger,adwin+hedge@e8g0.5,11.79888268156425
syn,stagger_s10,stagger,adwin+hedge@e2g0.25,11.79888268156425
syn,stagger_s10,stagger,adwin+hedge@e2g0.75,11.79888268156425
syn,stagger_s10,stagger,adwin+hedge@e2g0.9,11.79888268156425
syn,stagger_s10,stagger,ph,11.318435754189938
syn,stagger_s10,stagger,ph+hedge,11.301675977653636
syn,stagger_s10,stagger,ph+hedge@e0.5g0.5,11.301675977653636
syn,stagger_s10,stagger,ph+hedge@e1g0.5,11.301675977653636
syn,stagger_s10,stagger,ph+hedge@e4g0.5,11.301675977653636
syn,stagger_s10,stagger,ph+hedge@e8g0.5,11.301675977653636
syn,stagger_s10,stagger,ph+hedge@e2g0.25,11.301675977653636
syn,stagger_s10,stagger,ph+hedge@e2g0.75,11.301675977653636
syn,stagger_s10,stagger,ph+hedge@e2g0.9,11.301675977653636
syn,stagger_s10,stagger,kswin,10.776536312849172
syn,stagger_s10,stagger,kswin+hedge,10.759776536312838
syn,stagger_s10,stagger,kswin+hedge@e0.5g0.5,10.759776536312838
syn,stagger_s10,stagger,kswin+hedge@e1g0.5,10.759776536312838
syn,stagger_s10,stagger,kswin+hedge@e4g0.5,10.759776536312838
syn,stagger_s10,stagger,kswin+hedge@e8g0.5,10.759776536312838
syn,stagger_s10,stagger,kswin+hedge@e2g0.25,10.759776536312838
syn,stagger_s10,stagger,kswin+hedge@e2g0.75,10.759776536312838
syn,stagger_s10,stagger,kswin+hedge@e2g0.9,10.759776536312838
syn,stagger_s11,stagger,ddm,12.011173184357549
syn,stagger_s11,stagger,ddm+hedge,11.94413407821231
syn,stagger_s11,stagger,ddm+hedge@e0.5g0.5,11.94413407821231
syn,stagger_s11,stagger,ddm+hedge@e1g0.5,11.94413407821231
syn,stagger_s11,stagger,ddm+hedge@e4g0.5,11.94413407821231
syn,stagger_s11,stagger,ddm+hedge@e8g0.5,11.94413407821231
syn,stagger_s11,stagger,ddm+hedge@e2g0.25,11.94413407821231
syn,stagger_s11,stagger,ddm+hedge@e2g0.75,11.94413407821231
syn,stagger_s11,stagger,ddm+hedge@e2g0.9,11.94413407821231
syn,stagger_s11,stagger,eddm,12.011173184357549
syn,stagger_s11,stagger,eddm+hedge,11.94413407821231
syn,stagger_s11,stagger,eddm+hedge@e0.5g0.5,11.94413407821231
syn,stagger_s11,stagger,eddm+hedge@e1g0.5,11.94413407821231
syn,stagger_s11,stagger,eddm+hedge@e4g0.5,11.94413407821231
syn,stagger_s11,stagger,eddm+hedge@e8g0.5,11.94413407821231
syn,stagger_s11,stagger,eddm+hedge@e2g0.25,11.94413407821231
syn,stagger_s11,stagger,eddm+hedge@e2g0.75,11.94413407821231
syn,stagger_s11,stagger,eddm+hedge@e2g0.9,11.94413407821231
syn,stagger_s11,stagger,fhddm,0.12290502793298463
syn,stagger_s11,stagger,fhddm+hedge,0.12290502793298463
syn,stagger_s11,stagger,fhddm+hedge@e0.5g0.5,0.12290502793298463
syn,stagger_s11,stagger,fhddm+hedge@e1g0.5,0.12290502793298463
syn,stagger_s11,stagger,fhddm+hedge@e4g0.5,0.12290502793298463
syn,stagger_s11,stagger,fhddm+hedge@e8g0.5,0.12290502793298463
syn,stagger_s11,stagger,fhddm+hedge@e2g0.25,0.12290502793298463
syn,stagger_s11,stagger,fhddm+hedge@e2g0.75,0.12290502793298463
syn,stagger_s11,stagger,fhddm+hedge@e2g0.9,0.12290502793298463
syn,stagger_s11,stagger,hddma,12.011173184357549
syn,stagger_s11,stagger,hddma+hedge,11.94413407821231
syn,stagger_s11,stagger,hddma+hedge@e0.5g0.5,11.94413407821231
syn,stagger_s11,stagger,hddma+hedge@e1g0.5,11.94413407821231
syn,stagger_s11,stagger,hddma+hedge@e4g0.5,11.94413407821231
syn,stagger_s11,stagger,hddma+hedge@e8g0.5,11.94413407821231
syn,stagger_s11,stagger,hddma+hedge@e2g0.25,11.94413407821231
syn,stagger_s11,stagger,hddma+hedge@e2g0.75,11.94413407821231
syn,stagger_s11,stagger,hddma+hedge@e2g0.9,11.94413407821231
syn,stagger_s11,stagger,hddmw,12.011173184357549
syn,stagger_s11,stagger,hddmw+hedge,11.94413407821231
syn,stagger_s11,stagger,hddmw+hedge@e0.5g0.5,11.94413407821231
syn,stagger_s11,stagger,hddmw+hedge@e1g0.5,11.94413407821231
syn,stagger_s11,stagger,hddmw+hedge@e4g0.5,11.94413407821231
syn,stagger_s11,stagger,hddmw+hedge@e8g0.5,11.94413407821231
syn,stagger_s11,stagger,hddmw+hedge@e2g0.25,11.94413407821231
syn,stagger_s11,stagger,hddmw+hedge@e2g0.75,11.94413407821231
syn,stagger_s11,stagger,hddmw+hedge@e2g0.9,11.94413407821231
syn,stagger_s11,stagger,adwin,12.011173184357549
syn,stagger_s11,stagger,adwin+hedge,11.94413407821231
syn,stagger_s11,stagger,adwin+hedge@e0.5g0.5,11.94413407821231
syn,stagger_s11,stagger,adwin+hedge@e1g0.5,11.94413407821231
syn,stagger_s11,stagger,adwin+hedge@e4g0.5,11.94413407821231
syn,stagger_s11,stagger,adwin+hedge@e8g0.5,11.94413407821231
syn,stagger_s11,stagger,adwin+hedge@e2g0.25,11.94413407821231
syn,stagger_s11,stagger,adwin+hedge@e2g0.75,11.94413407821231
syn,stagger_s11,stagger,adwin+hedge@e2g0.9,11.94413407821231
syn,stagger_s11,stagger,ph,11.111731843575434
syn,stagger_s11,stagger,ph+hedge,11.089385474860347
syn,stagger_s11,stagger,ph+hedge@e0.5g0.5,11.089385474860347
syn,stagger_s11,stagger,ph+hedge@e1g0.5,11.089385474860347
syn,stagger_s11,stagger,ph+hedge@e4g0.5,11.089385474860347
syn,stagger_s11,stagger,ph+hedge@e8g0.5,11.089385474860347
syn,stagger_s11,stagger,ph+hedge@e2g0.25,11.089385474860347
syn,stagger_s11,stagger,ph+hedge@e2g0.75,11.089385474860347
syn,stagger_s11,stagger,ph+hedge@e2g0.9,11.089385474860347
syn,stagger_s11,stagger,kswin,12.011173184357549
syn,stagger_s11,stagger,kswin+hedge,11.94413407821231
syn,stagger_s11,stagger,kswin+hedge@e0.5g0.5,11.94413407821231
syn,stagger_s11,stagger,kswin+hedge@e1g0.5,11.94413407821231
syn,stagger_s11,stagger,kswin+hedge@e4g0.5,11.94413407821231
syn,stagger_s11,stagger,kswin+hedge@e8g0.5,11.94413407821231
syn,stagger_s11,stagger,kswin+hedge@e2g0.25,11.94413407821231
syn,stagger_s11,stagger,kswin+hedge@e2g0.75,11.94413407821231
syn,stagger_s11,stagger,kswin+hedge@e2g0.9,11.94413407821231
syn,stagger_s12,stagger,ddm,11.793296089385464
syn,stagger_s12,stagger,ddm+hedge,11.782122905027915
syn,stagger_s12,stagger,ddm+hedge@e0.5g0.5,11.782122905027915
syn,stagger_s12,stagger,ddm+hedge@e1g0.5,11.782122905027915
syn,stagger_s12,stagger,ddm+hedge@e4g0.5,11.782122905027915
syn,stagger_s12,stagger,ddm+hedge@e8g0.5,11.782122905027915
syn,stagger_s12,stagger,ddm+hedge@e2g0.25,11.782122905027915
syn,stagger_s12,stagger,ddm+hedge@e2g0.75,11.782122905027915
syn,stagger_s12,stagger,ddm+hedge@e2g0.9,11.782122905027915
syn,stagger_s12,stagger,eddm,11.793296089385464
syn,stagger_s12,stagger,eddm+hedge,11.782122905027915
syn,stagger_s12,stagger,eddm+hedge@e0.5g0.5,11.782122905027915
syn,stagger_s12,stagger,eddm+hedge@e1g0.5,11.782122905027915
syn,stagger_s12,stagger,eddm+hedge@e4g0.5,11.782122905027915
syn,stagger_s12,stagger,eddm+hedge@e8g0.5,11.782122905027915
syn,stagger_s12,stagger,eddm+hedge@e2g0.25,11.782122905027915
syn,stagger_s12,stagger,eddm+hedge@e2g0.75,11.782122905027915
syn,stagger_s12,stagger,eddm+hedge@e2g0.9,11.782122905027915
syn,stagger_s12,stagger,fhddm,0.05027932960893766
syn,stagger_s12,stagger,fhddm+hedge,0.05027932960893766
syn,stagger_s12,stagger,fhddm+hedge@e0.5g0.5,0.05027932960893766
syn,stagger_s12,stagger,fhddm+hedge@e1g0.5,0.05027932960893766
syn,stagger_s12,stagger,fhddm+hedge@e4g0.5,0.05027932960893766
syn,stagger_s12,stagger,fhddm+hedge@e8g0.5,0.05027932960893766
syn,stagger_s12,stagger,fhddm+hedge@e2g0.25,0.05027932960893766
syn,stagger_s12,stagger,fhddm+hedge@e2g0.75,0.05027932960893766
syn,stagger_s12,stagger,fhddm+hedge@e2g0.9,0.05027932960893766
syn,stagger_s12,stagger,hddma,11.793296089385464
syn,stagger_s12,stagger,hddma+hedge,11.782122905027915
syn,stagger_s12,stagger,hddma+hedge@e0.5g0.5,11.782122905027915
syn,stagger_s12,stagger,hddma+hedge@e1g0.5,11.782122905027915
syn,stagger_s12,stagger,hddma+hedge@e4g0.5,11.782122905027915
syn,stagger_s12,stagger,hddma+hedge@e8g0.5,11.782122905027915
syn,stagger_s12,stagger,hddma+hedge@e2g0.25,11.782122905027915
syn,stagger_s12,stagger,hddma+hedge@e2g0.75,11.782122905027915
syn,stagger_s12,stagger,hddma+hedge@e2g0.9,11.782122905027915
syn,stagger_s12,stagger,hddmw,11.793296089385464
syn,stagger_s12,stagger,hddmw+hedge,11.782122905027915
syn,stagger_s12,stagger,hddmw+hedge@e0.5g0.5,11.782122905027915
syn,stagger_s12,stagger,hddmw+hedge@e1g0.5,11.782122905027915
syn,stagger_s12,stagger,hddmw+hedge@e4g0.5,11.782122905027915
syn,stagger_s12,stagger,hddmw+hedge@e8g0.5,11.782122905027915
syn,stagger_s12,stagger,hddmw+hedge@e2g0.25,11.782122905027915
syn,stagger_s12,stagger,hddmw+hedge@e2g0.75,11.782122905027915
syn,stagger_s12,stagger,hddmw+hedge@e2g0.9,11.782122905027915
syn,stagger_s12,stagger,adwin,11.793296089385464
syn,stagger_s12,stagger,adwin+hedge,11.782122905027915
syn,stagger_s12,stagger,adwin+hedge@e0.5g0.5,11.782122905027915
syn,stagger_s12,stagger,adwin+hedge@e1g0.5,11.782122905027915
syn,stagger_s12,stagger,adwin+hedge@e4g0.5,11.782122905027915
syn,stagger_s12,stagger,adwin+hedge@e8g0.5,11.782122905027915
syn,stagger_s12,stagger,adwin+hedge@e2g0.25,11.782122905027915
syn,stagger_s12,stagger,adwin+hedge@e2g0.75,11.782122905027915
syn,stagger_s12,stagger,adwin+hedge@e2g0.9,11.782122905027915
syn,stagger_s12,stagger,ph,10.888268156424575
syn,stagger_s12,stagger,ph+hedge,10.877094972067026
syn,stagger_s12,stagger,ph+hedge@e0.5g0.5,10.877094972067026
syn,stagger_s12,stagger,ph+hedge@e1g0.5,10.877094972067026
syn,stagger_s12,stagger,ph+hedge@e4g0.5,10.877094972067026
syn,stagger_s12,stagger,ph+hedge@e8g0.5,10.877094972067026
syn,stagger_s12,stagger,ph+hedge@e2g0.25,10.877094972067026
syn,stagger_s12,stagger,ph+hedge@e2g0.75,10.877094972067026
syn,stagger_s12,stagger,ph+hedge@e2g0.9,10.877094972067026
syn,stagger_s12,stagger,kswin,11.793296089385464
syn,stagger_s12,stagger,kswin+hedge,11.782122905027915
syn,stagger_s12,stagger,kswin+hedge@e0.5g0.5,11.782122905027915
syn,stagger_s12,stagger,kswin+hedge@e1g0.5,11.782122905027915
syn,stagger_s12,stagger,kswin+hedge@e4g0.5,11.782122905027915
syn,stagger_s12,stagger,kswin+hedge@e8g0.5,11.782122905027915
syn,stagger_s12,stagger,kswin+hedge@e2g0.25,11.782122905027915
syn,stagger_s12,stagger,kswin+hedge@e2g0.75,11.782122905027915
syn,stagger_s12,stagger,kswin+hedge@e2g0.9,11.782122905027915
syn,stagger_s13,stagger,ddm,11.726256983240212
syn,stagger_s13,stagger,ddm+hedge,11.72067039106145
syn,stagger_s13,stagger,ddm+hedge@e0.5g0.5,11.72067039106145
syn,stagger_s13,stagger,ddm+hedge@e1g0.5,11.72067039106145
syn,stagger_s13,stagger,ddm+hedge@e4g0.5,11.72067039106145
syn,stagger_s13,stagger,ddm+hedge@e8g0.5,11.72067039106145
syn,stagger_s13,stagger,ddm+hedge@e2g0.25,11.72067039106145
syn,stagger_s13,stagger,ddm+hedge@e2g0.75,11.72067039106145
syn,stagger_s13,stagger,ddm+hedge@e2g0.9,11.72067039106145
syn,stagger_s13,stagger,eddm,11.726256983240212
syn,stagger_s13,stagger,eddm+hedge,11.72067039106145
syn,stagger_s13,stagger,eddm+hedge@e0.5g0.5,11.72067039106145
syn,stagger_s13,stagger,eddm+hedge@e1g0.5,11.72067039106145
syn,stagger_s13,stagger,eddm+hedge@e4g0.5,11.72067039106145
syn,stagger_s13,stagger,eddm+hedge@e8g0.5,11.72067039106145
syn,stagger_s13,stagger,eddm+hedge@e2g0.25,11.72067039106145
syn,stagger_s13,stagger,eddm+hedge@e2g0.75,11.72067039106145
syn,stagger_s13,stagger,eddm+hedge@e2g0.9,11.72067039106145
syn,stagger_s13,stagger,fhddm,0.08379888268155167
syn,stagger_s13,stagger,fhddm+hedge,0.08379888268155167
syn,stagger_s13,stagger,fhddm+hedge@e0.5g0.5,0.08379888268155167
syn,stagger_s13,stagger,fhddm+hedge@e1g0.5,0.08379888268155167
syn,stagger_s13,stagger,fhddm+hedge@e4g0.5,0.08379888268155167
syn,stagger_s13,stagger,fhddm+hedge@e8g0.5,0.08379888268155167
syn,stagger_s13,stagger,fhddm+hedge@e2g0.25,0.08379888268155167
syn,stagger_s13,stagger,fhddm+hedge@e2g0.75,0.08379888268155167
syn,stagger_s13,stagger,fhddm+hedge@e2g0.9,0.08379888268155167
syn,stagger_s13,stagger,hddma,11.726256983240212
syn,stagger_s13,stagger,hddma+hedge,11.72067039106145
syn,stagger_s13,stagger,hddma+hedge@e0.5g0.5,11.72067039106145
syn,stagger_s13,stagger,hddma+hedge@e1g0.5,11.72067039106145
syn,stagger_s13,stagger,hddma+hedge@e4g0.5,11.72067039106145
syn,stagger_s13,stagger,hddma+hedge@e8g0.5,11.72067039106145
syn,stagger_s13,stagger,hddma+hedge@e2g0.25,11.72067039106145
syn,stagger_s13,stagger,hddma+hedge@e2g0.75,11.72067039106145
syn,stagger_s13,stagger,hddma+hedge@e2g0.9,11.72067039106145
syn,stagger_s13,stagger,hddmw,11.726256983240212
syn,stagger_s13,stagger,hddmw+hedge,11.72067039106145
syn,stagger_s13,stagger,hddmw+hedge@e0.5g0.5,11.72067039106145
syn,stagger_s13,stagger,hddmw+hedge@e1g0.5,11.72067039106145
syn,stagger_s13,stagger,hddmw+hedge@e4g0.5,11.72067039106145
syn,stagger_s13,stagger,hddmw+hedge@e8g0.5,11.72067039106145
syn,stagger_s13,stagger,hddmw+hedge@e2g0.25,11.72067039106145
syn,stagger_s13,stagger,hddmw+hedge@e2g0.75,11.72067039106145
syn,stagger_s13,stagger,hddmw+hedge@e2g0.9,11.72067039106145
syn,stagger_s13,stagger,adwin,11.726256983240212
syn,stagger_s13,stagger,adwin+hedge,11.72067039106145
syn,stagger_s13,stagger,adwin+hedge@e0.5g0.5,11.72067039106145
syn,stagger_s13,stagger,adwin+hedge@e1g0.5,11.72067039106145
syn,stagger_s13,stagger,adwin+hedge@e4g0.5,11.72067039106145
syn,stagger_s13,stagger,adwin+hedge@e8g0.5,11.72067039106145
syn,stagger_s13,stagger,adwin+hedge@e2g0.25,11.72067039106145
syn,stagger_s13,stagger,adwin+hedge@e2g0.75,11.72067039106145
syn,stagger_s13,stagger,adwin+hedge@e2g0.9,11.72067039106145
syn,stagger_s13,stagger,ph,11.1899441340782
syn,stagger_s13,stagger,ph+hedge,11.184357541899425
syn,stagger_s13,stagger,ph+hedge@e0.5g0.5,11.184357541899425
syn,stagger_s13,stagger,ph+hedge@e1g0.5,11.184357541899425
syn,stagger_s13,stagger,ph+hedge@e4g0.5,11.184357541899425
syn,stagger_s13,stagger,ph+hedge@e8g0.5,11.184357541899425
syn,stagger_s13,stagger,ph+hedge@e2g0.25,11.184357541899425
syn,stagger_s13,stagger,ph+hedge@e2g0.75,11.184357541899425
syn,stagger_s13,stagger,ph+hedge@e2g0.9,11.184357541899425
syn,stagger_s13,stagger,kswin,11.726256983240212
syn,stagger_s13,stagger,kswin+hedge,11.72067039106145
syn,stagger_s13,stagger,kswin+hedge@e0.5g0.5,11.72067039106145
syn,stagger_s13,stagger,kswin+hedge@e1g0.5,11.72067039106145
syn,stagger_s13,stagger,kswin+hedge@e4g0.5,11.72067039106145
syn,stagger_s13,stagger,kswin+hedge@e8g0.5,11.72067039106145
syn,stagger_s13,stagger,kswin+hedge@e2g0.25,11.72067039106145
syn,stagger_s13,stagger,kswin+hedge@e2g0.75,11.72067039106145
syn,stagger_s13,stagger,kswin+hedge@e2g0.9,11.72067039106145
syn,stagger_s14,stagger,ddm,11.871508379888262
syn,stagger_s14,stagger,ddm+hedge,11.832402234636874
syn,stagger_s14,stagger,ddm+hedge@e0.5g0.5,11.832402234636874
syn,stagger_s14,stagger,ddm+hedge@e1g0.5,11.832402234636874
syn,stagger_s14,stagger,ddm+hedge@e4g0.5,11.832402234636874
syn,stagger_s14,stagger,ddm+hedge@e8g0.5,11.832402234636874
syn,stagger_s14,stagger,ddm+hedge@e2g0.25,11.832402234636874
syn,stagger_s14,stagger,ddm+hedge@e2g0.75,11.832402234636874
syn,stagger_s14,stagger,ddm+hedge@e2g0.9,11.832402234636874
syn,stagger_s14,stagger,eddm,11.871508379888262
syn,stagger_s14,stagger,eddm+hedge,11.832402234636874
syn,stagger_s14,stagger,eddm+hedge@e0.5g0.5,11.832402234636874
syn,stagger_s14,stagger,eddm+hedge@e1g0.5,11.832402234636874
syn,stagger_s14,stagger,eddm+hedge@e4g0.5,11.832402234636874
syn,stagger_s14,stagger,eddm+hedge@e8g0.5,11.832402234636874
syn,stagger_s14,stagger,eddm+hedge@e2g0.25,11.832402234636874
syn,stagger_s14,stagger,eddm+hedge@e2g0.75,11.832402234636874
syn,stagger_s14,stagger,eddm+hedge@e2g0.9,11.832402234636874
syn,stagger_s14,stagger,fhddm,0.10614525139663877
syn,stagger_s14,stagger,fhddm+hedge,0.10614525139663877
syn,stagger_s14,stagger,fhddm+hedge@e0.5g0.5,0.10614525139663877
syn,stagger_s14,stagger,fhddm+hedge@e1g0.5,0.10614525139663877
syn,stagger_s14,stagger,fhddm+hedge@e4g0.5,0.10614525139663877
syn,stagger_s14,stagger,fhddm+hedge@e8g0.5,0.10614525139663877
syn,stagger_s14,stagger,fhddm+hedge@e2g0.25,0.10614525139663877
syn,stagger_s14,stagger,fhddm+hedge@e2g0.75,0.10614525139663877
syn,stagger_s14,stagger,fhddm+hedge@e2g0.9,0.10614525139663877
syn,stagger_s14,stagger,hddma,11.871508379888262
syn,stagger_s14,stagger,hddma+hedge,11.832402234636874
syn,stagger_s14,stagger,hddma+hedge@e0.5g0.5,11.832402234636874
syn,stagger_s14,stagger,hddma+hedge@e1g0.5,11.832402234636874
syn,stagger_s14,stagger,hddma+hedge@e4g0.5,11.832402234636874
syn,stagger_s14,stagger,hddma+hedge@e8g0.5,11.832402234636874
syn,stagger_s14,stagger,hddma+hedge@e2g0.25,11.832402234636874
syn,stagger_s14,stagger,hddma+hedge@e2g0.75,11.832402234636874
syn,stagger_s14,stagger,hddma+hedge@e2g0.9,11.832402234636874
syn,stagger_s14,stagger,hddmw,11.871508379888262
syn,stagger_s14,stagger,hddmw+hedge,11.832402234636874
syn,stagger_s14,stagger,hddmw+hedge@e0.5g0.5,11.832402234636874
syn,stagger_s14,stagger,hddmw+hedge@e1g0.5,11.832402234636874
syn,stagger_s14,stagger,hddmw+hedge@e4g0.5,11.832402234636874
syn,stagger_s14,stagger,hddmw+hedge@e8g0.5,11.832402234636874
syn,stagger_s14,stagger,hddmw+hedge@e2g0.25,11.832402234636874
syn,stagger_s14,stagger,hddmw+hedge@e2g0.75,11.832402234636874
syn,stagger_s14,stagger,hddmw+hedge@e2g0.9,11.832402234636874
syn,stagger_s14,stagger,adwin,11.871508379888262
syn,stagger_s14,stagger,adwin+hedge,11.832402234636874
syn,stagger_s14,stagger,adwin+hedge@e0.5g0.5,11.832402234636874
syn,stagger_s14,stagger,adwin+hedge@e1g0.5,11.832402234636874
syn,stagger_s14,stagger,adwin+hedge@e4g0.5,11.832402234636874
syn,stagger_s14,stagger,adwin+hedge@e8g0.5,11.832402234636874
syn,stagger_s14,stagger,adwin+hedge@e2g0.25,11.832402234636874
syn,stagger_s14,stagger,adwin+hedge@e2g0.75,11.832402234636874
syn,stagger_s14,stagger,adwin+hedge@e2g0.9,11.832402234636874
syn,stagger_s14,stagger,ph,11.033519553072624
syn,stagger_s14,stagger,ph+hedge,10.994413407821213
syn,stagger_s14,stagger,ph+hedge@e0.5g0.5,10.994413407821213
syn,stagger_s14,stagger,ph+hedge@e1g0.5,10.994413407821213
syn,stagger_s14,stagger,ph+hedge@e4g0.5,10.994413407821213
syn,stagger_s14,stagger,ph+hedge@e8g0.5,10.994413407821213
syn,stagger_s14,stagger,ph+hedge@e2g0.25,10.994413407821213
syn,stagger_s14,stagger,ph+hedge@e2g0.75,10.994413407821213
syn,stagger_s14,stagger,ph+hedge@e2g0.9,10.994413407821213
syn,stagger_s14,stagger,kswin,10.7094972067039
syn,stagger_s14,stagger,kswin+hedge,10.670391061452511
syn,stagger_s14,stagger,kswin+hedge@e0.5g0.5,10.670391061452511
syn,stagger_s14,stagger,kswin+hedge@e1g0.5,10.670391061452511
syn,stagger_s14,stagger,kswin+hedge@e4g0.5,10.670391061452511
syn,stagger_s14,stagger,kswin+hedge@e8g0.5,10.670391061452511
syn,stagger_s14,stagger,kswin+hedge@e2g0.25,10.670391061452511
syn,stagger_s14,stagger,kswin+hedge@e2g0.75,10.670391061452511
syn,stagger_s14,stagger,kswin+hedge@e2g0.9,10.670391061452511
syn,grid_c5_b500_s10,grid,ddm,38.56818181818182
syn,grid_c5_b500_s10,grid,ddm+hedge,38.54545454545453
syn,grid_c5_b500_s10,grid,ddm+hedge@e0.5g0.5,38.54545454545453
syn,grid_c5_b500_s10,grid,ddm+hedge@e1g0.5,38.54545454545453
syn,grid_c5_b500_s10,grid,ddm+hedge@e4g0.5,38.54545454545453
syn,grid_c5_b500_s10,grid,ddm+hedge@e8g0.5,38.54545454545453
syn,grid_c5_b500_s10,grid,ddm+hedge@e2g0.25,38.54545454545453
syn,grid_c5_b500_s10,grid,ddm+hedge@e2g0.75,38.54545454545453
syn,grid_c5_b500_s10,grid,ddm+hedge@e2g0.9,38.54545454545453
syn,grid_c5_b500_s10,grid,eddm,38.56818181818182
syn,grid_c5_b500_s10,grid,eddm+hedge,38.54545454545453
syn,grid_c5_b500_s10,grid,eddm+hedge@e0.5g0.5,38.54545454545453
syn,grid_c5_b500_s10,grid,eddm+hedge@e1g0.5,38.54545454545453
syn,grid_c5_b500_s10,grid,eddm+hedge@e4g0.5,38.54545454545453
syn,grid_c5_b500_s10,grid,eddm+hedge@e8g0.5,38.54545454545453
syn,grid_c5_b500_s10,grid,eddm+hedge@e2g0.25,38.54545454545453
syn,grid_c5_b500_s10,grid,eddm+hedge@e2g0.75,38.54545454545453
syn,grid_c5_b500_s10,grid,eddm+hedge@e2g0.9,38.54545454545453
syn,grid_c5_b500_s10,grid,fhddm,13.818181818181813
syn,grid_c5_b500_s10,grid,fhddm+hedge,9.477272727272718
syn,grid_c5_b500_s10,grid,fhddm+hedge@e0.5g0.5,7.749999999999996
syn,grid_c5_b500_s10,grid,fhddm+hedge@e1g0.5,9.31818181818181
syn,grid_c5_b500_s10,grid,fhddm+hedge@e4g0.5,9.54545454545454
syn,grid_c5_b500_s10,grid,fhddm+hedge@e8g0.5,11.249999999999998
syn,grid_c5_b500_s10,grid,fhddm+hedge@e2g0.25,9.204545454545448
syn,grid_c5_b500_s10,grid,fhddm+hedge@e2g0.75,9.590909090909088
syn,grid_c5_b500_s10,grid,fhddm+hedge@e2g0.9,9.499999999999991
syn,grid_c5_b500_s10,grid,hddma,38.56818181818182
syn,grid_c5_b500_s10,grid,hddma+hedge,38.54545454545453
syn,grid_c5_b500_s10,grid,hddma+hedge@e0.5g0.5,38.54545454545453
syn,grid_c5_b500_s10,grid,hddma+hedge@e1g0.5,38.54545454545453
syn,grid_c5_b500_s10,grid,hddma+hedge@e4g0.5,38.54545454545453
syn,grid_c5_b500_s10,grid,hddma+hedge@e8g0.5,38.54545454545453
syn,grid_c5_b500_s10,grid,hddma+hedge@e2g0.25,38.54545454545453
syn,grid_c5_b500_s10,grid,hddma+hedge@e2g0.75,38.54545454545453
syn,grid_c5_b500_s10,grid,hddma+hedge@e2g0.9,38.54545454545453
syn,grid_c5_b500_s10,grid,hddmw,38.56818181818182
syn,grid_c5_b500_s10,grid,hddmw+hedge,38.54545454545453
syn,grid_c5_b500_s10,grid,hddmw+hedge@e0.5g0.5,38.54545454545453
syn,grid_c5_b500_s10,grid,hddmw+hedge@e1g0.5,38.54545454545453
syn,grid_c5_b500_s10,grid,hddmw+hedge@e4g0.5,38.54545454545453
syn,grid_c5_b500_s10,grid,hddmw+hedge@e8g0.5,38.54545454545453
syn,grid_c5_b500_s10,grid,hddmw+hedge@e2g0.25,38.54545454545453
syn,grid_c5_b500_s10,grid,hddmw+hedge@e2g0.75,38.54545454545453
syn,grid_c5_b500_s10,grid,hddmw+hedge@e2g0.9,38.54545454545453
syn,grid_c5_b500_s10,grid,adwin,38.56818181818182
syn,grid_c5_b500_s10,grid,adwin+hedge,38.54545454545453
syn,grid_c5_b500_s10,grid,adwin+hedge@e0.5g0.5,38.54545454545453
syn,grid_c5_b500_s10,grid,adwin+hedge@e1g0.5,38.54545454545453
syn,grid_c5_b500_s10,grid,adwin+hedge@e4g0.5,38.54545454545453
syn,grid_c5_b500_s10,grid,adwin+hedge@e8g0.5,38.54545454545453
syn,grid_c5_b500_s10,grid,adwin+hedge@e2g0.25,38.54545454545453
syn,grid_c5_b500_s10,grid,adwin+hedge@e2g0.75,38.54545454545453
syn,grid_c5_b500_s10,grid,adwin+hedge@e2g0.9,38.54545454545453
syn,grid_c5_b500_s10,grid,ph,36.20454545454546
syn,grid_c5_b500_s10,grid,ph+hedge,36.363636363636346
syn,grid_c5_b500_s10,grid,ph+hedge@e0.5g0.5,36.22727272727273
syn,grid_c5_b500_s10,grid,ph+hedge@e1g0.5,36.363636363636346
syn,grid_c5_b500_s10,grid,ph+hedge@e4g0.5,36.363636363636346
syn,grid_c5_b500_s10,grid,ph+hedge@e8g0.5,36.363636363636346
syn,grid_c5_b500_s10,grid,ph+hedge@e2g0.25,36.363636363636346
syn,grid_c5_b500_s10,grid,ph+hedge@e2g0.75,36.340909090909086
syn,grid_c5_b500_s10,grid,ph+hedge@e2g0.9,36.363636363636346
syn,grid_c5_b500_s10,grid,kswin,38.56818181818182
syn,grid_c5_b500_s10,grid,kswin+hedge,38.54545454545453
syn,grid_c5_b500_s10,grid,kswin+hedge@e0.5g0.5,38.54545454545453
syn,grid_c5_b500_s10,grid,kswin+hedge@e1g0.5,38.54545454545453
syn,grid_c5_b500_s10,grid,kswin+hedge@e4g0.5,38.54545454545453
syn,grid_c5_b500_s10,grid,kswin+hedge@e8g0.5,38.54545454545453
syn,grid_c5_b500_s10,grid,kswin+hedge@e2g0.25,38.54545454545453
syn,grid_c5_b500_s10,grid,kswin+hedge@e2g0.75,38.54545454545453
syn,grid_c5_b500_s10,grid,kswin+hedge@e2g0.9,38.54545454545453
syn,grid_c5_b500_s11,grid,ddm,41.772727272727266
syn,grid_c5_b500_s11,grid,ddm+hedge,41.54545454545453
syn,grid_c5_b500_s11,grid,ddm+hedge@e0.5g0.5,40.04545454545453
syn,grid_c5_b500_s11,grid,ddm+hedge@e1g0.5,40.97727272727273
syn,grid_c5_b500_s11,grid,ddm+hedge@e4g0.5,41.772727272727266
syn,grid_c5_b500_s11,grid,ddm+hedge@e8g0.5,41.79545454545454
syn,grid_c5_b500_s11,grid,ddm+hedge@e2g0.25,41.499999999999986
syn,grid_c5_b500_s11,grid,ddm+hedge@e2g0.75,41.54545454545453
syn,grid_c5_b500_s11,grid,ddm+hedge@e2g0.9,41.54545454545453
syn,grid_c5_b500_s11,grid,eddm,47.590909090909086
syn,grid_c5_b500_s11,grid,eddm+hedge,47.54545454545454
syn,grid_c5_b500_s11,grid,eddm+hedge@e0.5g0.5,47.54545454545454
syn,grid_c5_b500_s11,grid,eddm+hedge@e1g0.5,47.54545454545454
syn,grid_c5_b500_s11,grid,eddm+hedge@e4g0.5,47.56818181818183
syn,grid_c5_b500_s11,grid,eddm+hedge@e8g0.5,47.56818181818183
syn,grid_c5_b500_s11,grid,eddm+hedge@e2g0.25,47.54545454545454
syn,grid_c5_b500_s11,grid,eddm+hedge@e2g0.75,47.54545454545454
syn,grid_c5_b500_s11,grid,eddm+hedge@e2g0.9,47.54545454545454
syn,grid_c5_b500_s11,grid,fhddm,16.61363636363636
syn,grid_c5_b500_s11,grid,fhddm+hedge,16.545454545454536
syn,grid_c5_b500_s11,grid,fhddm+hedge@e0.5g0.5,16.522727272727273
syn,grid_c5_b500_s11,grid,fhddm+hedge@e1g0.5,16.545454545454536
syn,grid_c5_b500_s11,grid,fhddm+hedge@e4g0.5,16.590909090909093
syn,grid_c5_b500_s11,grid,fhddm+hedge@e8g0.5,16.636363636363644
syn,grid_c5_b500_s11,grid,fhddm+hedge@e2g0.25,16.545454545454536
syn,grid_c5_b500_s11,grid,fhddm+hedge@e2g0.75,16.590909090909093
syn,grid_c5_b500_s11,grid,fhddm+hedge@e2g0.9,16.61363636363636
syn,grid_c5_b500_s11,grid,hddma,47.590909090909086
syn,grid_c5_b500_s11,grid,hddma+hedge,47.54545454545454
syn,grid_c5_b500_s11,grid,hddma+hedge@e0.5g0.5,47.54545454545454
syn,grid_c5_b500_s11,grid,hddma+hedge@e1g0.5,47.54545454545454
syn,grid_c5_b500_s11,grid,hddma+hedge@e4g0.5,47.56818181818183
syn,grid_c5_b500_s11,grid,hddma+hedge@e8g0.5,47.56818181818183
syn,grid_c5_b500_s11,grid,hddma+hedge@e2g0.25,47.54545454545454
syn,grid_c5_b500_s11,grid,hddma+hedge@e2g0.75,47.54545454545454
syn,grid_c5_b500_s11,grid,hddma+hedge@e2g0.9,47.54545454545454
syn,grid_c5_b500_s11,grid,hddmw,45.659090909090914
syn,grid_c5_b500_s11,grid,hddmw+hedge,46.840909090909086
syn,grid_c5_b500_s11,grid,hddmw+hedge@e0.5g0.5,46.840909090909086
syn,grid_c5_b500_s11,grid,hddmw+hedge@e1g0.5,46.840909090909086
syn,grid_c5_b500_s11,grid,hddmw+hedge@e4g0.5,46.86363636363637
syn,grid_c5_b500_s11,grid,hddmw+hedge@e8g0.5,46.86363636363637
syn,grid_c5_b500_s11,grid,hddmw+hedge@e2g0.25,46.840909090909086
syn,grid_c5_b500_s11,grid,hddmw+hedge@e2g0.75,46.840909090909086
syn,grid_c5_b500_s11,grid,hddmw+hedge@e2g0.9,46.840909090909086
syn,grid_c5_b500_s11,grid,adwin,47.590909090909086
syn,grid_c5_b500_s11,grid,adwin+hedge,47.54545454545454
syn,grid_c5_b500_s11,grid,adwin+hedge@e0.5g0.5,47.54545454545454
syn,grid_c5_b500_s11,grid,adwin+hedge@e1g0.5,47.54545454545454
syn,grid_c5_b500_s11,grid,adwin+hedge@e4g0.5,47.56818181818183
syn,grid_c5_b500_s11,grid,adwin+hedge@e8g0.5,47.56818181818183
syn,grid_c5_b500_s11,grid,adwin+hedge@e2g0.25,47.54545454545454
syn,grid_c5_b500_s11,grid,adwin+hedge@e2g0.75,47.54545454545454
syn,grid_c5_b500_s11,grid,adwin+hedge@e2g0.9,47.54545454545454
syn,grid_c5_b500_s11,grid,ph,44.97727272727274
syn,grid_c5_b500_s11,grid,ph+hedge,44.97727272727274
syn,grid_c5_b500_s11,grid,ph+hedge@e0.5g0.5,44.97727272727274
syn,grid_c5_b500_s11,grid,ph+hedge@e1g0.5,44.97727272727274
syn,grid_c5_b500_s11,grid,ph+hedge@e4g0.5,44.97727272727274
syn,grid_c5_b500_s11,grid,ph+hedge@e8g0.5,45.0
syn,grid_c5_b500_s11,grid,ph+hedge@e2g0.25,45.0
syn,grid_c5_b500_s11,grid,ph+hedge@e2g0.75,44.97727272727274
syn,grid_c5_b500_s11,grid,ph+hedge@e2g0.9,44.97727272727274
syn,grid_c5_b500_s11,grid,kswin,44.5909090909091
syn,grid_c5_b500_s11,grid,kswin+hedge,44.52272727272727
syn,grid_c5_b500_s11,grid,kswin+hedge@e0.5g0.5,44.47727272727271
syn,grid_c5_b500_s11,grid,kswin+hedge@e1g0.5,44.47727272727271
syn,grid_c5_b500_s11,grid,kswin+hedge@e4g0.5,44.54545454545456
syn,grid_c5_b500_s11,grid,kswin+hedge@e8g0.5,44.54545454545456
syn,grid_c5_b500_s11,grid,kswin+hedge@e2g0.25,44.5
syn,grid_c5_b500_s11,grid,kswin+hedge@e2g0.75,44.52272727272727
syn,grid_c5_b500_s11,grid,kswin+hedge@e2g0.9,44.52272727272727
syn,grid_c5_b2000_s10,grid,ddm,13.18994413407819
syn,grid_c5_b2000_s10,grid,ddm+hedge,13.18994413407819
syn,grid_c5_b2000_s10,grid,ddm+hedge@e0.5g0.5,13.18994413407819
syn,grid_c5_b2000_s10,grid,ddm+hedge@e1g0.5,13.18994413407819
syn,grid_c5_b2000_s10,grid,ddm+hedge@e4g0.5,13.18994413407819
syn,grid_c5_b2000_s10,grid,ddm+hedge@e8g0.5,13.18994413407819
syn,grid_c5_b2000_s10,grid,ddm+hedge@e2g0.25,13.18994413407819
syn,grid_c5_b2000_s10,grid,ddm+hedge@e2g0.75,13.18994413407819
syn,grid_c5_b2000_s10,grid,ddm+hedge@e2g0.9,13.18994413407819
syn,grid_c5_b2000_s10,grid,eddm,13.195530726256976
syn,grid_c5_b2000_s10,grid,eddm+hedge,13.18994413407819
syn,grid_c5_b2000_s10,grid,eddm+hedge@e0.5g0.5,13.18994413407819
syn,grid_c5_b2000_s10,grid,eddm+hedge@e1g0.5,13.18994413407819
syn,grid_c5_b2000_s10,grid,eddm+hedge@e4g0.5,13.18994413407819
syn,grid_c5_b2000_s10,grid,eddm+hedge@e8g0.5,13.18994413407819
syn,grid_c5_b2000_s10,grid,eddm+hedge@e2g0.25,13.18994413407819
syn,grid_c5_b2000_s10,grid,eddm+hedge@e2g0.75,13.18994413407819
syn,grid_c5_b2000_s10,grid,eddm+hedge@e2g0.9,13.18994413407819
syn,grid_c5_b2000_s10,grid,fhddm,0.022346368715087106
syn,grid_c5_b2000_s10,grid,fhddm+hedge,0.027932960893861658
syn,grid_c5_b2000_s10,grid,fhddm+hedge@e0.5g0.5,0.027932960893861658
syn,grid_c5_b2000_s10,grid,fhddm+hedge@e1g0.5,0.027932960893861658
syn,grid_c5_b2000_s10,grid,fhddm+hedge@e4g0.5,0.027932960893861658
syn,grid_c5_b2000_s10,grid,fhddm+hedge@e8g0.5,0.027932960893861658
syn,grid_c5_b2000_s10,grid,fhddm+hedge@e2g0.25,0.027932960893861658
syn,grid_c5_b2000_s10,grid,fhddm+hedge@e2g0.75,0.027932960893861658
syn,grid_c5_b2000_s10,grid,fhddm+hedge@e2g0.9,0.027932960893861658
syn,grid_c5_b2000_s10,grid,hddma,13.195530726256976
syn,grid_c5_b2000_s10,grid,hddma+hedge,13.18994413407819
syn,grid_c5_b2000_s10,grid,hddma+hedge@e0.5g0.5,13.18994413407819
syn,grid_c5_b2000_s10,grid,hddma+hedge@e1g0.5,13.18994413407819
syn,grid_c5_b2000_s10,grid,hddma+hedge@e4g0.5,13.18994413407819
syn,grid_c5_b2000_s10,grid,hddma+hedge@e8g0.5,13.18994413407819
syn,grid_c5_b2000_s10,grid,hddma+hedge@e2g0.25,13.18994413407819
syn,grid_c5_b2000_s10,grid,hddma+hedge@e2g0.75,13.18994413407819
syn,grid_c5_b2000_s10,grid,hddma+hedge@e2g0.9,13.18994413407819
syn,grid_c5_b2000_s10,grid,hddmw,13.195530726256976
syn,grid_c5_b2000_s10,grid,hddmw+hedge,13.18994413407819
syn,grid_c5_b2000_s10,grid,hddmw+hedge@e0.5g0.5,13.18994413407819
syn,grid_c5_b2000_s10,grid,hddmw+hedge@e1g0.5,13.18994413407819
syn,grid_c5_b2000_s10,grid,hddmw+hedge@e4g0.5,13.18994413407819
syn,grid_c5_b2000_s10,grid,hddmw+hedge@e8g0.5,13.18994413407819
syn,grid_c5_b2000_s10,grid,hddmw+hedge@e2g0.25,13.18994413407819
syn,grid_c5_b2000_s10,grid,hddmw+hedge@e2g0.75,13.18994413407819
syn,grid_c5_b2000_s10,grid,hddmw+hedge@e2g0.9,13.18994413407819
syn,grid_c5_b2000_s10,grid,adwin,13.195530726256976
syn,grid_c5_b2000_s10,grid,adwin+hedge,13.18994413407819
syn,grid_c5_b2000_s10,grid,adwin+hedge@e0.5g0.5,13.18994413407819
syn,grid_c5_b2000_s10,grid,adwin+hedge@e1g0.5,13.18994413407819
syn,grid_c5_b2000_s10,grid,adwin+hedge@e4g0.5,13.18994413407819
syn,grid_c5_b2000_s10,grid,adwin+hedge@e8g0.5,13.18994413407819
syn,grid_c5_b2000_s10,grid,adwin+hedge@e2g0.25,13.18994413407819
syn,grid_c5_b2000_s10,grid,adwin+hedge@e2g0.75,13.18994413407819
syn,grid_c5_b2000_s10,grid,adwin+hedge@e2g0.9,13.18994413407819
syn,grid_c5_b2000_s10,grid,ph,13.195530726256976
syn,grid_c5_b2000_s10,grid,ph+hedge,13.18994413407819
syn,grid_c5_b2000_s10,grid,ph+hedge@e0.5g0.5,13.18994413407819
syn,grid_c5_b2000_s10,grid,ph+hedge@e1g0.5,13.18994413407819
syn,grid_c5_b2000_s10,grid,ph+hedge@e4g0.5,13.18994413407819
syn,grid_c5_b2000_s10,grid,ph+hedge@e8g0.5,13.18994413407819
syn,grid_c5_b2000_s10,grid,ph+hedge@e2g0.25,13.18994413407819
syn,grid_c5_b2000_s10,grid,ph+hedge@e2g0.75,13.18994413407819
syn,grid_c5_b2000_s10,grid,ph+hedge@e2g0.9,13.18994413407819
syn,grid_c5_b2000_s10,grid,kswin,13.195530726256976
syn,grid_c5_b2000_s10,grid,kswin+hedge,13.18994413407819
syn,grid_c5_b2000_s10,grid,kswin+hedge@e0.5g0.5,13.18994413407819
syn,grid_c5_b2000_s10,grid,kswin+hedge@e1g0.5,13.18994413407819
syn,grid_c5_b2000_s10,grid,kswin+hedge@e4g0.5,13.18994413407819
syn,grid_c5_b2000_s10,grid,kswin+hedge@e8g0.5,13.18994413407819
syn,grid_c5_b2000_s10,grid,kswin+hedge@e2g0.25,13.18994413407819
syn,grid_c5_b2000_s10,grid,kswin+hedge@e2g0.75,13.18994413407819
syn,grid_c5_b2000_s10,grid,kswin+hedge@e2g0.9,13.18994413407819
syn,grid_c5_b2000_s11,grid,ddm,13.81005586592179
syn,grid_c5_b2000_s11,grid,ddm+hedge,13.469273743016752
syn,grid_c5_b2000_s11,grid,ddm+hedge@e0.5g0.5,13.938547486033514
syn,grid_c5_b2000_s11,grid,ddm+hedge@e1g0.5,14.072625698324027
syn,grid_c5_b2000_s11,grid,ddm+hedge@e4g0.5,13.497206703910614
syn,grid_c5_b2000_s11,grid,ddm+hedge@e8g0.5,13.726256983240226
syn,grid_c5_b2000_s11,grid,ddm+hedge@e2g0.25,13.469273743016752
syn,grid_c5_b2000_s11,grid,ddm+hedge@e2g0.75,13.469273743016752
syn,grid_c5_b2000_s11,grid,ddm+hedge@e2g0.9,13.469273743016752
syn,grid_c5_b2000_s11,grid,eddm,14.575418994413415
syn,grid_c5_b2000_s11,grid,eddm+hedge,14.553072625698317
syn,grid_c5_b2000_s11,grid,eddm+hedge@e0.5g0.5,14.553072625698317
syn,grid_c5_b2000_s11,grid,eddm+hedge@e1g0.5,14.558659217877079
syn,grid_c5_b2000_s11,grid,eddm+hedge@e4g0.5,14.553072625698317
syn,grid_c5_b2000_s11,grid,eddm+hedge@e8g0.5,14.553072625698317
syn,grid_c5_b2000_s11,grid,eddm+hedge@e2g0.25,14.558659217877079
syn,grid_c5_b2000_s11,grid,eddm+hedge@e2g0.75,14.553072625698317
syn,grid_c5_b2000_s11,grid,eddm+hedge@e2g0.9,14.553072625698317
syn,grid_c5_b2000_s11,grid,fhddm,0.011173184357549104
syn,grid_c5_b2000_s11,grid,fhddm+hedge,0.022346368715087106
syn,grid_c5_b2000_s11,grid,fhddm+hedge@e0.5g0.5,0.027932960893850556
syn,grid_c5_b2000_s11,grid,fhddm+hedge@e1g0.5,0.027932960893850556
syn,grid_c5_b2000_s11,grid,fhddm+hedge@e4g0.5,0.022346368715087106
syn,grid_c5_b2000_s11,grid,fhddm+hedge@e8g0.5,0.022346368715087106
syn,grid_c5_b2000_s11,grid,fhddm+hedge@e2g0.25,0.027932960893850556
syn,grid_c5_b2000_s11,grid,fhddm+hedge@e2g0.75,0.022346368715087106
syn,grid_c5_b2000_s11,grid,fhddm+hedge@e2g0.9,0.022346368715087106
syn,grid_c5_b2000_s11,grid,hddma,14.575418994413415
syn,grid_c5_b2000_s11,grid,hddma+hedge,14.553072625698317
syn,grid_c5_b2000_s11,grid,hddma+hedge@e0.5g0.5,14.553072625698317
syn,grid_c5_b2000_s11,grid,hddma+hedge@e1g0.5,14.558659217877079
syn,grid_c5_b2000_s11,grid,hddma+hedge@e4g0.5,14.553072625698317
syn,grid_c5_b2000_s11,grid,hddma+hedge@e8g0.5,14.553072625698317
syn,grid_c5_b2000_s11,grid,hddma+hedge@e2g0.25,14.558659217877079
syn,grid_c5_b2000_s11,grid,hddma+hedge@e2g0.75,14.553072625698317
syn,grid_c5_b2000_s11,grid,hddma+hedge@e2g0.9,14.553072625698317
syn,grid_c5_b2000_s11,grid,hddmw,14.234636871508389
syn,grid_c5_b2000_s11,grid,hddmw+hedge,14.206703910614515
syn,grid_c5_b2000_s11,grid,hddmw+hedge@e0.5g0.5,14.206703910614515
syn,grid_c5_b2000_s11,grid,hddmw+hedge@e1g0.5,14.206703910614515
syn,grid_c5_b2000_s11,grid,hddmw+hedge@e4g0.5,14.206703910614515
syn,grid_c5_b2000_s11,grid,hddmw+hedge@e8g0.5,14.206703910614515
syn,grid_c5_b2000_s11,grid,hddmw+hedge@e2g0.25,14.212290502793302
syn,grid_c5_b2000_s11,grid,hddmw+hedge@e2g0.75,14.206703910614515
syn,grid_c5_b2000_s11,grid,hddmw+hedge@e2g0.9,14.206703910614515
syn,grid_c5_b2000_s11,grid,adwin,14.575418994413415
syn,grid_c5_b2000_s11,grid,adwin+hedge,14.553072625698317
syn,grid_c5_b2000_s11,grid,adwin+hedge@e0.5g0.5,14.553072625698317
syn,grid_c5_b2000_s11,grid,adwin+hedge@e1g0.5,14.558659217877079
syn,grid_c5_b2000_s11,grid,adwin+hedge@e4g0.5,14.553072625698317
syn,grid_c5_b2000_s11,grid,adwin+hedge@e8g0.5,14.553072625698317
syn,grid_c5_b2000_s11,grid,adwin+hedge@e2g0.25,14.558659217877079
syn,grid_c5_b2000_s11,grid,adwin+hedge@e2g0.75,14.553072625698317
syn,grid_c5_b2000_s11,grid,adwin+hedge@e2g0.9,14.553072625698317
syn,grid_c5_b2000_s11,grid,ph,14.027932960893864
syn,grid_c5_b2000_s11,grid,ph+hedge,14.011173184357538
syn,grid_c5_b2000_s11,grid,ph+hedge@e0.5g0.5,14.01117318435755
syn,grid_c5_b2000_s11,grid,ph+hedge@e1g0.5,14.01117318435755
syn,grid_c5_b2000_s11,grid,ph+hedge@e4g0.5,14.011173184357538
syn,grid_c5_b2000_s11,grid,ph+hedge@e8g0.5,14.011173184357538
syn,grid_c5_b2000_s11,grid,ph+hedge@e2g0.25,14.016759776536315
syn,grid_c5_b2000_s11,grid,ph+hedge@e2g0.75,14.011173184357538
syn,grid_c5_b2000_s11,grid,ph+hedge@e2g0.9,14.011173184357538
syn,grid_c5_b2000_s11,grid,kswin,12.849162011173188
syn,grid_c5_b2000_s11,grid,kswin+hedge,12.83798882681564
syn,grid_c5_b2000_s11,grid,kswin+hedge@e0.5g0.5,12.843575418994401
syn,grid_c5_b2000_s11,grid,kswin+hedge@e1g0.5,12.843575418994401
syn,grid_c5_b2000_s11,grid,kswin+hedge@e4g0.5,12.83798882681564
syn,grid_c5_b2000_s11,grid,kswin+hedge@e8g0.5,12.83798882681564
syn,grid_c5_b2000_s11,grid,kswin+hedge@e2g0.25,12.843575418994401
syn,grid_c5_b2000_s11,grid,kswin+hedge@e2g0.75,12.83798882681564
syn,grid_c5_b2000_s11,grid,kswin+hedge@e2g0.9,12.83798882681564
syn,grid_c30_b500_s10,grid,ddm,31.477272727272698
syn,grid_c30_b500_s10,grid,ddm+hedge,30.545454545454533
syn,grid_c30_b500_s10,grid,ddm+hedge@e0.5g0.5,30.568181818181817
syn,grid_c30_b500_s10,grid,ddm+hedge@e1g0.5,30.47727272727271
syn,grid_c30_b500_s10,grid,ddm+hedge@e4g0.5,30.545454545454508
syn,grid_c30_b500_s10,grid,ddm+hedge@e8g0.5,30.545454545454508
syn,grid_c30_b500_s10,grid,ddm+hedge@e2g0.25,30.522727272727256
syn,grid_c30_b500_s10,grid,ddm+hedge@e2g0.75,30.522727272727245
syn,grid_c30_b500_s10,grid,ddm+hedge@e2g0.9,30.522727272727245
syn,grid_c30_b500_s10,grid,eddm,32.068181818181806
syn,grid_c30_b500_s10,grid,eddm+hedge,30.840909090909065
syn,grid_c30_b500_s10,grid,eddm+hedge@e0.5g0.5,30.795454545454525
syn,grid_c30_b500_s10,grid,eddm+hedge@e1g0.5,30.7272727272727
syn,grid_c30_b500_s10,grid,eddm+hedge@e4g0.5,30.840909090909065
syn,grid_c30_b500_s10,grid,eddm+hedge@e8g0.5,30.840909090909065
syn,grid_c30_b500_s10,grid,eddm+hedge@e2g0.25,30.8181818181818
syn,grid_c30_b500_s10,grid,eddm+hedge@e2g0.75,30.8181818181818
syn,grid_c30_b500_s10,grid,eddm+hedge@e2g0.9,30.8181818181818
syn,grid_c30_b500_s10,grid,fhddm,13.068181818181813
syn,grid_c30_b500_s10,grid,fhddm+hedge,9.159090909090907
syn,grid_c30_b500_s10,grid,fhddm+hedge@e0.5g0.5,10.295454545454541
syn,grid_c30_b500_s10,grid,fhddm+hedge@e1g0.5,10.250000000000004
syn,grid_c30_b500_s10,grid,fhddm+hedge@e4g0.5,8.499999999999996
syn,grid_c30_b500_s10,grid,fhddm+hedge@e8g0.5,7.977272727272733
syn,grid_c30_b500_s10,grid,fhddm+hedge@e2g0.25,9.386363636363637
syn,grid_c30_b500_s10,grid,fhddm+hedge@e2g0.75,8.204545454545443
syn,grid_c30_b500_s10,grid,fhddm+hedge@e2g0.9,8.136363636363619
syn,grid_c30_b500_s10,grid,hddma,32.068181818181806
syn,grid_c30_b500_s10,grid,hddma+hedge,30.840909090909065
syn,grid_c30_b500_s10,grid,hddma+hedge@e0.5g0.5,30.795454545454525
syn,grid_c30_b500_s10,grid,hddma+hedge@e1g0.5,30.7272727272727
syn,grid_c30_b500_s10,grid,hddma+hedge@e4g0.5,30.840909090909065
syn,grid_c30_b500_s10,grid,hddma+hedge@e8g0.5,30.840909090909065
syn,grid_c30_b500_s10,grid,hddma+hedge@e2g0.25,30.8181818181818
syn,grid_c30_b500_s10,grid,hddma+hedge@e2g0.75,30.8181818181818
syn,grid_c30_b500_s10,grid,hddma+hedge@e2g0.9,30.8181818181818
syn,grid_c30_b500_s10,grid,hddmw,32.068181818181806
syn,grid_c30_b500_s10,grid,hddmw+hedge,30.840909090909065
syn,grid_c30_b500_s10,grid,hddmw+hedge@e0.5g0.5,30.795454545454525
syn,grid_c30_b500_s10,grid,hddmw+hedge@e1g0.5,30.7272727272727
syn,grid_c30_b500_s10,grid,hddmw+hedge@e4g0.5,30.840909090909065
syn,grid_c30_b500_s10,grid,hddmw+hedge@e8g0.5,30.840909090909065
syn,grid_c30_b500_s10,grid,hddmw+hedge@e2g0.25,30.8181818181818
syn,grid_c30_b500_s10,grid,hddmw+hedge@e2g0.75,30.8181818181818
syn,grid_c30_b500_s10,grid,hddmw+hedge@e2g0.9,30.8181818181818
syn,grid_c30_b500_s10,grid,adwin,32.068181818181806
syn,grid_c30_b500_s10,grid,adwin+hedge,30.840909090909065
syn,grid_c30_b500_s10,grid,adwin+hedge@e0.5g0.5,30.795454545454525
syn,grid_c30_b500_s10,grid,adwin+hedge@e1g0.5,30.7272727272727
syn,grid_c30_b500_s10,grid,adwin+hedge@e4g0.5,30.840909090909065
syn,grid_c30_b500_s10,grid,adwin+hedge@e8g0.5,30.840909090909065
syn,grid_c30_b500_s10,grid,adwin+hedge@e2g0.25,30.8181818181818
syn,grid_c30_b500_s10,grid,adwin+hedge@e2g0.75,30.8181818181818
syn,grid_c30_b500_s10,grid,adwin+hedge@e2g0.9,30.8181818181818
syn,grid_c30_b500_s10,grid,ph,28.954545454545443
syn,grid_c30_b500_s10,grid,ph+hedge,26.295454545454533
syn,grid_c30_b500_s10,grid,ph+hedge@e0.5g0.5,26.704545454545446
syn,grid_c30_b500_s10,grid,ph+hedge@e1g0.5,26.568181818181802
syn,grid_c30_b500_s10,grid,ph+hedge@e4g0.5,26.340909090909072
syn,grid_c30_b500_s10,grid,ph+hedge@e8g0.5,26.318181818181806
syn,grid_c30_b500_s10,grid,ph+hedge@e2g0.25,27.43181818181817
syn,grid_c30_b500_s10,grid,ph+hedge@e2g0.75,26.54545454545454
syn,grid_c30_b500_s10,grid,ph+hedge@e2g0.9,26.38636363636362
syn,grid_c30_b500_s10,grid,kswin,32.068181818181806
syn,grid_c30_b500_s10,grid,kswin+hedge,30.840909090909065
syn,grid_c30_b500_s10,grid,kswin+hedge@e0.5g0.5,30.795454545454525
syn,grid_c30_b500_s10,grid,kswin+hedge@e1g0.5,30.7272727272727
syn,grid_c30_b500_s10,grid,kswin+hedge@e4g0.5,30.840909090909065
syn,grid_c30_b500_s10,grid,kswin+hedge@e8g0.5,30.840909090909065
syn,grid_c30_b500_s10,grid,kswin+hedge@e2g0.25,30.8181818181818
syn,grid_c30_b500_s10,grid,kswin+hedge@e2g0.75,30.8181818181818
syn,grid_c30_b500_s10,grid,kswin+hedge@e2g0.9,30.8181818181818
syn,grid_c30_b500_s11,grid,ddm,41.9090909090909
syn,grid_c30_b500_s11,grid,ddm+hedge,42.22727272727272
syn,grid_c30_b500_s11,grid,ddm+hedge@e0.5g0.5,42.11363636363637
syn,grid_c30_b500_s11,grid,ddm+hedge@e1g0.5,42.20454545454545
syn,grid_c30_b500_s11,grid,ddm+hedge@e4g0.5,42.22727272727272
syn,grid_c30_b500_s11,grid,ddm+hedge@e8g0.5,42.22727272727272
syn,grid_c30_b500_s11,grid,ddm+hedge@e2g0.25,42.22727272727272
syn,grid_c30_b500_s11,grid,ddm+hedge@e2g0.75,42.22727272727272
syn,grid_c30_b500_s11,grid,ddm+hedge@e2g0.9,42.22727272727272
syn,grid_c30_b500_s11,grid,eddm,44.090909090909086
syn,grid_c30_b500_s11,grid,eddm+hedge,42.22727272727272
syn,grid_c30_b500_s11,grid,eddm+hedge@e0.5g0.5,42.06818181818181
syn,grid_c30_b500_s11,grid,eddm+hedge@e1g0.5,42.20454545454545
syn,grid_c30_b500_s11,grid,eddm+hedge@e4g0.5,42.22727272727272
syn,grid_c30_b500_s11,grid,eddm+hedge@e8g0.5,42.22727272727272
syn,grid_c30_b500_s11,grid,eddm+hedge@e2g0.25,42.22727272727272
syn,grid_c30_b500_s11,grid,eddm+hedge@e2g0.75,42.22727272727272
syn,grid_c30_b500_s11,grid,eddm+hedge@e2g0.9,42.22727272727272
syn,grid_c30_b500_s11,grid,fhddm,21.93181818181819
syn,grid_c30_b500_s11,grid,fhddm+hedge,19.727272727272734
syn,grid_c30_b500_s11,grid,fhddm+hedge@e0.5g0.5,18.977272727272727
syn,grid_c30_b500_s11,grid,fhddm+hedge@e1g0.5,20.31818181818183
syn,grid_c30_b500_s11,grid,fhddm+hedge@e4g0.5,18.090909090909097
syn,grid_c30_b500_s11,grid,fhddm+hedge@e8g0.5,19.477272727272716
syn,grid_c30_b500_s11,grid,fhddm+hedge@e2g0.25,18.72727272727273
syn,grid_c30_b500_s11,grid,fhddm+hedge@e2g0.75,18.38636363636364
syn,grid_c30_b500_s11,grid,fhddm+hedge@e2g0.9,18.3409090909091
syn,grid_c30_b500_s11,grid,hddma,44.090909090909086
syn,grid_c30_b500_s11,grid,hddma+hedge,42.386363636363626
syn,grid_c30_b500_s11,grid,hddma+hedge@e0.5g0.5,42.25000000000001
syn,grid_c30_b500_s11,grid,hddma+hedge@e1g0.5,42.36363636363637
syn,grid_c30_b500_s11,grid,hddma+hedge@e4g0.5,42.386363636363626
syn,grid_c30_b500_s11,grid,hddma+hedge@e8g0.5,42.386363636363626
syn,grid_c30_b500_s11,grid,hddma+hedge@e2g0.25,42.386363636363626
syn,grid_c30_b500_s11,grid,hddma+hedge@e2g0.75,42.386363636363626
syn,grid_c30_b500_s11,grid,hddma+hedge@e2g0.9,42.386363636363626
syn,grid_c30_b500_s11,grid,hddmw,44.090909090909086
syn,grid_c30_b500_s11,grid,hddmw+hedge,42.386363636363626
syn,grid_c30_b500_s11,grid,hddmw+hedge@e0.5g0.5,42.25000000000001
syn,grid_c30_b500_s11,grid,hddmw+hedge@e1g0.5,42.36363636363637
syn,grid_c30_b500_s11,grid,hddmw+hedge@e4g0.5,42.386363636363626
syn,grid_c30_b500_s11,grid,hddmw+hedge@e8g0.5,42.386363636363626
syn,grid_c30_b500_s11,grid,hddmw+hedge@e2g0.25,42.386363636363626
syn,grid_c30_b500_s11,grid,hddmw+hedge@e2g0.75,42.386363636363626
syn,grid_c30_b500_s11,grid,hddmw+hedge@e2g0.9,42.386363636363626
syn,grid_c30_b500_s11,grid,adwin,44.090909090909086
syn,grid_c30_b500_s11,grid,adwin+hedge,42.29545454545454
syn,grid_c30_b500_s11,grid,adwin+hedge@e0.5g0.5,42.15909090909091
syn,grid_c30_b500_s11,grid,adwin+hedge@e1g0.5,42.27272727272728
syn,grid_c30_b500_s11,grid,adwin+hedge@e4g0.5,42.29545454545454
syn,grid_c30_b500_s11,grid,adwin+hedge@e8g0.5,42.29545454545454
syn,grid_c30_b500_s11,grid,adwin+hedge@e2g0.25,42.29545454545454
syn,grid_c30_b500_s11,grid,adwin+hedge@e2g0.75,42.29545454545454
syn,grid_c30_b500_s11,grid,adwin+hedge@e2g0.9,42.29545454545454
syn,grid_c30_b500_s11,grid,ph,44.090909090909086
syn,grid_c30_b500_s11,grid,ph+hedge,42.386363636363626
syn,grid_c30_b500_s11,grid,ph+hedge@e0.5g0.5,42.25000000000001
syn,grid_c30_b500_s11,grid,ph+hedge@e1g0.5,42.36363636363637
syn,grid_c30_b500_s11,grid,ph+hedge@e4g0.5,42.386363636363626
syn,grid_c30_b500_s11,grid,ph+hedge@e8g0.5,42.386363636363626
syn,grid_c30_b500_s11,grid,ph+hedge@e2g0.25,42.386363636363626
syn,grid_c30_b500_s11,grid,ph+hedge@e2g0.75,42.386363636363626
syn,grid_c30_b500_s11,grid,ph+hedge@e2g0.9,42.386363636363626
syn,grid_c30_b500_s11,grid,kswin,44.090909090909086
syn,grid_c30_b500_s11,grid,kswin+hedge,42.386363636363626
syn,grid_c30_b500_s11,grid,kswin+hedge@e0.5g0.5,42.25000000000001
syn,grid_c30_b500_s11,grid,kswin+hedge@e1g0.5,42.36363636363637
syn,grid_c30_b500_s11,grid,kswin+hedge@e4g0.5,42.386363636363626
syn,grid_c30_b500_s11,grid,kswin+hedge@e8g0.5,42.386363636363626
syn,grid_c30_b500_s11,grid,kswin+hedge@e2g0.25,42.386363636363626
syn,grid_c30_b500_s11,grid,kswin+hedge@e2g0.75,42.386363636363626
syn,grid_c30_b500_s11,grid,kswin+hedge@e2g0.9,42.386363636363626
syn,grid_c30_b2000_s10,grid,ddm,11.469273743016783
syn,grid_c30_b2000_s10,grid,ddm+hedge,10.670391061452534
syn,grid_c30_b2000_s10,grid,ddm+hedge@e0.5g0.5,10.737430167597783
syn,grid_c30_b2000_s10,grid,ddm+hedge@e1g0.5,10.731843575418997
syn,grid_c30_b2000_s10,grid,ddm+hedge@e4g0.5,10.675977653631296
syn,grid_c30_b2000_s10,grid,ddm+hedge@e8g0.5,10.675977653631296
syn,grid_c30_b2000_s10,grid,ddm+hedge@e2g0.25,10.703910614525158
syn,grid_c30_b2000_s10,grid,ddm+hedge@e2g0.75,10.670391061452534
syn,grid_c30_b2000_s10,grid,ddm+hedge@e2g0.9,10.670391061452534
syn,grid_c30_b2000_s10,grid,eddm,11.508379888268172
syn,grid_c30_b2000_s10,grid,eddm+hedge,10.418994413407823
syn,grid_c30_b2000_s10,grid,eddm+hedge@e0.5g0.5,10.474860335195535
syn,grid_c30_b2000_s10,grid,eddm+hedge@e1g0.5,10.469273743016771
syn,grid_c30_b2000_s10,grid,eddm+hedge@e4g0.5,10.44134078212291
syn,grid_c30_b2000_s10,grid,eddm+hedge@e8g0.5,10.44134078212291
syn,grid_c30_b2000_s10,grid,eddm+hedge@e2g0.25,10.446927374301673
syn,grid_c30_b2000_s10,grid,eddm+hedge@e2g0.75,10.430167597765372
syn,grid_c30_b2000_s10,grid,eddm+hedge@e2g0.9,10.430167597765372
syn,grid_c30_b2000_s10,grid,fhddm,1.3910614525139753
syn,grid_c30_b2000_s10,grid,fhddm+hedge,1.6648044692737396
syn,grid_c30_b2000_s10,grid,fhddm+hedge@e0.5g0.5,1.6815642458100521
syn,grid_c30_b2000_s10,grid,fhddm+hedge@e1g0.5,1.6871508379888156
syn,grid_c30_b2000_s10,grid,fhddm+hedge@e4g0.5,1.648044692737427
syn,grid_c30_b2000_s10,grid,fhddm+hedge@e8g0.5,1.614525139664802
syn,grid_c30_b2000_s10,grid,fhddm+hedge@e2g0.25,1.6815642458100521
syn,grid_c30_b2000_s10,grid,fhddm+hedge@e2g0.75,1.6536312849162127
syn,grid_c30_b2000_s10,grid,fhddm+hedge@e2g0.9,1.6424581005586636
syn,grid_c30_b2000_s10,grid,hddma,11.608938547486048
syn,grid_c30_b2000_s10,grid,hddma+hedge,10.74860335195531
syn,grid_c30_b2000_s10,grid,hddma+hedge@e0.5g0.5,10.804469273743035
syn,grid_c30_b2000_s10,grid,hddma+hedge@e1g0.5,10.804469273743035
syn,grid_c30_b2000_s10,grid,hddma+hedge@e4g0.5,10.737430167597783
syn,grid_c30_b2000_s10,grid,hddma+hedge@e8g0.5,10.73184357541902
syn,grid_c30_b2000_s10,grid,hddma+hedge@e2g0.25,10.776536312849172
syn,grid_c30_b2000_s10,grid,hddma+hedge@e2g0.75,10.726256983240257
syn,grid_c30_b2000_s10,grid,hddma+hedge@e2g0.9,10.726256983240257
syn,grid_c30_b2000_s10,grid,hddmw,11.608938547486048
syn,grid_c30_b2000_s10,grid,hddmw+hedge,10.74860335195531
syn,grid_c30_b2000_s10,grid,hddmw+hedge@e0.5g0.5,10.804469273743035
syn,grid_c30_b2000_s10,grid,hddmw+hedge@e1g0.5,10.804469273743035
syn,grid_c30_b2000_s10,grid,hddmw+hedge@e4g0.5,10.737430167597783
syn,grid_c30_b2000_s10,grid,hddmw+hedge@e8g0.5,10.73184357541902
syn,grid_c30_b2000_s10,grid,hddmw+hedge@e2g0.25,10.776536312849172
syn,grid_c30_b2000_s10,grid,hddmw+hedge@e2g0.75,10.726256983240257
syn,grid_c30_b2000_s10,grid,hddmw+hedge@e2g0.9,10.726256983240257
syn,grid_c30_b2000_s10,grid,adwin,11.48044692737431
syn,grid_c30_b2000_s10,grid,adwin+hedge,10.329608938547496
syn,grid_c30_b2000_s10,grid,adwin+hedge@e0.5g0.5,10.368715083798886
syn,grid_c30_b2000_s10,grid,adwin+hedge@e1g0.5,10.357541899441358
syn,grid_c30_b2000_s10,grid,adwin+hedge@e4g0.5,10.307262569832398
syn,grid_c30_b2000_s10,grid,adwin+hedge@e8g0.5,10.284916201117333
syn,grid_c30_b2000_s10,grid,adwin+hedge@e2g0.25,10.34636871508382
syn,grid_c30_b2000_s10,grid,adwin+hedge@e2g0.75,10.312849162011183
syn,grid_c30_b2000_s10,grid,adwin+hedge@e2g0.9,10.31843575418996
syn,grid_c30_b2000_s10,grid,ph,11.262569832402248
syn,grid_c30_b2000_s10,grid,ph+hedge,10.318435754189947
syn,grid_c30_b2000_s10,grid,ph+hedge@e0.5g0.5,10.396648044692746
syn,grid_c30_b2000_s10,grid,ph+hedge@e1g0.5,10.40223463687151
syn,grid_c30_b2000_s10,grid,ph+hedge@e4g0.5,10.329608938547496
syn,grid_c30_b2000_s10,grid,ph+hedge@e8g0.5,10.307262569832398
syn,grid_c30_b2000_s10,grid,ph+hedge@e2g0.25,10.351955307262573
syn,grid_c30_b2000_s10,grid,ph+hedge@e2g0.75,10.329608938547496
syn,grid_c30_b2000_s10,grid,ph+hedge@e2g0.9,10.318435754189926
syn,grid_c30_b2000_s10,grid,kswin,11.608938547486048
syn,grid_c30_b2000_s10,grid,kswin+hedge,10.564245810055883
syn,grid_c30_b2000_s10,grid,kswin+hedge@e0.5g0.5,10.61452513966481
syn,grid_c30_b2000_s10,grid,kswin+hedge@e1g0.5,10.597765363128497
syn,grid_c30_b2000_s10,grid,kswin+hedge@e4g0.5,10.553072625698345
syn,grid_c30_b2000_s10,grid,kswin+hedge@e8g0.5,10.553072625698345
syn,grid_c30_b2000_s10,grid,kswin+hedge@e2g0.25,10.581005586592184
syn,grid_c30_b2000_s10,grid,kswin+hedge@e2g0.75,10.547486033519549
syn,grid_c30_b2000_s10,grid,kswin+hedge@e2g0.9,10.547486033519549
syn,grid_c30_b2000_s11,grid,ddm,15.067039106145252
syn,grid_c30_b2000_s11,grid,ddm+hedge,14.106145251396661
syn,grid_c30_b2000_s11,grid,ddm+hedge@e0.5g0.5,14.061452513966477
syn,grid_c30_b2000_s11,grid,ddm+hedge@e1g0.5,14.1173184357542
syn,grid_c30_b2000_s11,grid,ddm+hedge@e4g0.5,14.094972067039125
syn,grid_c30_b2000_s11,grid,ddm+hedge@e8g0.5,14.094972067039125
syn,grid_c30_b2000_s11,grid,ddm+hedge@e2g0.25,14.122905027932964
syn,grid_c30_b2000_s11,grid,ddm+hedge@e2g0.75,14.08938547486034
syn,grid_c30_b2000_s11,grid,ddm+hedge@e2g0.9,14.08938547486034
syn,grid_c30_b2000_s11,grid,eddm,14.832402234636898
syn,grid_c30_b2000_s11,grid,eddm+hedge,13.547486033519574
syn,grid_c30_b2000_s11,grid,eddm+hedge@e0.5g0.5,13.519553072625712
syn,grid_c30_b2000_s11,grid,eddm+hedge@e1g0.5,13.536312849162025
syn,grid_c30_b2000_s11,grid,eddm+hedge@e4g0.5,13.519553072625712
syn,grid_c30_b2000_s11,grid,eddm+hedge@e8g0.5,13.525139664804476
syn,grid_c30_b2000_s11,grid,eddm+hedge@e2g0.25,13.5586592178771
syn,grid_c30_b2000_s11,grid,eddm+hedge@e2g0.75,13.513966480446927
syn,grid_c30_b2000_s11,grid,eddm+hedge@e2g0.9,13.513966480446927
syn,grid_c30_b2000_s11,grid,fhddm,2.2458100558659266
syn,grid_c30_b2000_s11,grid,fhddm+hedge,2.3854748603352016
syn,grid_c30_b2000_s11,grid,fhddm+hedge@e0.5g0.5,2.4189944134078267
syn,grid_c30_b2000_s11,grid,fhddm+hedge@e1g0.5,2.3966480446927507
syn,grid_c30_b2000_s11,grid,fhddm+hedge@e4g0.5,2.3743016759776747
syn,grid_c30_b2000_s11,grid,fhddm+hedge@e8g0.5,2.312849162011188
syn,grid_c30_b2000_s11,grid,fhddm+hedge@e2g0.25,2.3854748603352016
syn,grid_c30_b2000_s11,grid,fhddm+hedge@e2g0.75,2.3966480446927507
syn,grid_c30_b2000_s11,grid,fhddm+hedge@e2g0.9,2.3743016759776747
syn,grid_c30_b2000_s11,grid,hddma,15.167597765363139
syn,grid_c30_b2000_s11,grid,hddma+hedge,14.195530726256989
syn,grid_c30_b2000_s11,grid,hddma+hedge@e0.5g0.5,14.173184357541901
syn,grid_c30_b2000_s11,grid,hddma+hedge@e1g0.5,14.206703910614538
syn,grid_c30_b2000_s11,grid,hddma+hedge@e4g0.5,14.18435754189945
syn,grid_c30_b2000_s11,grid,hddma+hedge@e8g0.5,14.18435754189945
syn,grid_c30_b2000_s11,grid,hddma+hedge@e2g0.25,14.206703910614538
syn,grid_c30_b2000_s11,grid,hddma+hedge@e2g0.75,14.18435754189945
syn,grid_c30_b2000_s11,grid,hddma+hedge@e2g0.9,14.18435754189945
syn,grid_c30_b2000_s11,grid,hddmw,15.167597765363139
syn,grid_c30_b2000_s11,grid,hddmw+hedge,14.195530726256989
syn,grid_c30_b2000_s11,grid,hddmw+hedge@e0.5g0.5,14.173184357541901
syn,grid_c30_b2000_s11,grid,hddmw+hedge@e1g0.5,14.206703910614538
syn,grid_c30_b2000_s11,grid,hddmw+hedge@e4g0.5,14.18435754189945
syn,grid_c30_b2000_s11,grid,hddmw+hedge@e8g0.5,14.18435754189945
syn,grid_c30_b2000_s11,grid,hddmw+hedge@e2g0.25,14.206703910614538
syn,grid_c30_b2000_s11,grid,hddmw+hedge@e2g0.75,14.18435754189945
syn,grid_c30_b2000_s11,grid,hddmw+hedge@e2g0.9,14.18435754189945
syn,grid_c30_b2000_s11,grid,adwin,15.167597765363139
syn,grid_c30_b2000_s11,grid,adwin+hedge,13.7709497206704
syn,grid_c30_b2000_s11,grid,adwin+hedge@e0.5g0.5,13.687150837988849
syn,grid_c30_b2000_s11,grid,adwin+hedge@e1g0.5,13.793296089385498
syn,grid_c30_b2000_s11,grid,adwin+hedge@e4g0.5,13.703910614525139
syn,grid_c30_b2000_s11,grid,adwin+hedge@e8g0.5,13.67597765363129
syn,grid_c30_b2000_s11,grid,adwin+hedge@e2g0.25,13.782122905027949
syn,grid_c30_b2000_s11,grid,adwin+hedge@e2g0.75,13.743016759776538
syn,grid_c30_b2000_s11,grid,adwin+hedge@e2g0.9,13.709497206703913
syn,grid_c30_b2000_s11,grid,ph,15.167597765363139
syn,grid_c30_b2000_s11,grid,ph+hedge,13.670391061452536
syn,grid_c30_b2000_s11,grid,ph+hedge@e0.5g0.5,13.698324022346375
syn,grid_c30_b2000_s11,grid,ph+hedge@e1g0.5,13.687150837988849
syn,grid_c30_b2000_s11,grid,ph+hedge@e4g0.5,13.670391061452513
syn,grid_c30_b2000_s11,grid,ph+hedge@e8g0.5,13.653631284916223
syn,grid_c30_b2000_s11,grid,ph+hedge@e2g0.25,13.670391061452513
syn,grid_c30_b2000_s11,grid,ph+hedge@e2g0.75,13.670391061452513
syn,grid_c30_b2000_s11,grid,ph+hedge@e2g0.9,13.659217877094987
syn,grid_c30_b2000_s11,grid,kswin,15.167597765363139
syn,grid_c30_b2000_s11,grid,kswin+hedge,14.016759776536315
syn,grid_c30_b2000_s11,grid,kswin+hedge@e0.5g0.5,14.039106145251413
syn,grid_c30_b2000_s11,grid,kswin+hedge@e1g0.5,14.022346368715088
syn,grid_c30_b2000_s11,grid,kswin+hedge@e4g0.5,14.000000000000023
syn,grid_c30_b2000_s11,grid,kswin+hedge@e8g0.5,14.000000000000002
syn,grid_c30_b2000_s11,grid,kswin+hedge@e2g0.25,14.022346368715088
syn,grid_c30_b2000_s11,grid,kswin+hedge@e2g0.75,14.000000000000023
syn,grid_c30_b2000_s11,grid,kswin+hedge@e2g0.9,14.000000000000023
syn,grid_c100_b500_s10,grid,ddm,20.727272727272734
syn,grid_c100_b500_s10,grid,ddm+hedge,19.295454545454543
syn,grid_c100_b500_s10,grid,ddm+hedge@e0.5g0.5,18.681818181818173
syn,grid_c100_b500_s10,grid,ddm+hedge@e1g0.5,19.045454545454536
syn,grid_c100_b500_s10,grid,ddm+hedge@e4g0.5,19.409090909090924
syn,grid_c100_b500_s10,grid,ddm+hedge@e8g0.5,19.363636363636367
syn,grid_c100_b500_s10,grid,ddm+hedge@e2g0.25,19.409090909090903
syn,grid_c100_b500_s10,grid,ddm+hedge@e2g0.75,19.295454545454543
syn,grid_c100_b500_s10,grid,ddm+hedge@e2g0.9,19.340909090909104
syn,grid_c100_b500_s10,grid,eddm,12.29545454545456
syn,grid_c100_b500_s10,grid,eddm+hedge,16.79545454545454
syn,grid_c100_b500_s10,grid,eddm+hedge@e0.5g0.5,16.34090909090909
syn,grid_c100_b500_s10,grid,eddm+hedge@e1g0.5,16.590909090909083
syn,grid_c100_b500_s10,grid,eddm+hedge@e4g0.5,16.750000000000004
syn,grid_c100_b500_s10,grid,eddm+hedge@e8g0.5,16.590909090909093
syn,grid_c100_b500_s10,grid,eddm+hedge@e2g0.25,16.909090909090903
syn,grid_c100_b500_s10,grid,eddm+hedge@e2g0.75,16.68181818181819
syn,grid_c100_b500_s10,grid,eddm+hedge@e2g0.9,16.72727272727274
syn,grid_c100_b500_s10,grid,fhddm,5.659090909090919
syn,grid_c100_b500_s10,grid,fhddm+hedge,6.88636363636364
syn,grid_c100_b500_s10,grid,fhddm+hedge@e0.5g0.5,6.159090909090898
syn,grid_c100_b500_s10,grid,fhddm+hedge@e1g0.5,6.568181818181812
syn,grid_c100_b500_s10,grid,fhddm+hedge@e4g0.5,6.181818181818172
syn,grid_c100_b500_s10,grid,fhddm+hedge@e8g0.5,6.363636363636354
syn,grid_c100_b500_s10,grid,fhddm+hedge@e2g0.25,6.636363636363635
syn,grid_c100_b500_s10,grid,fhddm+hedge@e2g0.75,6.977272727272727
syn,grid_c100_b500_s10,grid,fhddm+hedge@e2g0.9,6.772727272727269
syn,grid_c100_b500_s10,grid,hddma,20.727272727272734
syn,grid_c100_b500_s10,grid,hddma+hedge,19.295454545454543
syn,grid_c100_b500_s10,grid,hddma+hedge@e0.5g0.5,18.681818181818173
syn,grid_c100_b500_s10,grid,hddma+hedge@e1g0.5,19.045454545454536
syn,grid_c100_b500_s10,grid,hddma+hedge@e4g0.5,19.409090909090924
syn,grid_c100_b500_s10,grid,hddma+hedge@e8g0.5,19.363636363636367
syn,grid_c100_b500_s10,grid,hddma+hedge@e2g0.25,19.409090909090903
syn,grid_c100_b500_s10,grid,hddma+hedge@e2g0.75,19.295454545454543
syn,grid_c100_b500_s10,grid,hddma+hedge@e2g0.9,19.340909090909104
syn,grid_c100_b500_s10,grid,hddmw,20.727272727272734
syn,grid_c100_b500_s10,grid,hddmw+hedge,19.295454545454543
syn,grid_c100_b500_s10,grid,hddmw+hedge@e0.5g0.5,18.681818181818173
syn,grid_c100_b500_s10,grid,hddmw+hedge@e1g0.5,19.045454545454536
syn,grid_c100_b500_s10,grid,hddmw+hedge@e4g0.5,19.409090909090924
syn,grid_c100_b500_s10,grid,hddmw+hedge@e8g0.5,19.363636363636367
syn,grid_c100_b500_s10,grid,hddmw+hedge@e2g0.25,19.409090909090903
syn,grid_c100_b500_s10,grid,hddmw+hedge@e2g0.75,19.295454545454543
syn,grid_c100_b500_s10,grid,hddmw+hedge@e2g0.9,19.340909090909104
syn,grid_c100_b500_s10,grid,adwin,12.045454545454554
syn,grid_c100_b500_s10,grid,adwin+hedge,10.70454545454545
syn,grid_c100_b500_s10,grid,adwin+hedge@e0.5g0.5,9.590909090909088
syn,grid_c100_b500_s10,grid,adwin+hedge@e1g0.5,10.20454545454545
syn,grid_c100_b500_s10,grid,adwin+hedge@e4g0.5,9.204545454545448
syn,grid_c100_b500_s10,grid,adwin+hedge@e8g0.5,13.431818181818183
syn,grid_c100_b500_s10,grid,adwin+hedge@e2g0.25,10.681818181818176
syn,grid_c100_b500_s10,grid,adwin+hedge@e2g0.75,10.70454545454545
syn,grid_c100_b500_s10,grid,adwin+hedge@e2g0.9,10.659090909090901
syn,grid_c100_b500_s10,grid,ph,8.954545454545466
syn,grid_c100_b500_s10,grid,ph+hedge,8.136363636363637
syn,grid_c100_b500_s10,grid,ph+hedge@e0.5g0.5,8.750000000000007
syn,grid_c100_b500_s10,grid,ph+hedge@e1g0.5,8.954545454545466
syn,grid_c100_b500_s10,grid,ph+hedge@e4g0.5,10.500000000000004
syn,grid_c100_b500_s10,grid,ph+hedge@e8g0.5,7.545454545454539
syn,grid_c100_b500_s10,grid,ph+hedge@e2g0.25,6.9090909090909145
syn,grid_c100_b500_s10,grid,ph+hedge@e2g0.75,8.272727272727282
syn,grid_c100_b500_s10,grid,ph+hedge@e2g0.9,9.090909090909088
syn,grid_c100_b500_s10,grid,kswin,20.295454545454554
syn,grid_c100_b500_s10,grid,kswin+hedge,18.568181818181824
syn,grid_c100_b500_s10,grid,kswin+hedge@e0.5g0.5,18.72727272727273
syn,grid_c100_b500_s10,grid,kswin+hedge@e1g0.5,18.295454545454543
syn,grid_c100_b500_s10,grid,kswin+hedge@e4g0.5,17.8409090909091
syn,grid_c100_b500_s10,grid,kswin+hedge@e8g0.5,16.818181818181827
syn,grid_c100_b500_s10,grid,kswin+hedge@e2g0.25,18.681818181818173
syn,grid_c100_b500_s10,grid,kswin+hedge@e2g0.75,18.61363636363637
syn,grid_c100_b500_s10,grid,kswin+hedge@e2g0.9,18.636363636363644
syn,grid_c100_b500_s11,grid,ddm,23.022727272727277
syn,grid_c100_b500_s11,grid,ddm+hedge,20.65909090909092
syn,grid_c100_b500_s11,grid,ddm+hedge@e0.5g0.5,19.454545454545464
syn,grid_c100_b500_s11,grid,ddm+hedge@e1g0.5,19.93181818181819
syn,grid_c100_b500_s11,grid,ddm+hedge@e4g0.5,20.70454545454547
syn,grid_c100_b500_s11,grid,ddm+hedge@e8g0.5,20.65909090909092
syn,grid_c100_b500_s11,grid,ddm+hedge@e2g0.25,20.65909090909091
syn,grid_c100_b500_s11,grid,ddm+hedge@e2g0.75,20.65909090909091
syn,grid_c100_b500_s11,grid,ddm+hedge@e2g0.9,20.65909090909092
syn,grid_c100_b500_s11,grid,eddm,16.159090909090917
syn,grid_c100_b500_s11,grid,eddm+hedge,14.159090909090915
syn,grid_c100_b500_s11,grid,eddm+hedge@e0.5g0.5,13.681818181818189
syn,grid_c100_b500_s11,grid,eddm+hedge@e1g0.5,13.590909090909092
syn,grid_c100_b500_s11,grid,eddm+hedge@e4g0.5,14.136363636363642
syn,grid_c100_b500_s11,grid,eddm+hedge@e8g0.5,13.886363636363647
syn,grid_c100_b500_s11,grid,eddm+hedge@e2g0.25,14.136363636363642
syn,grid_c100_b500_s11,grid,eddm+hedge@e2g0.75,14.113636363636378
syn,grid_c100_b500_s11,grid,eddm+hedge@e2g0.9,14.113636363636378
syn,grid_c100_b500_s11,grid,fhddm,10.931818181818192
syn,grid_c100_b500_s11,grid,fhddm+hedge,9.090909090909099
syn,grid_c100_b500_s11,grid,fhddm+hedge@e0.5g0.5,7.65909090909091
syn,grid_c100_b500_s11,grid,fhddm+hedge@e1g0.5,7.954545454545464
syn,grid_c100_b500_s11,grid,fhddm+hedge@e4g0.5,9.227272727272739
syn,grid_c100_b500_s11,grid,fhddm+hedge@e8g0.5,9.909090909090907
syn,grid_c100_b500_s11,grid,fhddm+hedge@e2g0.25,8.977272727272744
syn,grid_c100_b500_s11,grid,fhddm+hedge@e2g0.75,9.250000000000004
syn,grid_c100_b500_s11,grid,fhddm+hedge@e2g0.9,9.136363636363642
syn,grid_c100_b500_s11,grid,hddma,23.022727272727277
syn,grid_c100_b500_s11,grid,hddma+hedge,20.65909090909092
syn,grid_c100_b500_s11,grid,hddma+hedge@e0.5g0.5,19.454545454545464
syn,grid_c100_b500_s11,grid,hddma+hedge@e1g0.5,19.93181818181819
syn,grid_c100_b500_s11,grid,hddma+hedge@e4g0.5,20.70454545454547
syn,grid_c100_b500_s11,grid,hddma+hedge@e8g0.5,20.65909090909092
syn,grid_c100_b500_s11,grid,hddma+hedge@e2g0.25,20.65909090909091
syn,grid_c100_b500_s11,grid,hddma+hedge@e2g0.75,20.65909090909091
syn,grid_c100_b500_s11,grid,hddma+hedge@e2g0.9,20.65909090909092
syn,grid_c100_b500_s11,grid,hddmw,22.068181818181827
syn,grid_c100_b500_s11,grid,hddmw+hedge,19.81818181818183
syn,grid_c100_b500_s11,grid,hddmw+hedge@e0.5g0.5,18.65909090909091
syn,grid_c100_b500_s11,grid,hddmw+hedge@e1g0.5,19.136363636363647
syn,grid_c100_b500_s11,grid,hddmw+hedge@e4g0.5,19.9318181818182
syn,grid_c100_b500_s11,grid,hddmw+hedge@e8g0.5,19.81818181818183
syn,grid_c100_b500_s11,grid,hddmw+hedge@e2g0.25,19.863636363636367
syn,grid_c100_b500_s11,grid,hddmw+hedge@e2g0.75,19.840909090909093
syn,grid_c100_b500_s11,grid,hddmw+hedge@e2g0.9,19.840909090909104
syn,grid_c100_b500_s11,grid,adwin,15.56818181818183
syn,grid_c100_b500_s11,grid,adwin+hedge,12.75000000000001
syn,grid_c100_b500_s11,grid,adwin+hedge@e0.5g0.5,11.886363636363633
syn,grid_c100_b500_s11,grid,adwin+hedge@e1g0.5,12.79545454545456
syn,grid_c100_b500_s11,grid,adwin+hedge@e4g0.5,14.68181818181819
syn,grid_c100_b500_s11,grid,adwin+hedge@e8g0.5,14.954545454545459
syn,grid_c100_b500_s11,grid,adwin+hedge@e2g0.25,12.659090909090914
syn,grid_c100_b500_s11,grid,adwin+hedge@e2g0.75,12.931818181818194
syn,grid_c100_b500_s11,grid,adwin+hedge@e2g0.9,12.954545454545457
syn,grid_c100_b500_s11,grid,ph,11.318181818181822
syn,grid_c100_b500_s11,grid,ph+hedge,10.47727272727273
syn,grid_c100_b500_s11,grid,ph+hedge@e0.5g0.5,10.136363636363638
syn,grid_c100_b500_s11,grid,ph+hedge@e1g0.5,11.25000000000001
syn,grid_c100_b500_s11,grid,ph+hedge@e4g0.5,10.954545454545467
syn,grid_c100_b500_s11,grid,ph+hedge@e8g0.5,11.500000000000005
syn,grid_c100_b500_s11,grid,ph+hedge@e2g0.25,10.272727272727272
syn,grid_c100_b500_s11,grid,ph+hedge@e2g0.75,10.681818181818187
syn,grid_c100_b500_s11,grid,ph+hedge@e2g0.9,10.63636363636365
syn,grid_c100_b500_s11,grid,kswin,22.068181818181827
syn,grid_c100_b500_s11,grid,kswin+hedge,17.818181818181827
syn,grid_c100_b500_s11,grid,kswin+hedge@e0.5g0.5,15.56818181818182
syn,grid_c100_b500_s11,grid,kswin+hedge@e1g0.5,15.795454545454552
syn,grid_c100_b500_s11,grid,kswin+hedge@e4g0.5,16.977272727272748
syn,grid_c100_b500_s11,grid,kswin+hedge@e8g0.5,17.72727272727274
syn,grid_c100_b500_s11,grid,kswin+hedge@e2g0.25,17.250000000000004
syn,grid_c100_b500_s11,grid,kswin+hedge@e2g0.75,17.8409090909091
syn,grid_c100_b500_s11,grid,kswin+hedge@e2g0.9,17.88636363636364
syn,grid_c100_b2000_s10,grid,ddm,9.513966480446944
syn,grid_c100_b2000_s10,grid,ddm+hedge,8.614525139664808
syn,grid_c100_b2000_s10,grid,ddm+hedge@e0.5g0.5,8.329608938547484
syn,grid_c100_b2000_s10,grid,ddm+hedge@e1g0.5,8.597765363128495
syn,grid_c100_b2000_s10,grid,ddm+hedge@e4g0.5,8.608938547486044
syn,grid_c100_b2000_s10,grid,ddm+hedge@e8g0.5,8.608938547486044
syn,grid_c100_b2000_s10,grid,ddm+hedge@e2g0.25,8.597765363128495
syn,grid_c100_b2000_s10,grid,ddm+hedge@e2g0.75,8.603351955307259
syn,grid_c100_b2000_s10,grid,ddm+hedge@e2g0.9,8.603351955307259
syn,grid_c100_b2000_s10,grid,eddm,3.391061452513955
syn,grid_c100_b2000_s10,grid,eddm+hedge,4.748603351955305
syn,grid_c100_b2000_s10,grid,eddm+hedge@e0.5g0.5,4.50279329608938
syn,grid_c100_b2000_s10,grid,eddm+hedge@e1g0.5,4.6983240223463785
syn,grid_c100_b2000_s10,grid,eddm+hedge@e4g0.5,5.039106145251393
syn,grid_c100_b2000_s10,grid,eddm+hedge@e8g0.5,5.005586592178757
syn,grid_c100_b2000_s10,grid,eddm+hedge@e2g0.25,4.7206703910614545
syn,grid_c100_b2000_s10,grid,eddm+hedge@e2g0.75,4.826815642458094
syn,grid_c100_b2000_s10,grid,eddm+hedge@e2g0.9,4.810055865921791
syn,grid_c100_b2000_s10,grid,fhddm,-9.653631284916187
syn,grid_c100_b2000_s10,grid,fhddm+hedge,0.6815642458100513
syn,grid_c100_b2000_s10,grid,fhddm+hedge@e0.5g0.5,1.0055865921787754
syn,grid_c100_b2000_s10,grid,fhddm+hedge@e1g0.5,1.044692737430164
syn,grid_c100_b2000_s10,grid,fhddm+hedge@e4g0.5,0.5418994413407985
syn,grid_c100_b2000_s10,grid,fhddm+hedge@e8g0.5,0.3687150837988873
syn,grid_c100_b2000_s10,grid,fhddm+hedge@e2g0.25,0.636871508379877
syn,grid_c100_b2000_s10,grid,fhddm+hedge@e2g0.75,0.6815642458100513
syn,grid_c100_b2000_s10,grid,fhddm+hedge@e2g0.9,0.6759776536312878
syn,grid_c100_b2000_s10,grid,hddma,9.513966480446944
syn,grid_c100_b2000_s10,grid,hddma+hedge,8.614525139664808
syn,grid_c100_b2000_s10,grid,hddma+hedge@e0.5g0.5,8.329608938547484
syn,grid_c100_b2000_s10,grid,hddma+hedge@e1g0.5,8.597765363128495
syn,grid_c100_b2000_s10,grid,hddma+hedge@e4g0.5,8.608938547486044
syn,grid_c100_b2000_s10,grid,hddma+hedge@e8g0.5,8.608938547486044
syn,grid_c100_b2000_s10,grid,hddma+hedge@e2g0.25,8.597765363128495
syn,grid_c100_b2000_s10,grid,hddma+hedge@e2g0.75,8.603351955307259
syn,grid_c100_b2000_s10,grid,hddma+hedge@e2g0.9,8.603351955307259
syn,grid_c100_b2000_s10,grid,hddmw,9.513966480446944
syn,grid_c100_b2000_s10,grid,hddmw+hedge,8.614525139664808
syn,grid_c100_b2000_s10,grid,hddmw+hedge@e0.5g0.5,8.329608938547484
syn,grid_c100_b2000_s10,grid,hddmw+hedge@e1g0.5,8.597765363128495
syn,grid_c100_b2000_s10,grid,hddmw+hedge@e4g0.5,8.608938547486044
syn,grid_c100_b2000_s10,grid,hddmw+hedge@e8g0.5,8.608938547486044
syn,grid_c100_b2000_s10,grid,hddmw+hedge@e2g0.25,8.597765363128495
syn,grid_c100_b2000_s10,grid,hddmw+hedge@e2g0.75,8.603351955307259
syn,grid_c100_b2000_s10,grid,hddmw+hedge@e2g0.9,8.603351955307259
syn,grid_c100_b2000_s10,grid,adwin,-3.6648044692737525
syn,grid_c100_b2000_s10,grid,adwin+hedge,5.949720670391057
syn,grid_c100_b2000_s10,grid,adwin+hedge@e0.5g0.5,5.837988826815643
syn,grid_c100_b2000_s10,grid,adwin+hedge@e1g0.5,6.055865921787706
syn,grid_c100_b2000_s10,grid,adwin+hedge@e4g0.5,5.865921787709494
syn,grid_c100_b2000_s10,grid,adwin+hedge@e8g0.5,5.798882681564244
syn,grid_c100_b2000_s10,grid,adwin+hedge@e2g0.25,6.011173184357532
syn,grid_c100_b2000_s10,grid,adwin+hedge@e2g0.75,5.86033519553073
syn,grid_c100_b2000_s10,grid,adwin+hedge@e2g0.9,5.966480446927369
syn,grid_c100_b2000_s10,grid,ph,-3.4301675977653767
syn,grid_c100_b2000_s10,grid,ph+hedge,6.016759776536295
syn,grid_c100_b2000_s10,grid,ph+hedge@e0.5g0.5,5.8994413407821185
syn,grid_c100_b2000_s10,grid,ph+hedge@e1g0.5,6.128491620111731
syn,grid_c100_b2000_s10,grid,ph+hedge@e4g0.5,5.821229050279331
syn,grid_c100_b2000_s10,grid,ph+hedge@e8g0.5,5.53072625698322
syn,grid_c100_b2000_s10,grid,ph+hedge@e2g0.25,6.039106145251393
syn,grid_c100_b2000_s10,grid,ph+hedge@e2g0.75,6.016759776536318
syn,grid_c100_b2000_s10,grid,ph+hedge@e2g0.9,5.983240223463682
syn,grid_c100_b2000_s10,grid,kswin,6.8100558659217825
syn,grid_c100_b2000_s10,grid,kswin+hedge,6.1899441340782175
syn,grid_c100_b2000_s10,grid,kswin+hedge@e0.5g0.5,6.173184357541905
syn,grid_c100_b2000_s10,grid,kswin+hedge@e1g0.5,5.34078212290503
syn,grid_c100_b2000_s10,grid,kswin+hedge@e4g0.5,5.547486033519555
syn,grid_c100_b2000_s10,grid,kswin+hedge@e8g0.5,5.547486033519555
syn,grid_c100_b2000_s10,grid,kswin+hedge@e2g0.25,6.122905027932946
syn,grid_c100_b2000_s10,grid,kswin+hedge@e2g0.75,6.201117318435745
syn,grid_c100_b2000_s10,grid,kswin+hedge@e2g0.9,6.195530726256992
syn,grid_c100_b2000_s11,grid,ddm,10.067039106145248
syn,grid_c100_b2000_s11,grid,ddm+hedge,8.955307262569857
syn,grid_c100_b2000_s11,grid,ddm+hedge@e0.5g0.5,8.597765363128484
syn,grid_c100_b2000_s11,grid,ddm+hedge@e1g0.5,8.932960893854759
syn,grid_c100_b2000_s11,grid,ddm+hedge@e4g0.5,8.93854748603352
syn,grid_c100_b2000_s11,grid,ddm+hedge@e8g0.5,8.944134078212285
syn,grid_c100_b2000_s11,grid,ddm+hedge@e2g0.25,8.94972067039106
syn,grid_c100_b2000_s11,grid,ddm+hedge@e2g0.75,8.93854748603352
syn,grid_c100_b2000_s11,grid,ddm+hedge@e2g0.9,8.944134078212285
syn,grid_c100_b2000_s11,grid,eddm,2.564245810055854
syn,grid_c100_b2000_s11,grid,eddm+hedge,6.474860335195531
syn,grid_c100_b2000_s11,grid,eddm+hedge@e0.5g0.5,6.3016759776536535
syn,grid_c100_b2000_s11,grid,eddm+hedge@e1g0.5,6.452513966480455
syn,grid_c100_b2000_s11,grid,eddm+hedge@e4g0.5,6.435754189944132
syn,grid_c100_b2000_s11,grid,eddm+hedge@e8g0.5,6.413407821229066
syn,grid_c100_b2000_s11,grid,eddm+hedge@e2g0.25,6.452513966480455
syn,grid_c100_b2000_s11,grid,eddm+hedge@e2g0.75,6.491620111731844
syn,grid_c100_b2000_s11,grid,eddm+hedge@e2g0.9,6.480446927374317
syn,grid_c100_b2000_s11,grid,fhddm,-10.100558659217873
syn,grid_c100_b2000_s11,grid,fhddm+hedge,1.2737430167597763
syn,grid_c100_b2000_s11,grid,fhddm+hedge@e0.5g0.5,1.1955307262570103
syn,grid_c100_b2000_s11,grid,fhddm+hedge@e1g0.5,1.368715083798877
syn,grid_c100_b2000_s11,grid,fhddm+hedge@e4g0.5,1.2681564245810018
syn,grid_c100_b2000_s11,grid,fhddm+hedge@e8g0.5,1.1117318435754253
syn,grid_c100_b2000_s11,grid,fhddm+hedge@e2g0.25,1.2402234636871734
syn,grid_c100_b2000_s11,grid,fhddm+hedge@e2g0.75,1.3016759776536269
syn,grid_c100_b2000_s11,grid,fhddm+hedge@e2g0.9,1.379888268156415
syn,grid_c100_b2000_s11,grid,hddma,10.067039106145248
syn,grid_c100_b2000_s11,grid,hddma+hedge,8.955307262569857
syn,grid_c100_b2000_s11,grid,hddma+hedge@e0.5g0.5,8.597765363128484
syn,grid_c100_b2000_s11,grid,hddma+hedge@e1g0.5,8.932960893854759
syn,grid_c100_b2000_s11,grid,hddma+hedge@e4g0.5,8.93854748603352
syn,grid_c100_b2000_s11,grid,hddma+hedge@e8g0.5,8.944134078212285
syn,grid_c100_b2000_s11,grid,hddma+hedge@e2g0.25,8.94972067039106
syn,grid_c100_b2000_s11,grid,hddma+hedge@e2g0.75,8.93854748603352
syn,grid_c100_b2000_s11,grid,hddma+hedge@e2g0.9,8.944134078212285
syn,grid_c100_b2000_s11,grid,hddmw,10.067039106145248
syn,grid_c100_b2000_s11,grid,hddmw+hedge,8.955307262569857
syn,grid_c100_b2000_s11,grid,hddmw+hedge@e0.5g0.5,8.597765363128484
syn,grid_c100_b2000_s11,grid,hddmw+hedge@e1g0.5,8.932960893854759
syn,grid_c100_b2000_s11,grid,hddmw+hedge@e4g0.5,8.93854748603352
syn,grid_c100_b2000_s11,grid,hddmw+hedge@e8g0.5,8.944134078212285
syn,grid_c100_b2000_s11,grid,hddmw+hedge@e2g0.25,8.94972067039106
syn,grid_c100_b2000_s11,grid,hddmw+hedge@e2g0.75,8.93854748603352
syn,grid_c100_b2000_s11,grid,hddmw+hedge@e2g0.9,8.944134078212285
syn,grid_c100_b2000_s11,grid,adwin,-1.379888268156404
syn,grid_c100_b2000_s11,grid,adwin+hedge,5.877094972067043
syn,grid_c100_b2000_s11,grid,adwin+hedge@e0.5g0.5,5.832402234636868
syn,grid_c100_b2000_s11,grid,adwin+hedge@e1g0.5,5.938547486033519
syn,grid_c100_b2000_s11,grid,adwin+hedge@e4g0.5,5.7765363128491565
syn,grid_c100_b2000_s11,grid,adwin+hedge@e8g0.5,5.737430167597757
syn,grid_c100_b2000_s11,grid,adwin+hedge@e2g0.25,5.921787709497217
syn,grid_c100_b2000_s11,grid,adwin+hedge@e2g0.75,5.972067039106143
syn,grid_c100_b2000_s11,grid,adwin+hedge@e2g0.9,5.972067039106143
syn,grid_c100_b2000_s11,grid,ph,-4.156424581005568
syn,grid_c100_b2000_s11,grid,ph+hedge,6.513966480446931
syn,grid_c100_b2000_s11,grid,ph+hedge@e0.5g0.5,6.167597765363142
syn,grid_c100_b2000_s11,grid,ph+hedge@e1g0.5,6.4860335195530805
syn,grid_c100_b2000_s11,grid,ph+hedge@e4g0.5,6.452513966480455
syn,grid_c100_b2000_s11,grid,ph+hedge@e8g0.5,6.35195530726258
syn,grid_c100_b2000_s11,grid,ph+hedge@e2g0.25,6.519553072625706
syn,grid_c100_b2000_s11,grid,ph+hedge@e2g0.75,6.541899441340792
syn,grid_c100_b2000_s11,grid,ph+hedge@e2g0.9,6.564245810055869
syn,grid_c100_b2000_s11,grid,kswin,8.63128491620111
syn,grid_c100_b2000_s11,grid,kswin+hedge,5.938547486033519
syn,grid_c100_b2000_s11,grid,kswin+hedge@e0.5g0.5,6.296089385474857
syn,grid_c100_b2000_s11,grid,kswin+hedge@e1g0.5,6.385474860335205
syn,grid_c100_b2000_s11,grid,kswin+hedge@e4g0.5,5.910614525139657
syn,grid_c100_b2000_s11,grid,kswin+hedge@e8g0.5,5.8547486033519665
syn,grid_c100_b2000_s11,grid,kswin+hedge@e2g0.25,5.932960893854755
syn,grid_c100_b2000_s11,grid,kswin+hedge@e2g0.75,5.95530726256982
syn,grid_c100_b2000_s11,grid,kswin+hedge@e2g0.9,5.960893854748617
