group,stream,pol,acc,resets,d_acc,src
real,covertype,none,94.91260840560373,0,0.0,covertype
real,covertype,ddmM,94.08672448298867,67,-0.8258839226150672,covertype
real,covertype,ddm,94.09739826551034,66,-0.8152101400934031,covertype
real,covertype,ddm+half,94.81254169446296,156,-0.10006671114077825,covertype
real,covertype,ddm+hedge,94.89593062041361,109,-0.01667778519013341,covertype
real,covertype,eddm,89.08338892595064,244,-5.829219479653092,covertype
real,covertype,eddm+half,94.89793195463643,150,-0.014676450967310295,covertype
real,covertype,eddm+hedge,94.92795196797864,181,0.015343562374903197,covertype
real,covertype,fhddm,93.44362908605738,55,-1.4689793195463596,covertype
real,covertype,fhddm+half,94.8939292861908,20,-0.018679119412945422,covertype
real,covertype,fhddm+hedge,94.91194129419614,18,-0.0006671114076040041,covertype
real,covertype,hddma,83.19212808539027,516,-11.720480320213467,covertype
real,covertype,hddma+half,94.88725817211471,86,-0.02535023348901877,covertype
real,covertype,hddma+hedge,94.95330220146764,86,0.04069379586389976,covertype
real,covertype,hddmw,87.89793195463643,244,-7.014676450967306,covertype
real,covertype,hddmw+half,94.9112741827885,48,-0.0013342228152302127,covertype
real,covertype,hddmw+hedge,94.97665110073382,44,0.06404269513007321,covertype
real,covertype,adwin,86.18345563709138,232,-8.72915276851235,covertype
real,covertype,adwin+half,94.88058705803871,36,-0.032021347565025504,covertype
real,covertype,adwin+hedge,94.88325550366913,37,-0.029352901934609488,covertype
real,covertype,ph,91.41827885256839,90,-3.494329553035347,covertype
real,covertype,ph+half,94.90193462308206,24,-0.01067378252168627,covertype
real,covertype,ph+hedge,94.93262174783187,25,0.020013342228142328,covertype
real,covertype,kswin,89.7631754503002,162,-5.149432955303546,covertype
real,covertype,kswin+half,94.8825883922615,31,-0.030020013342235696,covertype
real,covertype,kswin+hedge,94.98665777184789,31,0.07404936624415548,covertype
real,insects_abrupt_imbalanced,none,79.70446964643095,0,0.0,insects
real,insects_abrupt_imbalanced,ddmM,79.91927951967979,5,0.2148098732488335,insects
real,insects_abrupt_imbalanced,ddm,79.91927951967979,5,0.2148098732488335,insects
real,insects_abrupt_imbalanced,ddm+half,79.77851901267512,6,0.07404936624416658,insects
real,insects_abrupt_imbalanced,ddm+hedge,79.81320880587059,5,0.1087391594396303,insects
real,insects_abrupt_imbalanced,eddm,79.61240827218144,41,-0.092061374249508,insects
real,insects_abrupt_imbalanced,eddm+half,79.67778519012676,26,-0.026684456304204573,insects
real,insects_abrupt_imbalanced,eddm+hedge,79.69779853235491,6,-0.006671114076040041,insects
real,insects_abrupt_imbalanced,fhddm,79.77051367578383,12,0.06604402935288523,insects
real,insects_abrupt_imbalanced,fhddm+half,79.81120747164778,14,0.1067378252168183,insects
real,insects_abrupt_imbalanced,fhddm+hedge,79.85323549032688,13,0.14876584389592606,insects
real,insects_abrupt_imbalanced,hddma,79.98132088058705,7,0.2768512341560947,insects
real,insects_abrupt_imbalanced,hddma+half,79.81454302868579,6,0.11007338225483831,insects
real,insects_abrupt_imbalanced,hddma+hedge,79.99399599733157,6,0.2895263509006152,insects
real,insects_abrupt_imbalanced,hddmw,80.01067378252169,14,0.3062041360907375,insects
real,insects_abrupt_imbalanced,hddmw+half,79.76784523015343,14,0.06337558372248031,insects
real,insects_abrupt_imbalanced,hddmw+hedge,80.05470313542361,14,0.35023348899265727,insects
real,insects_abrupt_imbalanced,adwin,80.04269513008674,8,0.3382254836557852,insects
real,insects_abrupt_imbalanced,adwin+half,79.8305537024683,10,0.12608405603734552,insects
real,insects_abrupt_imbalanced,adwin+hedge,80.03669112741828,9,0.33222148098732696,insects
real,insects_abrupt_imbalanced,ph,79.98065376917944,17,0.2761841227484907,insects
real,insects_abrupt_imbalanced,ph+half,79.80987324883256,17,0.10540360240159918,insects
real,insects_abrupt_imbalanced,ph+hedge,80.04603068712474,16,0.341561040693783,insects
real,insects_abrupt_imbalanced,kswin,80.03068712474982,9,0.3262174783188687,insects
real,insects_abrupt_imbalanced,kswin+half,79.76317545030021,8,0.05870580386925228,insects
real,insects_abrupt_imbalanced,kswin+hedge,80.02935290193462,11,0.3248832555036607,insects
real,insects_gradual_imbalanced,none,81.94553072625699,0,0.0,insects
real,insects_gradual_imbalanced,ddmM,81.9441340782123,7,-0.001396648044693638,insects
real,insects_gradual_imbalanced,ddm,81.9441340782123,7,-0.001396648044693638,insects
real,insects_gradual_imbalanced,ddm+half,81.97625698324022,9,0.030726256983237832,insects
real,insects_gradual_imbalanced,ddm+hedge,81.96717877094972,9,0.021648044692734736,insects
real,insects_gradual_imbalanced,eddm,81.87220670391059,20,-0.07332402234638824,insects
real,insects_gradual_imbalanced,eddm+half,81.87220670391059,99,-0.07332402234638824,insects
real,insects_gradual_imbalanced,eddm+hedge,81.93924581005587,37,-0.00628491620111582,insects
real,insects_gradual_imbalanced,fhddm,81.90921787709497,8,-0.036312849162012384,insects
real,insects_gradual_imbalanced,fhddm+half,81.95391061452514,8,0.008379888268161828,insects
real,insects_gradual_imbalanced,fhddm+hedge,81.95530726256985,8,0.009776536312855466,insects
real,insects_gradual_imbalanced,hddma,81.97067039106146,6,0.025139664804474382,insects
real,insects_gradual_imbalanced,hddma+half,81.9608938547486,7,0.015363128491618916,insects
real,insects_gradual_imbalanced,hddma+hedge,82.00558659217879,6,0.06005586592179313,insects
real,insects_gradual_imbalanced,hddmw,81.96298882681565,13,0.017458100558653822,insects
real,insects_gradual_imbalanced,hddmw+half,81.93645251396647,14,-0.009078212290514198,insects
real,insects_gradual_imbalanced,hddmw+hedge,82.04189944134079,13,0.09636871508380551,insects
real,insects_gradual_imbalanced,adwin,82.05027932960894,8,0.10474860335195624,insects
real,insects_gradual_imbalanced,adwin+half,81.96927374301677,10,0.023743016759780744,insects
real,insects_gradual_imbalanced,adwin+hedge,82.07332402234636,8,0.1277932960893735,insects
real,insects_gradual_imbalanced,ph,81.98393854748603,13,0.03840782122904729,insects
real,insects_gradual_imbalanced,ph+half,81.95391061452514,15,0.008379888268150726,insects
real,insects_gradual_imbalanced,ph+hedge,82.03142458100558,15,0.08589385474859768,insects
real,insects_gradual_imbalanced,kswin,82.07122905027931,4,0.1256983240223275,insects
real,insects_gradual_imbalanced,kswin+half,81.97625698324022,4,0.030726256983237832,insects
real,insects_gradual_imbalanced,kswin+hedge,82.06634078212291,4,0.12081005586591642,insects
real,insects_incremental_abrupt_balanced,none,76.8671679197995,0,0.0,insects
real,insects_incremental_abrupt_balanced,ddmM,77.98746867167918,22,1.1203007518796881,insects
real,insects_incremental_abrupt_balanced,ddm,77.98746867167918,22,1.1203007518796881,insects
real,insects_incremental_abrupt_balanced,ddm+half,77.12781954887218,21,0.26065162907268347,insects
real,insects_incremental_abrupt_balanced,ddm+hedge,77.87468671679198,25,1.0075187969924904,insects
real,insects_incremental_abrupt_balanced,eddm,77.07268170426065,39,0.2055137844611532,insects
real,insects_incremental_abrupt_balanced,eddm+half,77.08897243107768,54,0.22180451127818968,insects
real,insects_incremental_abrupt_balanced,eddm+hedge,77.45238095238093,43,0.5852130325814442,insects
real,insects_incremental_abrupt_balanced,fhddm,77.13157894736841,25,0.26441102756892265,insects
real,insects_incremental_abrupt_balanced,fhddm+half,77.25689223057644,22,0.3897243107769399,insects
real,insects_incremental_abrupt_balanced,fhddm+hedge,77.33959899749374,21,0.4724310776942464,insects
real,insects_incremental_abrupt_balanced,hddma,78.7406015037594,20,1.8734335839599048,insects
real,insects_incremental_abrupt_balanced,hddma+half,77.37092731829574,18,0.5037593984962507,insects
real,insects_incremental_abrupt_balanced,hddma+hedge,78.6779448621554,20,1.8107769423559072,insects
real,insects_incremental_abrupt_balanced,hddmw,78.6390977443609,28,1.7719298245614024,insects
real,insects_incremental_abrupt_balanced,hddmw+half,77.3345864661654,26,0.4674185463659164,insects
real,insects_incremental_abrupt_balanced,hddmw+hedge,78.65413533834587,27,1.7869674185463702,insects
real,insects_incremental_abrupt_balanced,adwin,78.55639097744358,22,1.6892230576440959,insects
real,insects_incremental_abrupt_balanced,adwin+half,77.45238095238096,28,0.5852130325814664,insects
real,insects_incremental_abrupt_balanced,adwin+hedge,78.49749373433585,21,1.6303258145363597,insects
real,insects_incremental_abrupt_balanced,ph,78.14786967418547,24,1.2807017543859711,insects
real,insects_incremental_abrupt_balanced,ph+half,77.34335839598998,34,0.4761904761904856,insects
real,insects_incremental_abrupt_balanced,ph+hedge,78.16541353383458,24,1.2982456140350873,insects
real,insects_incremental_abrupt_balanced,kswin,78.32832080200501,15,1.4611528822055075,insects
real,insects_incremental_abrupt_balanced,kswin+half,77.3734335839599,16,0.5062656641603991,insects
real,insects_incremental_abrupt_balanced,kswin+hedge,78.25438596491229,16,1.3872180451127925,insects
real,h2_airlines,none,69.35135135135134,0,0.0,airlines
real,h2_airlines,ddmM,69.33733733733735,6,-0.0140140140139966,airlines
real,h2_airlines,ddm,69.33733733733735,6,-0.0140140140139966,airlines
real,h2_airlines,ddm+half,69.32932932932934,5,-0.02202202202200576,airlines
real,h2_airlines,ddm+hedge,69.32632632632631,6,-0.025025025025027237,airlines
real,h2_airlines,eddm,69.27627627627628,18,-0.07507507507507061,airlines
real,h2_airlines,eddm+half,69.24324324324324,56,-0.1081081081080959,airlines
real,h2_airlines,eddm+hedge,69.21421421421422,65,-0.13713713713712217,airlines
real,h2_airlines,fhddm,69.18118118118119,24,-0.17017017017015856,airlines
real,h2_airlines,fhddm+half,69.34434434434435,19,-0.0070070070069983,airlines
real,h2_airlines,fhddm+hedge,69.36936936936937,18,0.018018018018028936,airlines
real,h2_airlines,hddma,69.22222222222221,13,-0.1291291291291241,airlines
real,h2_airlines,hddma+half,69.34834834834834,13,-0.0030030030029992716,airlines
real,h2_airlines,hddma+hedge,69.33033033033034,13,-0.021021021021006003,airlines
real,h2_airlines,hddmw,68.29529529529529,82,-1.056056056056054,airlines
real,h2_airlines,hddmw+half,69.17017017017017,74,-0.1811811811811781,airlines
real,h2_airlines,hddmw+hedge,69.01101101101102,80,-0.34034034034032823,airlines
real,h2_airlines,adwin,69.2052052052052,13,-0.1461461461461422,airlines
real,h2_airlines,adwin+half,69.32532532532531,13,-0.026026026026026994,airlines
real,h2_airlines,adwin+hedge,69.33533533533533,13,-0.016016016016007217,airlines
real,h2_airlines,ph,69.1061061061061,25,-0.24524524524525138,airlines
real,h2_airlines,ph+half,69.37337337337337,22,0.022022022022027965,airlines
real,h2_airlines,ph+hedge,69.32032032032032,22,-0.03103103103102578,airlines
real,h2_airlines,kswin,68.8928928928929,31,-0.4584584584584439,airlines
real,h2_airlines,kswin+half,69.31031031031031,29,-0.041041041041034454,airlines
real,h2_airlines,kswin+hedge,69.2092092092092,29,-0.14214214214213206,airlines
real,h2_phishing,none,95.05504587155963,0,0.0,phishing
real,h2_phishing,ddmM,95.05504587155963,0,0.0,phishing
real,h2_phishing,ddm,95.05504587155963,0,0.0,phishing
real,h2_phishing,ddm+half,95.05504587155963,0,0.0,phishing
real,h2_phishing,ddm+hedge,95.05504587155963,0,0.0,phishing
real,h2_phishing,eddm,94.87155963302753,3,-0.18348623853210455,phishing
real,h2_phishing,eddm+half,94.84403669724772,12,-0.2110091743119158,phishing
real,h2_phishing,eddm+hedge,95.19266055045873,12,0.13761467889908952,phishing
real,h2_phishing,fhddm,95.05504587155963,0,0.0,phishing
real,h2_phishing,fhddm+half,95.05504587155963,0,0.0,phishing
real,h2_phishing,fhddm+hedge,95.05504587155963,0,0.0,phishing
real,h2_phishing,hddma,95.05504587155963,0,0.0,phishing
real,h2_phishing,hddma+half,95.05504587155963,0,0.0,phishing
real,h2_phishing,hddma+hedge,95.05504587155963,0,0.0,phishing
real,h2_phishing,hddmw,95.05504587155963,0,0.0,phishing
real,h2_phishing,hddmw+half,95.05504587155963,0,0.0,phishing
real,h2_phishing,hddmw+hedge,95.05504587155963,0,0.0,phishing
real,h2_phishing,adwin,95.05504587155963,0,0.0,phishing
real,h2_phishing,adwin+half,95.05504587155963,0,0.0,phishing
real,h2_phishing,adwin+hedge,95.05504587155963,0,0.0,phishing
real,h2_phishing,ph,95.05504587155963,0,0.0,phishing
real,h2_phishing,ph+half,95.05504587155963,0,0.0,phishing
real,h2_phishing,ph+hedge,95.05504587155963,0,0.0,phishing
real,h2_phishing,kswin,95.05504587155963,0,0.0,phishing
real,h2_phishing,kswin+half,95.05504587155963,0,0.0,phishing
real,h2_phishing,kswin+hedge,95.05504587155963,0,0.0,phishing
real,h2_poker,none,89.991991991992,0,0.0,poker
real,h2_poker,ddmM,82.6066066066066,393,-7.385385385385391,poker
real,h2_poker,ddm,82.6076076076076,394,-7.38438438438439,poker
real,h2_poker,ddm+half,87.53453453453453,421,-2.457457457457457,poker
real,h2_poker,ddm+hedge,89.91291291291292,328,-0.07907907907908074,poker
real,h2_poker,eddm,79.996996996997,379,-9.994994994994999,poker
real,h2_poker,eddm+half,87.62962962962963,232,-2.362362362362358,poker
real,h2_poker,eddm+hedge,90.16716716716716,190,0.17517517517516845,poker
real,h2_poker,fhddm,84.22722722722722,157,-5.764764764764774,poker
real,h2_poker,fhddm+half,88.06806806806806,131,-1.9239239239239314,poker
real,h2_poker,fhddm+hedge,90.45345345345346,96,0.4614614614614654,poker
real,h2_poker,hddma,79.83283283283284,509,-10.15915915915916,poker
real,h2_poker,hddma+half,86.78378378378379,397,-3.2082082082082075,poker
real,h2_poker,hddma+hedge,89.70970970970971,310,-0.2822822822822757,poker
real,h2_poker,hddmw,81.39939939939941,307,-8.592592592592585,poker
real,h2_poker,hddmw+half,87.89489489489489,236,-2.0970970970971003,poker
real,h2_poker,hddmw+hedge,90.20720720720722,191,0.21521521521522535,poker
real,h2_poker,adwin,82.988988988989,198,-7.0030030030030055,poker
real,h2_poker,adwin+half,88.003003003003,170,-1.9889889889889933,poker
real,h2_poker,adwin+hedge,90.17417417417417,153,0.18218218218217785,poker
real,h2_poker,ph,84.0990990990991,119,-5.8928928928928865,poker
real,h2_poker,ph+half,88.88188188188188,92,-1.1101101101101074,poker
real,h2_poker,ph+hedge,90.26026026026027,80,0.268268268268268,poker
real,h2_poker,kswin,82.81881881881881,229,-7.173173173173176,poker
real,h2_poker,kswin+half,88.79279279279278,149,-1.199199199199208,poker
real,h2_poker,kswin+hedge,90.3993993993994,137,0.4074074074074119,poker
real,h2_rialto,none,80.7673568818514,0,0.0,rialto
real,h2_rialto,ddmM,80.98538367844091,143,0.21802679658950996,rialto
real,h2_rialto,ddm,80.98538367844091,143,0.21802679658950996,rialto
real,h2_rialto,ddm+half,80.9549330085262,85,0.1875761266747933,rialto
real,h2_rialto,ddm+hedge,81.53958587088916,145,0.7722289890377487,rialto
real,h2_rialto,eddm,81.07673568818515,248,0.3093788063337488,rialto
real,h2_rialto,eddm+half,81.09135200974421,226,0.3239951278928066,rialto
real,h2_rialto,eddm+hedge,82.25091352009744,227,1.4835566382460308,rialto
real,h2_rialto,fhddm,81.33252131546894,76,0.5651644336175377,rialto
real,h2_rialto,fhddm+half,80.91595615103532,76,0.1485992691839133,rialto
real,h2_rialto,fhddm+hedge,81.83556638246041,72,1.0682095006090075,rialto
real,h2_rialto,hddma,80.97076735688185,112,0.20341047503044107,rialto
real,h2_rialto,hddma+half,80.86479902557856,97,0.09744214372715554,rialto
real,h2_rialto,hddma+hedge,81.70523751522532,111,0.937880633373922,rialto
real,h2_rialto,hddmw,81.36784409257002,126,0.6004872107186254,rialto
real,h2_rialto,hddmw+half,81.03654080389768,121,0.26918392204627883,rialto
real,h2_rialto,hddmw+hedge,81.96467722289891,121,1.197320341047503,rialto
real,h2_rialto,adwin,80.74299634591962,110,-0.024360535931777783,rialto
real,h2_rialto,adwin+half,80.96954933008526,111,0.20219244823385107,rialto
real,h2_rialto,adwin+hedge,81.79049939098661,108,1.0231425091351998,rialto
real,h2_rialto,ph,80.86845310596834,87,0.10109622411693664,rialto
real,h2_rialto,ph+half,81.05359317904993,84,0.2862362971985277,rialto
real,h2_rialto,ph+hedge,81.67844092570036,82,0.9110840438489531,rialto
real,h2_rialto,kswin,81.19853836784408,115,0.43118148599268213,rialto
real,h2_rialto,kswin+half,80.88428745432398,117,0.11693057247258443,rialto
real,h2_rialto,kswin+hedge,81.86967113276494,114,1.1023142509135275,rialto
real,h2_spam,none,94.75409836065573,0,0.0,spam
real,h2_spam,ddmM,94.27868852459017,5,-0.47540983606557674,spam
real,h2_spam,ddm,94.27868852459017,5,-0.47540983606557674,spam
real,h2_spam,ddm+half,94.52459016393442,4,-0.2295081967213175,spam
real,h2_spam,ddm+hedge,94.62295081967213,4,-0.1311475409836116,spam
real,h2_spam,eddm,92.98360655737704,9,-1.7704918032786954,spam
real,h2_spam,eddm+half,94.327868852459,7,-0.42622950819672933,spam
real,h2_spam,eddm+hedge,94.55737704918033,6,-0.19672131147540073,spam
real,h2_spam,fhddm,94.65573770491804,2,-0.09836065573769481,spam
real,h2_spam,fhddm+half,94.57377049180327,2,-0.180327868852459,spam
real,h2_spam,fhddm+hedge,94.77049180327867,2,0.016393442622941734,spam
real,h2_spam,hddma,94.09836065573771,4,-0.6557377049180246,spam
real,h2_spam,hddma+half,94.50819672131148,2,-0.24590163934425924,spam
real,h2_spam,hddma+hedge,94.85245901639344,6,0.09836065573770592,spam
real,h2_spam,hddmw,94.1967213114754,3,-0.5573770491803298,spam
real,h2_spam,hddmw+half,94.70491803278688,2,-0.04918032786885851,spam
real,h2_spam,hddmw+hedge,94.39344262295081,3,-0.360655737704918,spam
real,h2_spam,adwin,94.09836065573771,2,-0.6557377049180246,spam
real,h2_spam,adwin+half,94.70491803278688,2,-0.04918032786885851,spam
real,h2_spam,adwin+hedge,94.40983606557377,2,-0.34426229508196515,spam
real,h2_spam,ph,94.18032786885246,2,-0.5737704918032716,spam
real,h2_spam,ph+half,94.62295081967213,2,-0.1311475409836116,spam
real,h2_spam,ph+hedge,94.45901639344262,2,-0.29508196721310664,spam
real,h2_spam,kswin,94.04918032786887,3,-0.704918032786872,spam
real,h2_spam,kswin+half,94.70491803278688,2,-0.04918032786885851,spam
real,h2_spam,kswin+hedge,94.29508196721311,3,-0.4590163934426239,spam
real,h2_weather,none,81.40555555555554,0,0.0,weather
real,h2_weather,ddmM,80.97777777777777,5,-0.4277777777777714,weather
real,h2_weather,ddm,80.97777777777777,5,-0.4277777777777714,weather
real,h2_weather,ddm+half,81.40555555555554,2,0.0,weather
real,h2_weather,ddm+hedge,81.32777777777777,2,-0.07777777777777661,weather
real,h2_weather,eddm,76.62777777777777,66,-4.77777777777778,weather
real,h2_weather,eddm+half,80.80555555555556,62,-0.5999999999999894,weather
real,h2_weather,eddm+hedge,80.48333333333333,63,-0.9222222222222021,weather
real,h2_weather,fhddm,79.83888888888889,17,-1.5666666666666496,weather
real,h2_weather,fhddm+half,81.37777777777777,6,-0.02777777777778212,weather
real,h2_weather,fhddm+hedge,81.19999999999999,6,-0.20555555555554772,weather
real,h2_weather,hddma,81.40555555555554,0,0.0,weather
real,h2_weather,hddma+half,81.40555555555554,0,0.0,weather
real,h2_weather,hddma+hedge,81.40555555555554,0,0.0,weather
real,h2_weather,hddmw,80.52222222222221,5,-0.8833333333333249,weather
real,h2_weather,hddmw+half,81.38333333333334,6,-0.02222222222220127,weather
real,h2_weather,hddmw+hedge,81.32222222222222,5,-0.08333333333332416,weather
real,h2_weather,adwin,81.40555555555554,0,0.0,weather
real,h2_weather,adwin+half,81.40555555555554,0,0.0,weather
real,h2_weather,adwin+hedge,81.40555555555554,0,0.0,weather
real,h2_weather,ph,81.17222222222223,2,-0.23333333333330764,weather
real,h2_weather,ph+half,81.42777777777778,2,0.022222222222234578,weather
real,h2_weather,ph+hedge,81.4222222222222,2,0.01666666666666483,weather
real,h2_weather,kswin,81.40555555555554,0,0.0,weather
real,h2_weather,kswin+half,81.40555555555554,0,0.0,weather
real,h2_weather,kswin+hedge,81.40555555555554,0,0.0,weather
real,h3_airlines_b,none,70.98198198198197,0,0.0,airlines
real,h3_airlines_b,ddmM,70.9019019019019,7,-0.0800800800800694,airlines
real,h3_airlines_b,ddm,70.8918918918919,6,-0.09009009009006697,airlines
real,h3_airlines_b,ddm+half,70.95695695695696,8,-0.025025025025005032,airlines
real,h3_airlines_b,ddm+hedge,70.97497497497497,4,-0.0070070070069983,airlines
real,h3_airlines_b,eddm,70.96096096096097,4,-0.0210210210209949,airlines
real,h3_airlines_b,eddm+half,70.77377377377377,139,-0.20820820820819375,airlines
real,h3_airlines_b,eddm+hedge,70.96996996996997,6,-0.012012012011997086,airlines
real,h3_airlines_b,fhddm,70.73673673673675,24,-0.24524524524522917,airlines
real,h3_airlines_b,fhddm+half,70.96696696696696,21,-0.015015015014996358,airlines
real,h3_airlines_b,fhddm+hedge,70.93693693693693,23,-0.04504504504503348,airlines
real,h3_airlines_b,hddma,70.81781781781783,11,-0.16416416416414892,airlines
real,h3_airlines_b,hddma+half,70.95595595595596,9,-0.02602602602600479,airlines
real,h3_airlines_b,hddma+hedge,70.94094094094093,11,-0.041041041041034454,airlines
real,h3_airlines_b,hddmw,70.06906906906907,67,-0.9129129129128999,airlines
real,h3_airlines_b,hddmw+half,70.73573573573574,68,-0.24624624624622893,airlines
real,h3_airlines_b,hddmw+hedge,70.81281281281282,64,-0.1691691691691477,airlines
real,h3_airlines_b,adwin,70.91491491491492,14,-0.06706706706705035,airlines
real,h3_airlines_b,adwin+half,70.97397397397397,15,-0.008008008007998058,airlines
real,h3_airlines_b,adwin+hedge,70.94794794794794,15,-0.03403403403402505,airlines
real,h3_airlines_b,ph,70.65765765765765,30,-0.3243243243243099,airlines
real,h3_airlines_b,ph+half,70.93693693693693,27,-0.04504504504503348,airlines
real,h3_airlines_b,ph+hedge,70.92292292292292,28,-0.059059059059041186,airlines
real,h3_airlines_b,kswin,70.56256256256258,31,-0.41941941941939787,airlines
real,h3_airlines_b,kswin+half,70.87887887887887,30,-0.10310310310309712,airlines
real,h3_airlines_b,kswin+hedge,70.85185185185185,31,-0.13013013013011276,airlines
real,h3_airlines_c,none,65.68568568568568,0,0.0,airlines
real,h3_airlines_c,ddmM,65.60960960960962,5,-0.07607607607607036,airlines
real,h3_airlines_c,ddm,65.60960960960962,5,-0.07607607607607036,airlines
real,h3_airlines_c,ddm+half,65.65265265265265,5,-0.033033033033036396,airlines
real,h3_airlines_c,ddm+hedge,65.65865865865865,5,-0.027027027027037853,airlines
real,h3_airlines_c,eddm,65.67067067067067,4,-0.015015015015018562,airlines
real,h3_airlines_c,eddm+half,65.65065065065066,27,-0.03503503503503591,airlines
real,h3_airlines_c,eddm+hedge,65.63763763763764,26,-0.04804804804805496,airlines
real,h3_airlines_c,fhddm,65.15915915915916,42,-0.5265265265265273,airlines
real,h3_airlines_c,fhddm+half,65.54354354354354,34,-0.14214214214215426,airlines
real,h3_airlines_c,fhddm+hedge,65.5945945945946,35,-0.09109109109110003,airlines
real,h3_airlines_c,hddma,65.42742742742742,15,-0.2582582582582704,airlines
real,h3_airlines_c,hddma+half,65.5955955955956,12,-0.09009009009010027,airlines
real,h3_airlines_c,hddma+hedge,65.57957957957959,14,-0.10610610610610749,airlines
real,h3_airlines_c,hddmw,64.10910910910911,126,-1.5765765765765716,airlines
real,h3_airlines_c,hddmw+half,65.30530530530531,132,-0.38038038038038513,airlines
real,h3_airlines_c,hddmw+hedge,65.21621621621621,117,-0.46946946946947454,airlines
real,h3_airlines_c,adwin,65.57857857857859,11,-0.10710710710710725,airlines
real,h3_airlines_c,adwin+half,65.62262262262261,11,-0.06306306306307352,airlines
real,h3_airlines_c,adwin+hedge,65.65765765765765,11,-0.02802802802803761,airlines
real,h3_airlines_c,ph,65.31431431431432,29,-0.3713713713713762,airlines
real,h3_airlines_c,ph+half,65.65165165165165,23,-0.034034034034047256,airlines
real,h3_airlines_c,ph+hedge,65.6026026026026,24,-0.08308308308309087,airlines
real,h3_airlines_c,kswin,64.87487487487486,69,-0.8108108108108247,airlines
real,h3_airlines_c,kswin+half,65.46546546546547,68,-0.22022022022022414,airlines
real,h3_airlines_c,kswin+hedge,65.4104104104104,66,-0.2752752752752774,airlines
real,h3_covertype_b,none,96.72172172172172,0,0.0,covertype
real,h3_covertype_b,ddmM,95.67167167167166,16,-1.0500500500500554,covertype
real,h3_covertype_b,ddm,95.67167167167166,16,-1.0500500500500554,covertype
real,h3_covertype_b,ddm+half,96.64764764764766,151,-0.07407407407405975,covertype
real,h3_covertype_b,ddm+hedge,96.6866866866867,41,-0.03503503503502481,covertype
real,h3_covertype_b,eddm,94.34834834834835,60,-2.3733733733733664,covertype
real,h3_covertype_b,eddm+half,96.57357357357358,79,-0.1481481481481417,covertype
real,h3_covertype_b,eddm+hedge,96.65965965965965,78,-0.06206206206206266,covertype
real,h3_covertype_b,fhddm,96.55755755755756,4,-0.16416416416416002,covertype
real,h3_covertype_b,fhddm+half,96.72172172172172,1,0.0,covertype
real,h3_covertype_b,fhddm+hedge,96.72272272272272,1,0.0010010010009997572,covertype
real,h3_covertype_b,hddma,73.5045045045045,469,-23.21721721721722,covertype
real,h3_covertype_b,hddma+half,96.63763763763764,52,-0.08408408408407952,covertype
real,h3_covertype_b,hddma+hedge,96.6826826826827,49,-0.03903903903902384,covertype
real,h3_covertype_b,hddmw,86.4994994994995,138,-10.22222222222221,covertype
real,h3_covertype_b,hddmw+half,96.70670670670673,15,-0.015015015014996358,covertype
real,h3_covertype_b,hddmw+hedge,96.71371371371372,15,-0.008008008007998058,covertype
real,h3_covertype_b,adwin,71.54054054054055,313,-25.181181181181177,covertype
real,h3_covertype_b,adwin+half,96.69469469469469,19,-0.02702702702702675,covertype
real,h3_covertype_b,adwin+hedge,96.69969969969969,19,-0.022022022022027965,covertype
real,h3_covertype_b,ph,73.35535535535534,254,-23.366366366366375,covertype
real,h3_covertype_b,ph+half,96.71071071071073,8,-0.01101101101099733,covertype
real,h3_covertype_b,ph+hedge,96.7017017017017,8,-0.02002002002002845,covertype
real,h3_covertype_b,kswin,94.51851851851852,42,-2.2032032032031967,covertype
real,h3_covertype_b,kswin+half,96.72472472472474,7,0.003003003003010374,covertype
real,h3_covertype_b,kswin+hedge,96.71671671671672,7,-0.005005005004998786,covertype
real,h3_covertype_c,none,95.66966966966966,0,0.0,covertype
real,h3_covertype_c,ddmM,92.001001001001,56,-3.668668668668662,covertype
real,h3_covertype_c,ddm,91.97697697697697,57,-3.6926926926926895,covertype
real,h3_covertype_c,ddm+half,95.48148148148148,18,-0.1881881881881875,covertype
real,h3_covertype_c,ddm+hedge,95.56856856856857,63,-0.1011011011010976,covertype
real,h3_covertype_c,eddm,45.54154154154155,777,-50.128128128128125,covertype
real,h3_covertype_c,eddm+half,87.36936936936938,243,-8.30030030030029,covertype
real,h3_covertype_c,eddm+hedge,95.52652652652654,118,-0.1431431431431318,covertype
real,h3_covertype_c,fhddm,49.126126126126124,337,-46.54354354354354,covertype
real,h3_covertype_c,fhddm+half,95.36836836836838,8,-0.3013013013012933,covertype
real,h3_covertype_c,fhddm+hedge,95.68268268268268,4,0.013013013013019048,covertype
real,h3_covertype_c,hddma,60.67167167167165,539,-34.99799799799801,covertype
real,h3_covertype_c,hddma+half,88.2802802802803,215,-7.389389389389378,covertype
real,h3_covertype_c,hddma+hedge,95.6026026026026,49,-0.06706706706706145,covertype
real,h3_covertype_c,hddmw,46.29929929929929,649,-49.37037037037037,covertype
real,h3_covertype_c,hddmw+half,94.60960960960962,38,-1.0600600600600418,covertype
real,h3_covertype_c,hddmw+hedge,95.65165165165165,22,-0.018018018018017834,covertype
real,h3_covertype_c,adwin,47.47047047047047,440,-48.1991991991992,covertype
real,h3_covertype_c,adwin+half,91.5955955955956,95,-4.074074074074074,covertype
real,h3_covertype_c,adwin+hedge,95.66566566566567,21,-0.004004004003999029,covertype
real,h3_covertype_c,ph,54.03503503503503,257,-41.63463463463464,covertype
real,h3_covertype_c,ph+half,93.12112112112113,54,-2.548548548548535,covertype
real,h3_covertype_c,ph+hedge,95.5805805805806,10,-0.08908908908906721,covertype
real,h3_covertype_c,kswin,46.6956956956957,537,-48.97397397397397,covertype
real,h3_covertype_c,kswin+half,94.96396396396398,25,-0.7057057057056948,covertype
real,h3_covertype_c,kswin+hedge,95.67567567567569,11,0.006006006006020748,covertype
real,h3_insects_b,none,81.82782782782783,0,0.0,insects
real,h3_insects_b,ddmM,81.82182182182181,4,-0.006006006006009645,insects
real,h3_insects_b,ddm,81.82182182182181,4,-0.006006006006009645,insects
real,h3_insects_b,ddm+half,81.83583583583584,4,0.00800800800800916,insects
real,h3_insects_b,ddm+hedge,81.85185185185185,4,0.024024024024016377,insects
real,h3_insects_b,eddm,81.77777777777779,8,-0.05005005005004337,insects
real,h3_insects_b,eddm+half,81.70470470470471,96,-0.12312312312311446,insects
real,h3_insects_b,eddm+hedge,81.75875875875876,53,-0.06906906906907206,insects
real,h3_insects_b,fhddm,81.83083083083083,7,0.003003003003010374,insects
real,h3_insects_b,fhddm+half,81.85585585585585,7,0.028028028028026508,insects
real,h3_insects_b,fhddm+hedge,81.86686686686686,7,0.03903903903903494,insects
real,h3_insects_b,hddma,81.93193193193193,3,0.10410410410410798,insects
real,h3_insects_b,hddma+half,81.85285285285285,3,0.025025025025027237,insects
real,h3_insects_b,hddma+hedge,81.94694694694695,3,0.11911911911912654,insects
real,h3_insects_b,hddmw,81.85785785785785,9,0.030030030030026023,insects
real,h3_insects_b,hddmw+half,81.8098098098098,9,-0.018018018018017834,insects
real,h3_insects_b,hddmw+hedge,81.9099099099099,8,0.08208208208208001,insects
real,h3_insects_b,adwin,81.92292292292292,6,0.09509509509509906,insects
real,h3_insects_b,adwin+half,81.86186186186187,7,0.034034034034036154,insects
real,h3_insects_b,adwin+hedge,81.95295295295296,6,0.12512512512513618,insects
real,h3_insects_b,ph,81.86886886886887,9,0.041041041041045556,insects
real,h3_insects_b,ph+half,81.86486486486486,10,0.037037037037035425,insects
real,h3_insects_b,ph+hedge,81.93193193193193,8,0.10410410410410798,insects
real,h3_insects_b,kswin,81.90290290290291,5,0.07507507507508171,insects
real,h3_insects_b,kswin+half,81.85285285285285,5,0.025025025025027237,insects
real,h3_insects_b,kswin+hedge,81.90790790790791,5,0.0800800800800805,insects
real,h3_insects_c,none,85.59459459459458,0,0.0,insects
real,h3_insects_c,ddmM,85.61061061061062,4,0.016016016016029422,insects
real,h3_insects_c,ddm,85.61061061061062,4,0.016016016016029422,insects
real,h3_insects_c,ddm+half,85.62062062062061,2,0.026026026026026994,insects
real,h3_insects_c,ddm+hedge,85.62162162162161,2,0.02702702702702675,insects
real,h3_insects_c,eddm,85.52952952952953,12,-0.06506506506506193,insects
real,h3_insects_c,eddm+half,85.58258258258257,42,-0.012012012012008189,insects
real,h3_insects_c,eddm+hedge,85.57757757757757,47,-0.017017017017018077,insects
real,h3_insects_c,fhddm,85.5995995995996,3,0.005005005005009888,insects
real,h3_insects_c,fhddm+half,85.59859859859858,3,0.004004004003999029,insects
real,h3_insects_c,fhddm+hedge,85.6036036036036,3,0.009009009009008917,insects
real,h3_insects_c,hddma,85.67967967967968,3,0.08508508508509038,insects
real,h3_insects_c,hddma+half,85.63563563563564,3,0.041041041041045556,insects
real,h3_insects_c,hddma+hedge,85.68868868868869,3,0.0940940940940993,insects
real,h3_insects_c,hddmw,85.68268268268268,5,0.08808808808808966,insects
real,h3_insects_c,hddmw+half,85.65865865865867,5,0.06406406406407328,insects
real,h3_insects_c,hddmw+hedge,85.71171171171171,5,0.11711711711712702,insects
real,h3_insects_c,adwin,85.67567567567566,5,0.08108108108108025,insects
real,h3_insects_c,adwin+half,85.65065065065063,5,0.056056056056053016,insects
real,h3_insects_c,adwin+hedge,85.68868868868869,5,0.0940940940940993,insects
real,h3_insects_c,ph,85.64264264264266,8,0.04804804804806606,insects
real,h3_insects_c,ph+half,85.65165165165166,9,0.05705705705707498,insects
real,h3_insects_c,ph+hedge,85.68668668668668,8,0.09209209209209979,insects
real,h3_insects_c,kswin,85.68268268268268,2,0.08808808808808966,insects
real,h3_insects_c,kswin+half,85.64464464464464,2,0.05005005005005447,insects
real,h3_insects_c,kswin+hedge,85.68468468468468,2,0.09009009009010027,insects
real,h3_poker_b,none,91.47347347347348,0,0.0,poker
real,h3_poker_b,ddmM,82.80380380380382,341,-8.669669669669666,poker
real,h3_poker_b,ddm,82.77777777777779,339,-8.695695695695694,poker
real,h3_poker_b,ddm+half,88.27127127127127,387,-3.202202202202198,poker
real,h3_poker_b,ddm+hedge,90.87187187187186,305,-0.601601601601609,poker
real,h3_poker_b,eddm,77.38838838838838,429,-14.085085085085092,poker
real,h3_poker_b,eddm+half,89.3963963963964,196,-2.077077077077072,poker
real,h3_poker_b,eddm+hedge,91.40840840840842,157,-0.06506506506506193,poker
real,h3_poker_b,fhddm,83.63863863863864,173,-7.834834834834837,poker
real,h3_poker_b,fhddm+half,90.31831831831832,110,-1.155155155155152,poker
real,h3_poker_b,fhddm+hedge,91.56556556556556,94,0.09209209209208868,poker
real,h3_poker_b,hddma,79.05105105105106,495,-12.422422422422418,poker
real,h3_poker_b,hddma+half,88.37037037037037,340,-3.103103103103111,poker
real,h3_poker_b,hddma+hedge,91.25925925925927,223,-0.2142142142142145,poker
real,h3_poker_b,hddmw,80.35835835835834,302,-11.115115115115126,poker
real,h3_poker_b,hddmw+half,90.02602602602603,176,-1.4474474474474475,poker
real,h3_poker_b,hddmw+hedge,91.44044044044044,148,-0.033033033033036396,poker
real,h3_poker_b,adwin,82.1061061061061,215,-9.367367367367374,poker
real,h3_poker_b,adwin+half,89.69269269269269,165,-1.7807807807807885,poker
real,h3_poker_b,adwin+hedge,91.46046046046045,146,-0.013013013013019048,poker
real,h3_poker_b,ph,84.17017017017018,139,-7.303303303303299,poker
real,h3_poker_b,ph+half,90.68968968968969,94,-0.7837837837837869,poker
real,h3_poker_b,ph+hedge,91.90590590590591,84,0.432432432432428,poker
real,h3_poker_b,kswin,81.76576576576575,244,-9.707707707707725,poker
real,h3_poker_b,kswin+half,90.50050050050051,133,-0.9729729729729741,poker
real,h3_poker_b,kswin+hedge,91.6866866866867,126,0.21321321321321474,poker
real,h3_poker_c,none,89.001001001001,0,0.0,poker
real,h3_poker_c,ddmM,80.57257257257258,410,-8.428428428428425,poker
real,h3_poker_c,ddm,80.5995995995996,400,-8.401401401401397,poker
real,h3_poker_c,ddm+half,86.58358358358359,425,-2.4174174174174112,poker
real,h3_poker_c,ddm+hedge,88.40540540540542,357,-0.5955955955955883,poker
real,h3_poker_c,eddm,78.36636636636636,405,-10.634634634634644,poker
real,h3_poker_c,eddm+half,87.06906906906906,241,-1.9319319319319406,poker
real,h3_poker_c,eddm+hedge,88.98798798798799,208,-0.013013013013007946,poker
real,h3_poker_c,fhddm,82.18318318318319,189,-6.817817817817817,poker
real,h3_poker_c,fhddm+half,87.19419419419418,146,-1.8068068068068155,poker
real,h3_poker_c,fhddm+hedge,89.30830830830831,117,0.30730730730731404,poker
real,h3_poker_c,hddma,78.4984984984985,471,-10.502502502502498,poker
real,h3_poker_c,hddma+half,86.70870870870871,353,-2.292292292292286,poker
real,h3_poker_c,hddma+hedge,88.51351351351352,318,-0.4874874874874924,poker
real,h3_poker_c,hddmw,80.05505505505506,322,-8.945945945945944,poker
real,h3_poker_c,hddmw+half,87.42342342342343,218,-1.5775775775775713,poker
real,h3_poker_c,hddmw+hedge,88.76876876876877,186,-0.23223223223223233,poker
real,h3_poker_c,adwin,81.11211211211211,230,-7.888888888888889,poker
real,h3_poker_c,adwin+half,87.05105105105106,187,-1.9499499499499362,poker
real,h3_poker_c,adwin+hedge,89.06406406406407,169,0.06306306306306242,poker
real,h3_poker_c,ph,83.01001001001,136,-5.990990990990996,poker
real,h3_poker_c,ph+half,88.14614614614615,106,-0.8548548548548474,poker
real,h3_poker_c,ph+hedge,89.12612612612612,99,0.12512512512512508,poker
real,h3_poker_c,kswin,80.51651651651652,278,-8.48448448448449,poker
real,h3_poker_c,kswin+half,87.6826826826827,182,-1.3183183183183123,poker
real,h3_poker_c,kswin+hedge,89.25025025025025,170,0.2492492492492504,poker
real,h4_airlines_d,none,66.56056056056056,0,0.0,airlines
real,h4_airlines_d,ddmM,66.46646646646647,4,-0.0940940940940993,airlines
real,h4_airlines_d,ddm,66.46646646646647,4,-0.0940940940940993,airlines
real,h4_airlines_d,ddm+half,66.56256256256256,1,0.0020020020019995144,airlines
real,h4_airlines_d,ddm+hedge,66.53253253253254,4,-0.028028028028026508,airlines
real,h4_airlines_d,eddm,66.53853853853853,3,-0.022022022022027965,airlines
real,h4_airlines_d,eddm+half,66.36036036036037,95,-0.2002002002001957,airlines
real,h4_airlines_d,eddm+hedge,66.4864864864865,43,-0.07407407407407085,airlines
real,h4_airlines_d,fhddm,66.16016016016016,38,-0.4004004004004025,airlines
real,h4_airlines_d,fhddm+half,66.51551551551552,30,-0.04504504504505569,airlines
real,h4_airlines_d,fhddm+hedge,66.46446446446447,30,-0.09609609609609882,airlines
real,h4_airlines_d,hddma,66.30530530530532,13,-0.25525525525524895,airlines
real,h4_airlines_d,hddma+half,66.54954954954955,4,-0.011011011011019534,airlines
real,h4_airlines_d,hddma+hedge,66.54854854854855,5,-0.01201201201201929,airlines
real,h4_airlines_d,hddmw,64.14514514514515,153,-2.415415415415423,airlines
real,h4_airlines_d,hddmw+half,66.00300300300299,144,-0.5575575575575753,airlines
real,h4_airlines_d,hddmw+hedge,66.11311311311312,154,-0.4474474474474466,airlines
real,h4_airlines_d,adwin,66.41341341341341,9,-0.14714714714715305,airlines
real,h4_airlines_d,adwin+half,66.53953953953953,9,-0.021021021021028208,airlines
real,h4_airlines_d,adwin+hedge,66.51451451451452,10,-0.046046046046055444,airlines
real,h4_airlines_d,ph,66.26626626626627,20,-0.294294294294295,airlines
real,h4_airlines_d,ph+half,66.50350350350351,21,-0.057057057057063876,airlines
real,h4_airlines_d,ph+hedge,66.47547547547546,23,-0.08508508508510149,airlines
real,h4_airlines_d,kswin,65.30230230230231,95,-1.2582582582582602,airlines
real,h4_airlines_d,kswin+half,66.23123123123122,80,-0.329329329329342,airlines
real,h4_airlines_d,kswin+hedge,66.12112112112112,82,-0.4394394394394485,airlines
real,h4_airlines_e,none,66.23123123123123,0,0.0,airlines
real,h4_airlines_e,ddmM,66.1901901901902,3,-0.041041041041045556,airlines
real,h4_airlines_e,ddm,66.1901901901902,3,-0.041041041041045556,airlines
real,h4_airlines_e,ddm+half,66.21721721721721,3,-0.014014014014018805,airlines
real,h4_airlines_e,ddm+hedge,66.22122122122123,3,-0.010010010010008674,airlines
real,h4_airlines_e,eddm,65.77177177177178,80,-0.45945945945945477,airlines
real,h4_airlines_e,eddm+half,66.07107107107106,117,-0.1601601601601721,airlines
real,h4_airlines_e,eddm+hedge,66.20920920920922,42,-0.022022022022016863,airlines
real,h4_airlines_e,fhddm,65.74874874874874,39,-0.4824824824824936,airlines
real,h4_airlines_e,fhddm+half,66.13313313313314,31,-0.09809809809809833,airlines
real,h4_airlines_e,fhddm+hedge,66.13513513513513,31,-0.09609609609609882,airlines
real,h4_airlines_e,hddma,65.93393393393394,15,-0.29729729729729426,airlines
real,h4_airlines_e,hddma+half,66.14814814814814,15,-0.08308308308309087,airlines
real,h4_airlines_e,hddma+hedge,66.17017017017017,12,-0.06106106106107401,airlines
real,h4_airlines_e,hddmw,64.6036036036036,110,-1.627627627627637,airlines
real,h4_airlines_e,hddmw+half,65.7897897897898,109,-0.44144144144144803,airlines
real,h4_airlines_e,hddmw+hedge,65.98698698698699,109,-0.24424424424424052,airlines
real,h4_airlines_e,adwin,66.1081081081081,10,-0.12312312312313667,airlines
real,h4_airlines_e,adwin+half,66.18418418418419,9,-0.0470470470470441,airlines
real,h4_airlines_e,adwin+hedge,66.20620620620622,9,-0.025025025025016134,airlines
real,h4_airlines_e,ph,65.75075075075074,32,-0.4804804804804941,airlines
real,h4_airlines_e,ph+half,66.16816816816817,24,-0.06306306306307352,airlines
real,h4_airlines_e,ph+hedge,66.21121121121122,25,-0.02002002002001735,airlines
real,h4_airlines_e,kswin,65.32732732732731,62,-0.9039039039039243,airlines
real,h4_airlines_e,kswin+half,66.0860860860861,50,-0.14514514514514243,airlines
real,h4_airlines_e,kswin+hedge,66.07407407407406,44,-0.15715715715717282,airlines
real,h4_covertype_d,none,95.98998998999,0,0.0,covertype
real,h4_covertype_d,ddmM,93.89689689689689,28,-2.0930930930931013,covertype
real,h4_covertype_d,ddm,93.89689689689689,28,-2.0930930930931013,covertype
real,h4_covertype_d,ddm+half,95.0870870870871,24,-0.9029029029029023,covertype
real,h4_covertype_d,ddm+hedge,95.89889889889889,76,-0.09109109109110003,covertype
real,h4_covertype_d,eddm,50.61661661661662,738,-45.37337337337338,covertype
real,h4_covertype_d,eddm+half,92.26626626626627,118,-3.7237237237237264,covertype
real,h4_covertype_d,eddm+hedge,95.87587587587588,111,-0.11411411411412775,covertype
real,h4_covertype_d,fhddm,61.772772772772775,280,-34.217217217217225,covertype
real,h4_covertype_d,fhddm+half,95.8028028028028,8,-0.18718718718719884,covertype
real,h4_covertype_d,fhddm+hedge,95.98098098098097,3,-0.00900900900902002,covertype
real,h4_covertype_d,hddma,57.84284284284284,614,-38.14714714714715,covertype
real,h4_covertype_d,hddma+half,83.98098098098097,312,-12.00900900900902,covertype
real,h4_covertype_d,hddma+hedge,95.74274274274275,93,-0.2472472472472509,covertype
real,h4_covertype_d,hddmw,54.48848848848849,604,-41.5015015015015,covertype
real,h4_covertype_d,hddmw+half,92.31731731731732,94,-3.6726726726726833,covertype
real,h4_covertype_d,hddmw+hedge,95.96396396396398,24,-0.026026026026026994,covertype
real,h4_covertype_d,adwin,54.07907907907909,468,-41.910910910910914,covertype
real,h4_covertype_d,adwin+half,89.8948948948949,128,-6.095095095095093,covertype
real,h4_covertype_d,adwin+hedge,95.96696696696696,21,-0.023023023023027722,covertype
real,h4_covertype_d,ph,59.0960960960961,248,-36.8938938938939,covertype
real,h4_covertype_d,ph+half,90.94194194194193,87,-5.048048048048059,covertype
real,h4_covertype_d,ph+hedge,95.8918918918919,9,-0.09809809809809833,covertype
real,h4_covertype_d,kswin,59.81381381381381,455,-36.17617617617619,covertype
real,h4_covertype_d,kswin+half,92.63763763763764,70,-3.3523523523523613,covertype
real,h4_covertype_d,kswin+hedge,95.96196196196196,14,-0.02802802802803761,covertype
real,h4_covertype_e,none,97.31131131131131,0,0.0,covertype
real,h4_covertype_e,ddmM,96.77877877877877,8,-0.532532532532537,covertype
real,h4_covertype_e,ddm,96.77877877877877,8,-0.532532532532537,covertype
real,h4_covertype_e,ddm+half,97.29229229229229,16,-0.01901901901901759,covertype
real,h4_covertype_e,ddm+hedge,97.23223223223223,31,-0.07907907907908074,covertype
real,h4_covertype_e,eddm,59.131131131131134,666,-38.18018018018018,covertype
real,h4_covertype_e,eddm+half,97.13913913913915,46,-0.17217217217216918,covertype
real,h4_covertype_e,eddm+hedge,97.1911911911912,76,-0.12012012012011519,covertype
real,h4_covertype_e,fhddm,64.84784784784785,289,-32.46346346346346,covertype
real,h4_covertype_e,fhddm+half,97.30730730730731,2,-0.004004004003999029,covertype
real,h4_covertype_e,fhddm+hedge,97.30430430430431,2,-0.0070070070069983,covertype
real,h4_covertype_e,hddma,66.77377377377377,630,-30.53753753753754,covertype
real,h4_covertype_e,hddma+half,96.86286286286287,55,-0.44844844844843523,covertype
real,h4_covertype_e,hddma+hedge,97.22022022022023,45,-0.09109109109107782,covertype
real,h4_covertype_e,hddmw,74.29229229229229,359,-23.019019019019016,covertype
real,h4_covertype_e,hddmw+half,97.27727727727728,12,-0.03403403403402505,covertype
real,h4_covertype_e,hddmw+hedge,97.27927927927928,11,-0.03203203203202554,covertype
real,h4_covertype_e,adwin,61.56456456456456,388,-35.74674674674675,covertype
real,h4_covertype_e,adwin+half,97.23023023023023,19,-0.08108108108108025,covertype
real,h4_covertype_e,adwin+hedge,97.28128128128128,17,-0.030030030030026023,covertype
real,h4_covertype_e,ph,67.94194194194193,233,-29.36936936936937,covertype
real,h4_covertype_e,ph+half,97.26726726726727,10,-0.044044044044033726,covertype
real,h4_covertype_e,ph+hedge,97.30630630630631,8,-0.005005005004998786,covertype
real,h4_covertype_e,kswin,62.612612612612615,465,-34.69869869869869,covertype
real,h4_covertype_e,kswin+half,97.27827827827828,6,-0.033033033033036396,covertype
real,h4_covertype_e,kswin+hedge,97.28528528528528,6,-0.026026026026026994,covertype
real,h4_poker_d,none,92.38038038038037,0,0.0,poker
real,h4_poker_d,ddmM,82.86186186186187,379,-9.518518518518515,poker
real,h4_poker_d,ddm,82.85885885885885,376,-9.521521521521525,poker
real,h4_poker_d,ddm+half,89.47947947947948,339,-2.9009009009008935,poker
real,h4_poker_d,ddm+hedge,91.60960960960962,295,-0.7707707707707567,poker
real,h4_poker_d,eddm,77.92592592592594,423,-14.454454454454446,poker
real,h4_poker_d,eddm+half,89.0940940940941,215,-3.2862862862862774,poker
real,h4_poker_d,eddm+hedge,92.11811811811812,155,-0.26226226226225835,poker
real,h4_poker_d,fhddm,84.05505505505506,162,-8.325325325325316,poker
real,h4_poker_d,fhddm+half,89.64364364364364,116,-2.7367367367367335,poker
real,h4_poker_d,fhddm+hedge,91.92892892892894,94,-0.4514514514514345,poker
real,h4_poker_d,hddma,79.14414414414415,503,-13.236236236236232,poker
real,h4_poker_d,hddma+half,88.58458458458459,329,-3.7957957957957866,poker
real,h4_poker_d,hddma+hedge,91.68768768768768,222,-0.6926926926926869,poker
real,h4_poker_d,hddmw,80.84184184184184,308,-11.538538538538534,poker
real,h4_poker_d,hddmw+half,89.92592592592592,188,-2.4544544544544578,poker
real,h4_poker_d,hddmw+hedge,92.02802802802805,150,-0.3523523523523364,poker
real,h4_poker_d,adwin,82.56456456456456,209,-9.81581581581582,poker
real,h4_poker_d,adwin+half,89.90390390390391,165,-2.4764764764764635,poker
real,h4_poker_d,adwin+hedge,91.65265265265265,148,-0.7277277277277228,poker
real,h4_poker_d,ph,84.24324324324324,132,-8.13713713713714,poker
real,h4_poker_d,ph+half,90.88588588588588,89,-1.4944944944944916,poker
real,h4_poker_d,ph+hedge,92.0870870870871,86,-0.29329329329328413,poker
real,h4_poker_d,kswin,83.30830830830831,218,-9.072072072072068,poker
real,h4_poker_d,kswin+half,90.44044044044044,142,-1.9399399399399386,poker
real,h4_poker_d,kswin+hedge,92.16716716716716,119,-0.21321321321321474,poker
real,h4_poker_e,none,89.45345345345346,0,0.0,poker
real,h4_poker_e,ddmM,81.3113113113113,405,-8.142142142142161,poker
real,h4_poker_e,ddm,81.24224224224224,404,-8.211211211211221,poker
real,h4_poker_e,ddm+half,86.57557557557557,422,-2.877877877877899,poker
real,h4_poker_e,ddm+hedge,88.87287287287288,374,-0.5805805805805919,poker
real,h4_poker_e,eddm,77.5965965965966,430,-11.856856856856869,poker
real,h4_poker_e,eddm+half,87.02902902902903,242,-2.4244244244244317,poker
real,h4_poker_e,eddm+hedge,89.53553553553554,196,0.08208208208206891,poker
real,h4_poker_e,fhddm,81.81881881881881,199,-7.634634634634652,poker
real,h4_poker_e,fhddm+half,87.7947947947948,140,-1.6586586586586738,poker
real,h4_poker_e,fhddm+hedge,89.3993993993994,120,-0.054054054054064604,poker
real,h4_poker_e,hddma,78.82882882882883,456,-10.624624624624634,poker
real,h4_poker_e,hddma+half,86.84784784784785,338,-2.605605605605621,poker
real,h4_poker_e,hddma+hedge,89.21121121121122,292,-0.2422422422422521,poker
real,h4_poker_e,hddmw,79.13413413413413,332,-10.319319319319343,poker
real,h4_poker_e,hddmw+half,87.71471471471472,226,-1.7387387387387543,poker
real,h4_poker_e,hddmw+hedge,89.37737737737739,197,-0.07607607607608147,poker
real,h4_poker_e,adwin,80.15215215215215,236,-9.301301301301311,poker
real,h4_poker_e,adwin+half,87.34034034034033,193,-2.1131131131131298,poker
real,h4_poker_e,adwin+hedge,89.26826826826827,181,-0.18518518518519933,poker
real,h4_poker_e,ph,83.54554554554555,136,-5.907907907907917,poker
real,h4_poker_e,ph+half,88.22222222222223,110,-1.2312312312312446,poker
real,h4_poker_e,ph+hedge,89.59559559559558,106,0.14214214214212095,poker
real,h4_poker_e,kswin,80.28328328328328,266,-9.170170170170188,poker
real,h4_poker_e,kswin+half,88.15715715715716,176,-1.2962962962963065,poker
real,h4_poker_e,kswin+hedge,89.32332332332332,170,-0.13013013013014607,poker
real,elec2,none,80.55530973451329,0,0.0,elec2
real,elec2,ddmM,80.26769911504424,104,-0.28761061946903643,elec2
real,elec2,ddm,80.32522123893806,100,-0.23008849557523137,elec2
real,elec2,ddm+half,80.71460176991148,165,0.15929203539820636,elec2
real,elec2,ddm+hedge,80.35176991150442,230,-0.2035398230088581,elec2
real,elec2,eddm,78.83407079646018,204,-1.7212389380531046,elec2
real,elec2,eddm+half,80.20575221238937,191,-0.3495575221239111,elec2
real,elec2,eddm+hedge,80.429203539823,189,-0.12610619469027862,elec2
real,elec2,fhddm,79.7654867256637,74,-0.7898230088495772,elec2
real,elec2,fhddm+half,80.58185840707965,72,0.026548672566373277,elec2
real,elec2,fhddm+hedge,80.44690265486726,70,-0.10840707964602236,elec2
real,elec2,hddma,79.0221238938053,214,-1.5331858407079735,elec2
real,elec2,hddma+half,80.42256637168141,196,-0.13274336283186638,elec2
real,elec2,hddma+hedge,80.29867256637168,197,-0.25663716814160464,elec2
real,elec2,hddmw,78.80309734513273,160,-1.7522123893805475,elec2
real,elec2,hddmw+half,80.64601769911503,145,0.09070796460175501,elec2
real,elec2,hddmw+hedge,80.29867256637168,148,-0.25663716814160464,elec2
real,elec2,adwin,79.79424778761063,56,-0.7610619469026525,elec2
real,elec2,adwin+half,80.48893805309734,58,-0.0663716814159443,elec2
real,elec2,adwin+hedge,80.36946902654867,57,-0.18584070796461294,elec2
real,elec2,ph,80.22345132743362,36,-0.33185840707965486,elec2
real,elec2,ph+half,80.38274336283186,37,-0.1725663716814152,elec2
real,elec2,ph+hedge,80.80973451327434,34,0.2544247787610532,elec2
real,elec2,kswin,79.25884955752213,128,-1.2964601769911543,elec2
real,elec2,kswin+half,80.38716814159292,115,-0.1681415929203567,elec2
real,elec2,kswin+hedge,80.33628318584071,115,-0.21902654867257398,elec2
real,insects_abrupt_balanced,none,76.96963946869072,0,0.0,insects
real,insects_abrupt_balanced,ddmM,78.20872865275142,18,1.2390891840607043,insects
real,insects_abrupt_balanced,ddm,78.20872865275142,18,1.2390891840607043,insects
real,insects_abrupt_balanced,ddm+half,77.41935483870968,8,0.449715370018966,insects
real,insects_abrupt_balanced,ddm+hedge,78.18785578747628,11,1.21821631878557,insects
real,insects_abrupt_balanced,eddm,76.52941176470588,58,-0.44022770398483013,insects
real,insects_abrupt_balanced,eddm+half,77.20872865275142,74,0.23908918406071455,insects
real,insects_abrupt_balanced,eddm+hedge,77.3168880455408,38,0.3472485768500899,insects
real,insects_abrupt_balanced,fhddm,77.60721062618596,13,0.6375711574952536,insects
real,insects_abrupt_balanced,fhddm+half,77.35863377609108,13,0.3889943074003699,insects
real,insects_abrupt_balanced,fhddm+hedge,77.68690702087288,12,0.7172675521821659,insects
real,insects_abrupt_balanced,hddma,78.79696394686907,10,1.8273244781783604,insects
real,insects_abrupt_balanced,hddma+half,77.55218216318787,11,0.5825426944971568,insects
real,insects_abrupt_balanced,hddma+hedge,78.66223908918406,10,1.6925996204933402,insects
real,insects_abrupt_balanced,hddmw,78.64705882352942,17,1.677419354838705,insects
real,insects_abrupt_balanced,hddmw+half,77.49905123339657,18,0.5294117647058671,insects
real,insects_abrupt_balanced,hddmw+hedge,78.68121442125238,17,1.7115749525616675,insects
real,insects_abrupt_balanced,adwin,78.68500948766604,12,1.7153700189753263,insects
real,insects_abrupt_balanced,adwin+half,77.57685009487668,18,0.6072106261859611,insects
real,insects_abrupt_balanced,adwin+hedge,78.55597722960151,12,1.5863377609108054,insects
real,insects_abrupt_balanced,ph,78.16888045540797,17,1.1992409867172649,insects
real,insects_abrupt_balanced,ph+half,77.52941176470588,21,0.5597722960151708,insects
real,insects_abrupt_balanced,ph+hedge,78.45540796963948,16,1.4857685009487698,insects
real,insects_abrupt_balanced,kswin,78.84629981024668,11,1.876660341555969,insects
real,insects_abrupt_balanced,kswin+half,77.6641366223909,15,0.6944971537001909,insects
real,insects_abrupt_balanced,kswin+hedge,78.68121442125236,14,1.7115749525616564,insects
real,insects_gradual_balanced,none,79.43333333333332,0,0.0,insects
real,insects_gradual_balanced,ddmM,80.3125,3,0.8791666666666753,insects
real,insects_gradual_balanced,ddm,80.3125,3,0.8791666666666753,insects
real,insects_gradual_balanced,ddm+half,79.80833333333334,10,0.3750000000000142,insects
real,insects_gradual_balanced,ddm+hedge,80.10416666666667,3,0.6708333333333427,insects
real,insects_gradual_balanced,eddm,79.97083333333333,5,0.537500000000013,insects
real,insects_gradual_balanced,eddm+half,79.73750000000001,42,0.3041666666666831,insects
real,insects_gradual_balanced,eddm+hedge,79.88333333333334,18,0.45000000000001705,insects
real,insects_gradual_balanced,fhddm,80.06666666666666,8,0.6333333333333413,insects
real,insects_gradual_balanced,fhddm+half,79.79583333333333,7,0.36250000000001004,insects
real,insects_gradual_balanced,fhddm+hedge,80.06666666666666,7,0.6333333333333413,insects
real,insects_gradual_balanced,hddma,80.78333333333333,4,1.3500000000000068,insects
real,insects_gradual_balanced,hddma+half,79.64583333333333,4,0.21250000000000435,insects
real,insects_gradual_balanced,hddma+hedge,80.57916666666665,5,1.1458333333333348,insects
real,insects_gradual_balanced,hddmw,80.67083333333333,9,1.2375000000000136,insects
real,insects_gradual_balanced,hddmw+half,79.69583333333333,7,0.26249999999999885,insects
real,insects_gradual_balanced,hddmw+hedge,80.69166666666666,10,1.258333333333339,insects
real,insects_gradual_balanced,adwin,80.80833333333334,7,1.375000000000015,insects
real,insects_gradual_balanced,adwin+half,79.80416666666666,8,0.37083333333334245,insects
real,insects_gradual_balanced,adwin+hedge,80.70416666666667,7,1.2708333333333433,insects
real,insects_gradual_balanced,ph,80.05416666666666,6,0.6208333333333371,insects
real,insects_gradual_balanced,ph+half,79.7875,9,0.3541666666666776,insects
real,insects_gradual_balanced,ph+hedge,80.25,8,0.8166666666666766,insects
real,insects_gradual_balanced,kswin,80.78333333333333,4,1.3500000000000068,insects
real,insects_gradual_balanced,kswin+half,79.71249999999999,6,0.2791666666666748,insects
real,insects_gradual_balanced,kswin+hedge,80.62916666666666,5,1.1958333333333404,insects
real,insects_incremental_balanced,none,67.86643233743409,0,0.0,insects
real,insects_incremental_balanced,ddmM,67.8488576449912,2,-0.017574692442889894,insects
real,insects_incremental_balanced,ddm,67.8488576449912,2,-0.017574692442889894,insects
real,insects_incremental_balanced,ddm+half,67.84534270650263,2,-0.02108963093145899,insects
real,insects_incremental_balanced,ddm+hedge,67.92794376098418,2,0.061511423550086874,insects
real,insects_incremental_balanced,eddm,67.40421792618628,30,-0.4622144112478077,insects
real,insects_incremental_balanced,eddm+half,67.77680140597539,33,-0.08963093145869516,insects
real,insects_incremental_balanced,eddm+hedge,67.88752196836555,12,0.02108963093145899,insects
real,insects_incremental_balanced,fhddm,67.4463971880492,12,-0.4200351493848897,insects
real,insects_incremental_balanced,fhddm+half,67.84358523725834,9,-0.02284710017574909,insects
real,insects_incremental_balanced,fhddm+hedge,67.81370826010546,11,-0.052724077328636376,insects
real,insects_incremental_balanced,hddma,67.79613356766257,1,-0.07029876977152627,insects
real,insects_incremental_balanced,hddma+half,67.84007029876977,1,-0.026362038664318188,insects
real,insects_incremental_balanced,hddma+hedge,67.85061511423551,1,-0.01581722319857759,insects
real,insects_incremental_balanced,hddmw,67.3128295254833,21,-0.553602811950793,insects
real,insects_incremental_balanced,hddmw+half,67.73286467486818,19,-0.13356766256590324,insects
real,insects_incremental_balanced,hddmw+hedge,67.88927943760984,23,0.02284710017574909,insects
real,insects_incremental_balanced,adwin,67.68892794376097,4,-0.17750439367311133,insects
real,insects_incremental_balanced,adwin+half,67.85940246045695,3,-0.007029876977149296,insects
real,insects_incremental_balanced,adwin+hedge,67.84358523725834,3,-0.02284710017574909,insects
real,insects_incremental_balanced,ph,67.57820738137083,11,-0.2882249560632655,insects
real,insects_incremental_balanced,ph+half,67.78383128295255,9,-0.08260105448154587,insects
real,insects_incremental_balanced,ph+hedge,67.84710017574692,9,-0.01933216168716889,insects
real,insects_incremental_balanced,kswin,67.58523725834797,9,-0.2811950790861162,insects
real,insects_incremental_balanced,kswin+half,67.78734622144113,8,-0.07908611599296567,insects
real,insects_incremental_balanced,kswin+hedge,67.87697715289983,8,0.010544815465740598,insects
real,insects_incremental_reoccurring_balanced,none,79.3609022556391,0,0.0,insects
real,insects_incremental_reoccurring_balanced,ddmM,80.36842105263158,12,1.0075187969924682,insects
real,insects_incremental_reoccurring_balanced,ddm,80.36842105263158,12,1.0075187969924682,insects
real,insects_incremental_reoccurring_balanced,ddm+half,79.67919799498748,12,0.3182957393483621,insects
real,insects_incremental_reoccurring_balanced,ddm+hedge,80.47243107769422,15,1.111528822055119,insects
real,insects_incremental_reoccurring_balanced,eddm,79.42355889724311,70,0.06265664160399753,insects
real,insects_incremental_reoccurring_balanced,eddm+half,79.67418546365914,93,0.31328320802003207,insects
real,insects_incremental_reoccurring_balanced,eddm+hedge,79.72681704260653,103,0.365914786967414,insects
real,insects_incremental_reoccurring_balanced,fhddm,79.89849624060152,19,0.5375939849624034,insects
real,insects_incremental_reoccurring_balanced,fhddm+half,79.83208020050124,18,0.4711779448621334,insects
real,insects_incremental_reoccurring_balanced,fhddm+hedge,79.9172932330827,19,0.5563909774435993,insects
real,insects_incremental_reoccurring_balanced,hddma,81.02005012531329,15,1.6591478696741824,insects
real,insects_incremental_reoccurring_balanced,hddma+half,79.78070175438597,14,0.4197994987468645,insects
real,insects_incremental_reoccurring_balanced,hddma+hedge,80.97744360902256,15,1.6165413533834494,insects
real,insects_incremental_reoccurring_balanced,hddmw,81.03634085213034,23,1.67543859649123,insects
real,insects_incremental_reoccurring_balanced,hddmw+half,79.81328320802005,24,0.45238095238094855,insects
real,insects_incremental_reoccurring_balanced,hddmw+hedge,81.0325814536341,25,1.6716791979949908,insects
real,insects_incremental_reoccurring_balanced,adwin,81.06140350877193,19,1.7005012531328245,insects
real,insects_incremental_reoccurring_balanced,adwin+half,79.86591478696742,25,0.5050125313283194,insects
real,insects_incremental_reoccurring_balanced,adwin+hedge,81.02130325814537,20,1.660401002506251,insects
real,insects_incremental_reoccurring_balanced,ph,80.6967418546366,23,1.3358395989974903,insects
real,insects_incremental_reoccurring_balanced,ph+half,79.86967418546365,26,0.5087719298245474,insects
real,insects_incremental_reoccurring_balanced,ph+hedge,80.6766917293233,23,1.3157894736841924,insects
real,insects_incremental_reoccurring_balanced,kswin,80.8032581453634,14,1.4423558897242894,insects
real,insects_incremental_reoccurring_balanced,kswin+half,79.8734335839599,15,0.5125313283207866,insects
real,insects_incremental_reoccurring_balanced,kswin+hedge,80.703007518797,13,1.3421052631578778,insects
real,gas,none,89.76086956521738,0,0.0,gas
real,gas,ddmM,84.76086956521739,43,-4.999999999999993,gas
real,gas,ddm,84.76086956521739,43,-4.999999999999993,gas
real,gas,ddm+half,87.3840579710145,41,-2.376811594202888,gas
real,gas,ddm+hedge,87.2536231884058,41,-2.5072463768115894,gas
real,gas,eddm,83.50000000000001,37,-6.260869565217375,gas
real,gas,eddm+half,87.92028985507247,26,-1.8405797101449184,gas
real,gas,eddm+hedge,88.46376811594202,25,-1.2971014492753619,gas
real,gas,fhddm,83.92753623188406,24,-5.833333333333323,gas
real,gas,fhddm+half,89.23188405797102,18,-0.5289855072463712,gas
real,gas,fhddm+hedge,87.18115942028986,21,-2.5797101449275273,gas
real,gas,hddma,84.03623188405798,44,-5.724637681159406,gas
real,gas,hddma+half,87.55072463768116,37,-2.2101449275362284,gas
real,gas,hddma+hedge,87.82608695652173,34,-1.934782608695651,gas
real,gas,hddmw,84.28985507246377,37,-5.471014492753623,gas
real,gas,hddmw+half,87.87681159420289,30,-1.8840579710144856,gas
real,gas,hddmw+hedge,88.30434782608695,28,-1.4565217391304341,gas
real,gas,adwin,83.59420289855073,38,-6.166666666666654,gas
real,gas,adwin+half,87.81884057971016,32,-1.942028985507227,gas
real,gas,adwin+hedge,87.5942028985507,32,-2.1666666666666723,gas
real,gas,ph,85.54347826086956,16,-4.217391304347817,gas
real,gas,ph+half,89.73188405797102,11,-0.028985507246370723,gas
real,gas,ph+hedge,89.49275362318839,11,-0.26811594202899025,gas
real,gas,kswin,83.9855072463768,37,-5.775362318840582,gas
real,gas,kswin+half,87.84057971014492,33,-1.9202898550724656,gas
real,gas,kswin+hedge,88.2391304347826,31,-1.521739130434785,gas
real,occupancy,none,96.43137254901963,0,0.0,occupancy
real,occupancy,ddmM,93.91666666666667,28,-2.5147058823529522,occupancy
real,occupancy,ddm,93.91666666666667,28,-2.5147058823529522,occupancy
real,occupancy,ddm+half,95.81862745098042,34,-0.6127450980392135,occupancy
real,occupancy,ddm+hedge,95.59313725490196,36,-0.8382352941176618,occupancy
real,occupancy,eddm,93.97058823529413,19,-2.4607843137254948,occupancy
real,occupancy,eddm+half,96.43627450980392,12,0.004901960784298165,occupancy
real,occupancy,eddm+hedge,96.04411764705883,13,-0.3872549019607985,occupancy
real,occupancy,fhddm,93.19607843137256,18,-3.2352941176470695,occupancy
real,occupancy,fhddm+half,95.9313725490196,12,-0.5000000000000226,occupancy
real,occupancy,fhddm+hedge,94.77941176470588,15,-1.651960784313733,occupancy
real,occupancy,hddma,94.32843137254903,28,-2.1029411764705963,occupancy
real,occupancy,hddma+half,96.15686274509802,21,-0.2745098039215965,occupancy
real,occupancy,hddma+hedge,96.37745098039217,20,-0.05392156862745745,occupancy
real,occupancy,hddmw,93.85294117647058,23,-2.5784313725490393,occupancy
real,occupancy,hddmw+half,96.43137254901963,15,0.0,occupancy
real,occupancy,hddmw+hedge,96.06372549019608,15,-0.3676470588235503,occupancy
real,occupancy,adwin,94.17156862745098,23,-2.259803921568637,occupancy
real,occupancy,adwin+half,96.33823529411765,17,-0.093137254901976,occupancy
real,occupancy,adwin+hedge,96.04411764705883,15,-0.3872549019607985,occupancy
real,occupancy,ph,94.52450980392157,14,-1.906862745098048,occupancy
real,occupancy,ph+half,96.40196078431373,7,-0.029411764705900012,occupancy
real,occupancy,ph+hedge,95.93627450980392,12,-0.4950980392157023,occupancy
real,occupancy,kswin,93.18627450980392,26,-3.245098039215699,occupancy
real,occupancy,kswin+half,96.43627450980394,15,0.004901960784309267,occupancy
real,occupancy,kswin+hedge,96.20098039215686,14,-0.2303921568627576,occupancy
real,room,none,94.86,0,0.0,room
real,room,ddmM,92.86,18,-2.0000000000000018,room
real,room,ddm,92.86,18,-2.0000000000000018,room
real,room,ddm+half,95.69999999999999,18,0.8399999999999852,room
real,room,ddm+hedge,93.47,18,-1.3900000000000023,room
real,room,eddm,93.32,11,-1.540000000000008,room
real,room,eddm+half,95.72999999999999,8,0.869999999999993,room
real,room,eddm+hedge,93.83,10,-1.0299999999999976,room
real,room,fhddm,93.62,5,-1.2399999999999967,room
real,room,fhddm+half,95.22999999999999,3,0.36999999999999256,room
real,room,fhddm+hedge,94.13000000000001,5,-0.7299999999999862,room
real,room,hddma,92.86,17,-2.0000000000000018,room
real,room,hddma+half,95.72999999999999,13,0.869999999999993,room
real,room,hddma+hedge,93.47,16,-1.3900000000000023,room
real,room,hddmw,93.28999999999999,13,-1.5700000000000047,room
real,room,hddmw+half,95.72999999999999,9,0.869999999999993,room
real,room,hddmw+hedge,93.85,12,-1.010000000000011,room
real,room,adwin,93.3,11,-1.5600000000000058,room
real,room,adwin+half,95.69,8,0.8299999999999974,room
real,room,adwin+hedge,93.84,10,-1.0199999999999987,room
real,room,ph,94.02,7,-0.8400000000000074,room
real,room,ph+half,95.66,6,0.8000000000000007,room
real,room,ph+hedge,94.62,6,-0.23999999999999577,room
real,room,kswin,93.3,13,-1.5600000000000058,room
real,room,kswin+half,95.72999999999999,9,0.869999999999993,room
real,room,kswin+hedge,93.46000000000001,13,-1.3999999999999901,room
real,bank,none,89.93414634146342,0,0.0,bank
real,bank,ddmM,89.87560975609756,23,-0.05853658536585371,bank
real,bank,ddm,89.87560975609756,23,-0.05853658536585371,bank
real,bank,ddm+half,89.95365853658537,9,0.019512195121951237,bank
real,bank,ddm+hedge,89.95609756097562,10,0.021951219512206244,bank
real,bank,eddm,89.39268292682927,83,-0.5414634146341468,bank
real,bank,eddm+half,89.89999999999999,77,-0.03414634146342577,bank
real,bank,eddm+hedge,89.74634146341462,74,-0.18780487804879176,bank
real,bank,fhddm,89.84634146341463,6,-0.08780487804878057,bank
real,bank,fhddm+half,89.91707317073171,6,-0.017073170731707332,bank
real,bank,fhddm+hedge,89.90487804878049,6,-0.029268292682926855,bank
real,bank,hddma,89.84146341463415,6,-0.09268292682926838,bank
real,bank,hddma+half,89.90731707317073,6,-0.02682926829268295,bank
real,bank,hddma+hedge,89.91463414634146,5,-0.01951219512196234,bank
real,bank,hddmw,89.82926829268293,8,-0.1048780487804879,bank
real,bank,hddmw+half,89.92439024390244,8,-0.009756097560975618,bank
real,bank,hddmw+hedge,89.88048780487804,9,-0.0536585365853659,bank
real,bank,adwin,89.83658536585365,10,-0.09756097560976729,bank
real,bank,adwin+half,89.91951219512195,10,-0.014634146341463428,bank
real,bank,adwin+hedge,89.9560975609756,9,0.02195121951219514,bank
real,bank,ph,89.87560975609756,11,-0.05853658536585371,bank
real,bank,ph+half,89.90975609756097,10,-0.024390243902439046,bank
real,bank,ph+hedge,89.91463414634146,12,-0.01951219512196234,bank
real,bank,kswin,89.8658536585366,6,-0.06829268292682933,bank
real,bank,kswin+half,89.89999999999999,5,-0.03414634146342577,bank
real,bank,kswin+hedge,89.90243902439025,5,-0.03170731707317076,bank
real,kdd,none,98.93693693693693,0,0.0,kdd
real,kdd,ddmM,98.62962962962962,56,-0.30730730730731404,kdd
real,kdd,ddm,98.63363363363364,55,-0.3033033033033039,kdd
real,kdd,ddm+half,98.8958958958959,53,-0.041041041041034454,kdd
real,kdd,ddm+hedge,98.88388388388387,51,-0.05305305305306485,kdd
real,kdd,eddm,98.74074074074075,23,-0.19619619619618556,kdd
real,kdd,eddm+half,98.88888888888889,21,-0.04804804804805496,kdd
real,kdd,eddm+hedge,98.88688688688688,21,-0.05005005005005447,kdd
real,kdd,fhddm,98.62262262262263,19,-0.31431431431431234,kdd
real,kdd,fhddm+half,98.8938938938939,14,-0.04304304304303397,kdd
real,kdd,fhddm+hedge,98.6896896896897,19,-0.2472472472472398,kdd
real,kdd,hddma,98.74674674674675,35,-0.19019019019018701,kdd
real,kdd,hddma+half,98.8958958958959,32,-0.041041041041034454,kdd
real,kdd,hddma+hedge,98.8998998998999,33,-0.037037037037035425,kdd
real,kdd,hddmw,98.73873873873875,30,-0.19819819819819617,kdd
real,kdd,hddmw+half,98.8958958958959,26,-0.041041041041034454,kdd
real,kdd,hddmw+hedge,98.8988988988989,26,-0.03803803803803518,kdd
real,kdd,adwin,98.74974974974975,34,-0.18718718718718774,kdd
real,kdd,adwin+half,98.8958958958959,30,-0.041041041041034454,kdd
real,kdd,adwin+hedge,98.8988988988989,31,-0.03803803803803518,kdd
real,kdd,ph,98.93793793793793,11,0.0010010010009997572,kdd
real,kdd,ph+half,98.93993993993993,11,0.0030030030029992716,kdd
real,kdd,ph+hedge,98.94794794794794,11,0.011011011011008431,kdd
real,kdd,kswin,98.74174174174175,27,-0.1951951951951858,kdd
real,kdd,kswin+half,98.8958958958959,25,-0.041041041041034454,kdd
real,kdd,kswin+hedge,98.8988988988989,25,-0.03803803803803518,kdd
real,eeg,none,83.38513513513513,0,0.0,eeg
real,eeg,ddmM,88.95945945945945,32,5.57432432432432,eeg
real,eeg,ddm,88.95945945945945,32,5.57432432432432,eeg
real,eeg,ddm+half,84.56081081081082,67,1.1756756756756803,eeg
real,eeg,ddm+hedge,88.76351351351352,34,5.378378378378379,eeg
real,eeg,eddm,88.67567567567566,25,5.290540540540523,eeg
real,eeg,eddm+half,83.52027027027027,38,0.13513513513513375,eeg
real,eeg,eddm+hedge,88.53378378378378,25,5.148648648648646,eeg
real,eeg,fhddm,86.13513513513514,17,2.750000000000008,eeg
real,eeg,fhddm+half,84.0945945945946,19,0.7094594594594605,eeg
real,eeg,fhddm+hedge,86.45945945945947,17,3.074324324324329,eeg
real,eeg,hddma,88.80405405405406,32,5.418918918918925,eeg
real,eeg,hddma+half,83.85810810810811,52,0.4729729729729737,eeg
real,eeg,hddma+hedge,88.49324324324324,33,5.1081081081081114,eeg
real,eeg,hddmw,88.12837837837839,27,4.743243243243245,eeg
real,eeg,hddmw+half,83.68243243243244,40,0.29729729729729426,eeg
real,eeg,hddmw+hedge,88.10810810810811,28,4.722972972972972,eeg
real,eeg,adwin,87.91216216216216,28,4.527027027027031,eeg
real,eeg,adwin+half,84.11486486486487,32,0.7297297297297334,eeg
real,eeg,adwin+hedge,87.62162162162163,28,4.23648648648649,eeg
real,eeg,ph,88.75,19,5.36486486486486,eeg
real,eeg,ph+half,83.85810810810811,23,0.4729729729729737,eeg
real,eeg,ph+hedge,88.26351351351352,18,4.878378378378379,eeg
real,eeg,kswin,87.96621621621622,30,4.581081081081084,eeg
real,eeg,kswin+half,84.02027027027027,36,0.6351351351351342,eeg
real,eeg,kswin+hedge,87.36486486486487,28,3.979729729729742,eeg
real,news,none,66.41772151898735,0,0.0,news
real,news,ddmM,66.41772151898735,0,0.0,news
real,news,ddm,66.41772151898735,0,0.0,news
real,news,ddm+half,66.41772151898735,0,0.0,news
real,news,ddm+hedge,66.41772151898735,0,0.0,news
real,news,eddm,66.41772151898735,0,0.0,news
real,news,eddm+half,66.41772151898735,0,0.0,news
real,news,eddm+hedge,66.41772151898735,0,0.0,news
real,news,fhddm,65.90126582278482,15,-0.5164556962025335,news
real,news,fhddm+half,66.2987341772152,15,-0.11898734177215875,news
real,news,fhddm+hedge,66.31898734177216,14,-0.09873417721518729,news
real,news,hddma,66.41772151898735,0,0.0,news
real,news,hddma+half,66.41772151898735,0,0.0,news
real,news,hddma+hedge,66.41772151898735,0,0.0,news
real,news,hddmw,65.10126582278481,26,-1.3164556962025453,news
real,news,hddmw+half,66.12911392405063,33,-0.2886075949367184,news
real,news,hddmw+hedge,66.2987341772152,29,-0.11898734177215875,news
real,news,adwin,66.33417721518987,2,-0.08354430379747813,news
real,news,adwin+half,66.36962025316457,3,-0.0481012658227864,news
real,news,adwin+hedge,66.39746835443037,2,-0.02025316455697146,news
real,news,ph,65.90886075949368,9,-0.5088607594936678,news
real,news,ph+half,66.42784810126582,6,0.010126582278469076,news
real,news,ph+hedge,66.37974683544303,7,-0.03797468354431732,news
real,news,kswin,66.10632911392406,9,-0.31139240506329324,news
real,news,kswin+half,66.39240506329114,9,-0.02531645569621155,news
real,news,kswin+hedge,66.35189873417723,8,-0.06582278481012116,news
real,home,none,97.63863863863864,0,0.0,home
real,home,ddmM,98.47147147147147,33,0.8328328328328305,home
real,home,ddm,98.47147147147147,33,0.8328328328328305,home
real,home,ddm+half,97.92292292292292,45,0.2842842842842863,home
real,home,ddm+hedge,98.4064064064064,33,0.7677677677677575,home
real,home,eddm,98.37737737737737,23,0.7387387387387312,home
real,home,eddm+half,97.8028028028028,30,0.16416416416416002,home
real,home,eddm+hedge,98.33633633633634,24,0.6976976976977078,home
real,home,fhddm,98.26226226226227,19,0.6236236236236259,home
real,home,fhddm+half,97.86886886886887,24,0.2302302302302328,home
real,home,fhddm+hedge,98.26226226226227,19,0.6236236236236259,home
real,home,hddma,98.53253253253254,28,0.8938938938938934,home
real,home,hddma+half,97.92992992992993,41,0.2912912912912846,home
real,home,hddma+hedge,98.42542542542543,28,0.7867867867867862,home
real,home,hddmw,98.47547547547548,27,0.8368368368368295,home
real,home,hddmw+half,97.8948948948949,36,0.2562562562562598,home
real,home,hddmw+hedge,98.42642642642643,27,0.7877877877877859,home
real,home,adwin,98.47047047047047,27,0.8318318318318307,home
real,home,adwin+half,97.8098098098098,35,0.17117117117116942,home
real,home,adwin+hedge,98.42642642642643,27,0.7877877877877859,home
real,home,ph,98.23123123123123,19,0.592592592592589,home
real,home,ph+half,97.88388388388388,24,0.24524524524524027,home
real,home,ph+hedge,98.24624624624624,20,0.6076076076076076,home
real,home,kswin,98.4064064064064,27,0.7677677677677686,home
real,home,kswin+half,97.83283283283284,32,0.19419419419419715,home
real,home,kswin+hedge,98.35735735735734,27,0.7187187187187027,home
real,wall,none,92.90566037735849,0,0.0,wall
real,wall,ddmM,89.9245283018868,2,-2.981132075471693,wall
real,wall,ddm,89.9245283018868,2,-2.981132075471693,wall
real,wall,ddm+half,81.64150943396226,34,-11.264150943396235,wall
real,wall,ddm+hedge,91.81132075471699,16,-1.0943396226415048,wall
real,wall,eddm,61.33962264150943,39,-31.56603773584906,wall
real,wall,eddm+half,86.33962264150946,15,-6.5660377358490285,wall
real,wall,eddm+hedge,92.67924528301886,8,-0.22641509433962703,wall
real,wall,fhddm,90.62264150943396,2,-2.2830188679245245,wall
real,wall,fhddm+half,91.90566037735849,3,-1.0000000000000009,wall
real,wall,fhddm+hedge,92.62264150943396,3,-0.2830188679245338,wall
real,wall,hddma,59.43396226415094,41,-33.47169811320755,wall
real,wall,hddma+half,83.22641509433963,27,-9.679245283018856,wall
real,wall,hddma+hedge,92.77358490566037,17,-0.13207547169811207,wall
real,wall,hddmw,62.0566037735849,30,-30.849056603773594,wall
real,wall,hddmw+half,88.49056603773585,8,-4.415094339622638,wall
real,wall,hddmw+hedge,92.60377358490565,5,-0.30188679245283234,wall
real,wall,adwin,74.0943396226415,12,-18.811320754716988,wall
real,wall,adwin+half,91.0,5,-1.9056603773584868,wall
real,wall,adwin+hedge,92.88679245283018,3,-0.018867924528309654,wall
real,wall,ph,78.79245283018868,6,-14.113207547169804,wall
real,wall,ph+half,87.73584905660378,5,-5.169811320754702,wall
real,wall,ph+hedge,92.7924528301887,1,-0.11320754716980241,wall
real,wall,kswin,69.8867924528302,21,-23.018867924528287,wall
real,wall,kswin+half,91.9622641509434,5,-0.9433962264150941,wall
real,wall,kswin+hedge,92.79245283018868,6,-0.11320754716981352,wall
real,chest,none,97.02502502502503,0,0.0,chest
real,chest,ddmM,99.02502502502503,9,2.0000000000000018,chest
real,chest,ddm,99.02502502502503,9,2.0000000000000018,chest
real,chest,ddm+half,97.68368368368368,17,0.6586586586586618,chest
real,chest,ddm+hedge,98.78378378378379,9,1.7587587587587605,chest
real,chest,eddm,99.1121121121121,10,2.0870870870870806,chest
real,chest,eddm+half,97.79079079079078,17,0.7657657657657579,chest
real,chest,eddm+hedge,99.01301301301302,11,1.9879879879879936,chest
real,chest,fhddm,97.68368368368368,8,0.6586586586586507,chest
real,chest,fhddm+half,97.34634634634635,11,0.32132132132132174,chest
real,chest,fhddm+hedge,97.68368368368368,8,0.6586586586586507,chest
real,chest,hddma,99.003003003003,10,1.9779779779779738,chest
real,chest,hddma+half,97.61561561561562,12,0.5905905905906006,chest
real,chest,hddma+hedge,98.76276276276276,10,1.7377377377377323,chest
real,chest,hddmw,99.04004004004004,12,2.0150150150150092,chest
real,chest,hddmw+half,97.67267267267268,16,0.6476476476476534,chest
real,chest,hddmw+hedge,98.7987987987988,11,1.773773773773779,chest
real,chest,adwin,99.07807807807806,12,2.0530530530530444,chest
real,chest,adwin+half,97.68868868868869,19,0.6636636636636606,chest
real,chest,adwin+hedge,98.96696696696698,12,1.9419419419419492,chest
real,chest,ph,99.08608608608608,10,2.0610610610610536,chest
real,chest,ph+half,97.66966966966967,16,0.644644644644643,chest
real,chest,ph+hedge,98.996996996997,10,1.9719719719719753,chest
real,chest,kswin,99.05205205205205,12,2.0270270270270285,chest
real,chest,kswin+half,97.69569569569569,20,0.67067067067067,chest
real,chest,kswin+hedge,98.94094094094093,13,1.9159159159159111,chest
syn,agrawal_s10,none,86.25523012552303,0,0.0,agrawal
syn,agrawal_s10,ddmM,96.28033472803348,15,10.02510460251045,agrawal
syn,agrawal_s10,ddm,96.28033472803348,15,10.02510460251045,agrawal
syn,agrawal_s10,ddm+half,88.38912133891215,11,2.1338912133891164,agrawal
syn,agrawal_s10,ddm+hedge,95.93305439330545,11,9.67782426778242,agrawal
syn,agrawal_s10,eddm,96.23012552301256,13,9.974895397489526,agrawal
syn,agrawal_s10,eddm+half,91.51046025104603,31,5.255230125523003,agrawal
syn,agrawal_s10,eddm+hedge,95.89958158995815,13,9.644351464435118,agrawal
syn,agrawal_s10,fhddm,86.18410041841005,11,-0.07112970711298239,agrawal
syn,agrawal_s10,fhddm+half,86.82426778242679,11,0.5690376569037592,agrawal
syn,agrawal_s10,fhddm+hedge,86.47698744769875,11,0.22175732217571964,agrawal
syn,agrawal_s10,hddma,96.42259414225941,11,10.16736401673638,agrawal
syn,agrawal_s10,hddma+half,88.22175732217575,11,1.966527196652712,agrawal
syn,agrawal_s10,hddma+hedge,95.93305439330545,11,9.67782426778242,agrawal
syn,agrawal_s10,hddmw,96.42259414225941,11,10.16736401673638,agrawal
syn,agrawal_s10,hddmw+half,88.22175732217575,11,1.966527196652712,agrawal
syn,agrawal_s10,hddmw+hedge,95.93305439330545,11,9.67782426778242,agrawal
syn,agrawal_s10,adwin,96.05857740585775,14,9.803347280334718,agrawal
syn,agrawal_s10,adwin+half,88.51046025104603,22,2.255230125523,agrawal
syn,agrawal_s10,adwin+hedge,95.78242677824268,19,9.527196652719649,agrawal
syn,agrawal_s10,ph,94.54811715481173,13,8.292887029288698,agrawal
syn,agrawal_s10,ph+half,89.80334728033473,22,3.548117154811703,agrawal
syn,agrawal_s10,ph+hedge,94.56903765690376,14,8.313807531380723,agrawal
syn,agrawal_s10,kswin,95.4560669456067,11,9.200836820083659,agrawal
syn,agrawal_s10,kswin+half,88.39330543933053,15,2.138075313807508,agrawal
syn,agrawal_s10,kswin+hedge,94.98744769874477,12,8.732217573221746,agrawal
syn,agrawal_s11,none,86.14644351464436,0,0.0,agrawal
syn,agrawal_s11,ddmM,96.23430962343096,16,10.087866108786592,agrawal
syn,agrawal_s11,ddm,96.23430962343096,16,10.087866108786592,agrawal
syn,agrawal_s11,ddm+half,88.18410041841005,11,2.0376569037656833,agrawal
syn,agrawal_s11,ddm+hedge,95.94979079497908,12,9.803347280334718,agrawal
syn,agrawal_s11,eddm,96.4560669456067,11,10.309623430962333,agrawal
syn,agrawal_s11,eddm+half,91.01255230125524,29,4.866108786610878,agrawal
syn,agrawal_s11,eddm+hedge,95.70711297071131,14,9.56066945606694,agrawal
syn,agrawal_s11,fhddm,86.0418410041841,11,-0.10460251046026103,agrawal
syn,agrawal_s11,fhddm+half,86.59832635983264,11,0.45188284518827837,agrawal
syn,agrawal_s11,fhddm+hedge,86.31380753138076,11,0.16736401673639323,agrawal
syn,agrawal_s11,hddma,96.4560669456067,11,10.309623430962333,agrawal
syn,agrawal_s11,hddma+half,88.18410041841005,11,2.0376569037656833,agrawal
syn,agrawal_s11,hddma+hedge,96.01255230125524,11,9.866108786610873,agrawal
syn,agrawal_s11,hddmw,96.4560669456067,11,10.309623430962333,agrawal
syn,agrawal_s11,hddmw+half,88.56903765690377,12,2.4225941422594044,agrawal
syn,agrawal_s11,hddmw+hedge,96.01255230125524,11,9.866108786610873,agrawal
syn,agrawal_s11,adwin,96.27196652719665,13,10.125523012552284,agrawal
syn,agrawal_s11,adwin+half,88.40167364016737,22,2.255230125523011,agrawal
syn,agrawal_s11,adwin+hedge,95.71129707112972,21,9.564853556485353,agrawal
syn,agrawal_s11,ph,94.7112970711297,13,8.56485355648534,agrawal
syn,agrawal_s11,ph+half,89.21757322175733,22,3.071129707112963,agrawal
syn,agrawal_s11,ph+hedge,94.4602510460251,14,8.313807531380736,agrawal
syn,agrawal_s11,kswin,94.53974895397491,9,8.393305439330534,agrawal
syn,agrawal_s11,kswin+half,88.2092050209205,11,2.062761506276145,agrawal
syn,agrawal_s11,kswin+hedge,94.19665271966528,9,8.05020920502091,agrawal
syn,agrawal_s12,none,86.2803347280335,0,0.0,agrawal
syn,agrawal_s12,ddmM,96.15481171548117,16,9.874476987447679,agrawal
syn,agrawal_s12,ddm,96.15481171548117,16,9.874476987447679,agrawal
syn,agrawal_s12,ddm+half,88.52301255230127,13,2.242677824267769,agrawal
syn,agrawal_s12,ddm+hedge,95.73640167364017,13,9.456066945606679,agrawal
syn,agrawal_s12,eddm,96.17991631799163,12,9.899581589958139,agrawal
syn,agrawal_s12,eddm+half,90.55230125523013,24,4.271966527196636,agrawal
syn,agrawal_s12,eddm+hedge,95.70292887029288,12,9.422594142259388,agrawal
syn,agrawal_s12,fhddm,86.20502092050211,11,-0.07531380753138528,agrawal
syn,agrawal_s12,fhddm+half,86.9623430962343,11,0.6820083682008149,agrawal
syn,agrawal_s12,fhddm+hedge,86.5899581589958,11,0.3096234309623136,agrawal
syn,agrawal_s12,hddma,96.30962343096235,11,10.029288702928852,agrawal
syn,agrawal_s12,hddma+half,88.30962343096235,11,2.0292887029288553,agrawal
syn,agrawal_s12,hddma+hedge,95.73640167364017,11,9.456066945606679,agrawal
syn,agrawal_s12,hddmw,96.30962343096235,11,10.029288702928852,agrawal
syn,agrawal_s12,hddmw+half,88.50627615062763,12,2.2259414225941354,agrawal
syn,agrawal_s12,hddmw+hedge,95.73640167364017,11,9.456066945606679,agrawal
syn,agrawal_s12,adwin,96.14644351464436,13,9.866108786610873,agrawal
syn,agrawal_s12,adwin+half,88.46861924686192,22,2.1882845188284317,agrawal
syn,agrawal_s12,adwin+hedge,95.39748953974896,21,9.117154811715466,agrawal
syn,agrawal_s12,ph,95.19665271966528,11,8.916317991631784,agrawal
syn,agrawal_s12,ph+half,89.17154811715481,22,2.8912133891213165,agrawal
syn,agrawal_s12,ph+hedge,94.3682008368201,16,8.087866108786601,agrawal
syn,agrawal_s12,kswin,96.30962343096235,11,10.029288702928852,agrawal
syn,agrawal_s12,kswin+half,88.6234309623431,13,2.343096234309605,agrawal
syn,agrawal_s12,kswin+hedge,95.70711297071131,12,9.426778242677813,agrawal
syn,agrawal_s13,none,86.19246861924687,0,0.0,agrawal
syn,agrawal_s13,ddmM,96.20920502092049,13,10.016736401673631,agrawal
syn,agrawal_s13,ddm,96.20920502092049,13,10.016736401673631,agrawal
syn,agrawal_s13,ddm+half,88.76150627615064,14,2.569037656903772,agrawal
syn,agrawal_s13,ddm+hedge,95.68619246861925,14,9.493723849372381,agrawal
syn,agrawal_s13,eddm,96.3347280334728,11,10.14225941422594,agrawal
syn,agrawal_s13,eddm+half,91.13807531380753,28,4.9456066945606665,agrawal
syn,agrawal_s13,eddm+hedge,95.58995815899584,14,9.397489539748971,agrawal
syn,agrawal_s13,fhddm,86.07112970711297,11,-0.1213389121338948,agrawal
syn,agrawal_s13,fhddm+half,86.62343096234311,11,0.4309623430962417,agrawal
syn,agrawal_s13,fhddm+hedge,86.34728033472804,11,0.15481171548117345,agrawal
syn,agrawal_s13,hddma,96.3347280334728,11,10.14225941422594,agrawal
syn,agrawal_s13,hddma+half,88.29707112970712,12,2.104602510460263,agrawal
syn,agrawal_s13,hddma+hedge,95.86192468619248,11,9.669456066945614,agrawal
syn,agrawal_s13,hddmw,96.3347280334728,11,10.14225941422594,agrawal
syn,agrawal_s13,hddmw+half,88.16317991631799,11,1.970711297071126,agrawal
syn,agrawal_s13,hddmw+hedge,95.86192468619248,11,9.669456066945614,agrawal
syn,agrawal_s13,adwin,96.10041841004184,13,9.907949790794978,agrawal
syn,agrawal_s13,adwin+half,88.42677824267784,22,2.2343096234309745,agrawal
syn,agrawal_s13,adwin+hedge,95.6652719665272,20,9.472803347280333,agrawal
syn,agrawal_s13,ph,94.6987447698745,14,8.506276150627624,agrawal
syn,agrawal_s13,ph+half,89.13807531380755,22,2.9456066945606763,agrawal
syn,agrawal_s13,ph+hedge,95.02092050209204,17,8.82845188284518,agrawal
syn,agrawal_s13,kswin,95.43933054393307,10,9.2468619246862,agrawal
syn,agrawal_s13,kswin+half,88.10041841004185,11,1.9079497907949827,agrawal
syn,agrawal_s13,kswin+hedge,94.98744769874479,10,8.794979079497923,agrawal
syn,agrawal_s14,none,86.05439330543933,0,0.0,agrawal
syn,agrawal_s14,ddmM,96.1297071129707,19,10.075313807531373,agrawal
syn,agrawal_s14,ddm,96.16736401673641,17,10.112970711297075,agrawal
syn,agrawal_s14,ddm+half,88.20083682008368,12,2.1464435146443472,agrawal
syn,agrawal_s14,ddm+hedge,95.7949790794979,13,9.740585774058575,agrawal
syn,agrawal_s14,eddm,96.28033472803348,12,10.225941422594143,agrawal
syn,agrawal_s14,eddm+half,90.21757322175732,27,4.163179916317983,agrawal
syn,agrawal_s14,eddm+hedge,95.67364016736403,14,9.61924686192469,agrawal
syn,agrawal_s14,fhddm,85.90376569037656,12,-0.15062761506277056,agrawal
syn,agrawal_s14,fhddm+half,86.79916317991632,11,0.7447698744769804,agrawal
syn,agrawal_s14,fhddm+hedge,86.31799163179916,11,0.2635983263598263,agrawal
syn,agrawal_s14,hddma,96.35146443514644,11,10.297071129707103,agrawal
syn,agrawal_s14,hddma+half,88.05439330543933,11,1.9999999999999907,agrawal
syn,agrawal_s14,hddma+hedge,95.8786610878661,11,9.824267782426777,agrawal
syn,agrawal_s14,hddmw,96.35146443514644,11,10.297071129707103,agrawal
syn,agrawal_s14,hddmw+half,88.05439330543933,11,1.9999999999999907,agrawal
syn,agrawal_s14,hddmw+hedge,95.8786610878661,11,9.824267782426777,agrawal
syn,agrawal_s14,adwin,96.13807531380753,13,10.0836820083682,agrawal
syn,agrawal_s14,adwin+half,88.32217573221757,22,2.267782426778242,agrawal
syn,agrawal_s14,adwin+hedge,95.6652719665272,18,9.610878661087863,agrawal
syn,agrawal_s14,ph,94.81171548117156,12,8.757322175732218,agrawal
syn,agrawal_s14,ph+half,89.3305439330544,22,3.27615062761506,agrawal
syn,agrawal_s14,ph+hedge,94.73221757322176,15,8.67782426778243,agrawal
syn,agrawal_s14,kswin,95.4560669456067,10,9.401673640167363,agrawal
syn,agrawal_s14,kswin+half,87.89958158995816,12,1.8451882845188283,agrawal
syn,agrawal_s14,kswin+hedge,94.98326359832635,11,8.928870292887014,agrawal
syn,hyperplane_s10,none,90.24581005586595,0,0.0,hyperplane
syn,hyperplane_s10,ddmM,91.34078212290503,9,1.0949720670390906,hyperplane
syn,hyperplane_s10,ddm,91.34078212290503,9,1.0949720670390906,hyperplane
syn,hyperplane_s10,ddm+half,90.83798882681565,7,0.5921787709497139,hyperplane
syn,hyperplane_s10,ddm+hedge,91.55307262569832,10,1.3072625698323792,hyperplane
syn,hyperplane_s10,eddm,90.81005586592178,18,0.5642458100558412,hyperplane
syn,hyperplane_s10,eddm+half,91.13966480446926,28,0.8938547486033288,hyperplane
syn,hyperplane_s10,eddm+hedge,91.63128491620111,21,1.3854748603351674,hyperplane
syn,hyperplane_s10,fhddm,90.06703910614523,3,-0.17877094972070795,hyperplane
syn,hyperplane_s10,fhddm+half,90.21787709497208,3,-0.027932960893861658,hyperplane
syn,hyperplane_s10,fhddm+hedge,90.24022346368713,3,-0.005586592178807859,hyperplane
syn,hyperplane_s10,hddma,91.34078212290503,6,1.0949720670390906,hyperplane
syn,hyperplane_s10,hddma+half,90.74860335195531,5,0.5027932960893655,hyperplane
syn,hyperplane_s10,hddma+hedge,91.39664804469275,6,1.1508379888268139,hyperplane
syn,hyperplane_s10,hddmw,90.24581005586595,0,0.0,hyperplane
syn,hyperplane_s10,hddmw+half,90.24581005586595,0,0.0,hyperplane
syn,hyperplane_s10,hddmw+hedge,90.24581005586595,0,0.0,hyperplane
syn,hyperplane_s10,adwin,91.46927374301677,6,1.2234636871508275,hyperplane
syn,hyperplane_s10,adwin+half,90.75418994413407,9,0.508379888268129,hyperplane
syn,hyperplane_s10,adwin+hedge,91.40223463687151,7,1.1564245810055773,hyperplane
syn,hyperplane_s10,ph,90.44692737430168,7,0.20111731843573954,hyperplane
syn,hyperplane_s10,ph+half,90.83240223463686,6,0.5865921787709172,hyperplane
syn,hyperplane_s10,ph+hedge,90.82122905027933,6,0.5754189944133903,hyperplane
syn,hyperplane_s10,kswin,90.24581005586595,0,0.0,hyperplane
syn,hyperplane_s10,kswin+half,90.24581005586595,0,0.0,hyperplane
syn,hyperplane_s10,kswin+hedge,90.24581005586595,0,0.0,hyperplane
syn,hyperplane_s11,none,91.0558659217877,0,0.0,hyperplane
syn,hyperplane_s11,ddmM,91.87150837988827,12,0.8156424581005628,hyperplane
syn,hyperplane_s11,ddm,91.87150837988827,12,0.8156424581005628,hyperplane
syn,hyperplane_s11,ddm+half,91.12290502793293,4,0.06703910614522801,hyperplane
syn,hyperplane_s11,ddm+hedge,91.94413407821229,10,0.8882681564245765,hyperplane
syn,hyperplane_s11,eddm,91.43575418994413,19,0.3798882681564364,hyperplane
syn,hyperplane_s11,eddm+half,91.60335195530725,28,0.5474860335195397,hyperplane
syn,hyperplane_s11,eddm+hedge,92.4189944134078,19,1.3631284916200914,hyperplane
syn,hyperplane_s11,fhddm,90.73184357541899,3,-0.3240223463687131,hyperplane
syn,hyperplane_s11,fhddm+half,91.01117318435752,2,-0.044692737430185314,hyperplane
syn,hyperplane_s11,fhddm+hedge,91.03910614525138,3,-0.016759776536323656,hyperplane
syn,hyperplane_s11,hddma,91.52513966480446,2,0.4692737430167515,hyperplane
syn,hyperplane_s11,hddma+half,91.340782122905,4,0.2849162011172912,hyperplane
syn,hyperplane_s11,hddma+hedge,91.62011173184355,4,0.5642458100558523,hyperplane
syn,hyperplane_s11,hddmw,91.0558659217877,0,0.0,hyperplane
syn,hyperplane_s11,hddmw+half,91.0558659217877,0,0.0,hyperplane
syn,hyperplane_s11,hddmw+hedge,91.0558659217877,0,0.0,hyperplane
syn,hyperplane_s11,adwin,91.75977653631286,8,0.7039106145251495,hyperplane
syn,hyperplane_s11,adwin+half,91.49162011173183,6,0.4357541899441264,hyperplane
syn,hyperplane_s11,adwin+hedge,91.73743016759775,7,0.6815642458100513,hyperplane
syn,hyperplane_s11,ph,91.27374301675978,4,0.2178770949720743,hyperplane
syn,hyperplane_s11,ph+half,91.35754189944133,5,0.30167597765362597,hyperplane
syn,hyperplane_s11,ph+hedge,91.3240223463687,4,0.26815642458098976,hyperplane
syn,hyperplane_s11,kswin,91.0558659217877,0,0.0,hyperplane
syn,hyperplane_s11,kswin+half,91.0558659217877,0,0.0,hyperplane
syn,hyperplane_s11,kswin+hedge,91.0558659217877,0,0.0,hyperplane
syn,hyperplane_s12,none,90.03351955307262,0,0.0,hyperplane
syn,hyperplane_s12,ddmM,91.3296089385475,15,1.2960893854748634,hyperplane
syn,hyperplane_s12,ddm,91.3296089385475,15,1.2960893854748634,hyperplane
syn,hyperplane_s12,ddm+half,90.53631284916202,8,0.5027932960893877,hyperplane
syn,hyperplane_s12,ddm+hedge,91.55307262569832,10,1.51955307262569,hyperplane
syn,hyperplane_s12,eddm,90.93296089385474,17,0.8994413407821145,hyperplane
syn,hyperplane_s12,eddm+half,91.03910614525141,25,1.0055865921787754,hyperplane
syn,hyperplane_s12,eddm+hedge,91.39664804469275,20,1.3631284916201247,hyperplane
syn,hyperplane_s12,fhddm,89.73743016759776,4,-0.2960893854748625,hyperplane
syn,hyperplane_s12,fhddm+half,89.98324022346368,4,-0.050279329608948764,hyperplane
syn,hyperplane_s12,fhddm+hedge,90.01117318435755,4,-0.022346368715087106,hyperplane
syn,hyperplane_s12,hddma,90.9608938547486,5,0.9273743016759761,hyperplane
syn,hyperplane_s12,hddma+half,90.56983240223464,6,0.5363128491620128,hyperplane
syn,hyperplane_s12,hddma+hedge,91.07262569832403,6,1.0391061452514117,hyperplane
syn,hyperplane_s12,hddmw,90.37430167597766,2,0.34078212290503673,hyperplane
syn,hyperplane_s12,hddmw+half,90.44692737430168,2,0.4134078212290504,hyperplane
syn,hyperplane_s12,hddmw+hedge,90.39106145251398,2,0.3575418994413493,hyperplane
syn,hyperplane_s12,adwin,91.17318435754188,7,1.1396648044692648,hyperplane
syn,hyperplane_s12,adwin+half,90.45810055865923,9,0.4245810055865995,hyperplane
syn,hyperplane_s12,adwin+hedge,91.39106145251395,6,1.357541899441328,hyperplane
syn,hyperplane_s12,ph,90.48044692737429,4,0.4469273743016644,hyperplane
syn,hyperplane_s12,ph+half,90.70949720670392,4,0.6759776536312878,hyperplane
syn,hyperplane_s12,ph+hedge,90.47486033519553,4,0.44134078212290095,hyperplane
syn,hyperplane_s12,kswin,90.03351955307262,0,0.0,hyperplane
syn,hyperplane_s12,kswin+half,90.03351955307262,0,0.0,hyperplane
syn,hyperplane_s12,kswin+hedge,90.03351955307262,0,0.0,hyperplane
syn,hyperplane_s13,none,88.39664804469275,0,0.0,hyperplane
syn,hyperplane_s13,ddmM,91.28491620111734,11,2.8882681564245893,hyperplane
syn,hyperplane_s13,ddm,91.28491620111734,11,2.8882681564245893,hyperplane
syn,hyperplane_s13,ddm+half,89.30726256983242,11,0.9106145251396636,hyperplane
syn,hyperplane_s13,ddm+hedge,91.26815642458101,9,2.8715083798882546,hyperplane
syn,hyperplane_s13,eddm,91.14525139664806,12,2.7486033519553144,hyperplane
syn,hyperplane_s13,eddm+half,89.58659217877096,23,1.1899441340782024,hyperplane
syn,hyperplane_s13,eddm+hedge,91.14525139664806,13,2.7486033519553144,hyperplane
syn,hyperplane_s13,fhddm,87.72067039106146,8,-0.6759776536312878,hyperplane
syn,hyperplane_s13,fhddm+half,88.41899441340784,8,0.022346368715098208,hyperplane
syn,hyperplane_s13,fhddm+hedge,88.39664804469275,8,0.0,hyperplane
syn,hyperplane_s13,hddma,91.53631284916203,8,3.1396648044692776,hyperplane
syn,hyperplane_s13,hddma+half,89.0558659217877,7,0.659217877094953,hyperplane
syn,hyperplane_s13,hddma+hedge,91.35195530726259,8,2.9553072625698396,hyperplane
syn,hyperplane_s13,hddmw,90.81564245810057,6,2.4189944134078156,hyperplane
syn,hyperplane_s13,hddmw+half,89.1731843575419,6,0.776536312849152,hyperplane
syn,hyperplane_s13,hddmw+hedge,90.60893854748605,6,2.2122905027933015,hyperplane
syn,hyperplane_s13,adwin,91.40782122905027,9,3.0111731843575185,hyperplane
syn,hyperplane_s13,adwin+half,89.07262569832403,14,0.6759776536312767,hyperplane
syn,hyperplane_s13,adwin+hedge,91.31843575418996,10,2.9217877094972144,hyperplane
syn,hyperplane_s13,ph,90.12290502793296,8,1.7262569832402042,hyperplane
syn,hyperplane_s13,ph+half,89.39664804469277,9,1.000000000000012,hyperplane
syn,hyperplane_s13,ph+hedge,89.87709497206706,9,1.4804469273743015,hyperplane
syn,hyperplane_s13,kswin,88.39664804469275,0,0.0,hyperplane
syn,hyperplane_s13,kswin+half,88.39664804469275,0,0.0,hyperplane
syn,hyperplane_s13,kswin+hedge,88.39664804469275,0,0.0,hyperplane
syn,hyperplane_s14,none,89.12290502793297,0,0.0,hyperplane
syn,hyperplane_s14,ddmM,91.8659217877095,13,2.7430167597765176,hyperplane
syn,hyperplane_s14,ddm,91.8659217877095,13,2.7430167597765176,hyperplane
syn,hyperplane_s14,ddm+half,89.92737430167598,8,0.8044692737430137,hyperplane
syn,hyperplane_s14,ddm+hedge,91.84916201117318,10,2.726256983240205,hyperplane
syn,hyperplane_s14,eddm,91.4804469273743,19,2.357541899441329,hyperplane
syn,hyperplane_s14,eddm+half,90.68715083798881,32,1.564245810055842,hyperplane
syn,hyperplane_s14,eddm+hedge,91.94972067039107,18,2.8268156424581026,hyperplane
syn,hyperplane_s14,fhddm,88.76536312849161,5,-0.3575418994413604,hyperplane
syn,hyperplane_s14,fhddm+half,89.1564245810056,5,0.03351955307262511,hyperplane
syn,hyperplane_s14,fhddm+hedge,89.10055865921788,5,-0.022346368715098208,hyperplane
syn,hyperplane_s14,hddma,91.89385474860336,8,2.7709497206703793,hyperplane
syn,hyperplane_s14,hddma+half,89.93296089385477,6,0.8100558659217882,hyperplane
syn,hyperplane_s14,hddma+hedge,91.78770949720672,8,2.6648044692737405,hyperplane
syn,hyperplane_s14,hddmw,90.68156424581005,4,1.5586592178770786,hyperplane
syn,hyperplane_s14,hddmw+half,89.6927374301676,4,0.5698324022346268,hyperplane
syn,hyperplane_s14,hddmw+hedge,90.68156424581005,4,1.5586592178770786,hyperplane
syn,hyperplane_s14,adwin,91.92737430167598,9,2.8044692737430044,hyperplane
syn,hyperplane_s14,adwin+half,90.07821229050276,13,0.9553072625697934,hyperplane
syn,hyperplane_s14,adwin+hedge,91.87150837988827,9,2.748603351955292,hyperplane
syn,hyperplane_s14,ph,90.4413407821229,8,1.3184357541899172,hyperplane
syn,hyperplane_s14,ph+half,90.23463687150837,8,1.111731843575392,hyperplane
syn,hyperplane_s14,ph+hedge,90.56983240223464,8,1.4469273743016653,hyperplane
syn,hyperplane_s14,kswin,89.12290502793297,0,0.0,hyperplane
syn,hyperplane_s14,kswin+half,89.12290502793297,0,0.0,hyperplane
syn,hyperplane_s14,kswin+hedge,89.12290502793297,0,0.0,hyperplane
syn,rbf_s10,none,91.07821229050278,0,0.0,rbf
syn,rbf_s10,ddmM,91.59217877094972,16,0.5139664804469368,rbf
syn,rbf_s10,ddm,91.59217877094972,16,0.5139664804469368,rbf
syn,rbf_s10,ddm+half,91.27932960893854,16,0.20111731843576175,rbf
syn,rbf_s10,ddm+hedge,91.64245810055866,18,0.5642458100558745,rbf
syn,rbf_s10,eddm,91.55865921787709,19,0.4804469273743117,rbf
syn,rbf_s10,eddm+half,91.37430167597765,16,0.2960893854748736,rbf
syn,rbf_s10,eddm+hedge,91.68715083798882,22,0.6089385474860487,rbf
syn,rbf_s10,fhddm,91.29050279329608,8,0.21229050279331085,rbf
syn,rbf_s10,fhddm+half,91.11731843575417,8,0.03910614525138856,rbf
syn,rbf_s10,fhddm+hedge,91.50837988826814,8,0.43016759776536295,rbf
syn,rbf_s10,hddma,91.8659217877095,8,0.7877094972067122,rbf
syn,rbf_s10,hddma+half,91.26256983240224,8,0.1843575418994603,rbf
syn,rbf_s10,hddma+hedge,91.82122905027931,8,0.743016759776538,rbf
syn,rbf_s10,hddmw,91.8659217877095,8,0.7877094972067122,rbf
syn,rbf_s10,hddmw+half,91.26256983240224,8,0.1843575418994603,rbf
syn,rbf_s10,hddmw+hedge,91.82122905027931,8,0.743016759776538,rbf
syn,rbf_s10,adwin,91.8659217877095,8,0.7877094972067122,rbf
syn,rbf_s10,adwin+half,91.26256983240224,8,0.1843575418994603,rbf
syn,rbf_s10,adwin+hedge,91.82122905027931,8,0.743016759776538,rbf
syn,rbf_s10,ph,91.8659217877095,8,0.7877094972067122,rbf
syn,rbf_s10,ph+half,91.26256983240224,8,0.1843575418994603,rbf
syn,rbf_s10,ph+hedge,91.82122905027931,8,0.743016759776538,rbf
syn,rbf_s10,kswin,91.8659217877095,8,0.7877094972067122,rbf
syn,rbf_s10,kswin+half,91.26256983240224,8,0.1843575418994603,rbf
syn,rbf_s10,kswin+hedge,91.82122905027931,8,0.743016759776538,rbf
syn,rbf_s11,none,90.84916201117319,0,0.0,rbf
syn,rbf_s11,ddmM,91.63128491620111,14,0.7821229050279155,rbf
syn,rbf_s11,ddm,91.63128491620111,14,0.7821229050279155,rbf
syn,rbf_s11,ddm+half,91.03910614525138,13,0.18994413407819044,rbf
syn,rbf_s11,ddm+hedge,91.52513966480446,10,0.6759776536312656,rbf
syn,rbf_s11,eddm,91.11173184357541,24,0.2625698324022263,rbf
syn,rbf_s11,eddm+half,91.0167597765363,20,0.16759776536311444,rbf
syn,rbf_s11,eddm+hedge,91.4804469273743,16,0.6312849162011136,rbf
syn,rbf_s11,fhddm,91.34078212290503,8,0.4916201117318386,rbf
syn,rbf_s11,fhddm+half,90.94972067039106,8,0.10055865921787532,rbf
syn,rbf_s11,fhddm+hedge,91.3463687150838,8,0.49720670391060207,rbf
syn,rbf_s11,hddma,91.72625698324022,8,0.8770949720670274,rbf
syn,rbf_s11,hddma+half,91.01117318435755,8,0.162011173184351,rbf
syn,rbf_s11,hddma+hedge,91.54189944134077,8,0.6927374301675893,rbf
syn,rbf_s11,hddmw,91.72625698324022,8,0.8770949720670274,rbf
syn,rbf_s11,hddmw+half,91.01117318435755,8,0.162011173184351,rbf
syn,rbf_s11,hddmw+hedge,91.54189944134077,8,0.6927374301675893,rbf
syn,rbf_s11,adwin,91.72625698324022,8,0.8770949720670274,rbf
syn,rbf_s11,adwin+half,90.99999999999999,9,0.15083798882680188,rbf
syn,rbf_s11,adwin+hedge,91.54189944134077,8,0.6927374301675893,rbf
syn,rbf_s11,ph,91.72625698324022,8,0.8770949720670274,rbf
syn,rbf_s11,ph+half,91.01117318435755,8,0.162011173184351,rbf
syn,rbf_s11,ph+hedge,91.54189944134077,8,0.6927374301675893,rbf
syn,rbf_s11,kswin,91.72625698324022,8,0.8770949720670274,rbf
syn,rbf_s11,kswin+half,91.01117318435755,8,0.162011173184351,rbf
syn,rbf_s11,kswin+hedge,91.54189944134077,8,0.6927374301675893,rbf
syn,rbf_s12,none,90.82122905027933,0,0.0,rbf
syn,rbf_s12,ddmM,91.60335195530725,11,0.7821229050279155,rbf
syn,rbf_s12,ddm,91.60335195530725,11,0.7821229050279155,rbf
syn,rbf_s12,ddm+half,91.01117318435752,14,0.18994413407819044,rbf
syn,rbf_s12,ddm+hedge,91.53631284916199,9,0.7150837988826653,rbf
syn,rbf_s12,eddm,91.22346368715083,17,0.4022346368715013,rbf
syn,rbf_s12,eddm+half,90.98882681564244,17,0.16759776536311444,rbf
syn,rbf_s12,eddm+hedge,91.58659217877096,22,0.7653631284916251,rbf
syn,rbf_s12,fhddm,91.32960893854748,8,0.5083798882681512,rbf
syn,rbf_s12,fhddm+half,90.93296089385474,8,0.11173184357541333,rbf
syn,rbf_s12,fhddm+hedge,91.26256983240224,8,0.44134078212291206,rbf
syn,rbf_s12,hddma,91.6480446927374,8,0.8268156424580786,rbf
syn,rbf_s12,hddma+half,90.96648044692736,8,0.14525139664803843,rbf
syn,rbf_s12,hddma+hedge,91.53631284916199,8,0.7150837988826653,rbf
syn,rbf_s12,hddmw,91.6480446927374,8,0.8268156424580786,rbf
syn,rbf_s12,hddmw+half,90.96648044692736,8,0.14525139664803843,rbf
syn,rbf_s12,hddmw+hedge,91.53631284916199,8,0.7150837988826653,rbf
syn,rbf_s12,adwin,91.6480446927374,8,0.8268156424580786,rbf
syn,rbf_s12,adwin+half,90.96648044692736,8,0.14525139664803843,rbf
syn,rbf_s12,adwin+hedge,91.53631284916199,8,0.7150837988826653,rbf
syn,rbf_s12,ph,91.6480446927374,8,0.8268156424580786,rbf
syn,rbf_s12,ph+half,90.96648044692736,8,0.14525139664803843,rbf
syn,rbf_s12,ph+hedge,91.53631284916199,8,0.7150837988826653,rbf
syn,rbf_s12,kswin,91.6480446927374,8,0.8268156424580786,rbf
syn,rbf_s12,kswin+half,90.96648044692736,8,0.14525139664803843,rbf
syn,rbf_s12,kswin+hedge,91.53631284916199,8,0.7150837988826653,rbf
syn,rbf_s13,none,89.07821229050279,0,0.0,rbf
syn,rbf_s13,ddmM,89.82681564245809,11,0.7486033519553015,rbf
syn,rbf_s13,ddm,89.89944134078212,9,0.8212290502793262,rbf
syn,rbf_s13,ddm+half,89.33519553072625,14,0.25698324022346286,rbf
syn,rbf_s13,ddm+hedge,89.74301675977652,10,0.6648044692737387,rbf
syn,rbf_s13,eddm,89.60335195530725,15,0.5251396648044637,rbf
syn,rbf_s13,eddm+half,89.2122905027933,24,0.13407821229050043,rbf
syn,rbf_s13,eddm+hedge,89.65363128491619,18,0.5754189944134014,rbf
syn,rbf_s13,fhddm,89.50837988826815,8,0.43016759776536295,rbf
syn,rbf_s13,fhddm+half,89.20111731843576,8,0.12290502793297353,rbf
syn,rbf_s13,fhddm+hedge,89.50279329608938,8,0.4245810055865884,rbf
syn,rbf_s13,hddma,89.94413407821229,8,0.8659217877095005,rbf
syn,rbf_s13,hddma+half,89.30167597765363,8,0.22346368715083775,rbf
syn,rbf_s13,hddma+hedge,89.75418994413408,8,0.6759776536312878,rbf
syn,rbf_s13,hddmw,89.94413407821229,8,0.8659217877095005,rbf
syn,rbf_s13,hddmw+half,89.30167597765363,8,0.22346368715083775,rbf
syn,rbf_s13,hddmw+hedge,89.75418994413408,8,0.6759776536312878,rbf
syn,rbf_s13,adwin,89.94413407821229,8,0.8659217877095005,rbf
syn,rbf_s13,adwin+half,89.30167597765363,8,0.22346368715083775,rbf
syn,rbf_s13,adwin+hedge,89.75418994413408,8,0.6759776536312878,rbf
syn,rbf_s13,ph,89.94413407821229,8,0.8659217877095005,rbf
syn,rbf_s13,ph+half,89.27932960893855,10,0.20111731843576175,rbf
syn,rbf_s13,ph+hedge,89.75418994413408,8,0.6759776536312878,rbf
syn,rbf_s13,kswin,89.94413407821229,8,0.8659217877095005,rbf
syn,rbf_s13,kswin+half,89.30167597765363,8,0.22346368715083775,rbf
syn,rbf_s13,kswin+hedge,89.75418994413408,8,0.6759776536312878,rbf
syn,rbf_s14,none,90.83240223463687,0,0.0,rbf
syn,rbf_s14,ddmM,91.73184357541899,13,0.8994413407821145,rbf
syn,rbf_s14,ddm,91.75977653631286,11,0.9273743016759761,rbf
syn,rbf_s14,ddm+half,90.99441340782123,8,0.162011173184351,rbf
syn,rbf_s14,ddm+hedge,91.74301675977652,10,0.9106145251396414,rbf
syn,rbf_s14,eddm,91.18435754189944,19,0.35195530726256363,rbf
syn,rbf_s14,eddm+half,91.08938547486034,13,0.25698324022346286,rbf
syn,rbf_s14,eddm+hedge,91.64245810055866,15,0.8100558659217771,rbf
syn,rbf_s14,fhddm,91.37988826815642,8,0.5474860335195397,rbf
syn,rbf_s14,fhddm+half,91.01675977653633,8,0.1843575418994492,rbf
syn,rbf_s14,fhddm+hedge,91.44692737430168,8,0.614525139664801,rbf
syn,rbf_s14,hddma,91.83798882681563,8,1.0055865921787532,rbf
syn,rbf_s14,hddma+half,90.99441340782123,8,0.162011173184351,rbf
syn,rbf_s14,hddma+hedge,91.74860335195531,8,0.916201117318427,rbf
syn,rbf_s14,hddmw,91.83798882681563,8,1.0055865921787532,rbf
syn,rbf_s14,hddmw+half,90.99441340782123,8,0.162011173184351,rbf
syn,rbf_s14,hddmw+hedge,91.74860335195531,8,0.916201117318427,rbf
syn,rbf_s14,adwin,91.83798882681563,8,1.0055865921787532,rbf
syn,rbf_s14,adwin+half,91.01675977653633,9,0.1843575418994492,rbf
syn,rbf_s14,adwin+hedge,91.74860335195531,8,0.916201117318427,rbf
syn,rbf_s14,ph,91.83798882681563,8,1.0055865921787532,rbf
syn,rbf_s14,ph+half,90.98882681564247,10,0.15642458100558754,rbf
syn,rbf_s14,ph+hedge,91.74860335195531,8,0.916201117318427,rbf
syn,rbf_s14,kswin,91.83798882681563,8,1.0055865921787532,rbf
syn,rbf_s14,kswin+half,90.99441340782123,8,0.162011173184351,rbf
syn,rbf_s14,kswin+hedge,91.74860335195531,8,0.916201117318427,rbf
syn,sea_s10,none,96.95530726256983,0,0.0,sea
syn,sea_s10,ddmM,98.72067039106143,32,1.7653631284916038,sea
syn,sea_s10,ddm,98.74301675977654,29,1.787709497206702,sea
syn,sea_s10,ddm+half,97.48603351955308,17,0.5307262569832383,sea
syn,sea_s10,ddm+hedge,98.54189944134077,23,1.5865921787709403,sea
syn,sea_s10,eddm,98.32960893854748,8,1.3743016759776516,sea
syn,sea_s10,eddm+half,97.56424581005587,9,0.6089385474860265,sea
syn,sea_s10,eddm+hedge,98.39664804469274,8,1.4413407821229018,sea
syn,sea_s10,fhddm,96.95530726256983,0,0.0,sea
syn,sea_s10,fhddm+half,96.95530726256983,0,0.0,sea
syn,sea_s10,fhddm+hedge,96.95530726256983,0,0.0,sea
syn,sea_s10,hddma,97.61452513966479,3,0.659217877094953,sea
syn,sea_s10,hddma+half,97.31843575418993,3,0.36312849162010163,sea
syn,sea_s10,hddma+hedge,97.63687150837987,3,0.6815642458100402,sea
syn,sea_s10,hddmw,96.95530726256983,0,0.0,sea
syn,sea_s10,hddmw+half,96.95530726256983,0,0.0,sea
syn,sea_s10,hddmw+hedge,96.95530726256983,0,0.0,sea
syn,sea_s10,adwin,98.63128491620112,8,1.6759776536312887,sea
syn,sea_s10,adwin+half,97.52513966480446,11,0.5698324022346268,sea
syn,sea_s10,adwin+hedge,98.52513966480446,8,1.5698324022346277,sea
syn,sea_s10,ph,97.30167597765362,3,0.3463687150837891,sea
syn,sea_s10,ph+half,97.19553072625699,3,0.2402234636871614,sea
syn,sea_s10,ph+hedge,97.1899441340782,3,0.23463687150836465,sea
syn,sea_s10,kswin,96.95530726256983,0,0.0,sea
syn,sea_s10,kswin+half,96.95530726256983,0,0.0,sea
syn,sea_s10,kswin+hedge,96.95530726256983,0,0.0,sea
syn,sea_s11,none,97.03910614525138,0,0.0,sea
syn,sea_s11,ddmM,98.71508379888267,22,1.6759776536312887,sea
syn,sea_s11,ddm,98.71508379888267,22,1.6759776536312887,sea
syn,sea_s11,ddm+half,97.50279329608938,10,0.46368715083799916,sea
syn,sea_s11,ddm+hedge,98.68156424581007,19,1.6424581005586747,sea
syn,sea_s11,eddm,98.33519553072627,8,1.2960893854748745,sea
syn,sea_s11,eddm+half,97.69832402234636,10,0.6592178770949753,sea
syn,sea_s11,eddm+hedge,98.37430167597766,8,1.3351955307262742,sea
syn,sea_s11,fhddm,97.03910614525138,0,0.0,sea
syn,sea_s11,fhddm+half,97.03910614525138,0,0.0,sea
syn,sea_s11,fhddm+hedge,97.03910614525138,0,0.0,sea
syn,sea_s11,hddma,97.59217877094972,2,0.5530726256983365,sea
syn,sea_s11,hddma+half,97.3072625698324,2,0.26815642458102307,sea
syn,sea_s11,hddma+hedge,97.56983240223462,2,0.5307262569832383,sea
syn,sea_s11,hddmw,97.03910614525138,0,0.0,sea
syn,sea_s11,hddmw+half,97.03910614525138,0,0.0,sea
syn,sea_s11,hddmw+hedge,97.03910614525138,0,0.0,sea
syn,sea_s11,adwin,98.65363128491622,8,1.6145251396648352,sea
syn,sea_s11,adwin+half,97.50279329608938,10,0.46368715083798806,sea
syn,sea_s11,adwin+hedge,98.53072625698324,8,1.4916201117318617,sea
syn,sea_s11,ph,97.26256983240224,2,0.22346368715084886,sea
syn,sea_s11,ph+half,97.27932960893855,2,0.2402234636871614,sea
syn,sea_s11,ph+hedge,97.23463687150839,2,0.1955307262569983,sea
syn,sea_s11,kswin,97.03910614525138,0,0.0,sea
syn,sea_s11,kswin+half,97.03910614525138,0,0.0,sea
syn,sea_s11,kswin+hedge,97.03910614525138,0,0.0,sea
syn,sea_s12,none,96.81005586592178,0,0.0,sea
syn,sea_s12,ddmM,98.64245810055866,23,1.8324022346368762,sea
syn,sea_s12,ddm,98.64245810055866,23,1.8324022346368762,sea
syn,sea_s12,ddm+half,97.58100558659218,24,0.7709497206703997,sea
syn,sea_s12,ddm+hedge,98.50279329608938,28,1.6927374301676013,sea
syn,sea_s12,eddm,98.27374301675977,8,1.463687150837989,sea
syn,sea_s12,eddm+half,97.51396648044694,10,0.7039106145251495,sea
syn,sea_s12,eddm+hedge,98.31284916201116,8,1.5027932960893775,sea
syn,sea_s12,fhddm,96.77653631284916,1,-0.03351955307262511,sea
syn,sea_s12,fhddm+half,96.81564245810057,1,0.005586592178785654,sea
syn,sea_s12,fhddm+hedge,96.81005586592178,1,0.0,sea
syn,sea_s12,hddma,97.17877094972066,2,0.3687150837988762,sea
syn,sea_s12,hddma+half,97.25698324022345,3,0.4469273743016644,sea
syn,sea_s12,hddma+hedge,97.40223463687151,3,0.592178770949725,sea
syn,sea_s12,hddmw,96.81005586592178,0,0.0,sea
syn,sea_s12,hddmw+half,96.81005586592178,0,0.0,sea
syn,sea_s12,hddmw+hedge,96.81005586592178,0,0.0,sea
syn,sea_s12,adwin,98.51955307262571,8,1.709497206703925,sea
syn,sea_s12,adwin+half,97.45251396648045,10,0.6424581005586627,sea
syn,sea_s12,adwin+hedge,98.29608938547484,8,1.486033519553065,sea
syn,sea_s12,ph,97.23463687150837,3,0.4245810055865884,sea
syn,sea_s12,ph+half,97.19553072625698,3,0.38547486033518874,sea
syn,sea_s12,ph+hedge,97.20111731843576,3,0.3910614525139744,sea
syn,sea_s12,kswin,96.81005586592178,0,0.0,sea
syn,sea_s12,kswin+half,96.81005586592178,0,0.0,sea
syn,sea_s12,kswin+hedge,96.81005586592178,0,0.0,sea
syn,sea_s13,none,97.12849162011173,0,0.0,sea
syn,sea_s13,ddmM,98.81005586592178,18,1.6815642458100521,sea
syn,sea_s13,ddm,98.81005586592178,18,1.6815642458100521,sea
syn,sea_s13,ddm+half,97.62569832402235,14,0.49720670391061317,sea
syn,sea_s13,ddm+hedge,98.67597765363129,13,1.5474860335195517,sea
syn,sea_s13,eddm,98.30167597765363,8,1.1731843575418899,sea
syn,sea_s13,eddm+half,97.52513966480446,8,0.39664804469272674,sea
syn,sea_s13,eddm+hedge,98.2290502793296,8,1.100558659217865,sea
syn,sea_s13,fhddm,97.12849162011173,0,0.0,sea
syn,sea_s13,fhddm+half,97.12849162011173,0,0.0,sea
syn,sea_s13,fhddm+hedge,97.12849162011173,0,0.0,sea
syn,sea_s13,hddma,97.77653631284917,3,0.6480446927374373,sea
syn,sea_s13,hddma+half,97.40782122905028,3,0.27932960893854997,sea
syn,sea_s13,hddma+hedge,97.75977653631284,3,0.6312849162011025,sea
syn,sea_s13,hddmw,97.12849162011173,0,0.0,sea
syn,sea_s13,hddmw+half,97.12849162011173,0,0.0,sea
syn,sea_s13,hddmw+hedge,97.12849162011173,0,0.0,sea
syn,sea_s13,adwin,98.46927374301674,8,1.3407821229050154,sea
syn,sea_s13,adwin+half,97.49720670391059,10,0.3687150837988651,sea
syn,sea_s13,adwin+hedge,98.39106145251397,8,1.2625698324022383,sea
syn,sea_s13,ph,97.33519553072627,3,0.2067039106145363,sea
syn,sea_s13,ph+half,97.31843575418993,3,0.18994413407820154,sea
syn,sea_s13,ph+hedge,97.3296089385475,3,0.20111731843576175,sea
syn,sea_s13,kswin,97.12849162011173,0,0.0,sea
syn,sea_s13,kswin+half,97.12849162011173,0,0.0,sea
syn,sea_s13,kswin+hedge,97.12849162011173,0,0.0,sea
syn,sea_s14,none,97.16201117318437,0,0.0,sea
syn,sea_s14,ddmM,98.74301675977654,17,1.5810055865921657,sea
syn,sea_s14,ddm,98.7709497206704,14,1.6089385474860274,sea
syn,sea_s14,ddm+half,97.50279329608941,18,0.34078212290503673,sea
syn,sea_s14,ddm+hedge,98.6536312849162,16,1.4916201117318284,sea
syn,sea_s14,eddm,98.21787709497207,8,1.055865921787702,sea
syn,sea_s14,eddm+half,97.80446927374301,10,0.6424581005586405,sea
syn,sea_s14,eddm+hedge,98.25698324022348,8,1.0949720670391017,sea
syn,sea_s14,fhddm,97.16201117318437,0,0.0,sea
syn,sea_s14,fhddm+half,97.16201117318437,0,0.0,sea
syn,sea_s14,fhddm+hedge,97.16201117318437,0,0.0,sea
syn,sea_s14,hddma,98.06703910614526,3,0.905027932960889,sea
syn,sea_s14,hddma+half,97.45810055865921,3,0.2960893854748403,sea
syn,sea_s14,hddma+hedge,97.97765363128491,3,0.8156424581005406,sea
syn,sea_s14,hddmw,97.16201117318437,0,0.0,sea
syn,sea_s14,hddmw+half,97.16201117318437,0,0.0,sea
syn,sea_s14,hddmw+hedge,97.16201117318437,0,0.0,sea
syn,sea_s14,adwin,98.6201117318436,8,1.4581005586592255,sea
syn,sea_s14,adwin+half,97.6145251396648,10,0.45251396648043896,sea
syn,sea_s14,adwin+hedge,98.48603351955309,8,1.324022346368714,sea
syn,sea_s14,ph,97.42458100558659,3,0.2625698324022152,sea
syn,sea_s14,ph+half,97.47486033519554,3,0.3128491620111751,sea
syn,sea_s14,ph+hedge,97.42458100558659,3,0.2625698324022152,sea
syn,sea_s14,kswin,97.16201117318437,0,0.0,sea
syn,sea_s14,kswin+half,97.16201117318437,0,0.0,sea
syn,sea_s14,kswin+hedge,97.16201117318437,0,0.0,sea
syn,sine_s10,none,77.4476987447699,0,0.0,sine
syn,sine_s10,ddmM,94.94979079497908,22,17.502092050209196,sine
syn,sine_s10,ddm,94.94979079497908,22,17.502092050209196,sine
syn,sine_s10,ddm+half,81.2092050209205,11,3.761506276150617,sine
syn,sine_s10,ddm+hedge,94.73640167364016,18,17.28870292887027,sine
syn,sine_s10,eddm,95.07112970711297,11,17.62343096234308,sine
syn,sine_s10,eddm+half,83.87866108786612,20,6.430962343096236,sine
syn,sine_s10,eddm+hedge,94.82008368200837,11,17.372384937238483,sine
syn,sine_s10,fhddm,78.11297071129707,11,0.6652719665271811,sine
syn,sine_s10,fhddm+half,78.41004184100419,11,0.9623430962342971,sine
syn,sine_s10,fhddm+hedge,78.13807531380753,11,0.6903765690376429,sine
syn,sine_s10,hddma,95.07112970711297,11,17.62343096234308,sine
syn,sine_s10,hddma+half,81.2092050209205,11,3.761506276150617,sine
syn,sine_s10,hddma+hedge,94.82008368200837,11,17.372384937238483,sine
syn,sine_s10,hddmw,95.07112970711297,11,17.62343096234308,sine
syn,sine_s10,hddmw+half,81.4979079497908,12,4.050209205020916,sine
syn,sine_s10,hddmw+hedge,94.82008368200837,11,17.372384937238483,sine
syn,sine_s10,adwin,95.07112970711297,11,17.62343096234308,sine
syn,sine_s10,adwin+half,82.65271966527197,22,5.20502092050209,sine
syn,sine_s10,adwin+hedge,94.82008368200837,11,17.372384937238483,sine
syn,sine_s10,ph,95.07112970711297,11,17.62343096234308,sine
syn,sine_s10,ph+half,82.53556485355648,22,5.087866108786598,sine
syn,sine_s10,ph+hedge,94.82008368200837,11,17.372384937238483,sine
syn,sine_s10,kswin,95.07112970711297,11,17.62343096234308,sine
syn,sine_s10,kswin+half,81.90794979079499,16,4.460251046025099,sine
syn,sine_s10,kswin+hedge,94.82008368200837,11,17.372384937238483,sine
syn,sine_s11,none,77.48953974895397,0,0.0,sine
syn,sine_s11,ddmM,95.07531380753139,19,17.58577405857742,sine
syn,sine_s11,ddm,95.08368200836821,19,17.594142259414237,sine
syn,sine_s11,ddm+half,80.79916317991632,18,3.3096234309623496,sine
syn,sine_s11,ddm+hedge,94.69874476987447,29,17.209205020920493,sine
syn,sine_s11,eddm,95.12970711297072,11,17.640167364016747,sine
syn,sine_s11,eddm+half,83.69037656903767,20,6.200836820083689,sine
syn,sine_s11,eddm+hedge,94.81589958158997,11,17.326359832635994,sine
syn,sine_s11,fhddm,77.9539748953975,11,0.46443514644352035,sine
syn,sine_s11,fhddm+half,78.12970711297072,11,0.6401673640167416,sine
syn,sine_s11,fhddm+hedge,77.96652719665272,11,0.47698744769874013,sine
syn,sine_s11,hddma,95.12970711297072,11,17.640167364016747,sine
syn,sine_s11,hddma+half,80.81171548117155,11,3.3221757322175804,sine
syn,sine_s11,hddma+hedge,94.81589958158997,11,17.326359832635994,sine
syn,sine_s11,hddmw,95.12970711297072,11,17.640167364016747,sine
syn,sine_s11,hddmw+half,80.81171548117155,11,3.3221757322175804,sine
syn,sine_s11,hddmw+hedge,94.81589958158997,11,17.326359832635994,sine
syn,sine_s11,adwin,95.12970711297072,11,17.640167364016747,sine
syn,sine_s11,adwin+half,82.06276150627615,22,4.573221757322177,sine
syn,sine_s11,adwin+hedge,94.7489539748954,14,17.259414225941427,sine
syn,sine_s11,ph,95.12970711297072,11,17.640167364016747,sine
syn,sine_s11,ph+half,81.46443514644352,22,3.974895397489553,sine
syn,sine_s11,ph+hedge,94.81589958158997,12,17.326359832635994,sine
syn,sine_s11,kswin,95.12970711297072,11,17.640167364016747,sine
syn,sine_s11,kswin+half,81.55230125523013,19,4.062761506276158,sine
syn,sine_s11,kswin+hedge,94.81589958158997,11,17.326359832635994,sine
syn,sine_s12,none,77.71966527196653,0,0.0,sine
syn,sine_s12,ddmM,94.92050209205021,29,17.200836820083687,sine
syn,sine_s12,ddm,94.92050209205021,29,17.200836820083687,sine
syn,sine_s12,ddm+half,80.7112970711297,18,2.9916317991631747,sine
syn,sine_s12,ddm+hedge,94.69456066945607,24,16.974895397489533,sine
syn,sine_s12,eddm,95.11297071129707,11,17.393305439330543,sine
syn,sine_s12,eddm+half,84.60251046025104,22,6.882845188284515,sine
syn,sine_s12,eddm+hedge,94.86192468619248,12,17.142259414225947,sine
syn,sine_s12,fhddm,78.20083682008368,11,0.481171548117143,sine
syn,sine_s12,fhddm+half,78.51046025104603,11,0.7907949790794899,sine
syn,sine_s12,fhddm+hedge,78.27196652719665,11,0.5523012552301254,sine
syn,sine_s12,hddma,95.11297071129707,11,17.393305439330543,sine
syn,sine_s12,hddma+half,81.10878661087865,11,3.3891213389121266,sine
syn,sine_s12,hddma+hedge,94.8702928870293,11,17.150627615062763,sine
syn,sine_s12,hddmw,95.11297071129707,11,17.393305439330543,sine
syn,sine_s12,hddmw+half,81.10878661087865,11,3.3891213389121266,sine
syn,sine_s12,hddmw+hedge,94.8702928870293,11,17.150627615062763,sine
syn,sine_s12,adwin,95.11297071129707,11,17.393305439330543,sine
syn,sine_s12,adwin+half,82.41422594142259,22,4.69456066945606,sine
syn,sine_s12,adwin+hedge,94.83682008368201,14,17.117154811715483,sine
syn,sine_s12,ph,95.11297071129707,11,17.393305439330543,sine
syn,sine_s12,ph+half,82.07531380753139,22,4.35564853556486,sine
syn,sine_s12,ph+hedge,94.8702928870293,11,17.150627615062763,sine
syn,sine_s12,kswin,95.11297071129707,11,17.393305439330543,sine
syn,sine_s12,kswin+half,82.23430962343097,18,4.514644351464437,sine
syn,sine_s12,kswin+hedge,94.8702928870293,11,17.150627615062763,sine
syn,sine_s13,none,77.29707112970712,0,0.0,sine
syn,sine_s13,ddmM,94.99163179916319,26,17.694560669456074,sine
syn,sine_s13,ddm,94.99163179916319,26,17.694560669456074,sine
syn,sine_s13,ddm+half,80.92468619246863,12,3.6276150627615134,sine
syn,sine_s13,ddm+hedge,94.69456066945608,20,17.397489539748957,sine
syn,sine_s13,eddm,95.1171548117155,11,17.82008368200837,sine
syn,sine_s13,eddm+half,83.53138075313808,20,6.234309623430967,sine
syn,sine_s13,eddm+hedge,94.77824267782428,11,17.481171548117157,sine
syn,sine_s13,fhddm,77.86192468619248,11,0.5648535564853563,sine
syn,sine_s13,fhddm+half,78.08786610878661,11,0.790794979079501,sine
syn,sine_s13,fhddm+hedge,77.93305439330544,11,0.6359832635983165,sine
syn,sine_s13,hddma,95.1171548117155,11,17.82008368200837,sine
syn,sine_s13,hddma+half,80.92468619246863,11,3.6276150627615134,sine
syn,sine_s13,hddma+hedge,94.77824267782428,11,17.481171548117157,sine
syn,sine_s13,hddmw,95.1171548117155,11,17.82008368200837,sine
syn,sine_s13,hddmw+half,80.92468619246863,11,3.6276150627615134,sine
syn,sine_s13,hddmw+hedge,94.77824267782428,11,17.481171548117157,sine
syn,sine_s13,adwin,95.1171548117155,11,17.82008368200837,sine
syn,sine_s13,adwin+half,82.2008368200837,22,4.903765690376572,sine
syn,sine_s13,adwin+hedge,94.7489539748954,15,17.451882845188283,sine
syn,sine_s13,ph,95.1171548117155,11,17.82008368200837,sine
syn,sine_s13,ph+half,81.8326359832636,22,4.535564853556484,sine
syn,sine_s13,ph+hedge,94.77824267782428,12,17.481171548117157,sine
syn,sine_s13,kswin,95.1171548117155,11,17.82008368200837,sine
syn,sine_s13,kswin+half,81.88702928870293,17,4.589958158995822,sine
syn,sine_s13,kswin+hedge,94.77824267782428,11,17.481171548117157,sine
syn,sine_s14,none,77.34309623430964,0,0.0,sine
syn,sine_s14,ddmM,94.90794979079499,23,17.56485355648535,sine
syn,sine_s14,ddm,94.92887029288703,20,17.585774058577385,sine
syn,sine_s14,ddm+half,81.44769874476988,22,4.104602510460243,sine
syn,sine_s14,ddm+hedge,94.61506276150628,22,17.271966527196646,sine
syn,sine_s14,eddm,94.98744769874479,11,17.644351464435147,sine
syn,sine_s14,eddm+half,83.0836820083682,16,5.74058577405856,sine
syn,sine_s14,eddm+hedge,94.64435146443515,12,17.301255230125513,sine
syn,sine_s14,fhddm,77.93723849372387,11,0.594142259414232,sine
syn,sine_s14,fhddm+half,78.28870292887031,11,0.9456066945606634,sine
syn,sine_s14,fhddm+hedge,78.0376569037657,11,0.6945606694560569,sine
syn,sine_s14,hddma,94.98744769874479,11,17.644351464435147,sine
syn,sine_s14,hddma+half,80.92887029288704,11,3.5857740585773956,sine
syn,sine_s14,hddma+hedge,94.65690376569039,11,17.313807531380743,sine
syn,sine_s14,hddmw,94.98744769874479,11,17.644351464435147,sine
syn,sine_s14,hddmw+half,80.92887029288704,11,3.5857740585773956,sine
syn,sine_s14,hddmw+hedge,94.65690376569039,11,17.313807531380743,sine
syn,sine_s14,adwin,94.98744769874479,11,17.644351464435147,sine
syn,sine_s14,adwin+half,82.3682008368201,22,5.025104602510455,sine
syn,sine_s14,adwin+hedge,94.63179916317992,13,17.28870292887028,sine
syn,sine_s14,ph,94.98744769874479,11,17.644351464435147,sine
syn,sine_s14,ph+half,81.8661087866109,22,4.523012552301253,sine
syn,sine_s14,ph+hedge,94.61087866108787,12,17.267782426778233,sine
syn,sine_s14,kswin,94.98744769874479,11,17.644351464435147,sine
syn,sine_s14,kswin+half,81.7949790794979,17,4.451882845188271,sine
syn,sine_s14,kswin+hedge,94.65690376569039,11,17.313807531380743,sine
syn,stagger_s10,none,85.42458100558659,0,0.0,stagger
syn,stagger_s10,ddmM,97.32402234636872,8,11.899441340782136,stagger
syn,stagger_s10,ddm,97.32402234636872,8,11.899441340782136,stagger
syn,stagger_s10,ddm+half,87.99441340782123,8,2.5698324022346397,stagger
syn,stagger_s10,ddm+hedge,97.32402234636872,8,11.899441340782136,stagger
syn,stagger_s10,eddm,97.32402234636872,8,11.899441340782136,stagger
syn,stagger_s10,eddm+half,90.08938547486035,15,4.664804469273765,stagger
syn,stagger_s10,eddm+hedge,97.32402234636872,8,11.899441340782136,stagger
syn,stagger_s10,fhddm,85.60893854748603,8,0.1843575418994492,stagger
syn,stagger_s10,fhddm+half,85.60893854748603,8,0.1843575418994492,stagger
syn,stagger_s10,fhddm+hedge,85.60893854748603,8,0.1843575418994492,stagger
syn,stagger_s10,hddma,97.32402234636872,8,11.899441340782136,stagger
syn,stagger_s10,hddma+half,87.99441340782123,8,2.5698324022346397,stagger
syn,stagger_s10,hddma+hedge,97.32402234636872,8,11.899441340782136,stagger
syn,stagger_s10,hddmw,97.32402234636872,8,11.899441340782136,stagger
syn,stagger_s10,hddmw+half,87.99441340782123,8,2.5698324022346397,stagger
syn,stagger_s10,hddmw+hedge,97.32402234636872,8,11.899441340782136,stagger
syn,stagger_s10,adwin,97.32402234636872,8,11.899441340782136,stagger
syn,stagger_s10,adwin+half,88.16759776536313,16,2.74301675977654,stagger
syn,stagger_s10,adwin+hedge,97.32402234636872,8,11.899441340782136,stagger
syn,stagger_s10,ph,96.8268156424581,8,11.402234636871512,stagger
syn,stagger_s10,ph+half,88.55865921787709,16,3.134078212290503,stagger
syn,stagger_s10,ph+hedge,96.8268156424581,8,11.402234636871512,stagger
syn,stagger_s10,kswin,96.28491620111733,8,10.860335195530746,stagger
syn,stagger_s10,kswin+half,87.98324022346368,13,2.5586592178771017,stagger
syn,stagger_s10,kswin+hedge,96.28491620111733,8,10.860335195530746,stagger
syn,stagger_s11,none,85.41899441340782,0,0.0,stagger
syn,stagger_s11,ddmM,97.41899441340782,8,12.0,stagger
syn,stagger_s11,ddm,97.41899441340782,8,12.0,stagger
syn,stagger_s11,ddm+half,87.85474860335195,8,2.435754189944128,stagger
syn,stagger_s11,ddm+hedge,97.41899441340782,8,12.0,stagger
syn,stagger_s11,eddm,97.41899441340782,8,12.0,stagger
syn,stagger_s11,eddm+half,90.31284916201116,14,4.893854748603344,stagger
syn,stagger_s11,eddm+hedge,97.41899441340782,8,12.0,stagger
syn,stagger_s11,fhddm,85.53631284916202,8,0.11731843575419898,stagger
syn,stagger_s11,fhddm+half,85.53631284916202,8,0.11731843575419898,stagger
syn,stagger_s11,fhddm+hedge,85.53631284916202,8,0.11731843575419898,stagger
syn,stagger_s11,hddma,97.41899441340782,8,12.0,stagger
syn,stagger_s11,hddma+half,87.85474860335195,8,2.435754189944128,stagger
syn,stagger_s11,hddma+hedge,97.41899441340782,8,12.0,stagger
syn,stagger_s11,hddmw,97.41899441340782,8,12.0,stagger
syn,stagger_s11,hddmw+half,88.22905027932961,10,2.81005586592179,stagger
syn,stagger_s11,hddmw+hedge,97.41899441340782,8,12.0,stagger
syn,stagger_s11,adwin,97.41899441340782,8,12.0,stagger
syn,stagger_s11,adwin+half,88.18435754189944,16,2.765363128491616,stagger
syn,stagger_s11,adwin+hedge,97.41899441340782,8,12.0,stagger
syn,stagger_s11,ph,96.51955307262571,8,11.100558659217885,stagger
syn,stagger_s11,ph+half,88.85474860335196,16,3.43575418994414,stagger
syn,stagger_s11,ph+hedge,96.51955307262571,8,11.100558659217885,stagger
syn,stagger_s11,kswin,97.41899441340782,8,12.0,stagger
syn,stagger_s11,kswin+half,88.67039106145252,11,3.251396648044702,stagger
syn,stagger_s11,kswin+hedge,97.41899441340782,8,12.0,stagger
syn,stagger_s12,none,85.71508379888269,0,0.0,stagger
syn,stagger_s12,ddmM,97.33519553072625,8,11.620111731843563,stagger
syn,stagger_s12,ddm,97.33519553072625,8,11.620111731843563,stagger
syn,stagger_s12,ddm+half,88.10055865921788,8,2.3854748603351905,stagger
syn,stagger_s12,ddm+hedge,97.33519553072625,8,11.620111731843563,stagger
syn,stagger_s12,eddm,97.33519553072625,8,11.620111731843563,stagger
syn,stagger_s12,eddm+half,90.84916201117319,16,5.134078212290505,stagger
syn,stagger_s12,eddm+hedge,97.33519553072625,8,11.620111731843563,stagger
syn,stagger_s12,fhddm,85.83798882681565,8,0.12290502793296243,stagger
syn,stagger_s12,fhddm+half,85.83798882681565,8,0.12290502793296243,stagger
syn,stagger_s12,fhddm+hedge,85.83798882681565,8,0.12290502793296243,stagger
syn,stagger_s12,hddma,97.33519553072625,8,11.620111731843563,stagger
syn,stagger_s12,hddma+half,88.10055865921788,8,2.3854748603351905,stagger
syn,stagger_s12,hddma+hedge,97.33519553072625,8,11.620111731843563,stagger
syn,stagger_s12,hddmw,97.33519553072625,8,11.620111731843563,stagger
syn,stagger_s12,hddmw+half,88.10055865921788,8,2.3854748603351905,stagger
syn,stagger_s12,hddmw+hedge,97.33519553072625,8,11.620111731843563,stagger
syn,stagger_s12,adwin,97.33519553072625,8,11.620111731843563,stagger
syn,stagger_s12,adwin+half,88.3631284916201,16,2.648044692737417,stagger
syn,stagger_s12,adwin+hedge,97.33519553072625,8,11.620111731843563,stagger
syn,stagger_s12,ph,96.43016759776536,8,10.715083798882674,stagger
syn,stagger_s12,ph+half,89.32960893854748,16,3.6145251396647926,stagger
syn,stagger_s12,ph+hedge,96.43016759776536,8,10.715083798882674,stagger
syn,stagger_s12,kswin,97.33519553072625,8,11.620111731843563,stagger
syn,stagger_s12,kswin+half,88.24022346368714,10,2.5251396648044544,stagger
syn,stagger_s12,kswin+hedge,97.33519553072625,8,11.620111731843563,stagger
syn,stagger_s13,none,85.71508379888269,0,0.0,stagger
syn,stagger_s13,ddmM,97.32402234636872,8,11.608938547486037,stagger
syn,stagger_s13,ddm,97.32402234636872,8,11.608938547486037,stagger
syn,stagger_s13,ddm+half,88.23463687150837,9,2.519553072625691,stagger
syn,stagger_s13,ddm+hedge,97.31843575418996,8,11.603351955307273,stagger
syn,stagger_s13,eddm,97.32402234636872,8,11.608938547486037,stagger
syn,stagger_s13,eddm+half,91.78212290502793,24,6.067039106145245,stagger
syn,stagger_s13,eddm+hedge,97.31843575418996,8,11.603351955307273,stagger
syn,stagger_s13,fhddm,85.77094972067039,8,0.05586592178770111,stagger
syn,stagger_s13,fhddm+half,85.77094972067039,8,0.05586592178770111,stagger
syn,stagger_s13,fhddm+hedge,85.77094972067039,8,0.05586592178770111,stagger
syn,stagger_s13,hddma,97.32402234636872,8,11.608938547486037,stagger
syn,stagger_s13,hddma+half,88.26815642458101,9,2.553072625698316,stagger
syn,stagger_s13,hddma+hedge,97.31843575418996,8,11.603351955307273,stagger
syn,stagger_s13,hddmw,97.32402234636872,8,11.608938547486037,stagger
syn,stagger_s13,hddmw+half,88.0949720670391,10,2.379888268156416,stagger
syn,stagger_s13,hddmw+hedge,97.31843575418996,8,11.603351955307273,stagger
syn,stagger_s13,adwin,97.32402234636872,8,11.608938547486037,stagger
syn,stagger_s13,adwin+half,87.99441340782123,16,2.2793296089385406,stagger
syn,stagger_s13,adwin+hedge,97.31843575418996,8,11.603351955307273,stagger
syn,stagger_s13,ph,96.7877094972067,8,11.072625698324023,stagger
syn,stagger_s13,ph+half,88.37988826815642,16,2.6648044692737294,stagger
syn,stagger_s13,ph+hedge,96.78212290502793,8,11.067039106145248,stagger
syn,stagger_s13,kswin,97.32402234636872,8,11.608938547486037,stagger
syn,stagger_s13,kswin+half,88.74301675977654,14,3.027932960893853,stagger
syn,stagger_s13,kswin+hedge,97.31843575418996,8,11.603351955307273,stagger
syn,stagger_s14,none,85.59776536312849,0,0.0,stagger
syn,stagger_s14,ddmM,97.36312849162012,8,11.765363128491623,stagger
syn,stagger_s14,ddm,97.36312849162012,8,11.765363128491623,stagger
syn,stagger_s14,ddm+half,88.36312849162013,8,2.765363128491638,stagger
syn,stagger_s14,ddm+hedge,97.36312849162012,8,11.765363128491623,stagger
syn,stagger_s14,eddm,97.36312849162012,8,11.765363128491623,stagger
syn,stagger_s14,eddm+half,90.47486033519553,18,4.877094972067042,stagger
syn,stagger_s14,eddm+hedge,97.36312849162012,8,11.765363128491623,stagger
syn,stagger_s14,fhddm,85.7877094972067,8,0.18994413407822375,stagger
syn,stagger_s14,fhddm+half,85.7877094972067,8,0.18994413407822375,stagger
syn,stagger_s14,fhddm+hedge,85.7877094972067,8,0.18994413407822375,stagger
syn,stagger_s14,hddma,97.36312849162012,8,11.765363128491623,stagger
syn,stagger_s14,hddma+half,88.16201117318437,8,2.5642458100558763,stagger
syn,stagger_s14,hddma+hedge,97.36312849162012,8,11.765363128491623,stagger
syn,stagger_s14,hddmw,97.36312849162012,8,11.765363128491623,stagger
syn,stagger_s14,hddmw+half,88.16201117318437,8,2.5642458100558763,stagger
syn,stagger_s14,hddmw+hedge,97.36312849162012,8,11.765363128491623,stagger
syn,stagger_s14,adwin,97.36312849162012,8,11.765363128491623,stagger
syn,stagger_s14,adwin+half,88.48603351955306,16,2.8882681564245782,stagger
syn,stagger_s14,adwin+hedge,97.36312849162012,8,11.765363128491623,stagger
syn,stagger_s14,ph,96.52513966480447,8,10.927374301675986,stagger
syn,stagger_s14,ph+half,89.30167597765364,16,3.7039106145251632,stagger
syn,stagger_s14,ph+hedge,96.52513966480447,8,10.927374301675986,stagger
syn,stagger_s14,kswin,96.22905027932961,8,10.631284916201123,stagger
syn,stagger_s14,kswin+half,88.20670391061452,13,2.6089385474860283,stagger
syn,stagger_s14,kswin+hedge,96.22905027932961,8,10.631284916201123,stagger
syn,grid_c5_b500_s10,none,50.522727272727266,0,0.0,grid
syn,grid_c5_b500_s10,ddmM,87.38636363636364,9,36.863636363636374,grid
syn,grid_c5_b500_s10,ddm,87.38636363636364,9,36.863636363636374,grid
syn,grid_c5_b500_s10,ddm+half,52.36363636363636,4,1.840909090909093,grid
syn,grid_c5_b500_s10,ddm+hedge,87.3409090909091,9,36.81818181818183,grid
syn,grid_c5_b500_s10,eddm,87.38636363636364,8,36.863636363636374,grid
syn,grid_c5_b500_s10,eddm+half,53.97727272727273,9,3.4545454545454657,grid
syn,grid_c5_b500_s10,eddm+hedge,87.3409090909091,8,36.81818181818183,grid
syn,grid_c5_b500_s10,fhddm,62.409090909090914,6,11.886363636363651,grid
syn,grid_c5_b500_s10,fhddm+half,50.113636363636374,5,-0.4090909090908923,grid
syn,grid_c5_b500_s10,fhddm+hedge,60.340909090909086,4,9.818181818181825,grid
syn,grid_c5_b500_s10,hddma,87.38636363636364,8,36.863636363636374,grid
syn,grid_c5_b500_s10,hddma+half,51.22727272727272,3,0.7045454545454577,grid
syn,grid_c5_b500_s10,hddma+hedge,87.3409090909091,8,36.81818181818183,grid
syn,grid_c5_b500_s10,hddmw,87.38636363636364,8,36.863636363636374,grid
syn,grid_c5_b500_s10,hddmw+half,47.68181818181818,7,-2.840909090909083,grid
syn,grid_c5_b500_s10,hddmw+hedge,87.3409090909091,8,36.81818181818183,grid
syn,grid_c5_b500_s10,adwin,87.38636363636364,8,36.863636363636374,grid
syn,grid_c5_b500_s10,adwin+half,49.97727272727273,8,-0.5454545454545379,grid
syn,grid_c5_b500_s10,adwin+hedge,87.3409090909091,8,36.81818181818183,grid
syn,grid_c5_b500_s10,ph,85.02272727272728,8,34.50000000000002,grid
syn,grid_c5_b500_s10,ph+half,50.590909090909086,5,0.06818181818182278,grid
syn,grid_c5_b500_s10,ph+hedge,85.61363636363637,8,35.09090909090911,grid
syn,grid_c5_b500_s10,kswin,87.38636363636364,8,36.863636363636374,grid
syn,grid_c5_b500_s10,kswin+half,48.77272727272727,5,-1.7499999999999905,grid
syn,grid_c5_b500_s10,kswin+hedge,87.3409090909091,8,36.81818181818183,grid
syn,grid_c5_b500_s11,none,37.38636363636363,0,0.0,grid
syn,grid_c5_b500_s11,ddmM,83.54545454545455,13,46.159090909090914,grid
syn,grid_c5_b500_s11,ddm,83.54545454545455,13,46.159090909090914,grid
syn,grid_c5_b500_s11,ddm+half,41.20454545454545,5,3.8181818181818206,grid
syn,grid_c5_b500_s11,ddm+hedge,83.52272727272727,13,46.13636363636363,grid
syn,grid_c5_b500_s11,eddm,86.25,8,48.86363636363636,grid
syn,grid_c5_b500_s11,eddm+half,44.954545454545446,8,7.568181818181813,grid
syn,grid_c5_b500_s11,eddm+hedge,86.27272727272728,8,48.88636363636365,grid
syn,grid_c5_b500_s11,fhddm,54.49999999999999,3,17.11363636363636,grid
syn,grid_c5_b500_s11,fhddm+half,36.63636363636364,6,-0.7499999999999951,grid
syn,grid_c5_b500_s11,fhddm+hedge,54.50000000000001,3,17.11363636363637,grid
syn,grid_c5_b500_s11,hddma,86.25,8,48.86363636363636,grid
syn,grid_c5_b500_s11,hddma+half,40.0,3,2.6136363636363624,grid
syn,grid_c5_b500_s11,hddma+hedge,86.27272727272728,8,48.88636363636365,grid
syn,grid_c5_b500_s11,hddmw,86.25,8,48.86363636363636,grid
syn,grid_c5_b500_s11,hddmw+half,38.31818181818182,5,0.9318181818181837,grid
syn,grid_c5_b500_s11,hddmw+hedge,85.54545454545455,8,48.159090909090914,grid
syn,grid_c5_b500_s11,adwin,86.25,8,48.86363636363636,grid
syn,grid_c5_b500_s11,adwin+half,37.09090909090909,8,-0.2954545454545432,grid
syn,grid_c5_b500_s11,adwin+hedge,86.27272727272728,8,48.88636363636365,grid
syn,grid_c5_b500_s11,ph,83.54545454545455,8,46.159090909090914,grid
syn,grid_c5_b500_s11,ph+half,44.84090909090908,7,7.454545454545447,grid
syn,grid_c5_b500_s11,ph+hedge,83.59090909090908,8,46.204545454545446,grid
syn,grid_c5_b500_s11,kswin,83.22727272727273,7,45.84090909090911,grid
syn,grid_c5_b500_s11,kswin+half,38.06818181818181,7,0.6818181818181779,grid
syn,grid_c5_b500_s11,kswin+hedge,83.22727272727273,7,45.84090909090911,grid
syn,grid_c5_b2000_s10,none,83.62011173184358,0,0.0,grid
syn,grid_c5_b2000_s10,ddmM,96.9608938547486,16,13.340782122905026,grid
syn,grid_c5_b2000_s10,ddm,96.9608938547486,16,13.340782122905026,grid
syn,grid_c5_b2000_s10,ddm+half,86.59776536312849,10,2.9776536312849045,grid
syn,grid_c5_b2000_s10,ddm+hedge,96.9608938547486,16,13.340782122905026,grid
syn,grid_c5_b2000_s10,eddm,96.9608938547486,8,13.340782122905026,grid
syn,grid_c5_b2000_s10,eddm+half,89.89385474860335,17,6.27374301675977,grid
syn,grid_c5_b2000_s10,eddm+hedge,96.9608938547486,8,13.340782122905026,grid
syn,grid_c5_b2000_s10,fhddm,83.63128491620111,8,0.0111731843575269,grid
syn,grid_c5_b2000_s10,fhddm+half,83.62569832402235,8,0.00558659217876345,grid
syn,grid_c5_b2000_s10,fhddm+hedge,83.63128491620111,8,0.0111731843575269,grid
syn,grid_c5_b2000_s10,hddma,96.9608938547486,8,13.340782122905026,grid
syn,grid_c5_b2000_s10,hddma+half,86.59776536312849,8,2.9776536312849045,grid
syn,grid_c5_b2000_s10,hddma+hedge,96.9608938547486,8,13.340782122905026,grid
syn,grid_c5_b2000_s10,hddmw,96.9608938547486,8,13.340782122905026,grid
syn,grid_c5_b2000_s10,hddmw+half,86.83798882681563,10,3.2178770949720548,grid
syn,grid_c5_b2000_s10,hddmw+hedge,96.9608938547486,8,13.340782122905026,grid
syn,grid_c5_b2000_s10,adwin,96.9608938547486,8,13.340782122905026,grid
syn,grid_c5_b2000_s10,adwin+half,86.64804469273743,16,3.027932960893842,grid
syn,grid_c5_b2000_s10,adwin+hedge,96.9608938547486,8,13.340782122905026,grid
syn,grid_c5_b2000_s10,ph,96.9608938547486,8,13.340782122905026,grid
syn,grid_c5_b2000_s10,ph+half,86.64804469273743,16,3.027932960893842,grid
syn,grid_c5_b2000_s10,ph+hedge,96.9608938547486,8,13.340782122905026,grid
syn,grid_c5_b2000_s10,kswin,96.9608938547486,8,13.340782122905026,grid
syn,grid_c5_b2000_s10,kswin+half,86.64245810055866,14,3.0223463687150676,grid
syn,grid_c5_b2000_s10,kswin+hedge,96.9608938547486,8,13.340782122905026,grid
syn,grid_c5_b2000_s11,none,81.77653631284916,0,0.0,grid
syn,grid_c5_b2000_s11,ddmM,96.4245810055866,30,14.64804469273745,grid
syn,grid_c5_b2000_s11,ddm,96.4245810055866,30,14.64804469273745,grid
syn,grid_c5_b2000_s11,ddm+half,85.81564245810057,18,4.039106145251415,grid
syn,grid_c5_b2000_s11,ddm+hedge,95.84357541899442,22,14.067039106145263,grid
syn,grid_c5_b2000_s11,eddm,96.56983240223462,8,14.793296089385466,grid
syn,grid_c5_b2000_s11,eddm+half,88.10055865921788,15,6.3240223463687295,grid
syn,grid_c5_b2000_s11,eddm+hedge,96.52513966480447,8,14.748603351955314,grid
syn,grid_c5_b2000_s11,fhddm,81.70391061452514,8,-0.07262569832401367,grid
syn,grid_c5_b2000_s11,fhddm+half,81.7877094972067,8,0.011173184357549104,grid
syn,grid_c5_b2000_s11,fhddm+hedge,81.731843575419,8,-0.04469273743015201,grid
syn,grid_c5_b2000_s11,hddma,96.56983240223462,8,14.793296089385466,grid
syn,grid_c5_b2000_s11,hddma+half,85.53631284916202,8,3.7597765363128643,grid
syn,grid_c5_b2000_s11,hddma+hedge,96.52513966480447,8,14.748603351955314,grid
syn,grid_c5_b2000_s11,hddmw,96.22905027932961,8,14.452513966480451,grid
syn,grid_c5_b2000_s11,hddmw+half,85.35754189944134,8,3.5810055865921897,grid
syn,grid_c5_b2000_s11,hddmw+hedge,96.19553072625699,8,14.418994413407827,grid
syn,grid_c5_b2000_s11,adwin,96.56983240223462,8,14.793296089385466,grid
syn,grid_c5_b2000_s11,adwin+half,85.14525139664806,16,3.368715083798901,grid
syn,grid_c5_b2000_s11,adwin+hedge,96.52513966480447,8,14.748603351955314,grid
syn,grid_c5_b2000_s11,ph,96.02234636871508,8,14.245810055865926,grid
syn,grid_c5_b2000_s11,ph+half,85.5530726256983,16,3.7765363128491547,grid
syn,grid_c5_b2000_s11,ph+hedge,96.0,8,14.22346368715084,grid
syn,grid_c5_b2000_s11,kswin,94.8435754189944,6,13.06703910614525,grid
syn,grid_c5_b2000_s11,kswin+half,85.11173184357543,12,3.335195530726276,grid
syn,grid_c5_b2000_s11,kswin+hedge,94.81564245810056,6,13.0391061452514,grid
syn,grid_c30_b500_s10,none,49.59090909090909,0,0.0,grid
syn,grid_c30_b500_s10,ddmM,83.20454545454545,14,33.61363636363636,grid
syn,grid_c30_b500_s10,ddm,83.20454545454545,14,33.61363636363636,grid
syn,grid_c30_b500_s10,ddm+half,49.59090909090909,3,0.0,grid
syn,grid_c30_b500_s10,ddm+hedge,83.15909090909092,13,33.56818181818183,grid
syn,grid_c30_b500_s10,eddm,84.56818181818181,8,34.97727272727272,grid
syn,grid_c30_b500_s10,eddm+half,54.27272727272727,8,4.681818181818182,grid
syn,grid_c30_b500_s10,eddm+hedge,84.13636363636363,8,34.54545454545454,grid
syn,grid_c30_b500_s10,fhddm,61.45454545454546,6,11.86363636363637,grid
syn,grid_c30_b500_s10,fhddm+half,51.15909090909091,4,1.5681818181818186,grid
syn,grid_c30_b500_s10,fhddm+hedge,58.86363636363636,6,9.272727272727272,grid
syn,grid_c30_b500_s10,hddma,84.56818181818181,8,34.97727272727272,grid
syn,grid_c30_b500_s10,hddma+half,51.02272727272727,3,1.431818181818184,grid
syn,grid_c30_b500_s10,hddma+hedge,84.13636363636363,8,34.54545454545454,grid
syn,grid_c30_b500_s10,hddmw,84.56818181818181,8,34.97727272727272,grid
syn,grid_c30_b500_s10,hddmw+half,52.25,8,2.6590909090909056,grid
syn,grid_c30_b500_s10,hddmw+hedge,84.13636363636363,8,34.54545454545454,grid
syn,grid_c30_b500_s10,adwin,84.56818181818181,8,34.97727272727272,grid
syn,grid_c30_b500_s10,adwin+half,52.97727272727273,4,3.3863636363636376,grid
syn,grid_c30_b500_s10,adwin+hedge,84.13636363636363,8,34.54545454545454,grid
syn,grid_c30_b500_s10,ph,82.54545454545455,8,32.95454545454545,grid
syn,grid_c30_b500_s10,ph+half,50.31818181818182,1,0.7272727272727264,grid
syn,grid_c30_b500_s10,ph+hedge,80.99999999999997,8,31.40909090909088,grid
syn,grid_c30_b500_s10,kswin,84.56818181818181,8,34.97727272727272,grid
syn,grid_c30_b500_s10,kswin+half,50.022727272727266,2,0.4318181818181721,grid
syn,grid_c30_b500_s10,kswin+hedge,84.13636363636363,8,34.54545454545454,grid
syn,grid_c30_b500_s11,none,33.13636363636363,0,0.0,grid
syn,grid_c30_b500_s11,ddmM,79.63636363636361,15,46.49999999999998,grid
syn,grid_c30_b500_s11,ddm,80.84090909090908,17,47.70454545454544,grid
syn,grid_c30_b500_s11,ddm+half,39.81818181818183,5,6.681818181818189,grid
syn,grid_c30_b500_s11,ddm+hedge,80.34090909090907,12,47.204545454545425,grid
syn,grid_c30_b500_s11,eddm,81.72727272727272,8,48.59090909090908,grid
syn,grid_c30_b500_s11,eddm+half,49.09090909090909,20,15.95454545454546,grid
syn,grid_c30_b500_s11,eddm+hedge,80.90909090909088,8,47.77272727272724,grid
syn,grid_c30_b500_s11,fhddm,56.340909090909086,8,23.20454545454545,grid
syn,grid_c30_b500_s11,fhddm+half,32.11363636363637,6,-1.0227272727272696,grid
syn,grid_c30_b500_s11,fhddm+hedge,55.477272727272734,8,22.340909090909093,grid
syn,grid_c30_b500_s11,hddma,81.72727272727272,8,48.59090909090908,grid
syn,grid_c30_b500_s11,hddma+half,39.36363636363636,5,6.227272727272726,grid
syn,grid_c30_b500_s11,hddma+hedge,80.90909090909088,8,47.77272727272724,grid
syn,grid_c30_b500_s11,hddmw,81.72727272727272,8,48.59090909090908,grid
syn,grid_c30_b500_s11,hddmw+half,39.63636363636363,9,6.499999999999995,grid
syn,grid_c30_b500_s11,hddmw+hedge,80.90909090909088,8,47.77272727272724,grid
syn,grid_c30_b500_s11,adwin,81.72727272727272,8,48.59090909090908,grid
syn,grid_c30_b500_s11,adwin+half,32.06818181818182,6,-1.0681818181818126,grid
syn,grid_c30_b500_s11,adwin+hedge,80.90909090909088,8,47.77272727272724,grid
syn,grid_c30_b500_s11,ph,81.72727272727272,8,48.59090909090908,grid
syn,grid_c30_b500_s11,ph+half,41.52272727272728,6,8.386363636363642,grid
syn,grid_c30_b500_s11,ph+hedge,80.90909090909088,8,47.77272727272724,grid
syn,grid_c30_b500_s11,kswin,81.72727272727272,8,48.59090909090908,grid
syn,grid_c30_b500_s11,kswin+half,39.27272727272727,8,6.13636363636364,grid
syn,grid_c30_b500_s11,kswin+hedge,80.90909090909088,8,47.77272727272724,grid
syn,grid_c30_b2000_s10,none,83.31843575418993,0,0.0,grid
syn,grid_c30_b2000_s10,ddmM,95.11173184357543,12,11.793296089385485,grid
syn,grid_c30_b2000_s10,ddm,95.11173184357543,12,11.793296089385485,grid
syn,grid_c30_b2000_s10,ddm+half,86.0167597765363,8,2.6983240223463656,grid
syn,grid_c30_b2000_s10,ddm+hedge,94.89944134078212,8,11.581005586592186,grid
syn,grid_c30_b2000_s10,eddm,95.07821229050279,11,11.75977653631286,grid
syn,grid_c30_b2000_s10,eddm+half,88.8268156424581,20,5.508379888268166,grid
syn,grid_c30_b2000_s10,eddm+hedge,94.88826815642459,9,11.56983240223466,grid
syn,grid_c30_b2000_s10,fhddm,83.50837988826817,8,0.18994413407823485,grid
syn,grid_c30_b2000_s10,fhddm+half,83.98882681564245,8,0.6703910614525244,grid
syn,grid_c30_b2000_s10,fhddm+hedge,83.81564245810054,8,0.49720670391061317,grid
syn,grid_c30_b2000_s10,hddma,95.26815642458101,8,11.949720670391073,grid
syn,grid_c30_b2000_s10,hddma+half,86.0167597765363,8,2.6983240223463656,grid
syn,grid_c30_b2000_s10,hddma+hedge,94.89944134078212,8,11.581005586592186,grid
syn,grid_c30_b2000_s10,hddmw,95.26815642458101,8,11.949720670391073,grid
syn,grid_c30_b2000_s10,hddmw+half,86.0167597765363,8,2.6983240223463656,grid
syn,grid_c30_b2000_s10,hddmw+hedge,94.89944134078212,8,11.581005586592186,grid
syn,grid_c30_b2000_s10,adwin,95.26815642458101,8,11.949720670391073,grid
syn,grid_c30_b2000_s10,adwin+half,86.51396648044694,16,3.195530726257001,grid
syn,grid_c30_b2000_s10,adwin+hedge,94.81005586592177,13,11.491620111731837,grid
syn,grid_c30_b2000_s10,ph,94.97765363128491,8,11.659217877094974,grid
syn,grid_c30_b2000_s10,ph+half,86.62569832402235,16,3.3072625698324143,grid
syn,grid_c30_b2000_s10,ph+hedge,94.3463687150838,10,11.02793296089386,grid
syn,grid_c30_b2000_s10,kswin,95.26815642458101,8,11.949720670391073,grid
syn,grid_c30_b2000_s10,kswin+half,86.08379888268155,9,2.765363128491616,grid
syn,grid_c30_b2000_s10,kswin+hedge,94.89944134078212,8,11.581005586592186,grid
syn,grid_c30_b2000_s11,none,78.58100558659216,0,0.0,grid
syn,grid_c30_b2000_s11,ddmM,93.95530726256983,10,15.374301675977675,grid
syn,grid_c30_b2000_s11,ddm,93.95530726256983,10,15.374301675977675,grid
syn,grid_c30_b2000_s11,ddm+half,81.93854748603353,8,3.357541899441374,grid
syn,grid_c30_b2000_s11,ddm+hedge,93.48044692737429,10,14.899441340782138,grid
syn,grid_c30_b2000_s11,eddm,93.9608938547486,8,15.37988826815645,grid
syn,grid_c30_b2000_s11,eddm+half,84.67597765363128,16,6.094972067039128,grid
syn,grid_c30_b2000_s11,eddm+hedge,93.55865921787709,8,14.977653631284937,grid
syn,grid_c30_b2000_s11,fhddm,79.04469273743018,8,0.46368715083802137,grid
syn,grid_c30_b2000_s11,fhddm+half,79.45251396648044,8,0.8715083798882861,grid
syn,grid_c30_b2000_s11,fhddm+hedge,79.22346368715084,8,0.6424581005586849,grid
syn,grid_c30_b2000_s11,hddma,93.9608938547486,8,15.37988826815645,grid
syn,grid_c30_b2000_s11,hddma+half,81.93854748603353,8,3.357541899441374,grid
syn,grid_c30_b2000_s11,hddma+hedge,93.55865921787709,8,14.977653631284937,grid
syn,grid_c30_b2000_s11,hddmw,93.9608938547486,8,15.37988826815645,grid
syn,grid_c30_b2000_s11,hddmw+half,82.11173184357541,9,3.530726256983252,grid
syn,grid_c30_b2000_s11,hddmw+hedge,93.55865921787709,8,14.977653631284937,grid
syn,grid_c30_b2000_s11,adwin,93.9608938547486,8,15.37988826815645,grid
syn,grid_c30_b2000_s11,adwin+half,83.44134078212291,16,4.860335195530752,grid
syn,grid_c30_b2000_s11,adwin+hedge,93.48603351955308,14,14.905027932960923,grid
syn,grid_c30_b2000_s11,ph,93.9608938547486,8,15.37988826815645,grid
syn,grid_c30_b2000_s11,ph+half,83.21229050279328,16,4.631284916201128,grid
syn,grid_c30_b2000_s11,ph+hedge,93.55307262569833,11,14.972067039106173,grid
syn,grid_c30_b2000_s11,kswin,93.9608938547486,8,15.37988826815645,grid
syn,grid_c30_b2000_s11,kswin+half,82.21229050279328,9,3.6312849162011274,grid
syn,grid_c30_b2000_s11,kswin+hedge,93.55865921787709,8,14.977653631284937,grid
syn,grid_c100_b500_s10,none,45.15909090909091,0,0.0,grid
syn,grid_c100_b500_s10,ddmM,70.29545454545455,8,25.136363636363647,grid
syn,grid_c100_b500_s10,ddm,70.29545454545455,8,25.136363636363647,grid
syn,grid_c100_b500_s10,ddm+half,49.11363636363637,7,3.9545454545454604,grid
syn,grid_c100_b500_s10,ddm+hedge,69.15909090909092,8,24.00000000000001,grid
syn,grid_c100_b500_s10,eddm,64.72727272727273,18,19.568181818181827,grid
syn,grid_c100_b500_s10,eddm+half,45.15909090909091,2,0.0,grid
syn,grid_c100_b500_s10,eddm+hedge,67.27272727272727,13,22.113636363636367,grid
syn,grid_c100_b500_s10,fhddm,55.72727272727273,9,10.56818181818182,grid
syn,grid_c100_b500_s10,fhddm+half,47.8409090909091,8,2.6818181818181963,grid
syn,grid_c100_b500_s10,fhddm+hedge,54.79545454545455,9,9.636363636363644,grid
syn,grid_c100_b500_s10,hddma,70.29545454545455,8,25.136363636363647,grid
syn,grid_c100_b500_s10,hddma+half,49.11363636363637,7,3.9545454545454604,grid
syn,grid_c100_b500_s10,hddma+hedge,69.15909090909092,8,24.00000000000001,grid
syn,grid_c100_b500_s10,hddmw,70.29545454545455,8,25.136363636363647,grid
syn,grid_c100_b500_s10,hddmw+half,48.68181818181817,8,3.5227272727272716,grid
syn,grid_c100_b500_s10,hddmw+hedge,69.15909090909092,8,24.00000000000001,grid
syn,grid_c100_b500_s10,adwin,70.29545454545455,8,25.136363636363647,grid
syn,grid_c100_b500_s10,adwin+half,45.59090909090908,1,0.43181818181817766,grid
syn,grid_c100_b500_s10,adwin+hedge,67.43181818181819,9,22.272727272727288,grid
syn,grid_c100_b500_s10,ph,61.727272727272734,8,16.568181818181827,grid
syn,grid_c100_b500_s10,ph+half,50.590909090909086,7,5.431818181818182,grid
syn,grid_c100_b500_s10,ph+hedge,60.74999999999999,8,15.590909090909088,grid
syn,grid_c100_b500_s10,kswin,69.81818181818183,9,24.65909090909092,grid
syn,grid_c100_b500_s10,kswin+half,47.22727272727273,7,2.0681818181818246,grid
syn,grid_c100_b500_s10,kswin+hedge,69.15909090909092,9,24.00000000000001,grid
syn,grid_c100_b500_s11,none,39.63636363636364,0,0.0,grid
syn,grid_c100_b500_s11,ddmM,69.06818181818183,9,29.431818181818187,grid
syn,grid_c100_b500_s11,ddm,69.06818181818183,9,29.431818181818187,grid
syn,grid_c100_b500_s11,ddm+half,46.77272727272727,8,7.13636363636363,grid
syn,grid_c100_b500_s11,ddm+hedge,67.68181818181819,8,28.045454545454547,grid
syn,grid_c100_b500_s11,eddm,64.4090909090909,17,24.772727272727263,grid
syn,grid_c100_b500_s11,eddm+half,46.61363636363636,13,6.977272727272715,grid
syn,grid_c100_b500_s11,eddm+hedge,64.04545454545455,15,24.409090909090907,grid
syn,grid_c100_b500_s11,fhddm,52.29545454545455,8,12.659090909090903,grid
syn,grid_c100_b500_s11,fhddm+half,43.75000000000001,7,4.113636363636363,grid
syn,grid_c100_b500_s11,fhddm+hedge,50.56818181818182,8,10.931818181818182,grid
syn,grid_c100_b500_s11,hddma,68.65909090909092,9,29.022727272727273,grid
syn,grid_c100_b500_s11,hddma+half,42.61363636363635,4,2.9772727272727115,grid
syn,grid_c100_b500_s11,hddma+hedge,67.68181818181819,8,28.045454545454547,grid
syn,grid_c100_b500_s11,hddmw,69.52272727272728,8,29.88636363636364,grid
syn,grid_c100_b500_s11,hddmw+half,44.97727272727273,8,5.340909090909085,grid
syn,grid_c100_b500_s11,hddmw+hedge,67.68181818181819,8,28.045454545454547,grid
syn,grid_c100_b500_s11,adwin,68.22727272727273,9,28.590909090909093,grid
syn,grid_c100_b500_s11,adwin+half,40.43181818181818,1,0.7954545454545381,grid
syn,grid_c100_b500_s11,adwin+hedge,64.06818181818181,12,24.431818181818173,grid
syn,grid_c100_b500_s11,ph,60.13636363636364,8,20.5,grid
syn,grid_c100_b500_s11,ph+half,45.95454545454546,6,6.3181818181818175,grid
syn,grid_c100_b500_s11,ph+hedge,60.18181818181817,9,20.54545454545453,grid
syn,grid_c100_b500_s11,kswin,68.25000000000001,10,28.61363636363637,grid
syn,grid_c100_b500_s11,kswin+half,44.340909090909086,7,4.704545454545444,grid
syn,grid_c100_b500_s11,kswin+hedge,65.86363636363637,11,26.227272727272727,grid
syn,grid_c100_b2000_s10,none,77.06145251396647,0,0.0,grid
syn,grid_c100_b2000_s10,ddmM,87.69832402234637,9,10.636871508379897,grid
syn,grid_c100_b2000_s10,ddm,87.69832402234637,9,10.636871508379897,grid
syn,grid_c100_b2000_s10,ddm+half,79.463687150838,8,2.402234636871514,grid
syn,grid_c100_b2000_s10,ddm+hedge,86.87709497206704,8,9.815642458100559,grid
syn,grid_c100_b2000_s10,eddm,85.52513966480446,22,8.463687150837973,grid
syn,grid_c100_b2000_s10,eddm+half,81.85474860335195,29,4.793296089385468,grid
syn,grid_c100_b2000_s10,eddm+hedge,83.93296089385476,32,6.87150837988828,grid
syn,grid_c100_b2000_s10,fhddm,75.98882681564245,25,-1.0726256983240257,grid
syn,grid_c100_b2000_s10,fhddm+half,79.1731843575419,9,2.111731843575426,grid
syn,grid_c100_b2000_s10,fhddm+hedge,78.50837988826814,10,1.4469273743016653,grid
syn,grid_c100_b2000_s10,hddma,87.84916201117319,8,10.78770949720671,grid
syn,grid_c100_b2000_s10,hddma+half,79.463687150838,8,2.402234636871514,grid
syn,grid_c100_b2000_s10,hddma+hedge,86.87709497206704,8,9.815642458100559,grid
syn,grid_c100_b2000_s10,hddmw,87.84916201117319,8,10.78770949720671,grid
syn,grid_c100_b2000_s10,hddmw+half,79.463687150838,8,2.402234636871514,grid
syn,grid_c100_b2000_s10,hddmw+hedge,86.87709497206704,8,9.815642458100559,grid
syn,grid_c100_b2000_s10,adwin,81.60893854748602,26,4.547486033519544,grid
syn,grid_c100_b2000_s10,adwin+half,80.37430167597765,17,3.3128491620111777,grid
syn,grid_c100_b2000_s10,adwin+hedge,85.66480446927375,21,8.60335195530727,grid
syn,grid_c100_b2000_s10,ph,79.41899441340784,26,2.357541899441362,grid
syn,grid_c100_b2000_s10,ph+half,80.53631284916203,17,3.474860335195551,grid
syn,grid_c100_b2000_s10,ph+hedge,85.73743016759776,20,8.675977653631284,grid
syn,grid_c100_b2000_s10,kswin,87.84916201117319,8,10.78770949720671,grid
syn,grid_c100_b2000_s10,kswin+half,79.74301675977654,9,2.681564245810064,grid
syn,grid_c100_b2000_s10,kswin+hedge,85.57541899441341,14,8.513966480446932,grid
syn,grid_c100_b2000_s11,none,75.87150837988827,0,0.0,grid
syn,grid_c100_b2000_s11,ddmM,87.12290502793294,9,11.251396648044686,grid
syn,grid_c100_b2000_s11,ddm,87.12290502793294,9,11.251396648044686,grid
syn,grid_c100_b2000_s11,ddm+half,78.41340782122906,8,2.541899441340789,grid
syn,grid_c100_b2000_s11,ddm+hedge,86.49162011173183,8,10.620111731843574,grid
syn,grid_c100_b2000_s11,eddm,85.01675977653632,21,9.145251396648057,grid
syn,grid_c100_b2000_s11,eddm+half,81.03351955307264,25,5.162011173184366,grid
syn,grid_c100_b2000_s11,eddm+hedge,84.79329608938549,16,8.92178770949723,grid
syn,grid_c100_b2000_s11,fhddm,73.5921787709497,26,-2.279329608938563,grid
syn,grid_c100_b2000_s11,fhddm+half,78.63687150837988,9,2.765363128491616,grid
syn,grid_c100_b2000_s11,fhddm+hedge,77.40782122905028,11,1.5363128491620137,grid
syn,grid_c100_b2000_s11,hddma,87.34078212290501,8,11.46927374301675,grid
syn,grid_c100_b2000_s11,hddma+half,78.41340782122906,8,2.541899441340789,grid
syn,grid_c100_b2000_s11,hddma+hedge,86.49162011173183,8,10.620111731843574,grid
syn,grid_c100_b2000_s11,hddmw,87.34078212290501,8,11.46927374301675,grid
syn,grid_c100_b2000_s11,hddmw+half,78.41340782122906,8,2.541899441340789,grid
syn,grid_c100_b2000_s11,hddmw+hedge,86.49162011173183,8,10.620111731843574,grid
syn,grid_c100_b2000_s11,adwin,80.82122905027934,28,4.949720670391078,grid
syn,grid_c100_b2000_s11,adwin+half,79.98882681564247,17,4.1173184357542025,grid
syn,grid_c100_b2000_s11,adwin+hedge,85.10614525139665,22,9.234636871508384,grid
syn,grid_c100_b2000_s11,ph,79.23463687150837,27,3.3631284916201043,grid
syn,grid_c100_b2000_s11,ph+half,80.03351955307262,17,4.1620111731843545,grid
syn,grid_c100_b2000_s11,ph+hedge,85.11173184357543,22,9.240223463687169,grid
syn,grid_c100_b2000_s11,kswin,87.34078212290501,8,11.46927374301675,grid
syn,grid_c100_b2000_s11,kswin+half,79.19553072625698,10,3.3240223463687157,grid
syn,grid_c100_b2000_s11,kswin+hedge,85.45810055865923,13,9.586592178770958,grid
