group,stream,pol,acc,ll,resets,d_acc
real,covertype,none,94.78519012675116,0.16378655407316237,0,0.0
real,covertype,ddmM,94.3408939292862,0.1837409280093541,50,-0.4442961974649662
real,covertype,ddm,94.3408939292862,0.1839996458173213,48,-0.4442961974649662
real,covertype,ddm+half,94.79986657771849,0.16294235057867232,34,0.0146764509673325
real,covertype,ddm+hedge,94.75250166777852,0.16813102993758736,98,-0.03268845897265171
real,covertype,eddm,91.59973315543695,0.25181684725532827,164,-3.1854569713142045
real,covertype,eddm+half,94.75183455637091,0.16591564575159656,178,-0.03335557038025572
real,covertype,eddm+hedge,94.81721147431622,0.1752813022085419,179,0.03202134756505881
real,covertype,fhddm,91.1727818545697,0.3242487727135001,107,-3.6124082721814554
real,covertype,fhddm+half,94.76784523015344,0.16612848367926222,22,-0.01734489659771521
real,covertype,fhddm+hedge,94.81987991994664,0.16010656872711537,21,0.03468979319547483
real,covertype,hddma,80.87391594396264,0.6218055908318783,589,-13.911274182788524
real,covertype,hddma+half,94.70180120080055,0.16674876697342522,97,-0.08338892595062264
real,covertype,hddma+hedge,94.82588392261508,0.1697170560292606,98,0.04069379586392197
real,covertype,hddmw,89.92328218812541,0.27250059010343414,187,-4.8619079386257535
real,covertype,hddmw+half,94.7104736490994,0.1665708022165238,44,-0.07471647765175948
real,covertype,hddmw+hedge,94.84923282188124,0.16027708910333285,43,0.06404269513008432
real,covertype,adwin,83.8438959306204,0.48400505637585356,277,-10.941294196130757
real,covertype,adwin+half,94.74382921947966,0.16620871868299222,34,-0.041360907271503766
real,covertype,adwin+hedge,94.8045363575717,0.16539773113719503,34,0.019346230820549426
real,covertype,ph,89.13075383589059,0.34847872996485496,133,-5.654436290860576
real,covertype,ph+half,94.75850567044697,0.1644742084105724,25,-0.02668445630419347
real,covertype,ph+hedge,94.78118745830554,0.1634530781982054,22,-0.004002668445624025
real,covertype,kswin,91.18212141427618,0.26421833337367456,118,-3.603068712474977
real,covertype,kswin+half,94.73382254836558,0.16666241372812385,39,-0.05136757838558603
real,covertype,kswin+hedge,94.83522348232154,0.1608933543536776,32,0.050033355570378024
real,insects_abrupt_imbalanced,none,79.40026684456305,0.5615675341853792,0,0.0
real,insects_abrupt_imbalanced,ddmM,79.61574382921948,0.5574027614345831,5,0.2154769846564375
real,insects_abrupt_imbalanced,ddm,79.61574382921948,0.5574027614345831,5,0.2154769846564375
real,insects_abrupt_imbalanced,ddm+half,79.49432955303534,0.5595323949324975,6,0.0940627084722978
real,insects_abrupt_imbalanced,ddm+hedge,79.62374916611074,0.5574396386539292,5,0.22348232154768555
real,insects_abrupt_imbalanced,eddm,79.31621080720483,0.5641826906745644,12,-0.08405603735822664
real,insects_abrupt_imbalanced,eddm+half,79.39959973315545,0.5617312017351284,5,-0.0006671114075929019
real,insects_abrupt_imbalanced,eddm+hedge,79.46897931954636,0.5616660619376763,80,0.06871247498331234
real,insects_abrupt_imbalanced,fhddm,79.46030687124751,0.5626216315166757,12,0.06004002668446029
real,insects_abrupt_imbalanced,fhddm+half,79.47898599066045,0.5600268494841035,13,0.07871914609739461
real,insects_abrupt_imbalanced,fhddm+hedge,79.50700466977985,0.5597149989514931,11,0.10673782521679609
real,insects_abrupt_imbalanced,hddma,79.73048699132755,0.5544154066333353,6,0.33022014676450384
real,insects_abrupt_imbalanced,hddma+half,79.48832555036692,0.5593017992276498,5,0.08805870580387287
real,insects_abrupt_imbalanced,hddma+hedge,79.71981320880587,0.5544989547701321,7,0.31954636424281757
real,insects_abrupt_imbalanced,hddmw,79.70513675783857,0.5562497316907477,17,0.3048699132755184
real,insects_abrupt_imbalanced,hddmw+half,79.45096731154104,0.5599111330533956,16,0.05070046697798203
real,insects_abrupt_imbalanced,hddmw+hedge,79.73448965977319,0.5535084836224256,17,0.33422281521013897
real,insects_abrupt_imbalanced,adwin,79.75517011340895,0.5545525154463444,7,0.3549032688459075
real,insects_abrupt_imbalanced,adwin+half,79.4996664442962,0.5588211878094707,9,0.09939959973315204
real,insects_abrupt_imbalanced,adwin+hedge,79.74049366244164,0.5535442377561414,8,0.3402268178785861
real,insects_abrupt_imbalanced,ph,79.67178118745832,0.5580586052714752,16,0.27151434289527376
real,insects_abrupt_imbalanced,ph+half,79.50633755837224,0.5591472276037026,18,0.10607071380919209
real,insects_abrupt_imbalanced,ph+hedge,79.73048699132754,0.5548189503576015,18,0.33022014676449274
real,insects_abrupt_imbalanced,kswin,79.761841227485,0.5538439746272171,7,0.36157438292194755
real,insects_abrupt_imbalanced,kswin+half,79.50233488992663,0.559118987586602,8,0.10206804536357916
real,insects_abrupt_imbalanced,kswin+hedge,79.72781854569713,0.5537345480257481,10,0.3275517011340767
real,insects_gradual_imbalanced,none,81.64245810055866,0.4993956902659123,0,0.0
real,insects_gradual_imbalanced,ddmM,81.65782122905027,0.4992475491167694,5,0.015363128491618916
real,insects_gradual_imbalanced,ddm,81.65782122905027,0.4992475491167694,5,0.015363128491618916
real,insects_gradual_imbalanced,ddm+half,81.6627094972067,0.4986388957645865,7,0.0202513966480522
real,insects_gradual_imbalanced,ddm+hedge,81.66620111731844,0.49893711897473564,6,0.023743016759780744
real,insects_gradual_imbalanced,eddm,81.38337988826815,0.51087310736253,61,-0.25907821229050887
real,insects_gradual_imbalanced,eddm+half,81.65432960893855,0.500758533833375,54,0.011871508379890372
real,insects_gradual_imbalanced,eddm+hedge,81.61033519553074,0.5004826024491593,70,-0.03212290502792037
real,insects_gradual_imbalanced,fhddm,81.64525139664805,0.5009167608061172,9,0.0027932960893983783
real,insects_gradual_imbalanced,fhddm+half,81.67458100558659,0.499317225849839,9,0.03212290502793147
real,insects_gradual_imbalanced,fhddm+hedge,81.68645251396647,0.4986326718611821,9,0.04399441340782184
real,insects_gradual_imbalanced,hddma,81.75488826815642,0.4978887157478576,7,0.1124301675977657
real,insects_gradual_imbalanced,hddma+half,81.66829608938549,0.4985783530924947,7,0.025837988826837854
real,insects_gradual_imbalanced,hddma+hedge,81.77374301675978,0.49665568651243885,7,0.13128491620112426
real,insects_gradual_imbalanced,hddmw,81.69064245810057,0.499852825588811,12,0.04818435754191386
real,insects_gradual_imbalanced,hddmw+half,81.66131284916202,0.4990171743806167,11,0.018854748603358562
real,insects_gradual_imbalanced,hddmw+hedge,81.76606145251397,0.4969580641020957,13,0.1236033519553037
real,insects_gradual_imbalanced,adwin,81.76536312849163,0.49827166510509874,8,0.12290502793297353
real,insects_gradual_imbalanced,adwin+half,81.66480446927375,0.49865223808629483,10,0.022346368715087106
real,insects_gradual_imbalanced,adwin+hedge,81.78212290502795,0.49649871257346356,8,0.13966480446928609
real,insects_gradual_imbalanced,ph,81.63477653631287,0.5013707201959993,16,-0.0076815642457872535
real,insects_gradual_imbalanced,ph+half,81.6717877094972,0.4988944291450297,16,0.029329608938544194
real,insects_gradual_imbalanced,ph+hedge,81.74581005586592,0.49739680567642236,14,0.1033519553072626
real,insects_gradual_imbalanced,kswin,81.79120111731844,0.4968061094273614,3,0.14874301675977808
real,insects_gradual_imbalanced,kswin+half,81.68156424581005,0.49833879330731895,5,0.03910614525139966
real,insects_gradual_imbalanced,kswin+hedge,81.77583798882682,0.4966596258590262,3,0.13337988826815916
real,insects_incremental_abrupt_balanced,none,76.69799498746866,0.5779077710757399,0,0.0
real,insects_incremental_abrupt_balanced,ddmM,77.72807017543859,0.5566931018320157,22,1.0300751879699255
real,insects_incremental_abrupt_balanced,ddm,77.76315789473685,0.5568003447730517,16,1.06516290726818
real,insects_incremental_abrupt_balanced,ddm+half,76.95112781954889,0.570795408339041,18,0.2531328320802162
real,insects_incremental_abrupt_balanced,ddm+hedge,77.86215538847118,0.5557613921513751,20,1.164160401002512
real,insects_incremental_abrupt_balanced,eddm,77.00250626566417,0.5758369650633407,19,0.30451127819549617
real,insects_incremental_abrupt_balanced,eddm+half,77.02882205513785,0.5726082855620449,74,0.3308270676691816
real,insects_incremental_abrupt_balanced,eddm+hedge,77.67919799498748,0.5566076874878981,26,0.981203007518805
real,insects_incremental_abrupt_balanced,fhddm,76.88220551378447,0.5745504189214675,25,0.18421052631579782
real,insects_incremental_abrupt_balanced,fhddm+half,77.03884711779449,0.5704641978285935,21,0.3408521303258194
real,insects_incremental_abrupt_balanced,fhddm+hedge,77.04135338345866,0.569028654015892,22,0.34335839598998996
real,insects_incremental_abrupt_balanced,hddma,78.52255639097746,0.5401911217111544,21,1.8245614035087843
real,insects_incremental_abrupt_balanced,hddma+half,77.16290726817043,0.5681577099567403,19,0.46491228070175694
real,insects_incremental_abrupt_balanced,hddma+hedge,78.53132832080202,0.5409070268075001,21,1.8333333333333535
real,insects_incremental_abrupt_balanced,hddmw,78.44611528822055,0.5407495494265608,30,1.7481203007518875
real,insects_incremental_abrupt_balanced,hddmw+half,77.1390977443609,0.5689639708398225,29,0.441102756892231
real,insects_incremental_abrupt_balanced,hddmw+hedge,78.468671679198,0.5393135573936461,30,1.7706766917293337
real,insects_incremental_abrupt_balanced,adwin,78.31829573934837,0.5466927668618107,22,1.6203007518797108
real,insects_incremental_abrupt_balanced,adwin+half,77.1904761904762,0.5674810876232016,29,0.4924812030075332
real,insects_incremental_abrupt_balanced,adwin+hedge,78.32581453634084,0.5455066201024251,21,1.627819548872178
real,insects_incremental_abrupt_balanced,ph,77.8922305764411,0.5574989548731639,26,1.1942355889724254
real,insects_incremental_abrupt_balanced,ph+half,77.14661654135338,0.566060837357384,33,0.44862155388472047
real,insects_incremental_abrupt_balanced,ph+hedge,78.13157894736842,0.5515471126848934,24,1.4335839598997535
real,insects_incremental_abrupt_balanced,kswin,78.21052631578947,0.5479764315388443,17,1.5125313283207986
real,insects_incremental_abrupt_balanced,kswin+half,77.16290726817043,0.5687865961485888,17,0.46491228070175694
real,insects_incremental_abrupt_balanced,kswin+hedge,78.12907268170426,0.5498754431402707,18,1.431077694235594
real,h2_airlines,none,69.01001001001,0.5954627990360968,0,0.0
real,h2_airlines,ddmM,69.001001001001,0.5957074628919549,3,-0.009009009009008917
real,h2_airlines,ddm,69.001001001001,0.5957074628919549,3,-0.009009009009008917
real,h2_airlines,ddm+half,68.97497497497498,0.5955977479307534,7,-0.03503503503502481
real,h2_airlines,ddm+hedge,69.002002002002,0.5955394872695532,3,-0.00800800800800916
real,h2_airlines,eddm,68.73673673673675,0.5974794028102055,46,-0.2732732732732557
real,h2_airlines,eddm+half,68.988988988989,0.5956938933352216,20,-0.021021021021006003
real,h2_airlines,eddm+hedge,68.98698698698699,0.595524545973065,20,-0.02302302302301662
real,h2_airlines,fhddm,68.8058058058058,0.5975474432839151,23,-0.20420420420419472
real,h2_airlines,fhddm+half,68.997997997998,0.595625885449923,18,-0.012012012012008189
real,h2_airlines,fhddm+hedge,68.99599599599598,0.595546983985223,18,-0.014014014014018805
real,h2_airlines,hddma,68.86386386386387,0.5972535634544587,18,-0.14614614614613108
real,h2_airlines,hddma+half,69.03703703703702,0.5956688843310081,11,0.02702702702702675
real,h2_airlines,hddma+hedge,68.96896896896897,0.5958078729813884,12,-0.041041041041034454
real,h2_airlines,hddmw,67.88388388388388,0.6050567540479173,81,-1.1261261261261146
real,h2_airlines,hddmw+half,68.91591591591592,0.597259926006144,77,-0.0940940940940882
real,h2_airlines,hddmw+hedge,68.8008008008008,0.597543952716181,79,-0.2092092092092046
real,h2_airlines,adwin,68.92592592592594,0.596250536803477,13,-0.08408408408406842
real,h2_airlines,adwin+half,68.995995995996,0.5956706648487909,13,-0.014014014014007703
real,h2_airlines,adwin+hedge,68.98098098098097,0.5955601326333008,13,-0.029029029029026265
real,h2_airlines,ph,68.69369369369369,0.5978507588926945,28,-0.31631631631631185
real,h2_airlines,ph+half,69.0,0.5958606045121,22,-0.010010010010008674
real,h2_airlines,ph+hedge,69.01501501501501,0.5957665982241913,22,0.005005005005009888
real,h2_airlines,kswin,68.55455455455456,0.5993841745757902,35,-0.45545545545544464
real,h2_airlines,kswin+half,68.991991991992,0.595958352732864,26,-0.018018018018006732
real,h2_airlines,kswin+hedge,68.94894894894894,0.5960595327077903,27,-0.061061061061062905
real,h2_phishing,none,94.56880733944956,0.12499399984944551,0,0.0
real,h2_phishing,ddmM,94.56880733944956,0.12499399984944551,0,0.0
real,h2_phishing,ddm,94.56880733944956,0.12499399984944551,0,0.0
real,h2_phishing,ddm+half,94.56880733944956,0.12499399984944551,0,0.0
real,h2_phishing,ddm+hedge,94.56880733944956,0.12499399984944551,0,0.0
real,h2_phishing,eddm,94.45871559633028,0.12972384741351234,3,-0.11009174311927827
real,h2_phishing,eddm+half,94.48623853211011,0.1277644004449364,7,-0.08256880733945593
real,h2_phishing,eddm+hedge,94.61467889908258,0.12581558104401522,7,0.04587155963302614
real,h2_phishing,fhddm,94.56880733944956,0.12499399984944551,0,0.0
real,h2_phishing,fhddm+half,94.56880733944956,0.12499399984944551,0,0.0
real,h2_phishing,fhddm+hedge,94.56880733944956,0.12499399984944551,0,0.0
real,h2_phishing,hddma,94.56880733944956,0.12499399984944551,0,0.0
real,h2_phishing,hddma+half,94.56880733944956,0.12499399984944551,0,0.0
real,h2_phishing,hddma+hedge,94.56880733944956,0.12499399984944551,0,0.0
real,h2_phishing,hddmw,94.56880733944956,0.12499399984944551,0,0.0
real,h2_phishing,hddmw+half,94.56880733944956,0.12499399984944551,0,0.0
real,h2_phishing,hddmw+hedge,94.56880733944956,0.12499399984944551,0,0.0
real,h2_phishing,adwin,94.56880733944956,0.12499399984944551,0,0.0
real,h2_phishing,adwin+half,94.56880733944956,0.12499399984944551,0,0.0
real,h2_phishing,adwin+hedge,94.56880733944956,0.12499399984944551,0,0.0
real,h2_phishing,ph,94.56880733944956,0.12499399984944551,0,0.0
real,h2_phishing,ph+half,94.56880733944956,0.12499399984944551,0,0.0
real,h2_phishing,ph+hedge,94.56880733944956,0.12499399984944551,0,0.0
real,h2_phishing,kswin,94.56880733944956,0.12499399984944551,0,0.0
real,h2_phishing,kswin+half,94.56880733944956,0.12499399984944551,0,0.0
real,h2_phishing,kswin+hedge,94.56880733944956,0.12499399984944551,0,0.0
real,h2_poker,none,92.55655655655656,0.35567655743808885,0,0.0
real,h2_poker,ddmM,84.41441441441441,0.7638956204577891,465,-8.14214214214215
real,h2_poker,ddm,84.38838838838838,0.765637749616516,464,-8.168168168168178
real,h2_poker,ddm+half,88.88388388388388,0.43613234196213324,389,-3.672672672672672
real,h2_poker,ddm+hedge,90.94894894894895,0.36413808978743073,331,-1.6076076076076085
real,h2_poker,eddm,83.64464464464464,0.6926179954974743,302,-8.911911911911908
real,h2_poker,eddm+half,90.66466466466466,0.39946080152856395,169,-1.8918918918918948
real,h2_poker,eddm+hedge,91.81081081081082,0.3636350536036803,147,-0.7457457457457406
real,h2_poker,fhddm,85.85385385385385,0.7564460465578099,146,-6.702702702702712
real,h2_poker,fhddm+half,91.50950950950951,0.3858402940872334,97,-1.047047047047045
real,h2_poker,fhddm+hedge,92.22122122122121,0.3615356023283422,83,-0.33533533533534055
real,h2_poker,hddma,82.65565565565566,0.8401175576324746,526,-9.9009009009009
real,h2_poker,hddma+half,89.1001001001001,0.43382050816195944,348,-3.4564564564564693
real,h2_poker,hddma+hedge,90.92492492492492,0.370918265263953,296,-1.631631631631636
real,h2_poker,hddmw,84.58858858858859,0.6700924387460265,275,-7.9679679679679705
real,h2_poker,hddmw+half,90.5945945945946,0.40304780270292245,179,-1.9619619619619666
real,h2_poker,hddmw+hedge,92.06506506506507,0.3568121352294676,140,-0.4914914914914914
real,h2_poker,adwin,85.0940940940941,0.6782584115813199,203,-7.46246246246246
real,h2_poker,adwin+half,90.62562562562563,0.397624076130263,157,-1.9309309309309297
real,h2_poker,adwin+hedge,92.00900900900902,0.364704074972096,136,-0.5475475475475444
real,h2_poker,ph,88.56356356356356,0.49572053498569074,107,-3.992992992992994
real,h2_poker,ph+half,91.78578578578579,0.3744248445541993,77,-0.7707707707707678
real,h2_poker,ph+hedge,92.36236236236238,0.3620151091208376,68,-0.19419419419418604
real,h2_poker,kswin,86.38638638638638,0.6205120583346732,195,-6.170170170170175
real,h2_poker,kswin+half,91.26726726726727,0.3892227660539462,134,-1.289289289289286
real,h2_poker,kswin+hedge,92.25325325325326,0.3569037983429242,120,-0.3033033033032928
real,h2_rialto,none,77.46041412911084,0.7063970120725754,0,0.0
real,h2_rialto,ddmM,77.94031668696711,0.6901651040129326,173,0.479902557856271
real,h2_rialto,ddm,78.08526187576128,0.6831869398281675,165,0.6248477466504254
real,h2_rialto,ddm+half,77.74299634591961,0.6974848342494196,105,0.2825822168087688
real,h2_rialto,ddm+hedge,78.70036540803898,0.658524947192349,148,1.2399512789281308
real,h2_rialto,eddm,78.50913520097441,0.6773689887434703,284,1.0487210718635676
real,h2_rialto,eddm+half,77.96102314250915,0.6879501515281291,272,0.500609013398301
real,h2_rialto,eddm+hedge,79.89159561510354,0.6156974265545831,272,2.431181485992695
real,h2_rialto,fhddm,78.3593179049939,0.6710520181241889,94,0.8989037758830531
real,h2_rialto,fhddm+half,77.65651644336174,0.7004973259644052,97,0.19610231425090108
real,h2_rialto,fhddm+hedge,79.115712545676,0.6443255348931866,87,1.655298416565154
real,h2_rialto,hddma,78.24969549330086,0.6814681674166774,123,0.7892813641900198
real,h2_rialto,hddma+half,77.82460414129112,0.6953951217874313,130,0.3641900121802766
real,h2_rialto,hddma+hedge,78.98660170523752,0.6445285102221371,128,1.5261875761266697
real,h2_rialto,hddmw,78.56272838002437,0.6679710330495366,147,1.1023142509135164
real,h2_rialto,hddmw+half,77.77466504263093,0.6965445023614848,152,0.3142509135200866
real,h2_rialto,hddmw+hedge,79.20097442143728,0.6363877417488893,142,1.7405602923264318
real,h2_rialto,adwin,77.63824604141291,0.7024912936130876,129,0.1778319123020622
real,h2_rialto,adwin+half,77.76492082825821,0.6973013478229332,117,0.3045066991473666
real,h2_rialto,adwin+hedge,78.9549330085262,0.6458484355322884,116,1.4945188794153519
real,h2_rialto,ph,78.38976857490863,0.6854649345973758,87,0.929354445797792
real,h2_rialto,ph+half,77.8258221680877,0.6950078523746973,93,0.3654080389768555
real,h2_rialto,ph+hedge,78.83556638246041,0.6529451299817883,89,1.3751522533495764
real,h2_rialto,kswin,78.61266747868454,0.6699944086909736,134,1.1522533495736953
real,h2_rialto,kswin+half,77.83800243605359,0.6935845114800664,142,0.37758830694274437
real,h2_rialto,kswin+hedge,79.21071863581,0.6386117768658615,129,1.7503045066991518
real,h2_spam,none,94.49180327868851,0.1958317367996429,0,0.0
real,h2_spam,ddmM,94.13114754098359,0.1812321267097172,3,-0.360655737704918
real,h2_spam,ddm,94.13114754098359,0.1812321267097172,3,-0.360655737704918
real,h2_spam,ddm+half,94.32786885245902,0.2035473921087163,4,-0.16393442622949506
real,h2_spam,ddm+hedge,94.2295081967213,0.1770536839283702,4,-0.2622950819672121
real,h2_spam,eddm,92.47540983606557,0.29061988468596395,9,-2.0163934426229435
real,h2_spam,eddm+half,94.4262295081967,0.20314635834470016,7,-0.06557377049181135
real,h2_spam,eddm+hedge,94.55737704918033,0.20119956702014102,6,0.06557377049182245
real,h2_spam,fhddm,94.14754098360656,0.2052639454480392,2,-0.34426229508195405
real,h2_spam,fhddm+half,94.72131147540983,0.19326444407646967,2,0.2295081967213175
real,h2_spam,fhddm+hedge,94.36065573770492,0.19789896055669126,2,-0.13114754098360049
real,h2_spam,hddma,93.49180327868851,0.19850818909030238,5,-1.0000000000000009
real,h2_spam,hddma+half,94.2295081967213,0.20792689683078547,3,-0.2622950819672121
real,h2_spam,hddma+hedge,94.1311475409836,0.18476170087739355,5,-0.3606557377049069
real,h2_spam,hddmw,93.78688524590164,0.25385780433639804,3,-0.704918032786872
real,h2_spam,hddmw+half,94.62295081967211,0.1946040868123321,2,0.13114754098360049
real,h2_spam,hddmw+hedge,94.11475409836066,0.20009178361259164,3,-0.3770491803278486
real,h2_spam,adwin,93.90163934426229,0.2520281365718473,2,-0.5901639344262133
real,h2_spam,adwin+half,94.62295081967211,0.1946040868123321,2,0.13114754098360049
real,h2_spam,adwin+hedge,94.24590163934427,0.19630386308885833,2,-0.24590163934424814
real,h2_spam,ph,93.85245901639344,0.24984954791142733,2,-0.6393442622950718
real,h2_spam,ph+half,94.57377049180326,0.19627902149877868,1,0.08196721311475308
real,h2_spam,ph+hedge,94.21311475409834,0.19628534153374239,2,-0.2786885245901649
real,h2_spam,kswin,93.72131147540983,0.28324935081405855,3,-0.7704918032786834
real,h2_spam,kswin+half,94.62295081967211,0.1946040868123321,2,0.13114754098360049
real,h2_spam,kswin+hedge,93.83606557377048,0.20399225247491473,3,-0.6557377049180246
real,h2_weather,none,81.08888888888889,0.4141437297975963,0,0.0
real,h2_weather,ddmM,81.08888888888889,0.4141437297975963,0,0.0
real,h2_weather,ddm,81.08888888888889,0.4141437297975963,0,0.0
real,h2_weather,ddm+half,81.08888888888889,0.4141437297975963,0,0.0
real,h2_weather,ddm+hedge,81.08888888888889,0.4141437297975963,0,0.0
real,h2_weather,eddm,76.16111111111111,0.492558439208765,59,-4.927777777777775
real,h2_weather,eddm+half,80.86111111111111,0.4192037849266349,24,-0.2277777777777712
real,h2_weather,eddm+hedge,80.03888888888888,0.4375339710810512,67,-1.0500000000000065
real,h2_weather,fhddm,78.84444444444445,0.44794241397016216,23,-2.244444444444438
real,h2_weather,fhddm+half,80.98333333333333,0.415214796684256,8,-0.10555555555554763
real,h2_weather,fhddm+hedge,80.86111111111111,0.4172640066218815,10,-0.2277777777777712
real,h2_weather,hddma,81.08888888888889,0.4141437297975963,0,0.0
real,h2_weather,hddma+half,81.08888888888889,0.4141437297975963,0,0.0
real,h2_weather,hddma+hedge,81.08888888888889,0.4141437297975963,0,0.0
real,h2_weather,hddmw,80.43333333333335,0.4236642343198489,6,-0.6555555555555426
real,h2_weather,hddmw+half,81.08333333333334,0.4148435982004103,5,-0.005555555555547542
real,h2_weather,hddmw+hedge,81.11111111111111,0.4152076722658018,5,0.022222222222223476
real,h2_weather,adwin,81.08888888888889,0.4141437297975963,0,0.0
real,h2_weather,adwin+half,81.08888888888889,0.4141437297975963,0,0.0
real,h2_weather,adwin+hedge,81.08888888888889,0.4141437297975963,0,0.0
real,h2_weather,ph,80.55555555555557,0.4219121007097236,6,-0.533333333333319
real,h2_weather,ph+half,81.04999999999998,0.41466715238159124,3,-0.03888888888889941
real,h2_weather,ph+hedge,81.05555555555556,0.4152487154910689,3,-0.03333333333332966
real,h2_weather,kswin,81.08888888888889,0.4141437297975963,0,0.0
real,h2_weather,kswin+half,81.08888888888889,0.4141437297975963,0,0.0
real,h2_weather,kswin+hedge,81.08888888888889,0.4141437297975963,0,0.0
real,h3_airlines_b,none,70.56256256256256,0.5823732046065391,0,0.0
real,h3_airlines_b,ddmM,70.55055055055055,0.5829137555822848,4,-0.012012012012008189
real,h3_airlines_b,ddm,70.55055055055055,0.5829137555822848,4,-0.012012012012008189
real,h3_airlines_b,ddm+half,70.53353353353353,0.5826044482556697,9,-0.029029029029026265
real,h3_airlines_b,ddm+hedge,70.55455455455456,0.5824993780960138,4,-0.00800800800800916
real,h3_airlines_b,eddm,70.24924924924925,0.5866287231863498,79,-0.3133133133133126
real,h3_airlines_b,eddm+half,70.31831831831832,0.5847352342101388,121,-0.24424424424424052
real,h3_airlines_b,eddm+hedge,70.49849849849849,0.5832614949822214,55,-0.06406406406406218
real,h3_airlines_b,fhddm,70.33433433433433,0.5847798871481089,22,-0.2282282282282222
real,h3_airlines_b,fhddm+half,70.53653653653653,0.582735134464754,18,-0.026026026026026994
real,h3_airlines_b,fhddm+hedge,70.53253253253253,0.5827331285362839,17,-0.030030030030026023
real,h3_airlines_b,hddma,70.53853853853855,0.5832566919817117,8,-0.024024024024016377
real,h3_airlines_b,hddma+half,70.54254254254253,0.582529225055022,8,-0.02002002002001735
real,h3_airlines_b,hddma+hedge,70.54454454454454,0.5826494465209126,16,-0.018018018018017834
real,h3_airlines_b,hddmw,69.46746746746747,0.5934283310584882,81,-1.0950950950950888
real,h3_airlines_b,hddmw+half,70.33833833833835,0.5845522557800445,74,-0.22422422422421207
real,h3_airlines_b,hddmw+hedge,70.47447447447446,0.5847696537898974,76,-0.08808808808808966
real,h3_airlines_b,adwin,70.53553553553552,0.583276005724869,14,-0.027027027027037853
real,h3_airlines_b,adwin+half,70.54854854854855,0.5825360030934235,14,-0.014014014014007703
real,h3_airlines_b,adwin+hedge,70.55555555555556,0.58255338298461,14,-0.0070070070069983
real,h3_airlines_b,ph,70.25725725725727,0.5849534281886171,30,-0.3053053053052923
real,h3_airlines_b,ph+half,70.4894894894895,0.5827595954004656,28,-0.07307307307305999
real,h3_airlines_b,ph+hedge,70.50550550550551,0.5829931293811452,30,-0.057057057057052774
real,h3_airlines_b,kswin,70.27427427427428,0.5866652118980953,28,-0.28828828828828534
real,h3_airlines_b,kswin+half,70.48648648648648,0.583308368311672,31,-0.07607607607607036
real,h3_airlines_b,kswin+hedge,70.52952952952953,0.5833639718282796,30,-0.033033033033025294
real,h3_airlines_c,none,65.11311311311312,0.6161786559121094,0,0.0
real,h3_airlines_c,ddmM,65.004004004004,0.6170326688903282,6,-0.10910910910911786
real,h3_airlines_c,ddm,65.004004004004,0.6170326688903282,6,-0.10910910910911786
real,h3_airlines_c,ddm+half,65.09209209209209,0.616320547211438,6,-0.021021021021028208
real,h3_airlines_c,ddm+hedge,65.06706706706706,0.6163940181278699,6,-0.046046046046055444
real,h3_airlines_c,eddm,65.07907907907908,0.6163388510810996,3,-0.034034034034036154
real,h3_airlines_c,eddm+half,65.06906906906906,0.616886197987745,34,-0.04404404404405593
real,h3_airlines_c,eddm+hedge,65.03003003003003,0.6168738763621745,40,-0.08308308308309087
real,h3_airlines_c,fhddm,64.6036036036036,0.6215246947975149,39,-0.5095095095095203
real,h3_airlines_c,fhddm+half,65.02702702702705,0.6168231102502021,32,-0.08608608608607904
real,h3_airlines_c,fhddm+hedge,64.996996996997,0.6171117440301489,30,-0.11611611611612727
real,h3_airlines_c,hddma,65.00700700700702,0.6174922591400647,12,-0.10610610610610749
real,h3_airlines_c,hddma+half,65.07607607607606,0.6164201013325892,11,-0.03703703703705763
real,h3_airlines_c,hddma+hedge,65.12212212212212,0.6164076983499241,10,0.009009009008997815
real,h3_airlines_c,hddmw,63.72472472472472,0.6309618929393439,120,-1.3883883883883952
real,h3_airlines_c,hddmw+half,64.9079079079079,0.6181911989444671,127,-0.20520520520521668
real,h3_airlines_c,hddmw+hedge,64.87787787787788,0.6196292744311372,118,-0.2352352352352427
real,h3_airlines_c,adwin,64.998998998999,0.6173481530098059,13,-0.11411411411411665
real,h3_airlines_c,adwin+half,65.09409409409409,0.6164970691740412,13,-0.019019019019028693
real,h3_airlines_c,adwin+hedge,65.1031031031031,0.6164150939134686,13,-0.010010010010019776
real,h3_airlines_c,ph,64.66866866866866,0.6202730161568625,32,-0.4444444444444584
real,h3_airlines_c,ph+half,65.06706706706706,0.6167356646520737,23,-0.046046046046055444
real,h3_airlines_c,ph+hedge,65.03303303303302,0.6167399655245541,21,-0.0800800800800916
real,h3_airlines_c,kswin,64.31531531531532,0.6250551720586218,77,-0.7977977977978057
real,h3_airlines_c,kswin+half,65.03303303303304,0.6172634562870146,67,-0.0800800800800805
real,h3_airlines_c,kswin+hedge,65.01701701701703,0.6180819969736487,67,-0.09609609609609882
real,h3_covertype_b,none,96.61661661661662,0.11548749798593481,0,0.0
real,h3_covertype_b,ddmM,95.66566566566567,0.1664602341169824,14,-0.9509509509509573
real,h3_covertype_b,ddm,95.66566566566567,0.1664602341169824,14,-0.9509509509509573
real,h3_covertype_b,ddm+half,96.57857857857859,0.11691203357120845,165,-0.03803803803803518
real,h3_covertype_b,ddm+hedge,96.46746746746747,0.1297458663167608,54,-0.14914914914915256
real,h3_covertype_b,eddm,91.4864864864865,0.22419890542352586,101,-5.130130130130128
real,h3_covertype_b,eddm+half,96.61161161161162,0.11582454102848705,27,-0.005005005004998786
real,h3_covertype_b,eddm+hedge,96.58058058058059,0.14072042968205128,84,-0.03603603603603567
real,h3_covertype_b,fhddm,92.24124124124124,0.37494019715643184,49,-4.375375375375379
real,h3_covertype_b,fhddm+half,96.6086086086086,0.11592303256053162,3,-0.008008008008020262
real,h3_covertype_b,fhddm+hedge,96.61761761761763,0.11626327101460154,2,0.0010010010009997572
real,h3_covertype_b,hddma,71.58358358358358,1.4761280527902643,497,-25.033033033033046
real,h3_covertype_b,hddma+half,96.52052052052052,0.11831257670028512,64,-0.09609609609609882
real,h3_covertype_b,hddma+hedge,96.55255255255256,0.13093618423878697,56,-0.06406406406407328
real,h3_covertype_b,hddmw,81.61861861861863,1.2501957399722088,215,-14.997997997997992
real,h3_covertype_b,hddmw+half,96.61761761761763,0.11555174783251139,14,0.0010010010009997572
real,h3_covertype_b,hddmw+hedge,96.60260260260262,0.11945571094120172,14,-0.014014014014007703
real,h3_covertype_b,adwin,70.06406406406407,1.5022285863462206,329,-26.552552552552555
real,h3_covertype_b,adwin+half,96.5925925925926,0.11633710282766142,19,-0.02402402402402748
real,h3_covertype_b,adwin+hedge,96.58658658658659,0.11955920570118243,16,-0.030030030030026023
real,h3_covertype_b,ph,75.11111111111111,1.281874893070059,221,-21.505505505505507
real,h3_covertype_b,ph+half,96.58858858858859,0.11639491499085913,11,-0.028028028028026508
real,h3_covertype_b,ph+hedge,96.6076076076076,0.11838195819300765,9,-0.00900900900902002
real,h3_covertype_b,kswin,90.68568568568568,0.3037099534006451,89,-5.930930930930933
real,h3_covertype_b,kswin+half,96.62462462462463,0.11531529873730403,7,0.00800800800800916
real,h3_covertype_b,kswin+hedge,96.61561561561562,0.11745759405954735,7,-0.0010010010009997572
real,h3_covertype_c,none,95.69569569569569,0.15994851948210162,0,0.0
real,h3_covertype_c,ddmM,91.86586586586589,0.4471838341642374,61,-3.8298298298298117
real,h3_covertype_c,ddm,91.86586586586589,0.4471838341642374,61,-3.8298298298298117
real,h3_covertype_c,ddm+half,95.4934934934935,0.16832233248949163,25,-0.2022022022021952
real,h3_covertype_c,ddm+hedge,95.62162162162163,0.17044005828699438,33,-0.07407407407405975
real,h3_covertype_c,eddm,47.26126126126126,3.9339186287356753,762,-48.43443443443443
real,h3_covertype_c,eddm+half,95.24724724724726,0.1755195232417601,27,-0.44844844844843523
real,h3_covertype_c,eddm+hedge,95.61361361361362,0.16967221461085497,25,-0.08208208208206891
real,h3_covertype_c,fhddm,50.07407407407407,3.4522094720971164,337,-45.62162162162162
real,h3_covertype_c,fhddm+half,95.07307307307308,0.1817702748265194,15,-0.622622622622615
real,h3_covertype_c,fhddm+hedge,95.6866866866867,0.16166889423354708,3,-0.009009009008997815
real,h3_covertype_c,hddma,59.70470470470472,2.83920574507038,556,-35.99099099099098
real,h3_covertype_c,hddma+half,87.34034034034035,0.5229499151264722,259,-8.355355355355343
real,h3_covertype_c,hddma+hedge,95.64964964964966,0.16784787436987855,23,-0.04604604604603324
real,h3_covertype_c,hddmw,47.52352352352352,3.770515895482559,645,-48.17217217217217
real,h3_covertype_c,hddmw+half,94.29529529529529,0.22449252533136657,49,-1.4004004004004034
real,h3_covertype_c,hddmw+hedge,95.67267267267268,0.1685354824829282,26,-0.02302302302301662
real,h3_covertype_c,adwin,49.66666666666667,3.5367061812906835,438,-46.029029029029026
real,h3_covertype_c,adwin+half,91.8038038038038,0.3120012066028666,90,-3.8918918918918854
real,h3_covertype_c,adwin+hedge,95.67867867867868,0.16803117639640067,21,-0.017017017017006975
real,h3_covertype_c,ph,53.65765765765765,2.840432300114874,258,-42.03803803803804
real,h3_covertype_c,ph+half,92.4854854854855,0.26566726166782284,62,-3.210210210210196
real,h3_covertype_c,ph+hedge,95.6896896896897,0.16382027409266606,10,-0.006006006005998543
real,h3_covertype_c,kswin,48.127127127127125,3.7653003572539077,543,-47.56856856856857
real,h3_covertype_c,kswin+half,93.33433433433434,0.253359183520944,58,-2.361361361361347
real,h3_covertype_c,kswin+hedge,95.67367367367369,0.16409672081178583,12,-0.02202202202200576
real,h3_insects_b,none,81.41741741741741,0.5029206352054669,0,0.0
real,h3_insects_b,ddmM,81.37537537537538,0.5045795968677529,4,-0.04204204204203421
real,h3_insects_b,ddm,81.37537537537538,0.5045795968677529,4,-0.04204204204203421
real,h3_insects_b,ddm+half,81.4104104104104,0.5030661406781358,2,-0.007007007007009403
real,h3_insects_b,ddm+hedge,81.41441441441441,0.5031954891295586,3,-0.003003003003010374
real,h3_insects_b,eddm,81.25425425425425,0.5095998578112734,20,-0.16316316316316026
real,h3_insects_b,eddm+half,81.23823823823825,0.5088192351621488,104,-0.17917917917916748
real,h3_insects_b,eddm+hedge,81.4044044044044,0.5039446768251242,28,-0.013013013013007946
real,h3_insects_b,fhddm,81.44044044044044,0.5042519908923575,6,0.023023023023027722
real,h3_insects_b,fhddm+half,81.44544544544544,0.5027055142926802,6,0.028028028028026508
real,h3_insects_b,fhddm+hedge,81.47347347347346,0.502023443062911,6,0.056056056056053016
real,h3_insects_b,hddma,81.55555555555556,0.5009758693974629,4,0.13813813813814413
real,h3_insects_b,hddma+half,81.46746746746747,0.5022135044488659,4,0.05005005005005447
real,h3_insects_b,hddma+hedge,81.56356356356356,0.5003351904181788,4,0.1461461461461533
real,h3_insects_b,hddmw,81.45345345345346,0.5045699947054445,11,0.03603603603604677
real,h3_insects_b,hddmw+half,81.42342342342343,0.50306580456287,13,0.006006006006020748
real,h3_insects_b,hddmw+hedge,81.53953953953953,0.5011727185202183,12,0.1221221221221147
real,h3_insects_b,adwin,81.5085085085085,0.5024156534800138,6,0.09109109109108893
real,h3_insects_b,adwin+half,81.47047047047047,0.5025302499981231,7,0.053053053053053745
real,h3_insects_b,adwin+hedge,81.52752752752752,0.5005986570222456,6,0.11011011011010652
real,h3_insects_b,ph,81.45145145145145,0.5052150668577825,10,0.034034034034036154
real,h3_insects_b,ph+half,81.44344344344343,0.5026202546006852,11,0.02602602602601589
real,h3_insects_b,ph+hedge,81.51751751751752,0.5012029550366667,9,0.10010010010009784
real,h3_insects_b,kswin,81.55755755755756,0.5005996897158637,4,0.14014014014014364
real,h3_insects_b,kswin+half,81.46546546546547,0.5018982094661798,4,0.04804804804805496
real,h3_insects_b,kswin+hedge,81.55455455455456,0.50013437106687,4,0.13713713713714437
real,h3_insects_c,none,85.42642642642645,0.39979987557538843,0,0.0
real,h3_insects_c,ddmM,85.45145145145145,0.3992348858047496,4,0.025025025025005032
real,h3_insects_c,ddm,85.45145145145145,0.3992348858047496,4,0.025025025025005032
real,h3_insects_c,ddm+half,85.44844844844845,0.3989705829272929,3,0.02202202202200576
real,h3_insects_c,ddm+hedge,85.47447447447448,0.39846759864494524,2,0.048048048048032754
real,h3_insects_c,eddm,85.35735735735736,0.40267994352657627,12,-0.06906906906908317
real,h3_insects_c,eddm+half,85.3973973973974,0.40473146969734236,84,-0.029029029029037368
real,h3_insects_c,eddm+hedge,85.4094094094094,0.40049256066152944,23,-0.01701701701702918
real,h3_insects_c,fhddm,85.44144144144144,0.39954751588022636,2,0.01501501501500746
real,h3_insects_c,fhddm+half,85.44444444444444,0.3990964455760597,2,0.018018018018006732
real,h3_insects_c,fhddm+hedge,85.44944944944945,0.3992117970584166,2,0.023023023023005518
real,h3_insects_c,hddma,85.49749749749749,0.3971908417813998,3,0.07107107107104937
real,h3_insects_c,hddma+half,85.47047047047047,0.39872709031168174,3,0.044044044044033726
real,h3_insects_c,hddma+hedge,85.4974974974975,0.3972072551583386,3,0.07107107107106048
real,h3_insects_c,hddmw,85.55755755755756,0.3964297985138544,4,0.13113113113112362
real,h3_insects_c,hddmw+half,85.4914914914915,0.3982342859154598,4,0.06506506506506193
real,h3_insects_c,hddmw+hedge,85.55455455455456,0.39645411117465523,4,0.12812812812812435
real,h3_insects_c,adwin,85.50350350350351,0.3991026008826275,5,0.07707707707707012
real,h3_insects_c,adwin+half,85.47547547547548,0.3985414085204458,5,0.04904904904903251
real,h3_insects_c,adwin+hedge,85.50650650650651,0.3974446615433226,5,0.0800800800800694
real,h3_insects_c,ph,85.54054054054053,0.3986279782585979,6,0.11411411411409444
real,h3_insects_c,ph+half,85.4854854854855,0.3989167751953288,7,0.05905905905905229
real,h3_insects_c,ph+hedge,85.54354354354355,0.39735402136993714,6,0.11711711711710482
real,h3_insects_c,kswin,85.56856856856857,0.3960486235198375,2,0.14214214214213206
real,h3_insects_c,kswin+half,85.4944944944945,0.3983670773685667,2,0.0680680680680612
real,h3_insects_c,kswin+hedge,85.55455455455456,0.39664571329415366,2,0.12812812812812435
real,h3_poker_b,none,93.3993993993994,0.35835390136666245,0,0.0
real,h3_poker_b,ddmM,85.04304304304303,0.6883623596235581,382,-8.356356356356365
real,h3_poker_b,ddm,84.92692692692694,0.6965564614714821,382,-8.47247247247246
real,h3_poker_b,ddm+half,91.53453453453453,0.4021540838007961,265,-1.864864864864868
real,h3_poker_b,ddm+hedge,92.71371371371372,0.3569761099209373,192,-0.6856856856856774
real,h3_poker_b,eddm,81.52552552552552,0.7573235118936796,342,-11.873873873873874
real,h3_poker_b,eddm+half,92.02902902902903,0.39088679554786754,138,-1.3703703703703662
real,h3_poker_b,eddm+hedge,93.1041041041041,0.3635516107359582,117,-0.29529529529529475
real,h3_poker_b,fhddm,86.47547547547548,0.6987087370009533,138,-6.923923923923924
real,h3_poker_b,fhddm+half,92.61161161161162,0.3851138732865499,84,-0.7877877877877748
real,h3_poker_b,fhddm+hedge,93.16116116116116,0.3577382891938015,79,-0.23823823823823087
real,h3_poker_b,hddma,81.92892892892894,0.7865217850179819,502,-11.470470470470461
real,h3_poker_b,hddma+half,91.85585585585585,0.40657958743061695,210,-1.5435435435435463
real,h3_poker_b,hddma+hedge,92.53753753753755,0.37157407544961263,198,-0.8618618618618568
real,h3_poker_b,hddmw,84.03603603603604,0.6936219995191366,268,-9.363363363363364
real,h3_poker_b,hddmw+half,92.58758758758759,0.37896079780095904,123,-0.8118118118118023
real,h3_poker_b,hddmw+hedge,92.984984984985,0.36419253360148907,120,-0.4144144144143991
real,h3_poker_b,adwin,84.97997997997999,0.6315478587711437,221,-8.419419419419416
real,h3_poker_b,adwin+half,92.1961961961962,0.3936951515326123,144,-1.2032032032031958
real,h3_poker_b,adwin+hedge,93.04104104104104,0.35949334038548475,131,-0.35835835835835717
real,h3_poker_b,ph,87.94194194194193,0.5284967585706621,122,-5.45745745745746
real,h3_poker_b,ph+half,92.84784784784786,0.3737177706948934,79,-0.5515515515515435
real,h3_poker_b,ph+hedge,93.36036036036037,0.35969843118675676,75,-0.03903903903902384
real,h3_poker_b,kswin,85.69369369369369,0.6244394964586524,206,-7.705705705705701
real,h3_poker_b,kswin+half,92.6856856856857,0.3750253268593594,116,-0.713713713713704
real,h3_poker_b,kswin+hedge,93.16616616616616,0.3579452243963422,109,-0.23323323323323208
real,h3_poker_c,none,90.86986986986987,0.425424418761058,0,0.0
real,h3_poker_c,ddmM,83.43943943943944,0.8046575973922393,400,-7.430430430430435
real,h3_poker_c,ddm,83.38738738738738,0.8064427056439305,397,-7.482482482482489
real,h3_poker_c,ddm+half,88.86586586586587,0.4785932801872615,309,-2.004004004004001
real,h3_poker_c,ddm+hedge,89.87687687687689,0.4203754940742542,303,-0.9929929929929804
real,h3_poker_c,eddm,81.67767767767768,0.7923960090170554,344,-9.192192192192184
real,h3_poker_c,eddm+half,89.36836836836837,0.4705159752087914,196,-1.501501501501501
real,h3_poker_c,eddm+hedge,90.25025025025025,0.4238516323097265,175,-0.6196196196196158
real,h3_poker_c,fhddm,84.81981981981983,0.769478809422112,171,-6.050050050050038
real,h3_poker_c,fhddm+half,89.6906906906907,0.46431458278917054,119,-1.1791791791791684
real,h3_poker_c,fhddm+hedge,90.67867867867868,0.42360926894754813,104,-0.19119119119118677
real,h3_poker_c,hddma,82.04804804804806,0.8754507988365451,460,-8.821821821821807
real,h3_poker_c,hddma+half,88.88688688688688,0.4831562902486383,291,-1.9829829829829837
real,h3_poker_c,hddma+hedge,89.96096096096096,0.43327677338950166,287,-0.9089089089089009
real,h3_poker_c,hddmw,83.65365365365366,0.711237771379956,272,-7.216216216216209
real,h3_poker_c,hddmw+half,89.94394394394394,0.45976512122990826,170,-0.92592592592593
real,h3_poker_c,hddmw+hedge,90.46146146146147,0.421629980788352,163,-0.40840840840840054
real,h3_poker_c,adwin,84.76876876876877,0.6932031245401098,221,-6.1011011011011025
real,h3_poker_c,adwin+half,89.63863863863864,0.46952388208097473,173,-1.2312312312312335
real,h3_poker_c,adwin+hedge,90.38238238238239,0.42062745083992015,163,-0.4874874874874813
real,h3_poker_c,ph,86.91191191191191,0.5940038371094722,120,-3.9579579579579582
real,h3_poker_c,ph+half,90.36636636636636,0.4548529949412779,97,-0.5035035035034996
real,h3_poker_c,ph+hedge,90.73973973973975,0.41280094418735525,91,-0.13013013013012387
real,h3_poker_c,kswin,83.81281281281282,0.7241462635564634,250,-7.0570570570570474
real,h3_poker_c,kswin+half,89.91591591591592,0.4568373868883397,166,-0.9539539539539565
real,h3_poker_c,kswin+hedge,90.6026026026026,0.42217298892957034,157,-0.26726726726726824
real,h4_airlines_d,none,65.80680680680682,0.6080421016385998,0,0.0
real,h4_airlines_d,ddmM,65.77477477477478,0.6082327676313461,1,-0.03203203203203664
real,h4_airlines_d,ddm,65.77477477477478,0.6082327676313461,1,-0.03203203203203664
real,h4_airlines_d,ddm+half,65.81181181181182,0.6080611539247737,1,0.005005005004998786
real,h4_airlines_d,ddm+hedge,65.78678678678679,0.6082164761236851,4,-0.02002002002002845
real,h4_airlines_d,eddm,65.78178178178179,0.6082937138560721,4,-0.025025025025027237
real,h4_airlines_d,eddm+half,65.72572572572572,0.6090947696119569,92,-0.08108108108109136
real,h4_airlines_d,eddm+hedge,65.5955955955956,0.610550610303606,104,-0.21121121121122632
real,h4_airlines_d,fhddm,65.1901901901902,0.6135869324349049,41,-0.6166166166166276
real,h4_airlines_d,fhddm+half,65.73273273273273,0.6086494057312326,34,-0.07407407407409305
real,h4_airlines_d,fhddm+hedge,65.65265265265265,0.6092529357467277,34,-0.15415415415416245
real,h4_airlines_d,hddma,65.42642642642643,0.6109613285298344,18,-0.38038038038038513
real,h4_airlines_d,hddma+half,65.70270270270272,0.6085982483301724,22,-0.10410410410409687
real,h4_airlines_d,hddma+hedge,65.71471471471472,0.6091259899754298,21,-0.09209209209209979
real,h4_airlines_d,hddmw,63.0970970970971,0.6316675244966551,158,-2.709709709709718
real,h4_airlines_d,hddmw+half,65.14814814814814,0.6122983590021839,159,-0.6586586586586729
real,h4_airlines_d,hddmw+hedge,65.2002002002002,0.6141863295426139,167,-0.6066066066066189
real,h4_airlines_d,adwin,65.71871871871872,0.6090786069297418,8,-0.08808808808810076
real,h4_airlines_d,adwin+half,65.82082082082081,0.608198728148759,8,0.0140140140139966
real,h4_airlines_d,adwin+hedge,65.7907907907908,0.6083538682829169,9,-0.016016016016029422
real,h4_airlines_d,ph,65.31931931931932,0.6122158945096903,30,-0.4874874874875035
real,h4_airlines_d,ph+half,65.68768768768768,0.6084627803338739,24,-0.11911911911912654
real,h4_airlines_d,ph+hedge,65.78678678678679,0.6086915814096001,26,-0.02002002002002845
real,h4_airlines_d,kswin,64.25925925925927,0.6224387633779664,102,-1.5475475475475564
real,h4_airlines_d,kswin+half,65.44344344344344,0.610348117321504,79,-0.36336336336337816
real,h4_airlines_d,kswin+hedge,65.38338338338338,0.6111328627192996,80,-0.4234234234234413
real,h4_airlines_e,none,65.45645645645646,0.6143706684816268,0,0.0
real,h4_airlines_e,ddmM,65.33833833833835,0.6150058733421622,4,-0.11811811811811568
real,h4_airlines_e,ddm,65.33833833833835,0.6150058733421622,4,-0.11811811811811568
real,h4_airlines_e,ddm+half,65.42642642642642,0.6146117169064688,5,-0.030030030030037125
real,h4_airlines_e,ddm+hedge,65.43543543543542,0.6145045887055457,3,-0.021021021021028208
real,h4_airlines_e,eddm,65.31931931931932,0.6160550135169348,41,-0.13713713713714437
real,h4_airlines_e,eddm+half,65.3983983983984,0.6146499692746433,30,-0.05805805805806363
real,h4_airlines_e,eddm+hedge,65.29229229229229,0.6160231031394462,72,-0.16416416416417112
real,h4_airlines_e,fhddm,64.68268268268268,0.6210614475934256,40,-0.7737737737737782
real,h4_airlines_e,fhddm+half,65.3043043043043,0.6158250850259707,35,-0.15215215215216293
real,h4_airlines_e,fhddm+hedge,65.3963963963964,0.6154393007840407,29,-0.06006006006006315
real,h4_airlines_e,hddma,65.3913913913914,0.6150524927256624,6,-0.06506506506506193
real,h4_airlines_e,hddma+half,65.43243243243244,0.6145677066815451,6,-0.024024024024016377
real,h4_airlines_e,hddma+hedge,65.47047047047046,0.6145074695313765,7,0.014014014014007703
real,h4_airlines_e,hddmw,63.51651651651652,0.6312278906763285,117,-1.9399399399399386
real,h4_airlines_e,hddmw+half,65.06906906906906,0.6176600708787822,108,-0.38738738738739453
real,h4_airlines_e,hddmw+hedge,65.05205205205205,0.6188538947407809,113,-0.4044044044044126
real,h4_airlines_e,adwin,65.31931931931932,0.6156830485565147,10,-0.13713713713713327
real,h4_airlines_e,adwin+half,65.44544544544544,0.6147360998728109,10,-0.011011011011019534
real,h4_airlines_e,adwin+hedge,65.43643643643644,0.6145857256714199,11,-0.02002002002001735
real,h4_airlines_e,ph,64.87487487487486,0.6198436514692783,32,-0.5815815815815917
real,h4_airlines_e,ph+half,65.35535535535536,0.6153454216722904,24,-0.1011011011010976
real,h4_airlines_e,ph+hedge,65.4034034034034,0.6153618853503167,22,-0.053053053053053745
real,h4_airlines_e,kswin,64.37837837837839,0.6235587885499463,65,-1.0780780780780708
real,h4_airlines_e,kswin+half,65.30930930930931,0.6160844863714449,51,-0.14714714714714194
real,h4_airlines_e,kswin+hedge,65.25425425425423,0.6167294376774853,58,-0.2022022022022174
real,h4_covertype_d,none,96.1921921921922,0.1334886178016136,0,0.0
real,h4_covertype_d,ddmM,89.68568568568568,0.6601774206467107,94,-6.506506506506504
real,h4_covertype_d,ddm,89.68568568568568,0.6601774206467107,94,-6.506506506506504
real,h4_covertype_d,ddm+half,95.02302302302303,0.17781627973246775,37,-1.1691691691691597
real,h4_covertype_d,ddm+hedge,96.01101101101102,0.17550009306226666,106,-0.1811811811811781
real,h4_covertype_d,eddm,86.63063063063063,0.9191186454219272,151,-9.561561561561561
real,h4_covertype_d,eddm+half,92.27227227227228,0.29082791990502943,122,-3.919919919919923
real,h4_covertype_d,eddm+hedge,96.11711711711712,0.1734876341233894,107,-0.07507507507507061
real,h4_covertype_d,fhddm,62.617617617617626,2.2526438022939717,278,-33.57457457457457
real,h4_covertype_d,fhddm+half,95.73673673673675,0.1481998800653782,13,-0.45545545545544464
real,h4_covertype_d,fhddm+hedge,96.17017017017017,0.13435022252782694,3,-0.022022022022027965
real,h4_covertype_d,hddma,57.41941941941941,2.739268822698009,645,-38.77277277277278
real,h4_covertype_d,hddma+half,81.95995995995996,0.7285384042530141,350,-14.232232232232233
real,h4_covertype_d,hddma+hedge,96.002002002002,0.16374913878758118,84,-0.19019019019019812
real,h4_covertype_d,hddmw,57.38338338338338,2.766911981315708,556,-38.80880880880881
real,h4_covertype_d,hddmw+half,94.24224224224224,0.19853594610538786,49,-1.9499499499499473
real,h4_covertype_d,hddmw+hedge,96.17417417417417,0.14123247123065183,21,-0.018018018018017834
real,h4_covertype_d,adwin,54.807807807807805,2.586356706047743,446,-41.38438438438439
real,h4_covertype_d,adwin+half,88.98598598598599,0.4703863667456317,150,-7.2062062062062004
real,h4_covertype_d,adwin+hedge,96.17917917917919,0.14085150788363476,23,-0.013013013013007946
real,h4_covertype_d,ph,62.19119119119119,2.1343271841256213,217,-34.00100100100101
real,h4_covertype_d,ph+half,91.7027027027027,0.342459025110456,77,-4.489489489489495
real,h4_covertype_d,ph+hedge,96.11111111111113,0.13641559583811175,8,-0.08108108108106915
real,h4_covertype_d,kswin,60.013013013013015,2.6412479030133884,456,-36.17917917917918
real,h4_covertype_d,kswin+half,90.94594594594594,0.3539329284689056,98,-5.246246246246256
real,h4_covertype_d,kswin+hedge,96.17517517517517,0.13774086153572673,13,-0.017017017017018077
real,h4_covertype_e,none,97.1981981981982,0.09624345293275123,0,0.0
real,h4_covertype_e,ddmM,96.72772772772772,0.13476007921137756,7,-0.4704704704704632
real,h4_covertype_e,ddm,96.72772772772772,0.13476007921137756,7,-0.4704704704704632
real,h4_covertype_e,ddm+half,97.11211211211213,0.09832427046598737,94,-0.08608608608606794
real,h4_covertype_e,ddm+hedge,97.07107107107107,0.13318568447651108,134,-0.1271271271271246
real,h4_covertype_e,eddm,70.70870870870871,1.2719327035416748,469,-26.489489489489483
real,h4_covertype_e,eddm+half,97.02402402402403,0.09963699974030286,50,-0.1741741741741687
real,h4_covertype_e,eddm+hedge,97.14914914914917,0.11717819440102192,67,-0.04904904904903251
real,h4_covertype_e,fhddm,66.16816816816817,1.3459397168891754,284,-31.03003003003003
real,h4_covertype_e,fhddm+half,97.1981981981982,0.09624345293275123,1,0.0
real,h4_covertype_e,fhddm+hedge,97.1941941941942,0.09655065189720594,1,-0.004004004003999029
real,h4_covertype_e,hddma,67.08108108108108,1.4615096521263347,599,-30.11711711711711
real,h4_covertype_e,hddma+half,96.79879879879881,0.10631549063601797,65,-0.3993993993993805
real,h4_covertype_e,hddma+hedge,97.13513513513513,0.11432474968808518,58,-0.06306306306306242
real,h4_covertype_e,hddmw,68.07607607607608,1.2782168380576573,457,-29.122122122122118
real,h4_covertype_e,hddmw+half,97.14614614614615,0.09717766917106994,17,-0.052052052052042885
real,h4_covertype_e,hddmw+hedge,97.2012012012012,0.10054989131612542,17,0.003003003003010374
real,h4_covertype_e,adwin,62.213213213213216,1.6975056642295527,387,-34.984984984984976
real,h4_covertype_e,adwin+half,97.0900900900901,0.09841514741137287,24,-0.1081081081080959
real,h4_covertype_e,adwin+hedge,97.1801801801802,0.1016351886295858,19,-0.01801801801799563
real,h4_covertype_e,ph,67.96596596596596,1.3418930934053657,234,-29.232232232232224
real,h4_covertype_e,ph+half,97.1981981981982,0.0964336157297083,8,1.1102230246251565e-14
real,h4_covertype_e,ph+hedge,97.1811811811812,0.09890710390777577,8,-0.017017017016995872
real,h4_covertype_e,kswin,62.33333333333334,1.6745691892756227,458,-34.864864864864856
real,h4_covertype_e,kswin+half,97.18018018018019,0.09661732012169938,9,-0.018018018018006732
real,h4_covertype_e,kswin+hedge,97.1931931931932,0.09886698074407393,9,-0.005005005004998786
real,h4_poker_d,none,94.14514514514515,0.27584923728013894,0,0.0
real,h4_poker_d,ddmM,84.57057057057057,0.7115578074583675,437,-9.57457457457458
real,h4_poker_d,ddm,84.6036036036036,0.7071856048339065,433,-9.541541541541543
real,h4_poker_d,ddm+half,90.8068068068068,0.3528839366017008,341,-3.3383383383383425
real,h4_poker_d,ddm+hedge,92.84784784784785,0.27764495403141787,252,-1.2972972972973063
real,h4_poker_d,eddm,81.98998998999,0.6935540405118463,342,-12.155155155155162
real,h4_poker_d,eddm+half,92.72272272272272,0.31424111077609185,133,-1.4224224224224313
real,h4_poker_d,eddm+hedge,93.67667667667668,0.2851160547847674,118,-0.4684684684684748
real,h4_poker_d,fhddm,85.74174174174173,0.6980517234170392,157,-8.40340340340341
real,h4_poker_d,fhddm+half,92.72872872872874,0.31350755998037455,93,-1.4164164164164106
real,h4_poker_d,fhddm+hedge,93.4864864864865,0.2878149364509867,87,-0.6586586586586507
real,h4_poker_d,hddma,81.44944944944945,0.7975458674407321,524,-12.695695695695708
real,h4_poker_d,hddma+half,92.08508508508508,0.3313159139337693,232,-2.060060060060065
real,h4_poker_d,hddma+hedge,93.05905905905907,0.2940107477177096,194,-1.08608608608608
real,h4_poker_d,hddmw,84.11611611611612,0.6194232019343026,273,-10.029029029029024
real,h4_poker_d,hddmw+half,93.29529529529529,0.30236031466421837,127,-0.8498498498498597
real,h4_poker_d,hddmw+hedge,93.54854854854855,0.28423760971560824,127,-0.5965965965965991
real,h4_poker_d,adwin,85.54454454454454,0.5600226911101048,201,-8.600600600600616
real,h4_poker_d,adwin+half,92.72872872872873,0.31955544725482593,135,-1.4164164164164217
real,h4_poker_d,adwin+hedge,93.47947947947948,0.2803754220950342,125,-0.6656656656656712
real,h4_poker_d,ph,88.80780780780782,0.47192768210046915,108,-5.337337337337333
real,h4_poker_d,ph+half,93.3943943943944,0.30212639815508285,67,-0.7507507507507505
real,h4_poker_d,ph+hedge,93.7997997997998,0.27415135095238097,64,-0.3453453453453492
real,h4_poker_d,kswin,86.04404404404403,0.5579494561832458,202,-8.101101101101115
real,h4_poker_d,kswin+half,93.57157157157157,0.2959696405920235,100,-0.5735735735735825
real,h4_poker_d,kswin+hedge,93.66466466466467,0.27780335788533117,99,-0.480480480480483
real,h4_poker_e,none,91.82882882882885,0.4119653716179046,0,0.0
real,h4_poker_e,ddmM,83.22922922922923,0.7460367867914544,395,-8.599599599599618
real,h4_poker_e,ddm,83.29229229229229,0.7515841996114158,380,-8.536536536536554
real,h4_poker_e,ddm+half,89.55155155155155,0.4698054135566277,290,-2.27727727727729
real,h4_poker_e,ddm+hedge,90.56856856856857,0.4159830852275253,297,-1.260260260260282
real,h4_poker_e,eddm,80.72372372372372,0.7905856523980087,361,-11.105105105105118
real,h4_poker_e,eddm+half,90.17717717717717,0.4554235094798641,175,-1.6516516516516755
real,h4_poker_e,eddm+hedge,91.17917917917919,0.4188913466199321,160,-0.649649649649664
real,h4_poker_e,fhddm,82.95595595595596,0.8277234626522801,197,-8.872872872872883
real,h4_poker_e,fhddm+half,90.33033033033033,0.4616238308017392,119,-1.4984984984985128
real,h4_poker_e,fhddm+hedge,91.15515515515516,0.41296022082606626,108,-0.6736736736736915
real,h4_poker_e,hddma,80.98598598598599,0.8197538707391528,462,-10.84284284284286
real,h4_poker_e,hddma+half,89.36436436436436,0.4716488874647946,282,-2.4644644644644775
real,h4_poker_e,hddma+hedge,90.57457457457457,0.4278880961926467,265,-1.2542542542542723
real,h4_poker_e,hddmw,81.73373373373373,0.7567301614207882,316,-10.095095095095118
real,h4_poker_e,hddmw+half,90.18018018018019,0.4476476733438788,173,-1.6486486486486651
real,h4_poker_e,hddmw+hedge,91.17917917917919,0.421681724595876,161,-0.649649649649664
real,h4_poker_e,adwin,82.61861861861863,0.7207870276231071,248,-9.210210210210224
real,h4_poker_e,adwin+half,89.94794794794795,0.4595640307138243,179,-1.8808808808808974
real,h4_poker_e,adwin+hedge,91.28728728728728,0.4101205906170652,162,-0.541541541541557
real,h4_poker_e,ph,85.15815815815816,0.6234007267216064,141,-6.670670670670686
real,h4_poker_e,ph+half,90.81381381381381,0.43600391251313236,99,-1.0150150150150306
real,h4_poker_e,ph+hedge,91.48048048048048,0.4154908814390363,94,-0.3483483483483707
real,h4_poker_e,kswin,83.25625625625625,0.7395565190491241,255,-8.57257257257259
real,h4_poker_e,kswin+half,90.38138138138139,0.44735786438682745,158,-1.4474474474474586
real,h4_poker_e,kswin+hedge,91.38138138138137,0.4215436329941532,144,-0.4474474474474688
real,elec2,none,80.95353982300885,0.43633721823386745,0,0.0
real,elec2,ddmM,79.88938053097344,0.4963215212327792,225,-1.0641592920354048
real,elec2,ddm,79.88938053097344,0.49697810292040384,223,-1.0641592920354048
real,elec2,ddm+half,80.93362831858408,0.43882091105007576,228,-0.019911504424763304
real,elec2,ddm+hedge,80.57300884955752,0.43663039380481367,232,-0.3805309734513207
real,elec2,eddm,78.89601769911505,0.5270467016100376,207,-2.0575221238937957
real,elec2,eddm+half,80.55309734513274,0.44783034784503295,193,-0.4004424778761062
real,elec2,eddm+hedge,80.56858407079646,0.43755429760863235,190,-0.3849557522123792
real,elec2,fhddm,79.8716814159292,0.4871750672670358,73,-1.0818584070796389
real,elec2,fhddm+half,80.78097345132743,0.44225686409962556,66,-0.1725663716814152
real,elec2,fhddm+hedge,80.79203539823008,0.43894291065272606,68,-0.16150442477875782
real,elec2,hddma,79.10176991150442,0.519214589585808,228,-1.8517699115044306
real,elec2,hddma+half,80.57964601769912,0.44477664687960944,198,-0.37389380530973293
real,elec2,hddma+hedge,80.53982300884957,0.44106770107844584,213,-0.41371681415928174
real,elec2,hddmw,79.30309734513274,0.4993954330206872,161,-1.6504424778761018
real,elec2,hddmw+half,80.77433628318583,0.4415901791882817,145,-0.17920353982301407
real,elec2,hddmw+hedge,80.6438053097345,0.4349549875101332,151,-0.3097345132743401
real,elec2,adwin,79.67477876106194,0.4691277043860978,64,-1.278761061946898
real,elec2,adwin+half,80.79867256637168,0.43656163490826844,54,-0.15486725663717005
real,elec2,adwin+hedge,80.55088495575222,0.4389673934141764,57,-0.40265486725662436
real,elec2,ph,80.33628318584071,0.47076477094807795,39,-0.6172566371681398
real,elec2,ph+half,80.83849557522123,0.44304232970644847,33,-0.11504424778761013
real,elec2,ph+hedge,80.92256637168141,0.4367922942023753,38,-0.03097345132743179
real,elec2,kswin,79.5508849557522,0.49658957495122363,125,-1.4026548672566475
real,elec2,kswin+half,80.82743362831857,0.4425143629410661,112,-0.12610619469026751
real,elec2,kswin+hedge,80.5929203539823,0.43664735253422154,114,-0.3606194690265463
real,insects_abrupt_balanced,none,76.52561669829221,0.5991655004293569,0,0.0
real,insects_abrupt_balanced,ddmM,76.52561669829221,0.5991655004293569,0,0.0
real,insects_abrupt_balanced,ddm,77.79696394686907,0.568170358733518,10,1.2713472485768595
real,insects_abrupt_balanced,ddm+half,76.99620493358633,0.5902215645279388,8,0.47058823529412264
real,insects_abrupt_balanced,ddm+hedge,77.77419354838709,0.5724802815836169,10,1.2485768500948846
real,insects_abrupt_balanced,eddm,76.47248576850095,0.602335255724359,31,-0.053130929791267434
real,insects_abrupt_balanced,eddm+half,76.7134724857685,0.5957038017826406,73,0.18785578747629872
real,insects_abrupt_balanced,eddm+hedge,77.16129032258064,0.5829740089545489,42,0.6356736242884353
real,insects_abrupt_balanced,fhddm,76.87096774193549,0.5896209696256943,15,0.34535104364328273
real,insects_abrupt_balanced,fhddm+half,76.97153700189753,0.5899070908640883,13,0.4459203036053183
real,insects_abrupt_balanced,fhddm+hedge,77.19924098671727,0.5817821964516251,12,0.6736242884250676
real,insects_abrupt_balanced,hddma,78.32258064516128,0.5541652532166504,10,1.796963946869079
real,insects_abrupt_balanced,hddma+half,77.10246679316887,0.5895068951564152,10,0.5768500948766686
real,insects_abrupt_balanced,hddma+hedge,78.13092979127134,0.5619915823124576,9,1.6053130929791326
real,insects_abrupt_balanced,hddmw,78.20872865275142,0.5574356087924119,16,1.6831119544592155
real,insects_abrupt_balanced,hddmw+half,77.05313092979127,0.5884851911222909,14,0.52751423149906
real,insects_abrupt_balanced,hddmw+hedge,78.20493358633776,0.5598997592401292,15,1.6793168880455456
real,insects_abrupt_balanced,adwin,78.25996204933587,0.5609873866341556,12,1.7343453510436535
real,insects_abrupt_balanced,adwin+half,77.17267552182163,0.585658065255738,18,0.6470588235294228
real,insects_abrupt_balanced,adwin+hedge,78.11764705882354,0.5624332777530519,12,1.5920303605313268
real,insects_abrupt_balanced,ph,77.80265654648956,0.5684285429997546,15,1.2770398481973477
real,insects_abrupt_balanced,ph+half,77.08918406072107,0.5884215348561507,20,0.5635673624288517
real,insects_abrupt_balanced,ph+hedge,77.98102466793169,0.5646930452831483,16,1.4554079696394773
real,insects_abrupt_balanced,kswin,78.39278937381404,0.5546760046171587,11,1.8671726755218332
real,insects_abrupt_balanced,kswin+half,77.26944971537002,0.5843947949560798,15,0.7438330170778107
real,insects_abrupt_balanced,kswin+hedge,78.23719165085389,0.5592378357143937,12,1.7115749525616786
real,insects_gradual_balanced,none,78.83333333333333,0.5984840139098903,0,0.0
real,insects_gradual_balanced,ddmM,79.92916666666666,0.5765869424341921,5,1.0958333333333292
real,insects_gradual_balanced,ddm,79.92916666666666,0.5765869424341921,5,1.0958333333333292
real,insects_gradual_balanced,ddm+half,79.04166666666667,0.5892564556375807,7,0.2083333333333326
real,insects_gradual_balanced,ddm+hedge,79.48749999999998,0.5767855240364498,4,0.6541666666666557
real,insects_gradual_balanced,eddm,79.17083333333333,0.6024878402589023,15,0.3375000000000017
real,insects_gradual_balanced,eddm+half,79.0375,0.595659015375836,35,0.20416666666666083
real,insects_gradual_balanced,eddm+hedge,79.4,0.5771829443613289,31,0.5666666666666709
real,insects_gradual_balanced,fhddm,79.49166666666667,0.5805826057748983,5,0.6583333333333385
real,insects_gradual_balanced,fhddm+half,79.38333333333333,0.5877883698496106,6,0.5499999999999949
real,insects_gradual_balanced,fhddm+hedge,79.5,0.583050230530991,6,0.6666666666666599
real,insects_gradual_balanced,hddma,80.40416666666667,0.568939936812463,5,1.5708333333333324
real,insects_gradual_balanced,hddma+half,79.12083333333332,0.5893227531191632,5,0.2874999999999961
real,insects_gradual_balanced,hddma+hedge,80.06666666666666,0.5687244485220587,5,1.2333333333333307
real,insects_gradual_balanced,hddmw,80.26666666666667,0.5588781339604677,8,1.433333333333331
real,insects_gradual_balanced,hddmw+half,79.02083333333333,0.5906898185273348,9,0.187499999999996
real,insects_gradual_balanced,hddmw+hedge,80.20833333333334,0.5623962406499244,11,1.375000000000004
real,insects_gradual_balanced,adwin,80.2375,0.5603927273833844,7,1.404166666666662
real,insects_gradual_balanced,adwin+half,79.19999999999999,0.5870195974673256,8,0.3666666666666596
real,insects_gradual_balanced,adwin+hedge,80.08333333333333,0.5661937754960447,7,1.2499999999999956
real,insects_gradual_balanced,ph,80.00416666666666,0.5673788248594218,6,1.170833333333332
real,insects_gradual_balanced,ph+half,79.29583333333333,0.583957236631155,8,0.462499999999999
real,insects_gradual_balanced,ph+hedge,79.82083333333333,0.5751625133510706,8,0.9874999999999967
real,insects_gradual_balanced,kswin,80.35,0.5617723279751133,4,1.5166666666666662
real,insects_gradual_balanced,kswin+half,79.13333333333334,0.5872570625435685,7,0.30000000000001137
real,insects_gradual_balanced,kswin+hedge,80.13333333333334,0.5682390485295521,6,1.3000000000000012
real,insects_incremental_balanced,none,67.4639718804921,0.7523883775940651,0,0.0
real,insects_incremental_balanced,ddmM,67.46748681898067,0.7531254093779688,2,0.0035149384885801993
real,insects_incremental_balanced,ddm,67.46748681898067,0.7531254093779688,2,0.0035149384885801993
real,insects_incremental_balanced,ddm+half,67.45869947275924,0.7518792215253601,2,-0.005272407732859197
real,insects_incremental_balanced,ddm+hedge,67.49560632688927,0.7517053660134844,2,0.03163444639718849
real,insects_incremental_balanced,eddm,67.34973637961336,0.7540294348833043,11,-0.11423550087873435
real,insects_incremental_balanced,eddm+half,67.3585237258348,0.7534135292635838,19,-0.10544815465729496
real,insects_incremental_balanced,eddm+hedge,67.45166959578206,0.7524794239558152,9,-0.012302284710019595
real,insects_incremental_balanced,fhddm,67.04042179261863,0.765296148929771,15,-0.4235500878734588
real,insects_incremental_balanced,fhddm+half,67.34094903339191,0.7538813471171424,12,-0.12302284710018485
real,insects_incremental_balanced,fhddm+hedge,67.43936731107206,0.7529483798664263,11,-0.02460456942002809
real,insects_incremental_balanced,hddma,67.35149384885764,0.7560662204367705,4,-0.11247803163444425
real,insects_incremental_balanced,hddma+half,67.52372583479789,0.7521570977940938,4,0.059753954305796775
real,insects_incremental_balanced,hddma+hedge,67.50439367311073,0.7526120977511777,5,0.040421792618638985
real,insects_incremental_balanced,hddmw,66.54130052724078,0.7732532218852415,26,-0.9226713532513142
real,insects_incremental_balanced,hddmw+half,67.32864674868189,0.7539869624862167,24,-0.13532513181019334
real,insects_incremental_balanced,hddmw+hedge,67.45694200351494,0.7516676832959376,26,-0.007029876977149296
real,insects_incremental_balanced,adwin,67.21968365553603,0.7566887601930032,5,-0.2442882249560574
real,insects_incremental_balanced,adwin+half,67.50087873462213,0.7523450444250117,5,0.036906854130047684
real,insects_incremental_balanced,adwin+hedge,67.4780316344464,0.7528132322127511,5,0.014059753954298593
real,insects_incremental_balanced,ph,66.88927943760984,0.7652264763093821,16,-0.5746924428822409
real,insects_incremental_balanced,ph+half,67.3585237258348,0.7545029715060894,11,-0.10544815465729496
real,insects_incremental_balanced,ph+hedge,67.36731107205624,0.7536186826664767,9,-0.09666080843585556
real,insects_incremental_balanced,kswin,67.16871704745166,0.7569869339460483,8,-0.2952548330404259
real,insects_incremental_balanced,kswin+half,67.37082601054482,0.7535114691968298,8,-0.09314586994727536
real,insects_incremental_balanced,kswin+hedge,67.47275922671353,0.7517903466713971,5,0.008787346221439396
real,insects_incremental_reoccurring_balanced,none,79.1516290726817,0.5330927750144835,0,0.0
real,insects_incremental_reoccurring_balanced,ddmM,80.14536340852129,0.5138801621876343,13,0.9937343358395911
real,insects_incremental_reoccurring_balanced,ddm,80.14536340852129,0.5138801621876343,13,0.9937343358395911
real,insects_incremental_reoccurring_balanced,ddm+half,79.50877192982456,0.5260992717670427,12,0.3571428571428559
real,insects_incremental_reoccurring_balanced,ddm+hedge,80.27944862155388,0.5105125234626219,15,1.1278195488721776
real,insects_incremental_reoccurring_balanced,eddm,79.40350877192982,0.5343894013688223,51,0.25187969924811426
real,insects_incremental_reoccurring_balanced,eddm+half,79.37719298245615,0.5300807384012839,77,0.22556390977443996
real,insects_incremental_reoccurring_balanced,eddm+hedge,80.47117794486215,0.5044029184085836,142,1.3195488721804427
real,insects_incremental_reoccurring_balanced,fhddm,79.83583959899748,0.5188922327106341,18,0.6842105263157761
real,insects_incremental_reoccurring_balanced,fhddm+half,79.63408521303258,0.5245886275536474,18,0.48245614035087314
real,insects_incremental_reoccurring_balanced,fhddm+hedge,79.80325814536342,0.517062699254837,19,0.6516290726817031
real,insects_incremental_reoccurring_balanced,hddma,80.79197994987469,0.49679893309141016,17,1.6403508771929864
real,insects_incremental_reoccurring_balanced,hddma+half,79.61904761904762,0.5225485619668706,16,0.4674185463659164
real,insects_incremental_reoccurring_balanced,hddma+hedge,80.765664160401,0.49793132685470665,16,1.61403508771929
real,insects_incremental_reoccurring_balanced,hddmw,80.79824561403508,0.4961240515846321,22,1.646616541353374
real,insects_incremental_reoccurring_balanced,hddmw+half,79.6328320802005,0.5225510952256012,23,0.4812030075187934
real,insects_incremental_reoccurring_balanced,hddmw+hedge,80.82456140350878,0.49597510112607734,21,1.6729323308270705
real,insects_incremental_reoccurring_balanced,adwin,80.63283208020049,0.5021094441710449,20,1.4812030075187832
real,insects_incremental_reoccurring_balanced,adwin+half,79.57268170426065,0.521405887005292,24,0.42105263157894424
real,insects_incremental_reoccurring_balanced,adwin+hedge,80.64786967418546,0.5021053033464917,19,1.496240601503751
real,insects_incremental_reoccurring_balanced,ph,80.39473684210525,0.5119320813420037,21,1.243107769423546
real,insects_incremental_reoccurring_balanced,ph+half,79.59398496240601,0.5232913535457251,28,0.4423558897242996
real,insects_incremental_reoccurring_balanced,ph+hedge,80.48245614035088,0.5062622791619913,22,1.3308270676691714
real,insects_incremental_reoccurring_balanced,kswin,80.4674185463659,0.5041968226166789,17,1.3157894736842035
real,insects_incremental_reoccurring_balanced,kswin+half,79.6015037593985,0.5233088361138101,14,0.4498746867167891
real,insects_incremental_reoccurring_balanced,kswin+hedge,80.26942355889723,0.5085890490746455,13,1.1177944862155287
syn,agrawal_s10,none,86.18828451882845,0.45921959055243583,0,0.0
syn,agrawal_s10,ddmM,96.40167364016736,0.2514500800628249,16,10.213389121338912
syn,agrawal_s10,ddm,96.40167364016736,0.2514500800628249,16,10.213389121338912
syn,agrawal_s10,ddm+half,88.42259414225941,0.40510969715014555,11,2.2343096234309634
syn,agrawal_s10,ddm+hedge,96.0376569037657,0.26729106742405995,11,9.849372384937249
syn,agrawal_s10,eddm,96.43096234309624,0.2503355971777254,12,10.242677824267787
syn,agrawal_s10,eddm+half,91.3682008368201,0.3659083168938464,30,5.17991631799164
syn,agrawal_s10,eddm+hedge,96.02092050209205,0.2688510984822812,12,9.832635983263604
syn,agrawal_s10,fhddm,86.66527196652719,0.4375280164964172,11,0.47698744769874013
syn,agrawal_s10,fhddm+half,87.10878661087867,0.42887640860295856,11,0.9205020920502127
syn,agrawal_s10,fhddm+hedge,86.7866108786611,0.4432444555498168,11,0.598326359832646
syn,agrawal_s10,hddma,96.56903765690376,0.24751918739159842,11,10.380753138075304
syn,agrawal_s10,hddma+half,88.25523012552303,0.4041387692970098,11,2.06694560669457
syn,agrawal_s10,hddma+hedge,96.0376569037657,0.26729106742405995,11,9.849372384937249
syn,agrawal_s10,hddmw,96.56903765690376,0.24751918739159842,11,10.380753138075304
syn,agrawal_s10,hddmw+half,88.25523012552303,0.4041387692970098,11,2.06694560669457
syn,agrawal_s10,hddmw+hedge,96.0376569037657,0.26729106742405995,11,9.849372384937249
syn,agrawal_s10,adwin,96.38493723849373,0.2510637786380064,13,10.196652719665277
syn,agrawal_s10,adwin+half,88.53974895397491,0.38490428103028324,22,2.3514644351464553
syn,agrawal_s10,adwin+hedge,95.8786610878661,0.27124344145376594,18,9.690376569037662
syn,agrawal_s10,ph,94.75732217573223,0.2964877778727746,12,8.569037656903777
syn,agrawal_s10,ph+half,89.80753138075316,0.3894735280672848,22,3.6192468619247076
syn,agrawal_s10,ph+hedge,94.72803347280335,0.31596142574093156,13,8.539748953974902
syn,agrawal_s10,kswin,95.6234309623431,0.266833304339108,11,9.435146443514641
syn,agrawal_s10,kswin+half,88.19246861924688,0.3998214347206791,13,2.004184100418427
syn,agrawal_s10,kswin+hedge,95.15899581589959,0.28514117254127336,11,8.970711297071132
syn,agrawal_s11,none,86.33054393305439,0.456175235150944,0,0.0
syn,agrawal_s11,ddmM,96.42677824267784,0.252687276265227,24,10.096234309623453
syn,agrawal_s11,ddm,96.42677824267784,0.252687276265227,24,10.096234309623453
syn,agrawal_s11,ddm+half,88.39748953974896,0.4042607358616428,11,2.0669456066945813
syn,agrawal_s11,ddm+hedge,95.9958158995816,0.2742087923730318,16,9.66527196652721
syn,agrawal_s11,eddm,96.62761506276152,0.24666316743521954,11,10.297071129707136
syn,agrawal_s11,eddm+half,90.83263598326361,0.3759022412950453,27,4.502092050209228
syn,agrawal_s11,eddm+hedge,95.70711297071131,0.2745704319834494,14,9.376569037656923
syn,agrawal_s11,fhddm,86.32217573221757,0.440744505236422,11,-0.008368200836805784
syn,agrawal_s11,fhddm+half,86.84518828451883,0.42942158211783665,11,0.5146443514644439
syn,agrawal_s11,fhddm+hedge,86.61087866108787,0.44533134281643205,11,0.28033472803348225
syn,agrawal_s11,hddma,96.62761506276152,0.24666316743521954,11,10.297071129707136
syn,agrawal_s11,hddma+half,88.23430962343096,0.4032048594522529,11,1.9037656903765798
syn,agrawal_s11,hddma+hedge,96.06694560669456,0.26758713119765604,11,9.736401673640183
syn,agrawal_s11,hddmw,96.62761506276152,0.24666316743521954,11,10.297071129707136
syn,agrawal_s11,hddmw+half,88.56903765690377,0.40094306287719605,12,2.2384937238493885
syn,agrawal_s11,hddmw+hedge,96.06694560669456,0.26758713119765604,11,9.736401673640183
syn,agrawal_s11,adwin,95.85355648535567,0.2529463537537938,14,9.52301255230128
syn,agrawal_s11,adwin+half,88.61506276150628,0.3818980595170182,22,2.284518828451898
syn,agrawal_s11,adwin+hedge,95.67364016736403,0.27458676537820953,20,9.343096234309645
syn,agrawal_s11,ph,95.00836820083681,0.2843582407806533,12,8.67782426778243
syn,agrawal_s11,ph+half,89.30125523012553,0.3889807169860792,22,2.970711297071149
syn,agrawal_s11,ph+hedge,94.82008368200837,0.3101646798401146,14,8.48953974895399
syn,agrawal_s11,kswin,94.77824267782428,0.2876813939052686,9,8.447698744769895
syn,agrawal_s11,kswin+half,88.27196652719665,0.4099211032794447,10,1.9414225941422725
syn,agrawal_s11,kswin+hedge,94.3682008368201,0.30513428317383534,9,8.037656903765711
syn,agrawal_s12,none,86.5439330543933,0.4579007725200972,0,0.0
syn,agrawal_s12,ddmM,96.45606694560671,0.2564118030936581,13,9.912133891213404
syn,agrawal_s12,ddm,96.45606694560671,0.2564118030936581,13,9.912133891213404
syn,agrawal_s12,ddm+half,88.6276150627615,0.4051229470861568,12,2.083682008368193
syn,agrawal_s12,ddm+hedge,95.88702928870293,0.2776191175695296,12,9.343096234309634
syn,agrawal_s12,eddm,96.51464435146444,0.25528773566272606,11,9.970711297071134
syn,agrawal_s12,eddm+half,90.73221757322176,0.3796680801075248,25,4.188284518828455
syn,agrawal_s12,eddm+hedge,95.77405857740587,0.2804949861882745,13,9.230125523012555
syn,agrawal_s12,fhddm,86.8326359832636,0.4375334462803915,11,0.28870292887028803
syn,agrawal_s12,fhddm+half,87.32217573221757,0.4250586562616219,11,0.778242677824259
syn,agrawal_s12,fhddm+hedge,87.00418410041841,0.4439070132016659,11,0.46025104602510636
syn,agrawal_s12,hddma,96.51464435146444,0.25528773566272606,11,9.970711297071134
syn,agrawal_s12,hddma+half,88.40585774058579,0.406507753716751,11,1.8619246861924732
syn,agrawal_s12,hddma+hedge,95.89539748953975,0.27625080369858424,11,9.35146443514644
syn,agrawal_s12,hddmw,96.51464435146444,0.25528773566272606,11,9.970711297071134
syn,agrawal_s12,hddmw+half,88.40585774058579,0.406507753716751,11,1.8619246861924732
syn,agrawal_s12,hddmw+hedge,95.89539748953975,0.27625080369858424,11,9.35146443514644
syn,agrawal_s12,adwin,96.39330543933055,0.25412971965545084,12,9.849372384937238
syn,agrawal_s12,adwin+half,88.71548117154813,0.3842086425483684,22,2.17154811715482
syn,agrawal_s12,adwin+hedge,95.31380753138076,0.27767835734295426,21,8.76987447698745
syn,agrawal_s12,ph,95.65690376569039,0.2802088187816123,11,9.112970711297075
syn,agrawal_s12,ph+half,89.13389121338912,0.39188540591825344,22,2.58995815899582
syn,agrawal_s12,ph+hedge,94.88284518828452,0.31031733937276357,13,8.338912133891219
syn,agrawal_s12,kswin,96.51464435146444,0.25528773566272606,11,9.970711297071134
syn,agrawal_s12,kswin+half,88.47698744769875,0.40265124528840224,12,1.9330543933054334
syn,agrawal_s12,kswin+hedge,95.76150627615063,0.27941167979048925,12,9.217573221757325
syn,agrawal_s13,none,86.29707112970712,0.4716523036449927,0,0.0
syn,agrawal_s13,ddmM,96.2970711297071,0.2681285637333121,16,9.999999999999998
syn,agrawal_s13,ddm,96.2970711297071,0.2681285637333121,16,9.999999999999998
syn,agrawal_s13,ddm+half,88.7489539748954,0.415688289823957,12,2.4518828451882912
syn,agrawal_s13,ddm+hedge,95.93305439330545,0.2896519161876504,15,9.635983263598336
syn,agrawal_s13,eddm,96.46025104602512,0.2640402617024367,12,10.163179916317999
syn,agrawal_s13,eddm+half,91.2510460251046,0.3813844671395686,31,4.953974895397484
syn,agrawal_s13,eddm+hedge,95.92468619246863,0.2864599390752833,12,9.627615062761507
syn,agrawal_s13,fhddm,86.56485355648536,0.4505542302226385,11,0.26778242677824027
syn,agrawal_s13,fhddm+half,87.07112970711299,0.43897814353619685,11,0.7740585774058673
syn,agrawal_s13,fhddm+hedge,86.77824267782427,0.4570461853105359,11,0.4811715481171541
syn,agrawal_s13,hddma,96.51464435146444,0.2628007042409357,11,10.217573221757325
syn,agrawal_s13,hddma+half,88.3765690376569,0.4147654458949195,11,2.07949790794979
syn,agrawal_s13,hddma+hedge,96.0376569037657,0.2835875385752992,11,9.740585774058585
syn,agrawal_s13,hddmw,96.51464435146444,0.2628007042409357,11,10.217573221757325
syn,agrawal_s13,hddmw+half,88.3765690376569,0.4147654458949195,11,2.07949790794979
syn,agrawal_s13,hddmw+hedge,96.0376569037657,0.2835875385752992,11,9.740585774058585
syn,agrawal_s13,adwin,96.23430962343096,0.25194348453544113,14,9.937238493723843
syn,agrawal_s13,adwin+half,88.76987447698745,0.3905364737485436,22,2.472803347280339
syn,agrawal_s13,adwin+hedge,95.80753138075315,0.2874900553611853,19,9.510460251046027
syn,agrawal_s13,ph,95.20502092050211,0.29590779491680475,13,8.907949790794989
syn,agrawal_s13,ph+half,89.4602510460251,0.39825281871970253,22,3.163179916317993
syn,agrawal_s13,ph+hedge,95.04602510460252,0.32064985796983714,14,8.748953974895402
syn,agrawal_s13,kswin,95.59414225941424,0.282885919686757,10,9.297071129707124
syn,agrawal_s13,kswin+half,88.30125523012553,0.41702734164561084,11,2.0041841004184158
syn,agrawal_s13,kswin+hedge,95.15062761506277,0.3017489061223972,10,8.853556485355663
syn,agrawal_s14,none,86.30125523012552,0.4526036678048067,0,0.0
syn,agrawal_s14,ddmM,96.42677824267781,0.2473981065488195,14,10.125523012552296
syn,agrawal_s14,ddm,96.42677824267781,0.2473981065488195,14,10.125523012552296
syn,agrawal_s14,ddm+half,88.6652719665272,0.39746214484898296,12,2.364016736401686
syn,agrawal_s14,ddm+hedge,95.90376569037657,0.27223279482519774,17,9.602510460251057
syn,agrawal_s14,eddm,96.59414225941423,0.24323914097430296,11,10.29288702928871
syn,agrawal_s14,eddm+half,90.31799163179916,0.3764883186137207,25,4.016736401673649
syn,agrawal_s14,eddm+hedge,95.82426778242679,0.2724658305794229,14,9.52301255230127
syn,agrawal_s14,fhddm,86.63598326359833,0.4305044413360281,11,0.33472803347281976
syn,agrawal_s14,fhddm+half,87.17991631799164,0.41766714888307227,11,0.8786610878661172
syn,agrawal_s14,fhddm+hedge,86.82426778242679,0.43704487809672,11,0.5230125523012719
syn,agrawal_s14,hddma,96.59414225941423,0.24323914097430296,11,10.29288702928871
syn,agrawal_s14,hddma+half,88.50209205020921,0.3989129953528564,11,2.200836820083696
syn,agrawal_s14,hddma+hedge,96.09623430962344,0.2638015382011935,11,9.794979079497923
syn,agrawal_s14,hddmw,96.59414225941423,0.24323914097430296,11,10.29288702928871
syn,agrawal_s14,hddmw+half,88.88702928870292,0.39483817553182,13,2.585774058577406
syn,agrawal_s14,hddmw+hedge,96.09623430962344,0.2638015382011935,11,9.794979079497923
syn,agrawal_s14,adwin,96.31380753138076,0.24316925298866607,14,10.01255230125524
syn,agrawal_s14,adwin+half,88.69037656903765,0.3791919699711498,22,2.389121338912137
syn,agrawal_s14,adwin+hedge,95.81589958158996,0.27127266864706584,18,9.51464435146444
syn,agrawal_s14,ph,95.46443514644352,0.2753411416259262,11,9.16317991631801
syn,agrawal_s14,ph+half,89.4602510460251,0.3777297528293774,22,3.15899581589959
syn,agrawal_s14,ph+hedge,95.01255230125523,0.29950707511566016,14,8.711297071129708
syn,agrawal_s14,kswin,95.744769874477,0.2617217420690566,10,9.443514644351481
syn,agrawal_s14,kswin+half,88.64853556485356,0.39272086950383106,13,2.3472803347280413
syn,agrawal_s14,kswin+hedge,95.14644351464436,0.28301510732332114,11,8.845188284518846
syn,hyperplane_s10,none,89.94972067039106,0.2995172975524697,0,0.0
syn,hyperplane_s10,ddmM,91.02234636871509,0.2859076893428715,7,1.0726256983240368
syn,hyperplane_s10,ddm,91.02234636871509,0.2859076893428715,7,1.0726256983240368
syn,hyperplane_s10,ddm+half,90.49162011173185,0.29194221100647155,7,0.5418994413407985
syn,hyperplane_s10,ddm+hedge,90.69273743016758,0.2909370253243113,6,0.7430167597765269
syn,hyperplane_s10,eddm,90.1731843575419,0.3012106162350992,23,0.22346368715084886
syn,hyperplane_s10,eddm+half,90.93854748603354,0.2854263460797613,32,0.9888268156424851
syn,hyperplane_s10,eddm+hedge,91.20111731843575,0.2854243208575402,21,1.2513966480447003
syn,hyperplane_s10,fhddm,89.66480446927375,0.3042881990053788,3,-0.2849162011173134
syn,hyperplane_s10,fhddm+half,89.94972067039106,0.3006694939535248,3,0.0
syn,hyperplane_s10,fhddm+hedge,89.97206703910614,0.3005581966212726,3,0.022346368715087106
syn,hyperplane_s10,hddma,90.64245810055866,0.291562024364818,4,0.6927374301676004
syn,hyperplane_s10,hddma+half,90.26815642458101,0.29435121276881776,4,0.31843575418996073
syn,hyperplane_s10,hddma+hedge,90.83798882681565,0.2883965208380108,4,0.8882681564245876
syn,hyperplane_s10,hddmw,89.94972067039106,0.2995172975524697,0,0.0
syn,hyperplane_s10,hddmw+half,89.94972067039106,0.2995172975524697,0,0.0
syn,hyperplane_s10,hddmw+hedge,89.94972067039106,0.2995172975524697,0,0.0
syn,hyperplane_s10,adwin,91.09497206703911,0.2853514483017376,6,1.1452513966480504
syn,hyperplane_s10,adwin+half,90.39664804469274,0.2926624543381138,9,0.4469273743016866
syn,hyperplane_s10,adwin+hedge,90.98324022346368,0.2863901374432042,7,1.033519553072626
syn,hyperplane_s10,ph,90.1340782122905,0.29925239850417273,5,0.1843575418994492
syn,hyperplane_s10,ph+half,90.49162011173185,0.2937708949297946,5,0.5418994413407985
syn,hyperplane_s10,ph+hedge,90.30167597765363,0.2974298687765876,5,0.35195530726257473
syn,hyperplane_s10,kswin,89.94972067039106,0.2995172975524697,0,0.0
syn,hyperplane_s10,kswin+half,89.94972067039106,0.2995172975524697,0,0.0
syn,hyperplane_s10,kswin+hedge,89.94972067039106,0.2995172975524697,0,0.0
syn,hyperplane_s11,none,90.87150837988825,0.28348949420280906,0,0.0
syn,hyperplane_s11,ddmM,91.54189944134079,0.27789726731827,10,0.6703910614525355
syn,hyperplane_s11,ddm,91.54189944134079,0.27789726731827,10,0.6703910614525355
syn,hyperplane_s11,ddm+half,91.05027932960895,0.28005819333770937,5,0.17877094972069685
syn,hyperplane_s11,ddm+hedge,91.53072625698323,0.27536658561581573,7,0.6592178770949753
syn,hyperplane_s11,eddm,90.97765363128491,0.28291662408544277,9,0.10614525139666098
syn,hyperplane_s11,eddm+half,91.03910614525141,0.2797018579773733,26,0.16759776536314774
syn,hyperplane_s11,eddm+hedge,91.68156424581004,0.2744317355465975,27,0.8100558659217882
syn,hyperplane_s11,fhddm,90.67039106145252,0.2868315058565558,2,-0.20111731843573954
syn,hyperplane_s11,fhddm+half,90.85474860335195,0.2842321754110927,2,-0.01675977653630145
syn,hyperplane_s11,fhddm+hedge,90.8659217877095,0.28409762502685765,2,-0.005586592178752348
syn,hyperplane_s11,hddma,91.46927374301676,0.27484706451394514,3,0.5977653631284996
syn,hyperplane_s11,hddma+half,91.03351955307262,0.2796925023946142,3,0.1620111731843621
syn,hyperplane_s11,hddma+hedge,91.30167597765364,0.2762484655202748,3,0.43016759776538516
syn,hyperplane_s11,hddmw,90.87150837988825,0.28348949420280906,0,0.0
syn,hyperplane_s11,hddmw+half,90.87150837988825,0.28348949420280906,0,0.0
syn,hyperplane_s11,hddmw+hedge,90.87150837988825,0.28348949420280906,0,0.0
syn,hyperplane_s11,adwin,91.43016759776536,0.27717880258675776,5,0.558659217877111
syn,hyperplane_s11,adwin+half,91.1117318435754,0.27933233187825107,5,0.2402234636871503
syn,hyperplane_s11,adwin+hedge,91.3854748603352,0.27666380175553,5,0.5139664804469368
syn,hyperplane_s11,ph,91.0558659217877,0.28125405882263627,3,0.1843575418994492
syn,hyperplane_s11,ph+half,91.06145251396647,0.2798531621096136,3,0.18994413407822375
syn,hyperplane_s11,ph+hedge,91.08379888268158,0.2806160280985485,3,0.21229050279332196
syn,hyperplane_s11,kswin,90.87150837988825,0.28348949420280906,0,0.0
syn,hyperplane_s11,kswin+half,90.87150837988825,0.28348949420280906,0,0.0
syn,hyperplane_s11,kswin+hedge,90.87150837988825,0.28348949420280906,0,0.0
syn,hyperplane_s12,none,89.64245810055867,0.30466207954847146,0,0.0
syn,hyperplane_s12,ddmM,90.79888268156427,0.29018863823603386,13,1.1564245810055995
syn,hyperplane_s12,ddm,90.79888268156427,0.29018863823603386,13,1.1564245810055995
syn,hyperplane_s12,ddm+half,90.05027932960894,0.29863709145212564,6,0.40782122905027585
syn,hyperplane_s12,ddm+hedge,90.5195530726257,0.2929109897022755,9,0.8770949720670385
syn,hyperplane_s12,eddm,89.96648044692739,0.30694070297883996,25,0.3240223463687242
syn,hyperplane_s12,eddm+half,90.58659217877096,0.29185415995391856,26,0.9441340782122887
syn,hyperplane_s12,eddm+hedge,90.89385474860335,0.2925663716895348,25,1.251396648044678
syn,hyperplane_s12,fhddm,89.9608938547486,0.30129769800800216,4,0.3184357541899385
syn,hyperplane_s12,fhddm+half,89.74860335195531,0.3028837972649614,4,0.10614525139664988
syn,hyperplane_s12,fhddm+hedge,89.89385474860336,0.2992285715180553,4,0.2513966480446994
syn,hyperplane_s12,hddma,90.60893854748603,0.29181765841453006,5,0.9664804469273647
syn,hyperplane_s12,hddma+half,90.09497206703911,0.2978216781514437,5,0.45251396648045006
syn,hyperplane_s12,hddma+hedge,90.5977653631285,0.2915879373056457,5,0.9553072625698378
syn,hyperplane_s12,hddmw,89.77094972067039,0.30333442109394526,1,0.12849162011172588
syn,hyperplane_s12,hddmw+half,89.75418994413408,0.3030263467152914,1,0.11173184357542443
syn,hyperplane_s12,hddmw+hedge,89.7877094972067,0.3032488434904339,1,0.14525139664803843
syn,hyperplane_s12,adwin,90.93854748603351,0.28628230897455526,6,1.2960893854748523
syn,hyperplane_s12,adwin+half,89.98324022346368,0.29810982221158083,9,0.34078212290501453
syn,hyperplane_s12,adwin+hedge,90.79888268156424,0.28910653087414034,6,1.1564245810055773
syn,hyperplane_s12,ph,90.16759776536311,0.29866640344885126,3,0.5251396648044526
syn,hyperplane_s12,ph+half,90.11731843575419,0.2989209674726882,3,0.47486033519552606
syn,hyperplane_s12,ph+hedge,90.08379888268156,0.2994105149292573,3,0.44134078212290095
syn,hyperplane_s12,kswin,89.64245810055867,0.30466207954847146,0,0.0
syn,hyperplane_s12,kswin+half,89.64245810055867,0.30466207954847146,0,0.0
syn,hyperplane_s12,kswin+hedge,89.64245810055867,0.30466207954847146,0,0.0
syn,hyperplane_s13,none,88.17318435754188,0.33902427958292136,0,0.0
syn,hyperplane_s13,ddmM,90.11731843575419,0.3065627853335529,8,1.9441340782123007
syn,hyperplane_s13,ddm,90.16759776536313,0.3059450437276814,7,1.9944134078212383
syn,hyperplane_s13,ddm+half,88.89944134078212,0.3225538782377127,11,0.7262569832402255
syn,hyperplane_s13,ddm+hedge,90.69832402234636,0.29847525224664617,8,2.5251396648044655
syn,hyperplane_s13,eddm,89.80446927374301,0.3124183870290557,24,1.6312849162011145
syn,hyperplane_s13,eddm+half,89.44692737430167,0.31714576330356903,32,1.2737430167597763
syn,hyperplane_s13,eddm+hedge,90.48044692737429,0.30518884304400173,18,2.3072625698324023
syn,hyperplane_s13,fhddm,87.41899441340783,0.3508443766541413,8,-0.7541899441340538
syn,hyperplane_s13,fhddm+half,88.07821229050278,0.3409116049573957,8,-0.09497206703911187
syn,hyperplane_s13,fhddm+hedge,88.16759776536313,0.34146743029080534,8,-0.00558659217876345
syn,hyperplane_s13,hddma,90.7877094972067,0.2954814775271318,7,2.614525139664814
syn,hyperplane_s13,hddma+half,88.6927374301676,0.3248872495076928,7,0.5195530726257003
syn,hyperplane_s13,hddma+hedge,90.82122905027933,0.2959819041728269,8,2.648044692737439
syn,hyperplane_s13,hddmw,90.5530726256983,0.3004598664693048,6,2.379888268156416
syn,hyperplane_s13,hddmw+half,88.7094972067039,0.3266524442888283,6,0.5363128491620128
syn,hyperplane_s13,hddmw+hedge,90.41340782122904,0.30451641947115404,6,2.240223463687152
syn,hyperplane_s13,adwin,91.29050279329607,0.2855741409226698,8,3.1173184357541794
syn,hyperplane_s13,adwin+half,88.60335195530725,0.32521595580230844,14,0.43016759776535185
syn,hyperplane_s13,adwin+hedge,90.84916201117316,0.2946672304562534,9,2.6759776536312785
syn,hyperplane_s13,ph,89.69832402234636,0.31697663940745324,8,1.5251396648044646
syn,hyperplane_s13,ph+half,89.0,0.32530231110095903,8,0.8268156424581119
syn,hyperplane_s13,ph+hedge,89.34078212290501,0.3212242096312599,8,1.1675977653631264
syn,hyperplane_s13,kswin,88.17318435754188,0.33902427958292136,0,0.0
syn,hyperplane_s13,kswin+half,88.17318435754188,0.33902427958292136,0,0.0
syn,hyperplane_s13,kswin+hedge,88.17318435754188,0.33902427958292136,0,0.0
syn,hyperplane_s14,none,88.89944134078212,0.3178027699021885,0,0.0
syn,hyperplane_s14,ddmM,91.27932960893855,0.2832481694944343,12,2.379888268156438
syn,hyperplane_s14,ddm,91.27932960893855,0.2832481694944343,12,2.379888268156438
syn,hyperplane_s14,ddm+half,89.94413407821229,0.30113784554225653,11,1.044692737430175
syn,hyperplane_s14,ddm+hedge,91.2178770949721,0.2844908441975971,9,2.3184357541899736
syn,hyperplane_s14,eddm,90.92178770949721,0.29082618046567854,17,2.022346368715089
syn,hyperplane_s14,eddm+half,90.15642458100558,0.29747571713518267,27,1.2569832402234637
syn,hyperplane_s14,eddm+hedge,90.7709497206704,0.28895299099777305,18,1.871508379888287
syn,hyperplane_s14,fhddm,88.51955307262568,0.32504160503810803,5,-0.3798882681564253
syn,hyperplane_s14,fhddm+half,88.84357541899442,0.31853339903594685,5,-0.05586592178770111
syn,hyperplane_s14,fhddm+hedge,88.8659217877095,0.31908979385085157,5,-0.03351955307262511
syn,hyperplane_s14,hddma,91.0,0.2879727263001687,8,2.100558659217888
syn,hyperplane_s14,hddma+half,89.64245810055867,0.3047088044682271,7,0.7430167597765491
syn,hyperplane_s14,hddma+hedge,90.93296089385474,0.2902704919427401,8,2.033519553072627
syn,hyperplane_s14,hddmw,89.93854748603353,0.30542410816123594,4,1.0391061452514117
syn,hyperplane_s14,hddmw+half,89.5027932960894,0.30978260608995006,4,0.6033519553072741
syn,hyperplane_s14,hddmw+hedge,89.97206703910615,0.30598495710932794,4,1.0726256983240368
syn,hyperplane_s14,adwin,91.47486033519554,0.2794453808648758,8,2.5754189944134254
syn,hyperplane_s14,adwin+half,89.39664804469272,0.30741365993408193,12,0.49720670391061317
syn,hyperplane_s14,adwin+hedge,90.88268156424581,0.288466224148668,9,1.9832402234637003
syn,hyperplane_s14,ph,89.98324022346368,0.3075257971496792,8,1.0837988826815637
syn,hyperplane_s14,ph+half,89.6368715083799,0.306504657015297,7,0.7374301675977857
syn,hyperplane_s14,ph+hedge,89.95530726256982,0.30677532853772044,8,1.055865921787702
syn,hyperplane_s14,kswin,88.89944134078212,0.3178027699021885,0,0.0
syn,hyperplane_s14,kswin+half,88.89944134078212,0.3178027699021885,0,0.0
syn,hyperplane_s14,kswin+hedge,88.89944134078212,0.3178027699021885,0,0.0
syn,rbf_s10,none,90.53631284916202,0.25571563793000684,0,0.0
syn,rbf_s10,ddmM,91.23463687150839,0.2406441868602296,16,0.6983240223463638
syn,rbf_s10,ddm,91.24022346368714,0.2406907560972458,15,0.7039106145251273
syn,rbf_s10,ddm+half,90.77653631284916,0.250142836050816,17,0.2402234636871503
syn,rbf_s10,ddm+hedge,91.1340782122905,0.24416772105525722,17,0.5977653631284885
syn,rbf_s10,eddm,90.55865921787708,0.26061085896622305,28,0.0223463687150649
syn,rbf_s10,eddm+half,90.71508379888267,0.25249631554757757,20,0.17877094972066354
syn,rbf_s10,eddm+hedge,91.47486033519554,0.24346088046434078,23,0.9385474860335252
syn,rbf_s10,fhddm,90.9776536312849,0.24683902534130484,8,0.44134078212287875
syn,rbf_s10,fhddm+half,90.74860335195531,0.2521563486552481,8,0.21229050279328865
syn,rbf_s10,fhddm+hedge,90.99999999999999,0.2466086596372699,8,0.46368715083797696
syn,rbf_s10,hddma,91.48603351955306,0.23397126903592488,8,0.9497206703910521
syn,rbf_s10,hddma+half,90.79888268156424,0.2500498560989337,8,0.2625698324022152
syn,rbf_s10,hddma+hedge,91.36871508379889,0.23800506746725586,8,0.8324022346368753
syn,rbf_s10,hddmw,91.48603351955306,0.23397126903592488,8,0.9497206703910521
syn,rbf_s10,hddmw+half,90.79888268156424,0.2500498560989337,8,0.2625698324022152
syn,rbf_s10,hddmw+hedge,91.36871508379889,0.23800506746725586,8,0.8324022346368753
syn,rbf_s10,adwin,91.48603351955306,0.23397126903592488,8,0.9497206703910521
syn,rbf_s10,adwin+half,90.79888268156424,0.2500498560989337,8,0.2625698324022152
syn,rbf_s10,adwin+hedge,91.36871508379889,0.23800506746725586,8,0.8324022346368753
syn,rbf_s10,ph,91.48603351955306,0.23397126903592488,8,0.9497206703910521
syn,rbf_s10,ph+half,90.79888268156424,0.2500498560989337,8,0.2625698324022152
syn,rbf_s10,ph+hedge,91.36871508379889,0.23800506746725586,8,0.8324022346368753
syn,rbf_s10,kswin,91.48603351955306,0.23397126903592488,8,0.9497206703910521
syn,rbf_s10,kswin+half,90.79888268156424,0.2500498560989337,8,0.2625698324022152
syn,rbf_s10,kswin+hedge,91.36871508379889,0.23800506746725586,8,0.8324022346368753
syn,rbf_s11,none,90.3798882681564,0.26940657382349276,0,0.0
syn,rbf_s11,ddmM,90.36312849162012,0.2701837513628419,2,-0.01675977653629035
syn,rbf_s11,ddm,90.36312849162012,0.2701837513628419,2,-0.01675977653629035
syn,rbf_s11,ddm+half,90.70391061452516,0.26330440987577913,13,0.3240223463687464
syn,rbf_s11,ddm+hedge,91.20670391061452,0.252983086437809,15,0.8268156424581119
syn,rbf_s11,eddm,90.37988826815642,0.2712872922071917,25,2.220446049250313e-14
syn,rbf_s11,eddm+half,90.68156424581005,0.26427372521094344,11,0.3016759776536482
syn,rbf_s11,eddm+hedge,91.16201117318437,0.25624359971689703,23,0.7821229050279599
syn,rbf_s11,fhddm,90.8659217877095,0.2578676366218901,8,0.48603351955309737
syn,rbf_s11,fhddm+half,90.69832402234636,0.2638773986565577,8,0.3184357541899496
syn,rbf_s11,fhddm+hedge,90.93296089385474,0.25864565840528336,8,0.5530726256983365
syn,rbf_s11,hddma,91.34078212290503,0.2459153216072937,8,0.9608938547486234
syn,rbf_s11,hddma+half,90.69832402234637,0.26334946134100057,8,0.31843575418996073
syn,rbf_s11,hddma+hedge,91.27374301675978,0.25112685361131787,8,0.8938547486033732
syn,rbf_s11,hddmw,91.34078212290503,0.2459153216072937,8,0.9608938547486234
syn,rbf_s11,hddmw+half,90.69832402234637,0.26334946134100057,8,0.31843575418996073
syn,rbf_s11,hddmw+hedge,91.27374301675978,0.25112685361131787,8,0.8938547486033732
syn,rbf_s11,adwin,91.34078212290503,0.2459153216072937,8,0.9608938547486234
syn,rbf_s11,adwin+half,90.69832402234637,0.26334946134100057,8,0.31843575418996073
syn,rbf_s11,adwin+hedge,91.27374301675978,0.25112685361131787,8,0.8938547486033732
syn,rbf_s11,ph,91.34078212290503,0.2459153216072937,8,0.9608938547486234
syn,rbf_s11,ph+half,90.69832402234637,0.26334946134100057,8,0.31843575418996073
syn,rbf_s11,ph+hedge,91.27374301675978,0.25112685361131787,8,0.8938547486033732
syn,rbf_s11,kswin,91.34078212290503,0.2459153216072937,8,0.9608938547486234
syn,rbf_s11,kswin+half,90.69832402234637,0.26334946134100057,8,0.31843575418996073
syn,rbf_s11,kswin+hedge,91.27374301675978,0.25112685361131787,8,0.8938547486033732
syn,rbf_s12,none,89.92737430167597,0.2740022654757286,0,0.0
syn,rbf_s12,ddmM,90.60893854748603,0.25711672229329685,10,0.6815642458100624
syn,rbf_s12,ddm,90.69832402234637,0.2545884662321656,12,0.7709497206703997
syn,rbf_s12,ddm+half,90.16759776536315,0.2699772190162212,9,0.2402234636871836
syn,rbf_s12,ddm+hedge,90.75418994413407,0.25733313468858576,12,0.8268156424581008
syn,rbf_s12,eddm,90.04469273743018,0.27253307018466755,23,0.11731843575421008
syn,rbf_s12,eddm+half,90.15083798882682,0.26955753512269803,18,0.22346368715084886
syn,rbf_s12,eddm+hedge,90.77653631284916,0.2609556219303952,27,0.849162011173199
syn,rbf_s12,fhddm,90.30726256983239,0.2648680773724804,8,0.3798882681564253
syn,rbf_s12,fhddm+half,90.01675977653632,0.2719408911345591,8,0.08938547486034842
syn,rbf_s12,fhddm+hedge,90.41899441340784,0.2642211170306084,8,0.4916201117318719
syn,rbf_s12,hddma,90.84916201117319,0.25142870060846895,8,0.9217877094972238
syn,rbf_s12,hddma+half,90.13966480446929,0.2699535333191828,8,0.21229050279332196
syn,rbf_s12,hddma+hedge,90.7877094972067,0.2559205406009034,8,0.860335195530737
syn,rbf_s12,hddmw,90.84916201117319,0.25142870060846895,8,0.9217877094972238
syn,rbf_s12,hddmw+half,90.13966480446929,0.2699535333191828,8,0.21229050279332196
syn,rbf_s12,hddmw+hedge,90.7877094972067,0.2559205406009034,8,0.860335195530737
syn,rbf_s12,adwin,90.84916201117319,0.25142870060846895,8,0.9217877094972238
syn,rbf_s12,adwin+half,90.13966480446929,0.2699535333191828,8,0.21229050279332196
syn,rbf_s12,adwin+hedge,90.7877094972067,0.2559205406009034,8,0.860335195530737
syn,rbf_s12,ph,90.84916201117319,0.25142870060846895,8,0.9217877094972238
syn,rbf_s12,ph+half,90.12849162011173,0.2699377269215955,9,0.20111731843576175
syn,rbf_s12,ph+hedge,90.7877094972067,0.2559205406009034,8,0.860335195530737
syn,rbf_s12,kswin,90.84916201117319,0.25142870060846895,8,0.9217877094972238
syn,rbf_s12,kswin+half,90.13966480446929,0.2699535333191828,8,0.21229050279332196
syn,rbf_s12,kswin+hedge,90.7877094972067,0.2559205406009034,8,0.860335195530737
syn,rbf_s13,none,88.43016759776538,0.32680363920551814,0,0.0
syn,rbf_s13,ddmM,89.30726256983239,0.30483803844864643,11,0.8770949720670163
syn,rbf_s13,ddm,89.30726256983239,0.30483803844864643,11,0.8770949720670163
syn,rbf_s13,ddm+half,88.70949720670393,0.3224979680703302,10,0.27932960893854997
syn,rbf_s13,ddm+hedge,89.40782122905027,0.30872309312041757,11,0.9776536312849027
syn,rbf_s13,eddm,87.69273743016758,0.34360405457859167,36,-0.7374301675977968
syn,rbf_s13,eddm+half,88.69832402234636,0.3230735718725216,22,0.26815642458097866
syn,rbf_s13,eddm+hedge,89.15083798882682,0.31644275915380177,29,0.7206703910614509
syn,rbf_s13,fhddm,88.82122905027934,0.3161056083319611,8,0.3910614525139633
syn,rbf_s13,fhddm+half,88.64804469273744,0.3228122845625965,8,0.2178770949720632
syn,rbf_s13,fhddm+hedge,89.05027932960893,0.31613436568240894,8,0.6201117318435534
syn,rbf_s13,hddma,89.34078212290504,0.3025723435938162,8,0.9106145251396636
syn,rbf_s13,hddma+half,88.71508379888269,0.3225377304189215,8,0.2849162011173134
syn,rbf_s13,hddma+hedge,89.42458100558659,0.3077180784391995,8,0.9944134078212152
syn,rbf_s13,hddmw,89.34078212290504,0.3025723435938162,8,0.9106145251396636
syn,rbf_s13,hddmw+half,88.71508379888269,0.3225377304189215,8,0.2849162011173134
syn,rbf_s13,hddmw+hedge,89.42458100558659,0.3077180784391995,8,0.9944134078212152
syn,rbf_s13,adwin,89.34078212290504,0.3025723435938162,8,0.9106145251396636
syn,rbf_s13,adwin+half,88.62569832402234,0.3210841810567084,10,0.195530726256965
syn,rbf_s13,adwin+hedge,89.42458100558659,0.3077180784391995,8,0.9944134078212152
syn,rbf_s13,ph,89.34078212290504,0.3025723435938162,8,0.9106145251396636
syn,rbf_s13,ph+half,88.71508379888269,0.3236301144916398,10,0.2849162011173134
syn,rbf_s13,ph+hedge,89.42458100558659,0.3077180784391995,8,0.9944134078212152
syn,rbf_s13,kswin,89.34078212290504,0.3025723435938162,8,0.9106145251396636
syn,rbf_s13,kswin+half,88.71508379888269,0.3225377304189215,8,0.2849162011173134
syn,rbf_s13,kswin+hedge,89.42458100558659,0.3077180784391995,8,0.9944134078212152
syn,rbf_s14,none,90.08938547486032,0.2955419920753469,0,0.0
syn,rbf_s14,ddmM,91.33519553072627,0.27287701297136074,10,1.2458100558659368
syn,rbf_s14,ddm,91.33519553072627,0.27287701297136074,10,1.2458100558659368
syn,rbf_s14,ddm+half,90.5530726256983,0.2881372433615457,13,0.46368715083797696
syn,rbf_s14,ddm+hedge,91.14525139664804,0.2756839752653097,13,1.055865921787702
syn,rbf_s14,eddm,90.68715083798881,0.2887804368228535,20,0.5977653631284885
syn,rbf_s14,eddm+half,90.69832402234636,0.2860251071217274,22,0.6089385474860265
syn,rbf_s14,eddm+hedge,91.1564245810056,0.27565315017129666,14,1.0670391061452622
syn,rbf_s14,fhddm,90.75977653631284,0.28140660319576444,8,0.6703910614525133
syn,rbf_s14,fhddm+half,90.37430167597765,0.2895933288914408,8,0.2849162011173134
syn,rbf_s14,fhddm+hedge,90.87709497206703,0.2821502952523704,8,0.7877094972067011
syn,rbf_s14,hddma,91.39664804469272,0.27048387836287313,8,1.3072625698324014
syn,rbf_s14,hddma+half,90.48603351955308,0.2889393735927831,8,0.39664804469274895
syn,rbf_s14,hddma+hedge,91.18435754189943,0.2735494372320494,8,1.0949720670391017
syn,rbf_s14,hddmw,91.39664804469272,0.27048387836287313,8,1.3072625698324014
syn,rbf_s14,hddmw+half,90.48603351955308,0.2889393735927831,8,0.39664804469274895
syn,rbf_s14,hddmw+hedge,91.18435754189943,0.2735494372320494,8,1.0949720670391017
syn,rbf_s14,adwin,91.39664804469272,0.27048387836287313,8,1.3072625698324014
syn,rbf_s14,adwin+half,90.48603351955306,0.2885325902752499,10,0.39664804469272674
syn,rbf_s14,adwin+hedge,91.18435754189943,0.2735494372320494,8,1.0949720670391017
syn,rbf_s14,ph,91.39664804469272,0.27048387836287313,8,1.3072625698324014
syn,rbf_s14,ph+half,90.58659217877094,0.2861116936183959,11,0.49720670391061317
syn,rbf_s14,ph+hedge,91.18435754189943,0.2735494372320494,8,1.0949720670391017
syn,rbf_s14,kswin,91.39664804469272,0.27048387836287313,8,1.3072625698324014
syn,rbf_s14,kswin+half,90.48603351955308,0.2889393735927831,8,0.39664804469274895
syn,rbf_s14,kswin+hedge,91.18435754189943,0.2735494372320494,8,1.0949720670391017
syn,sea_s10,none,97.0,0.09967080923404466,0,0.0
syn,sea_s10,ddmM,98.68715083798884,0.06647044448170207,42,1.6871508379888378
syn,sea_s10,ddm,98.6927374301676,0.06567649014116686,38,1.6927374301676013
syn,sea_s10,ddm+half,97.51396648044694,0.0904555643069406,17,0.5139664804469368
syn,sea_s10,ddm+hedge,98.43575418994412,0.07432499505862075,30,1.4357541899441273
syn,sea_s10,eddm,98.40782122905028,0.0741840292250548,8,1.4078212290502878
syn,sea_s10,eddm+half,97.50279329608938,0.08847792505568172,9,0.5027932960893877
syn,sea_s10,eddm+hedge,98.3072625698324,0.08108079622537588,8,1.3072625698324014
syn,sea_s10,fhddm,97.0,0.09967080923404466,0,0.0
syn,sea_s10,fhddm+half,97.0,0.09967080923404466,0,0.0
syn,sea_s10,fhddm+hedge,97.0,0.09967080923404466,0,0.0
syn,sea_s10,hddma,97.54189944134077,0.0892065689614801,3,0.5418994413407763
syn,sea_s10,hddma+half,97.3072625698324,0.09451816710640441,3,0.3072625698324116
syn,sea_s10,hddma+hedge,97.55307262569832,0.0924322393294689,3,0.5530726256983254
syn,sea_s10,hddmw,97.0,0.09967080923404466,0,0.0
syn,sea_s10,hddmw+half,97.0,0.09967080923404466,0,0.0
syn,sea_s10,hddmw+hedge,97.0,0.09967080923404466,0,0.0
syn,sea_s10,adwin,98.68156424581007,0.06729209751511521,8,1.6815642458100633
syn,sea_s10,adwin+half,97.42458100558659,0.09132080515716878,10,0.4245810055865884
syn,sea_s10,adwin+hedge,98.53072625698324,0.07586292658319216,8,1.5307262569832503
syn,sea_s10,ph,97.28491620111731,0.09344535960244783,3,0.2849162011173134
syn,sea_s10,ph+half,97.25139664804469,0.09501334473389624,3,0.2513966480446883
syn,sea_s10,ph+hedge,97.27374301675978,0.09567661410904374,3,0.2737430167597865
syn,sea_s10,kswin,97.0,0.09967080923404466,0,0.0
syn,sea_s10,kswin+half,97.0,0.09967080923404466,0,0.0
syn,sea_s10,kswin+hedge,97.0,0.09967080923404466,0,0.0
syn,sea_s11,none,97.10055865921788,0.09594351952233562,0,0.0
syn,sea_s11,ddmM,98.85474860335195,0.06108002471270607,27,1.7541899441340658
syn,sea_s11,ddm,98.85474860335195,0.06108002471270607,27,1.7541899441340658
syn,sea_s11,ddm+half,97.68156424581007,0.08354663358373773,19,0.581005586592187
syn,sea_s11,ddm+hedge,98.92737430167597,0.06500915001667198,16,1.8268156424580795
syn,sea_s11,eddm,98.36871508379888,0.07455617035885576,8,1.2681564245809906
syn,sea_s11,eddm+half,97.70391061452514,0.08519383098173593,9,0.6033519553072519
syn,sea_s11,eddm+hedge,98.36871508379888,0.07818849158195161,8,1.2681564245809906
syn,sea_s11,fhddm,97.10055865921788,0.09594351952233562,0,0.0
syn,sea_s11,fhddm+half,97.10055865921788,0.09594351952233562,0,0.0
syn,sea_s11,fhddm+hedge,97.10055865921788,0.09594351952233562,0,0.0
syn,sea_s11,hddma,97.6703910614525,0.08623745375587756,2,0.5698324022346268
syn,sea_s11,hddma+half,97.32960893854748,0.09264688482995848,2,0.2290502793296012
syn,sea_s11,hddma+hedge,97.62011173184358,0.08903894553057091,2,0.5195530726257003
syn,sea_s11,hddmw,97.10055865921788,0.09594351952233562,0,0.0
syn,sea_s11,hddmw+half,97.10055865921788,0.09594351952233562,0,0.0
syn,sea_s11,hddmw+hedge,97.10055865921788,0.09594351952233562,0,0.0
syn,sea_s11,adwin,98.8659217877095,0.061948155927088924,8,1.765363128491615
syn,sea_s11,adwin+half,97.3854748603352,0.08814274975318179,9,0.2849162011173134
syn,sea_s11,adwin+hedge,98.71508379888267,0.07144568020438449,8,1.6145251396647908
syn,sea_s11,ph,97.36312849162012,0.0914790042902784,3,0.2625698324022263
syn,sea_s11,ph+half,97.39106145251397,0.09142520257310943,3,0.29050279329608797
syn,sea_s11,ph+hedge,97.36871508379888,0.09293987394271752,3,0.26815642458098976
syn,sea_s11,kswin,97.10055865921788,0.09594351952233562,0,0.0
syn,sea_s11,kswin+half,97.10055865921788,0.09594351952233562,0,0.0
syn,sea_s11,kswin+hedge,97.10055865921788,0.09594351952233562,0,0.0
syn,sea_s12,none,96.85474860335196,0.09985303465965495,0,0.0
syn,sea_s12,ddmM,98.68715083798881,0.06592975345082601,36,1.832402234636854
syn,sea_s12,ddm,98.68715083798881,0.06592975345082601,36,1.832402234636854
syn,sea_s12,ddm+half,97.66480446927373,0.08549200643659861,39,0.8100558659217771
syn,sea_s12,ddm+hedge,98.5195530726257,0.06693151714804466,29,1.6648044692737396
syn,sea_s12,eddm,98.32960893854748,0.07537880456239297,8,1.474860335195527
syn,sea_s12,eddm+half,97.66480446927373,0.08475871282724091,11,0.8100558659217771
syn,sea_s12,eddm+hedge,98.20111731843573,0.08148223689969729,8,1.3463687150837789
syn,sea_s12,fhddm,96.81564245810057,0.10003336292889976,1,-0.03910614525138856
syn,sea_s12,fhddm+half,96.84916201117318,0.09949647961658337,1,-0.005586592178785654
syn,sea_s12,fhddm+hedge,96.83798882681565,0.09991092514960695,1,-0.016759776536312554
syn,sea_s12,hddma,97.28491620111731,0.09245669372004561,2,0.43016759776535185
syn,sea_s12,hddma+half,97.13966480446928,0.09649042304392774,2,0.2849162011173134
syn,sea_s12,hddma+hedge,97.25698324022345,0.09478071852519493,2,0.4022346368714902
syn,sea_s12,hddmw,96.85474860335196,0.09985303465965495,0,0.0
syn,sea_s12,hddmw+half,96.85474860335196,0.09985303465965495,0,0.0
syn,sea_s12,hddmw+hedge,96.85474860335196,0.09985303465965495,0,0.0
syn,sea_s12,adwin,98.67597765363129,0.06878070855570009,8,1.8212290502793271
syn,sea_s12,adwin+half,97.39664804469274,0.0915482543063898,10,0.5418994413407763
syn,sea_s12,adwin+hedge,98.41899441340783,0.07735859299158117,8,1.5642458100558754
syn,sea_s12,ph,97.31843575418993,0.09152541204567853,3,0.46368715083797696
syn,sea_s12,ph+half,97.21229050279328,0.09469388263360602,3,0.3575418994413271
syn,sea_s12,ph+hedge,97.27374301675978,0.09428895154616715,3,0.41899441340782495
syn,sea_s12,kswin,96.85474860335196,0.09985303465965495,0,0.0
syn,sea_s12,kswin+half,96.85474860335196,0.09985303465965495,0,0.0
syn,sea_s12,kswin+hedge,96.85474860335196,0.09985303465965495,0,0.0
syn,sea_s13,none,97.1899441340782,0.10012626222120011,0,0.0
syn,sea_s13,ddmM,98.79888268156422,0.06675506581356126,26,1.6089385474860163
syn,sea_s13,ddm,98.79888268156422,0.06675506581356126,26,1.6089385474860163
syn,sea_s13,ddm+half,97.59776536312849,0.08906167775780477,26,0.40782122905027585
syn,sea_s13,ddm+hedge,98.54189944134077,0.07541456800234754,17,1.3519553072625645
syn,sea_s13,eddm,98.29050279329608,0.07896937187032534,8,1.1005586592178762
syn,sea_s13,eddm+half,97.53072625698323,0.09231851359719206,8,0.34078212290502563
syn,sea_s13,eddm+hedge,98.2290502793296,0.08426537291577776,8,1.0391061452513894
syn,sea_s13,fhddm,97.1899441340782,0.10012626222120011,0,0.0
syn,sea_s13,fhddm+half,97.1899441340782,0.10012626222120011,0,0.0
syn,sea_s13,fhddm+hedge,97.1899441340782,0.10012626222120011,0,0.0
syn,sea_s13,hddma,97.80446927374301,0.08785757488719827,3,0.614525139664801
syn,sea_s13,hddma+half,97.43016759776535,0.09601813335262623,3,0.2402234636871392
syn,sea_s13,hddma+hedge,97.7653631284916,0.09153634965334595,3,0.5754189944133903
syn,sea_s13,hddmw,97.1899441340782,0.10012626222120011,0,0.0
syn,sea_s13,hddmw+half,97.1899441340782,0.10012626222120011,0,0.0
syn,sea_s13,hddmw+hedge,97.1899441340782,0.10012626222120011,0,0.0
syn,sea_s13,adwin,98.59776536312847,0.07072308312679584,8,1.4078212290502656
syn,sea_s13,adwin+half,97.47486033519554,0.09049385437472705,9,0.2849162011173356
syn,sea_s13,adwin+hedge,98.45251396648044,0.07849765297115875,8,1.2625698324022272
syn,sea_s13,ph,97.3240223463687,0.09646274591864105,2,0.13407821229048933
syn,sea_s13,ph+half,97.3240223463687,0.09685455538866493,2,0.13407821229048933
syn,sea_s13,ph+hedge,97.3072625698324,0.09775692785301042,2,0.11731843575419898
syn,sea_s13,kswin,97.1899441340782,0.10012626222120011,0,0.0
syn,sea_s13,kswin+half,97.1899441340782,0.10012626222120011,0,0.0
syn,sea_s13,kswin+hedge,97.1899441340782,0.10012626222120011,0,0.0
syn,sea_s14,none,97.12849162011173,0.10107311249133194,0,0.0
syn,sea_s14,ddmM,98.79329608938546,0.06789960501231757,18,1.6648044692737285
syn,sea_s14,ddm,98.79329608938546,0.06777245630691649,17,1.6648044692737285
syn,sea_s14,ddm+half,97.69832402234636,0.0889297729386999,20,0.5698324022346268
syn,sea_s14,ddm+hedge,98.64804469273743,0.07485492324048663,12,1.51955307262569
syn,sea_s14,eddm,98.40782122905028,0.07663054458513949,8,1.2793296089385509
syn,sea_s14,eddm+half,97.6927374301676,0.09003066682149938,10,0.5642458100558634
syn,sea_s14,eddm+hedge,98.31843575418995,0.08335294910776873,8,1.1899441340782135
syn,sea_s14,fhddm,97.12849162011173,0.10107311249133194,0,0.0
syn,sea_s14,fhddm+half,97.12849162011173,0.10107311249133194,0,0.0
syn,sea_s14,fhddm+hedge,97.12849162011173,0.10107311249133194,0,0.0
syn,sea_s14,hddma,97.98324022346367,0.08424585109809604,3,0.8547486033519403
syn,sea_s14,hddma+half,97.40223463687151,0.09606125542098601,3,0.2737430167597754
syn,sea_s14,hddma+hedge,97.84916201117318,0.08820718308729728,3,0.7206703910614398
syn,sea_s14,hddmw,97.12849162011173,0.10107311249133194,0,0.0
syn,sea_s14,hddmw+half,97.12849162011173,0.10107311249133194,0,0.0
syn,sea_s14,hddmw+hedge,97.12849162011173,0.10107311249133194,0,0.0
syn,sea_s14,adwin,98.66480446927375,0.07081634153049517,8,1.5363128491620137
syn,sea_s14,adwin+half,97.5418994413408,0.09187523291863232,9,0.4134078212290615
syn,sea_s14,adwin+hedge,98.4189944134078,0.07925889558331455,8,1.2905027932960667
syn,sea_s14,ph,97.3240223463687,0.09793591315343353,2,0.195530726256965
syn,sea_s14,ph+half,97.35754189944133,0.09727835815506584,2,0.2290502793296012
syn,sea_s14,ph+hedge,97.31843575418993,0.09897584190592826,2,0.18994413407820154
syn,sea_s14,kswin,97.12849162011173,0.10107311249133194,0,0.0
syn,sea_s14,kswin+half,97.12849162011173,0.10107311249133194,0,0.0
syn,sea_s14,kswin+hedge,97.12849162011173,0.10107311249133194,0,0.0
syn,sine_s10,none,77.4476987447699,0.8161185149752812,0,0.0
syn,sine_s10,ddmM,94.81171548117156,0.49930508529628775,26,17.364016736401666
syn,sine_s10,ddm,94.84518828451884,0.4987807787017987,25,17.397489539748957
syn,sine_s10,ddm+half,81.2468619246862,0.7314885831028037,11,3.7991631799163095
syn,sine_s10,ddm+hedge,94.67364016736403,0.5342639103902199,17,17.225941422594136
syn,sine_s10,eddm,95.04602510460252,0.49373248083563565,11,17.598326359832626
syn,sine_s10,eddm+half,84.43514644351465,0.7094157108589179,21,6.987447698744765
syn,sine_s10,eddm+hedge,94.75313807531381,0.5218997703745283,11,17.305439330543926
syn,sine_s10,fhddm,77.92887029288703,0.7708684448797056,11,0.481171548117143
syn,sine_s10,fhddm+half,78.23430962343097,0.7648356294085966,11,0.786610878661087
syn,sine_s10,fhddm+hedge,78.0,0.785109143247276,11,0.5523012552301143
syn,sine_s10,hddma,95.04602510460252,0.49373248083563565,11,17.598326359832626
syn,sine_s10,hddma+half,81.2468619246862,0.7314885831028037,11,3.7991631799163095
syn,sine_s10,hddma+hedge,94.75313807531381,0.5218997703745283,11,17.305439330543926
syn,sine_s10,hddmw,95.04602510460252,0.49373248083563565,11,17.598326359832626
syn,sine_s10,hddmw+half,81.57740585774059,0.7261053604527282,12,4.129707112970693
syn,sine_s10,hddmw+hedge,94.75313807531381,0.5218997703745283,11,17.305439330543926
syn,sine_s10,adwin,95.04602510460252,0.49373248083563565,11,17.598326359832626
syn,sine_s10,adwin+half,82.74895397489539,0.6626686709827854,22,5.301255230125501
syn,sine_s10,adwin+hedge,94.74476987447699,0.513500775310231,13,17.2970711297071
syn,sine_s10,ph,95.04602510460252,0.49373248083563565,11,17.598326359832626
syn,sine_s10,ph+half,82.57740585774059,0.6671008358014867,22,5.129707112970705
syn,sine_s10,ph+hedge,94.75313807531381,0.5218997703745283,11,17.305439330543926
syn,sine_s10,kswin,95.04602510460252,0.49373248083563565,11,17.598326359832626
syn,sine_s10,kswin+half,82.11297071129707,0.6964991954668748,16,4.665271966527184
syn,sine_s10,kswin+hedge,94.75313807531381,0.5218997703745283,11,17.305439330543926
syn,sine_s11,none,77.35983263598327,0.8080400476088395,0,0.0
syn,sine_s11,ddmM,94.96652719665273,0.48432431417787314,23,17.606694560669467
syn,sine_s11,ddm,94.96652719665273,0.48432431417787314,23,17.606694560669467
syn,sine_s11,ddm+half,80.8326359832636,0.7221249453716849,15,3.47280334728034
syn,sine_s11,ddm+hedge,94.57322175732219,0.5164284299797034,26,17.213389121338928
syn,sine_s11,eddm,95.05857740585773,0.47501868445049295,12,17.698744769874473
syn,sine_s11,eddm+half,83.51882845188285,0.7058554571950083,19,6.158995815899592
syn,sine_s11,eddm+hedge,94.71548117154812,0.5095944898625308,11,17.35564853556486
syn,sine_s11,fhddm,77.90376569037657,0.7622839897826365,11,0.5439330543933085
syn,sine_s11,fhddm+half,78.0418410041841,0.7567413900737884,11,0.6820083682008482
syn,sine_s11,fhddm+hedge,77.89539748953975,0.7765335832517448,11,0.5355648535564916
syn,sine_s11,hddma,95.09205020920503,0.48136660558733013,11,17.732217573221764
syn,sine_s11,hddma+half,80.84937238493724,0.7219563145412728,11,3.4895397489539848
syn,sine_s11,hddma+hedge,94.71548117154812,0.5095944898625308,11,17.35564853556486
syn,sine_s11,hddmw,95.09205020920503,0.48136660558733013,11,17.732217573221764
syn,sine_s11,hddmw+half,80.84937238493724,0.7219563145412728,11,3.4895397489539848
syn,sine_s11,hddmw+hedge,94.71548117154812,0.5095944898625308,11,17.35564853556486
syn,sine_s11,adwin,95.09205020920503,0.48136660558733013,11,17.732217573221764
syn,sine_s11,adwin+half,82.3347280334728,0.6552960198729967,22,4.974895397489543
syn,sine_s11,adwin+hedge,94.68200836820084,0.5109392244576493,15,17.32217573221758
syn,sine_s11,ph,95.09205020920503,0.48136660558733013,11,17.732217573221764
syn,sine_s11,ph+half,81.79079497907951,0.6623157906721295,22,4.430962343096246
syn,sine_s11,ph+hedge,94.71548117154812,0.5104047362775876,12,17.35564853556486
syn,sine_s11,kswin,95.09205020920503,0.48136660558733013,11,17.732217573221764
syn,sine_s11,kswin+half,81.79079497907951,0.6684615959135426,20,4.430962343096246
syn,sine_s11,kswin+hedge,94.71548117154812,0.5095944898625308,11,17.35564853556486
syn,sine_s12,none,77.47698744769875,0.8145033880820212,0,0.0
syn,sine_s12,ddmM,94.72803347280335,0.4850870582859306,21,17.25104602510461
syn,sine_s12,ddm,94.72803347280335,0.4850870582859306,21,17.25104602510461
syn,sine_s12,ddm+half,80.62761506276152,0.7317971554556212,11,3.1506276150627732
syn,sine_s12,ddm+hedge,94.42677824267783,0.5271215413549791,18,16.94979079497908
syn,sine_s12,eddm,95.02092050209205,0.49360477133337277,11,17.543933054393314
syn,sine_s12,eddm+half,84.10878661087867,0.7088323762025974,21,6.63179916317993
syn,sine_s12,eddm+hedge,94.75732217573221,0.5212482115163048,11,17.280334728033473
syn,sine_s12,fhddm,77.79079497907951,0.7738654528644906,11,0.3138075313807609
syn,sine_s12,fhddm+half,78.10460251046025,0.7660602468644403,11,0.6276150627615107
syn,sine_s12,fhddm+hedge,77.89539748953975,0.7862884987802716,11,0.4184100418410108
syn,sine_s12,hddma,95.02092050209205,0.49360477133337277,11,17.543933054393314
syn,sine_s12,hddma+half,80.92887029288704,0.7312531458911633,11,3.451882845188292
syn,sine_s12,hddma+hedge,94.75732217573221,0.5212482115163048,11,17.280334728033473
syn,sine_s12,hddmw,95.02092050209205,0.49360477133337277,11,17.543933054393314
syn,sine_s12,hddmw+half,80.92887029288704,0.7312531458911633,11,3.451882845188292
syn,sine_s12,hddmw+hedge,94.75732217573221,0.5212482115163048,11,17.280334728033473
syn,sine_s12,adwin,95.02092050209205,0.49360477133337277,11,17.543933054393314
syn,sine_s12,adwin+half,82.21338912133892,0.6687293220084115,22,4.736401673640178
syn,sine_s12,adwin+hedge,94.74895397489539,0.5217873326710555,14,17.271966527196646
syn,sine_s12,ph,95.02092050209205,0.49360477133337277,11,17.543933054393314
syn,sine_s12,ph+half,81.8284518828452,0.6749370071584778,22,4.3514644351464575
syn,sine_s12,ph+hedge,94.75732217573221,0.5212482115163048,11,17.280334728033473
syn,sine_s12,kswin,95.02092050209205,0.49360477133337277,11,17.543933054393314
syn,sine_s12,kswin+half,81.5439330543933,0.6992659524627638,16,4.066945606694572
syn,sine_s12,kswin+hedge,94.75732217573221,0.5212482115163048,11,17.280334728033473
syn,sine_s13,none,77.42677824267783,0.8101721391852095,0,0.0
syn,sine_s13,ddmM,94.9958158995816,0.4872182857785886,22,17.569037656903774
syn,sine_s13,ddm,94.9958158995816,0.4872182857785886,22,17.569037656903774
syn,sine_s13,ddm+half,80.85355648535565,0.7243977114386354,18,3.4267782426778193
syn,sine_s13,ddm+hedge,94.68619246861925,0.5230859594251666,20,17.259414225941427
syn,sine_s13,eddm,95.12970711297072,0.48497107366945513,11,17.70292887029289
syn,sine_s13,eddm+half,83.17991631799163,0.7069989759817915,19,5.753138075313801
syn,sine_s13,eddm+hedge,94.74058577405859,0.5126803927006852,11,17.313807531380753
syn,sine_s13,fhddm,77.91631799163181,0.7644832710620492,11,0.4895397489539821
syn,sine_s13,fhddm+half,78.16317991631799,0.7585773988727973,11,0.7364016736401635
syn,sine_s13,fhddm+hedge,77.98326359832637,0.7786084125564663,11,0.5564853556485394
syn,sine_s13,hddma,95.12970711297072,0.48497107366945513,11,17.70292887029289
syn,sine_s13,hddma+half,80.86192468619247,0.7257986995383993,11,3.435146443514636
syn,sine_s13,hddma+hedge,94.74058577405859,0.5126803927006852,11,17.313807531380753
syn,sine_s13,hddmw,95.12970711297072,0.48497107366945513,11,17.70292887029289
syn,sine_s13,hddmw+half,80.86192468619247,0.7257986995383993,11,3.435146443514636
syn,sine_s13,hddmw+hedge,94.74058577405859,0.5126803927006852,11,17.313807531380753
syn,sine_s13,adwin,95.12970711297072,0.48497107366945513,11,17.70292887029289
syn,sine_s13,adwin+half,82.81589958158996,0.6614692008488942,22,5.389121338912128
syn,sine_s13,adwin+hedge,94.6652719665272,0.5131790369234429,15,17.23849372384937
syn,sine_s13,ph,95.12970711297072,0.48497107366945513,11,17.70292887029289
syn,sine_s13,ph+half,82.09205020920503,0.663985265000297,22,4.665271966527196
syn,sine_s13,ph+hedge,94.70711297071131,0.5116168779325075,13,17.280334728033473
syn,sine_s13,kswin,95.12970711297072,0.48497107366945513,11,17.70292887029289
syn,sine_s13,kswin+half,81.17991631799164,0.7044402911497007,14,3.753138075313811
syn,sine_s13,kswin+hedge,94.74058577405859,0.5126803927006852,11,17.313807531380753
syn,sine_s14,none,77.54811715481172,0.8120399650001616,0,0.0
syn,sine_s14,ddmM,94.93305439330545,0.48906948899918,18,17.384937238493727
syn,sine_s14,ddm,94.93305439330545,0.48906948899918,18,17.384937238493727
syn,sine_s14,ddm+half,80.98326359832636,0.7262903602776372,12,3.435146443514636
syn,sine_s14,ddm+hedge,94.51046025104604,0.5346945147359499,22,16.96234309623431
syn,sine_s14,eddm,94.96234309623432,0.48205813763208,12,17.41422594142259
syn,sine_s14,eddm+half,84.2928870292887,0.7055698122412196,19,6.744769874476986
syn,sine_s14,eddm+hedge,94.56903765690379,0.5175580233643938,12,17.020920502092064
syn,sine_s14,fhddm,78.07531380753139,0.7654540959058068,11,0.5271966527196636
syn,sine_s14,fhddm+half,78.40167364016736,0.7582178858568313,11,0.8535564853556332
syn,sine_s14,fhddm+hedge,78.15062761506276,0.779497763099288,11,0.6025104602510378
syn,sine_s14,hddma,95.00836820083684,0.4873849223431599,11,17.46025104602511
syn,sine_s14,hddma+half,80.98326359832636,0.7262903602776372,11,3.435146443514636
syn,sine_s14,hddma+hedge,94.60251046025105,0.5151797131155986,11,17.05439330543933
syn,sine_s14,hddmw,95.00836820083684,0.4873849223431599,11,17.46025104602511
syn,sine_s14,hddmw+half,80.98326359832636,0.7262903602776372,11,3.435146443514636
syn,sine_s14,hddmw+hedge,94.60251046025105,0.5151797131155986,11,17.05439330543933
syn,sine_s14,adwin,95.00836820083684,0.4873849223431599,11,17.46025104602511
syn,sine_s14,adwin+half,82.27196652719665,0.6570258421747406,22,4.723849372384925
syn,sine_s14,adwin+hedge,94.56066945606696,0.5182000917220706,13,17.012552301255234
syn,sine_s14,ph,95.00836820083684,0.4873849223431599,11,17.46025104602511
syn,sine_s14,ph+half,81.9539748953975,0.6669012260383891,22,4.405857740585772
syn,sine_s14,ph+hedge,94.57740585774059,0.5169649932063293,12,17.02928870292887
syn,sine_s14,kswin,95.00836820083684,0.4873849223431599,11,17.46025104602511
syn,sine_s14,kswin+half,81.89121338912135,0.6897044155708104,17,4.343096234309618
syn,sine_s14,kswin+hedge,94.58577405857741,0.517663806404558,12,17.037656903765697
syn,stagger_s10,none,85.50837988826817,0.5225714848403893,0,0.0
syn,stagger_s10,ddmM,97.32402234636872,0.2989745338984519,8,11.815642458100562
syn,stagger_s10,ddm,97.32402234636872,0.2989745338984519,8,11.815642458100562
syn,stagger_s10,ddm+half,88.24022346368714,0.46653401898349367,8,2.7318435754189796
syn,stagger_s10,ddm+hedge,97.3072625698324,0.32455159707061015,9,11.79888268156425
syn,stagger_s10,eddm,97.32402234636872,0.2989745338984519,8,11.815642458100562
syn,stagger_s10,eddm+half,89.9608938547486,0.45263548349367905,14,4.452513966480442
syn,stagger_s10,eddm+hedge,97.3072625698324,0.32246033125235385,8,11.79888268156425
syn,stagger_s10,fhddm,85.63687150837988,0.49024979093164195,8,0.12849162011172588
syn,stagger_s10,fhddm+half,85.63687150837988,0.4901787043017629,8,0.12849162011172588
syn,stagger_s10,fhddm+hedge,85.63687150837988,0.5018634547697103,8,0.12849162011172588
syn,stagger_s10,hddma,97.32402234636872,0.2989745338984519,8,11.815642458100562
syn,stagger_s10,hddma+half,88.03351955307261,0.4658207895344608,8,2.5251396648044544
syn,stagger_s10,hddma+hedge,97.3072625698324,0.32246033125235385,8,11.79888268156425
syn,stagger_s10,hddmw,97.32402234636872,0.2989745338984519,8,11.815642458100562
syn,stagger_s10,hddmw+half,88.03351955307261,0.4658207895344608,8,2.5251396648044544
syn,stagger_s10,hddmw+hedge,97.3072625698324,0.32246033125235385,8,11.79888268156425
syn,stagger_s10,adwin,97.32402234636872,0.2989745338984519,8,11.815642458100562
syn,stagger_s10,adwin+half,88.16201117318437,0.4266321783327915,16,2.6536312849162025
syn,stagger_s10,adwin+hedge,97.3072625698324,0.32246033125235385,8,11.79888268156425
syn,stagger_s10,ph,96.8268156424581,0.3122134057580239,8,11.318435754189938
syn,stagger_s10,ph+half,88.62569832402234,0.4328277292549408,16,3.1173184357541794
syn,stagger_s10,ph+hedge,96.8100558659218,0.3358453105204823,8,11.301675977653636
syn,stagger_s10,kswin,96.28491620111733,0.31675787901926583,8,10.776536312849172
syn,stagger_s10,kswin+half,88.02234636871509,0.43686831076808974,13,2.5139664804469275
syn,stagger_s10,kswin+hedge,96.268156424581,0.33928494930178843,8,10.759776536312838
syn,stagger_s11,none,85.40782122905027,0.5157451236811809,0,0.0
syn,stagger_s11,ddmM,97.41899441340782,0.28978140772781946,8,12.011173184357549
syn,stagger_s11,ddm,97.41899441340782,0.28978140772781946,8,12.011173184357549
syn,stagger_s11,ddm+half,87.9050279329609,0.4589265719613932,8,2.497206703910637
syn,stagger_s11,ddm+hedge,97.35195530726259,0.31559595788902584,9,11.94413407821231
syn,stagger_s11,eddm,97.41899441340782,0.28978140772781946,8,12.011173184357549
syn,stagger_s11,eddm+half,90.29608938547486,0.44134384973576063,14,4.88826815642458
syn,stagger_s11,eddm+hedge,97.35195530726259,0.3137196377190657,8,11.94413407821231
syn,stagger_s11,fhddm,85.53072625698326,0.4876875041281347,8,0.12290502793298463
syn,stagger_s11,fhddm+half,85.53072625698326,0.4876217169442781,8,0.12290502793298463
syn,stagger_s11,fhddm+hedge,85.53072625698326,0.49812122926554314,8,0.12290502793298463
syn,stagger_s11,hddma,97.41899441340782,0.28978140772781946,8,12.011173184357549
syn,stagger_s11,hddma+half,87.9050279329609,0.4589265719613932,8,2.497206703910637
syn,stagger_s11,hddma+hedge,97.35195530726259,0.3137196377190657,8,11.94413407821231
syn,stagger_s11,hddmw,97.41899441340782,0.28978140772781946,8,12.011173184357549
syn,stagger_s11,hddmw+half,88.25698324022348,0.4532282560185588,9,2.849162011173201
syn,stagger_s11,hddmw+hedge,97.35195530726259,0.3137196377190657,8,11.94413407821231
syn,stagger_s11,adwin,97.41899441340782,0.28978140772781946,8,12.011173184357549
syn,stagger_s11,adwin+half,88.2122905027933,0.4206337679951691,16,2.8044692737430266
syn,stagger_s11,adwin+hedge,97.35195530726259,0.3137196377190657,8,11.94413407821231
syn,stagger_s11,ph,96.51955307262571,0.31475652796787656,8,11.111731843575434
syn,stagger_s11,ph+half,88.93854748603351,0.4271397125649323,16,3.530726256983241
syn,stagger_s11,ph+hedge,96.49720670391062,0.3385399127229067,8,11.089385474860347
syn,stagger_s11,kswin,97.41899441340782,0.28978140772781946,8,12.011173184357549
syn,stagger_s11,kswin+half,88.8100558659218,0.43843225807597097,12,3.402234636871526
syn,stagger_s11,kswin+hedge,97.35195530726259,0.3137196377190657,8,11.94413407821231
syn,stagger_s12,none,85.54189944134079,0.5130770197464237,0,0.0
syn,stagger_s12,ddmM,97.33519553072625,0.2921095577067452,8,11.793296089385464
syn,stagger_s12,ddm,97.33519553072625,0.2921095577067452,8,11.793296089385464
syn,stagger_s12,ddm+half,87.94972067039106,0.4567328970699813,8,2.4078212290502776
syn,stagger_s12,ddm+hedge,97.3240223463687,0.31831798171510867,9,11.782122905027915
syn,stagger_s12,eddm,97.33519553072625,0.2921095577067452,8,11.793296089385464
syn,stagger_s12,eddm+half,90.08938547486032,0.4417791829431109,15,4.547486033519544
syn,stagger_s12,eddm+hedge,97.3240223463687,0.3163575514355977,8,11.782122905027915
syn,stagger_s12,fhddm,85.59217877094973,0.48200908266593,8,0.05027932960893766
syn,stagger_s12,fhddm+half,85.59217877094973,0.48193618779337183,8,0.05027932960893766
syn,stagger_s12,fhddm+hedge,85.59217877094973,0.49335997774093737,8,0.05027932960893766
syn,stagger_s12,hddma,97.33519553072625,0.2921095577067452,8,11.793296089385464
syn,stagger_s12,hddma+half,87.94972067039106,0.4567328970699813,8,2.4078212290502776
syn,stagger_s12,hddma+hedge,97.3240223463687,0.3163575514355977,8,11.782122905027915
syn,stagger_s12,hddmw,97.33519553072625,0.2921095577067452,8,11.793296089385464
syn,stagger_s12,hddmw+half,87.94972067039106,0.4567328970699813,8,2.4078212290502776
syn,stagger_s12,hddmw+hedge,97.3240223463687,0.3163575514355977,8,11.782122905027915
syn,stagger_s12,adwin,97.33519553072625,0.2921095577067452,8,11.793296089385464
syn,stagger_s12,adwin+half,88.0391061452514,0.42264757449114015,16,2.497206703910615
syn,stagger_s12,adwin+hedge,97.3240223463687,0.3163575514355977,8,11.782122905027915
syn,stagger_s12,ph,96.43016759776536,0.3160508709047261,8,10.888268156424575
syn,stagger_s12,ph+half,88.79888268156424,0.4270137542614818,16,3.2569832402234544
syn,stagger_s12,ph+hedge,96.41899441340782,0.3398115633927314,8,10.877094972067026
syn,stagger_s12,kswin,97.33519553072625,0.2921095577067452,8,11.793296089385464
syn,stagger_s12,kswin+half,88.04469273743015,0.4381844634058046,11,2.5027932960893673
syn,stagger_s12,kswin+hedge,97.3240223463687,0.3163575514355977,8,11.782122905027915
syn,stagger_s13,none,85.5977653631285,0.5185870986774506,0,0.0
syn,stagger_s13,ddmM,97.32402234636872,0.29630130413475597,8,11.726256983240212
syn,stagger_s13,ddm,97.32402234636872,0.29630130413475597,8,11.726256983240212
syn,stagger_s13,ddm+half,88.37988826815642,0.4606735777922473,9,2.782122905027906
syn,stagger_s13,ddm+hedge,97.31843575418996,0.3200279000196561,8,11.72067039106145
syn,stagger_s13,eddm,97.32402234636872,0.29630130413475597,8,11.726256983240212
syn,stagger_s13,eddm+half,91.62569832402235,0.4218820433379187,24,6.027932960893844
syn,stagger_s13,eddm+hedge,97.31843575418996,0.3200279000196561,8,11.72067039106145
syn,stagger_s13,fhddm,85.68156424581007,0.48820233468026836,8,0.08379888268155167
syn,stagger_s13,fhddm+half,85.68156424581007,0.4881304400424933,8,0.08379888268155167
syn,stagger_s13,fhddm+hedge,85.68156424581007,0.4993297058899857,8,0.08379888268155167
syn,stagger_s13,hddma,97.32402234636872,0.29630130413475597,8,11.726256983240212
syn,stagger_s13,hddma+half,88.31843575418995,0.4601221610156821,9,2.7206703910614416
syn,stagger_s13,hddma+hedge,97.31843575418996,0.3200279000196561,8,11.72067039106145
syn,stagger_s13,hddmw,97.32402234636872,0.29630130413475597,8,11.726256983240212
syn,stagger_s13,hddmw+half,87.93854748603351,0.4631836874681806,8,2.340782122905005
syn,stagger_s13,hddmw+hedge,97.31843575418996,0.3200279000196561,8,11.72067039106145
syn,stagger_s13,adwin,97.32402234636872,0.29630130413475597,8,11.726256983240212
syn,stagger_s13,adwin+half,88.20670391061454,0.42381783768165465,16,2.6089385474860283
syn,stagger_s13,adwin+hedge,97.31843575418996,0.3200279000196561,8,11.72067039106145
syn,stagger_s13,ph,96.7877094972067,0.31137593748354464,8,11.1899441340782
syn,stagger_s13,ph+half,88.41899441340782,0.4323278531939702,16,2.821229050279306
syn,stagger_s13,ph+hedge,96.78212290502793,0.33521294853356687,8,11.184357541899425
syn,stagger_s13,kswin,97.32402234636872,0.29630130413475597,8,11.726256983240212
syn,stagger_s13,kswin+half,88.15642458100558,0.43733595592070224,12,2.5586592178770684
syn,stagger_s13,kswin+hedge,97.31843575418996,0.3200279000196561,8,11.72067039106145
syn,stagger_s14,none,85.49162011173185,0.513331387420665,0,0.0
syn,stagger_s14,ddmM,97.36312849162012,0.29327538409023557,8,11.871508379888262
syn,stagger_s14,ddm,97.36312849162012,0.29327538409023557,8,11.871508379888262
syn,stagger_s14,ddm+half,88.22905027932961,0.457346226864569,8,2.7374301675977653
syn,stagger_s14,ddm+hedge,97.32402234636872,0.31880377494081924,9,11.832402234636874
syn,stagger_s14,eddm,97.36312849162012,0.29327538409023557,8,11.871508379888262
syn,stagger_s14,eddm+half,90.20670391061452,0.4350256866546063,17,4.71508379888268
syn,stagger_s14,eddm+hedge,97.32402234636872,0.31638898843251284,8,11.832402234636874
syn,stagger_s14,fhddm,85.59776536312849,0.4851656289728397,8,0.10614525139663877
syn,stagger_s14,fhddm+half,85.59776536312849,0.48508563684034106,8,0.10614525139663877
syn,stagger_s14,fhddm+hedge,85.59776536312849,0.4957255512914333,8,0.10614525139663877
syn,stagger_s14,hddma,97.36312849162012,0.29327538409023557,8,11.871508379888262
syn,stagger_s14,hddma+half,87.9608938547486,0.45696600825164935,8,2.4692737430167533
syn,stagger_s14,hddma+hedge,97.32402234636872,0.31638898843251284,8,11.832402234636874
syn,stagger_s14,hddmw,97.36312849162012,0.29327538409023557,8,11.871508379888262
syn,stagger_s14,hddmw+half,87.9608938547486,0.45696600825164935,8,2.4692737430167533
syn,stagger_s14,hddmw+hedge,97.32402234636872,0.31638898843251284,8,11.832402234636874
syn,stagger_s14,adwin,97.36312849162012,0.29327538409023557,8,11.871508379888262
syn,stagger_s14,adwin+half,88.05027932960895,0.4254475723716818,16,2.5586592178771017
syn,stagger_s14,adwin+hedge,97.32402234636872,0.31638898843251284,8,11.832402234636874
syn,stagger_s14,ph,96.52513966480447,0.3164199230877126,8,11.033519553072624
syn,stagger_s14,ph+half,89.12290502793294,0.4286575426867273,16,3.631284916201094
syn,stagger_s14,ph+hedge,96.48603351955306,0.3397495731554508,8,10.994413407821213
syn,stagger_s14,kswin,96.20111731843575,0.3136954272134357,8,10.7094972067039
syn,stagger_s14,kswin+half,87.88268156424581,0.435791259272784,12,2.391061452513965
syn,stagger_s14,kswin+hedge,96.16201117318435,0.3353289975438876,8,10.670391061452511
syn,grid_c5_b500_s10,none,48.81818181818182,1.366595970794467,0,0.0
syn,grid_c5_b500_s10,ddmM,87.38636363636364,1.73806787624181,9,38.56818181818182
syn,grid_c5_b500_s10,ddm,87.38636363636364,1.73806787624181,9,38.56818181818182
syn,grid_c5_b500_s10,ddm+half,49.86363636363637,1.3516797400738454,1,1.0454545454545439
syn,grid_c5_b500_s10,ddm+hedge,87.36363636363636,1.0966500346086678,8,38.54545454545453
syn,grid_c5_b500_s10,eddm,87.38636363636364,1.7373600493366013,8,38.56818181818182
syn,grid_c5_b500_s10,eddm+half,55.363636363636374,1.265085037787417,10,6.5454545454545485
syn,grid_c5_b500_s10,eddm+hedge,87.36363636363636,1.0966500346086678,8,38.54545454545453
syn,grid_c5_b500_s10,fhddm,62.63636363636363,1.9404346581196934,7,13.818181818181813
syn,grid_c5_b500_s10,fhddm+half,47.86363636363637,1.612525258339833,6,-0.9545454545454524
syn,grid_c5_b500_s10,fhddm+hedge,58.29545454545454,1.3449362790671913,4,9.477272727272718
syn,grid_c5_b500_s10,hddma,87.38636363636364,1.7373600493366013,8,38.56818181818182
syn,grid_c5_b500_s10,hddma+half,48.159090909090914,1.300166237177815,5,-0.6590909090909092
syn,grid_c5_b500_s10,hddma+hedge,87.36363636363636,1.0966500346086678,8,38.54545454545453
syn,grid_c5_b500_s10,hddmw,87.38636363636364,1.7373600493366013,8,38.56818181818182
syn,grid_c5_b500_s10,hddmw+half,46.68181818181817,1.4492915959216552,6,-2.1363636363636473
syn,grid_c5_b500_s10,hddmw+hedge,87.36363636363636,1.0966500346086678,8,38.54545454545453
syn,grid_c5_b500_s10,adwin,87.38636363636364,1.7373600493366013,8,38.56818181818182
syn,grid_c5_b500_s10,adwin+half,51.15909090909091,1.4274305748742584,4,2.340909090909088
syn,grid_c5_b500_s10,adwin+hedge,87.36363636363636,1.0966500346086678,8,38.54545454545453
syn,grid_c5_b500_s10,ph,85.02272727272728,1.7858700237029779,8,36.20454545454546
syn,grid_c5_b500_s10,ph+half,50.84090909090909,1.4937662643582434,8,2.0227272727272707
syn,grid_c5_b500_s10,ph+hedge,85.18181818181817,1.1381776786723479,8,36.363636363636346
syn,grid_c5_b500_s10,kswin,87.38636363636364,1.7373600493366013,8,38.56818181818182
syn,grid_c5_b500_s10,kswin+half,45.86363636363636,1.6233741758122202,7,-2.9545454545454595
syn,grid_c5_b500_s10,kswin+hedge,87.36363636363636,1.0966500346086678,8,38.54545454545453
syn,grid_c5_b500_s11,none,38.59090909090909,1.931638212676046,0,0.0
syn,grid_c5_b500_s11,ddmM,80.36363636363636,1.4771916252269215,12,41.772727272727266
syn,grid_c5_b500_s11,ddm,80.36363636363636,1.4771916252269215,12,41.772727272727266
syn,grid_c5_b500_s11,ddm+half,40.0909090909091,1.8510468123682955,5,1.5000000000000069
syn,grid_c5_b500_s11,ddm+hedge,80.13636363636363,1.4087600762041896,13,41.54545454545453
syn,grid_c5_b500_s11,eddm,86.18181818181819,1.7629242268106737,8,47.590909090909086
syn,grid_c5_b500_s11,eddm+half,48.06818181818182,1.7871865602387034,8,9.477272727272728
syn,grid_c5_b500_s11,eddm+hedge,86.13636363636363,1.531294113917394,8,47.54545454545454
syn,grid_c5_b500_s11,fhddm,55.20454545454545,1.6944033476631275,3,16.61363636363636
syn,grid_c5_b500_s11,fhddm+half,37.88636363636363,1.9246480212797918,6,-0.7045454545454577
syn,grid_c5_b500_s11,fhddm+hedge,55.136363636363626,1.7227499086207416,3,16.545454545454536
syn,grid_c5_b500_s11,hddma,86.18181818181819,1.7629242268106737,8,47.590909090909086
syn,grid_c5_b500_s11,hddma+half,41.227272727272734,1.8197299347224083,3,2.636363636363642
syn,grid_c5_b500_s11,hddma+hedge,86.13636363636363,1.531294113917394,8,47.54545454545454
syn,grid_c5_b500_s11,hddmw,84.25,1.761185664452938,8,45.659090909090914
syn,grid_c5_b500_s11,hddmw+half,39.13636363636364,1.8346376892318659,5,0.545454545454549
syn,grid_c5_b500_s11,hddmw+hedge,85.43181818181817,1.5522165816018605,8,46.840909090909086
syn,grid_c5_b500_s11,adwin,86.18181818181819,1.7629242268106737,8,47.590909090909086
syn,grid_c5_b500_s11,adwin+half,39.590909090909086,2.065174984599057,8,0.9999999999999953
syn,grid_c5_b500_s11,adwin+hedge,86.13636363636363,1.531294113917394,8,47.54545454545454
syn,grid_c5_b500_s11,ph,83.56818181818183,1.7784848146521626,8,44.97727272727274
syn,grid_c5_b500_s11,ph+half,48.15909090909092,1.7560760319415594,8,9.568181818181825
syn,grid_c5_b500_s11,ph+hedge,83.56818181818183,1.5691526345194353,8,44.97727272727274
syn,grid_c5_b500_s11,kswin,83.18181818181819,1.7759323050674245,7,44.5909090909091
syn,grid_c5_b500_s11,kswin+half,40.0909090909091,2.047865279554978,5,1.5000000000000069
syn,grid_c5_b500_s11,kswin+hedge,83.11363636363637,1.5548278043543051,7,44.52272727272727
syn,grid_c5_b2000_s10,none,83.78212290502795,0.6553336011590606,0,0.0
syn,grid_c5_b2000_s10,ddmM,96.97206703910614,0.4136168116625726,14,13.18994413407819
syn,grid_c5_b2000_s10,ddm,96.97206703910614,0.4136168116625726,14,13.18994413407819
syn,grid_c5_b2000_s10,ddm+half,86.82681564245809,0.5923262419195088,9,3.0446927374301436
syn,grid_c5_b2000_s10,ddm+hedge,96.97206703910614,0.44050402770755337,14,13.18994413407819
syn,grid_c5_b2000_s10,eddm,96.97765363128492,0.4138230940845618,8,13.195530726256976
syn,grid_c5_b2000_s10,eddm+half,90.0782122905028,0.563904155218792,18,6.296089385474857
syn,grid_c5_b2000_s10,eddm+hedge,96.97206703910614,0.4381987027387484,8,13.18994413407819
syn,grid_c5_b2000_s10,fhddm,83.80446927374304,0.6232453225435829,8,0.022346368715087106
syn,grid_c5_b2000_s10,fhddm+half,83.81005586592181,0.6230825574997706,8,0.027932960893861658
syn,grid_c5_b2000_s10,fhddm+hedge,83.81005586592181,0.6347883527066543,8,0.027932960893861658
syn,grid_c5_b2000_s10,hddma,96.97765363128492,0.4138230940845618,8,13.195530726256976
syn,grid_c5_b2000_s10,hddma+half,86.82681564245809,0.5923262419195088,8,3.0446927374301436
syn,grid_c5_b2000_s10,hddma+hedge,96.97206703910614,0.4381987027387484,8,13.18994413407819
syn,grid_c5_b2000_s10,hddmw,96.97765363128492,0.4138230940845618,8,13.195530726256976
syn,grid_c5_b2000_s10,hddmw+half,87.05027932960894,0.580950417207911,10,3.2681564245809924
syn,grid_c5_b2000_s10,hddmw+hedge,96.97206703910614,0.4381987027387484,8,13.18994413407819
syn,grid_c5_b2000_s10,adwin,96.97765363128492,0.4138230940845618,8,13.195530726256976
syn,grid_c5_b2000_s10,adwin+half,86.97765363128491,0.5512197135827849,16,3.1955307262569677
syn,grid_c5_b2000_s10,adwin+hedge,96.97206703910614,0.4381987027387484,8,13.18994413407819
syn,grid_c5_b2000_s10,ph,96.97765363128492,0.4138230940845618,8,13.195530726256976
syn,grid_c5_b2000_s10,ph+half,86.89944134078212,0.5573629283534507,16,3.1173184357541794
syn,grid_c5_b2000_s10,ph+hedge,96.97206703910614,0.4381987027387484,8,13.18994413407819
syn,grid_c5_b2000_s10,kswin,96.97765363128492,0.4138230940845618,8,13.195530726256976
syn,grid_c5_b2000_s10,kswin+half,86.9050279329609,0.5625529857519698,13,3.122905027932954
syn,grid_c5_b2000_s10,kswin+hedge,96.97206703910614,0.4381987027387484,8,13.18994413407819
syn,grid_c5_b2000_s11,none,81.99441340782123,0.7105415036155862,0,0.0
syn,grid_c5_b2000_s11,ddmM,95.80446927374302,0.4339746706179114,28,13.81005586592179
syn,grid_c5_b2000_s11,ddm,95.80446927374302,0.4339746706179114,28,13.81005586592179
syn,grid_c5_b2000_s11,ddm+half,85.77094972067037,0.6394432613442007,15,3.7765363128491436
syn,grid_c5_b2000_s11,ddm+hedge,95.46368715083798,0.4817009598041643,27,13.469273743016752
syn,grid_c5_b2000_s11,eddm,96.56983240223465,0.4388194063131997,8,14.575418994413415
syn,grid_c5_b2000_s11,eddm+half,88.43016759776538,0.6136791815942746,16,6.435754189944143
syn,grid_c5_b2000_s11,eddm+hedge,96.54748603351955,0.46394548714901646,8,14.553072625698317
syn,grid_c5_b2000_s11,fhddm,82.00558659217879,0.6840659056095791,8,0.011173184357549104
syn,grid_c5_b2000_s11,fhddm+half,82.08938547486034,0.67515455951107,8,0.09497206703910077
syn,grid_c5_b2000_s11,fhddm+hedge,82.01675977653632,0.6887543344827115,8,0.022346368715087106
syn,grid_c5_b2000_s11,hddma,96.56983240223465,0.4388194063131997,8,14.575418994413415
syn,grid_c5_b2000_s11,hddma+half,85.50837988826817,0.6412534149347364,8,3.5139664804469284
syn,grid_c5_b2000_s11,hddma+hedge,96.54748603351955,0.46394548714901646,8,14.553072625698317
syn,grid_c5_b2000_s11,hddmw,96.22905027932961,0.4473239649124139,8,14.234636871508389
syn,grid_c5_b2000_s11,hddmw+half,85.34636871508378,0.6411366218163969,8,3.351955307262555
syn,grid_c5_b2000_s11,hddmw+hedge,96.20111731843575,0.47251740125726377,8,14.206703910614515
syn,grid_c5_b2000_s11,adwin,96.56983240223465,0.4388194063131997,8,14.575418994413415
syn,grid_c5_b2000_s11,adwin+half,85.40782122905027,0.5899540527287878,16,3.413407821229042
syn,grid_c5_b2000_s11,adwin+hedge,96.54748603351955,0.46394548714901646,8,14.553072625698317
syn,grid_c5_b2000_s11,ph,96.02234636871509,0.4528161083025291,8,14.027932960893864
syn,grid_c5_b2000_s11,ph+half,85.56983240223465,0.6088213759803491,16,3.575418994413415
syn,grid_c5_b2000_s11,ph+hedge,96.00558659217877,0.47773774759090276,8,14.011173184357538
syn,grid_c5_b2000_s11,kswin,94.84357541899442,0.4704855364485834,6,12.849162011173188
syn,grid_c5_b2000_s11,kswin+half,85.27374301675978,0.6017180248712022,12,3.2793296089385526
syn,grid_c5_b2000_s11,kswin+hedge,94.83240223463687,0.49116206025233294,6,12.83798882681564
syn,grid_c30_b500_s10,none,51.18181818181819,1.3374450996244185,0,0.0
syn,grid_c30_b500_s10,ddmM,82.65909090909088,1.1212578954733186,11,31.477272727272698
syn,grid_c30_b500_s10,ddm,82.65909090909088,1.1212578954733186,11,31.477272727272698
syn,grid_c30_b500_s10,ddm+half,54.431818181818194,1.264343432641872,6,3.2500000000000084
syn,grid_c30_b500_s10,ddm+hedge,81.72727272727272,0.9493710601479856,10,30.545454545454533
syn,grid_c30_b500_s10,eddm,83.24999999999999,1.126236873913746,8,32.068181818181806
syn,grid_c30_b500_s10,eddm+half,61.5,1.2911145110584676,22,10.318181818181815
syn,grid_c30_b500_s10,eddm+hedge,82.02272727272725,0.9526870606048443,8,30.840909090909065
syn,grid_c30_b500_s10,fhddm,64.25,1.3262220334083679,7,13.068181818181813
syn,grid_c30_b500_s10,fhddm+half,53.56818181818181,1.4684711300347635,5,2.386363636363631
syn,grid_c30_b500_s10,fhddm+hedge,60.340909090909086,1.2362846851895928,6,9.159090909090907
syn,grid_c30_b500_s10,hddma,83.24999999999999,1.126236873913746,8,32.068181818181806
syn,grid_c30_b500_s10,hddma+half,53.659090909090914,1.2749788308539307,4,2.477272727272728
syn,grid_c30_b500_s10,hddma+hedge,82.02272727272725,0.9526870606048443,8,30.840909090909065
syn,grid_c30_b500_s10,hddmw,83.24999999999999,1.126236873913746,8,32.068181818181806
syn,grid_c30_b500_s10,hddmw+half,55.68181818181818,1.2428913992630484,8,4.499999999999993
syn,grid_c30_b500_s10,hddmw+hedge,82.02272727272725,0.9526870606048443,8,30.840909090909065
syn,grid_c30_b500_s10,adwin,83.24999999999999,1.126236873913746,8,32.068181818181806
syn,grid_c30_b500_s10,adwin+half,54.045454545454554,1.2714865929291201,4,2.863636363636368
syn,grid_c30_b500_s10,adwin+hedge,82.02272727272725,0.9526870606048443,8,30.840909090909065
syn,grid_c30_b500_s10,ph,80.13636363636363,1.1979062297034837,8,28.954545454545443
syn,grid_c30_b500_s10,ph+half,54.49999999999999,1.2697000066054367,4,3.318181818181809
syn,grid_c30_b500_s10,ph+hedge,77.47727272727272,1.035588263572904,8,26.295454545454533
syn,grid_c30_b500_s10,kswin,83.24999999999999,1.126236873913746,8,32.068181818181806
syn,grid_c30_b500_s10,kswin+half,55.06818181818181,1.2615561247807816,6,3.8863636363636322
syn,grid_c30_b500_s10,kswin+hedge,82.02272727272725,0.9526870606048443,8,30.840909090909065
syn,grid_c30_b500_s11,none,36.54545454545454,1.8274288087235933,0,0.0
syn,grid_c30_b500_s11,ddmM,78.45454545454544,1.3398011853596794,11,41.9090909090909
syn,grid_c30_b500_s11,ddm,78.45454545454544,1.3398011853596794,11,41.9090909090909
syn,grid_c30_b500_s11,ddm+half,41.409090909090914,1.7072956423978434,6,4.86363636363637
syn,grid_c30_b500_s11,ddm+hedge,78.77272727272727,1.3235823007213297,10,42.22727272727272
syn,grid_c30_b500_s11,eddm,80.63636363636363,1.4235036870486402,8,44.090909090909086
syn,grid_c30_b500_s11,eddm+half,51.38636363636364,1.6090733712748915,23,14.840909090909099
syn,grid_c30_b500_s11,eddm+hedge,78.77272727272727,1.317200834897543,9,42.22727272727272
syn,grid_c30_b500_s11,fhddm,58.477272727272734,1.6301677289014294,8,21.93181818181819
syn,grid_c30_b500_s11,fhddm+half,40.295454545454554,2.0410608294834476,8,3.750000000000014
syn,grid_c30_b500_s11,fhddm+hedge,56.27272727272727,1.563893899529475,8,19.727272727272734
syn,grid_c30_b500_s11,hddma,80.63636363636363,1.4235036870486402,8,44.090909090909086
syn,grid_c30_b500_s11,hddma+half,41.045454545454554,1.708364091556274,6,4.500000000000015
syn,grid_c30_b500_s11,hddma+hedge,78.93181818181817,1.3165996926059778,8,42.386363636363626
syn,grid_c30_b500_s11,hddmw,80.63636363636363,1.4235036870486402,8,44.090909090909086
syn,grid_c30_b500_s11,hddmw+half,42.81818181818181,1.6658766322165137,9,6.272727272727274
syn,grid_c30_b500_s11,hddmw+hedge,78.93181818181817,1.3165996926059778,8,42.386363636363626
syn,grid_c30_b500_s11,adwin,80.63636363636363,1.4235036870486402,8,44.090909090909086
syn,grid_c30_b500_s11,adwin+half,42.97727272727273,1.728622112927936,7,6.431818181818183
syn,grid_c30_b500_s11,adwin+hedge,78.84090909090908,1.2874623118693227,9,42.29545454545454
syn,grid_c30_b500_s11,ph,80.63636363636363,1.4235036870486402,8,44.090909090909086
syn,grid_c30_b500_s11,ph+half,42.22727272727274,1.8163136908030173,7,5.681818181818199
syn,grid_c30_b500_s11,ph+hedge,78.93181818181817,1.3165996926059778,8,42.386363636363626
syn,grid_c30_b500_s11,kswin,80.63636363636363,1.4235036870486402,8,44.090909090909086
syn,grid_c30_b500_s11,kswin+half,43.27272727272728,1.6533532793422034,10,6.727272727272737
syn,grid_c30_b500_s11,kswin+hedge,78.93181818181817,1.3165996926059778,8,42.386363636363626
syn,grid_c30_b2000_s10,none,83.00558659217876,0.6169876945304476,0,0.0
syn,grid_c30_b2000_s10,ddmM,94.39664804469275,0.36106719045205965,12,11.391061452513995
syn,grid_c30_b2000_s10,ddm,94.47486033519554,0.35914549750015906,11,11.469273743016783
syn,grid_c30_b2000_s10,ddm+half,85.3296089385475,0.5459541017946263,8,2.324022346368737
syn,grid_c30_b2000_s10,ddm+hedge,93.67597765363129,0.3756642659452308,9,10.670391061452534
syn,grid_c30_b2000_s10,eddm,94.51396648044692,0.35668148903672015,9,11.508379888268172
syn,grid_c30_b2000_s10,eddm+half,88.35754189944133,0.49685328631124465,24,5.351955307262568
syn,grid_c30_b2000_s10,eddm+hedge,93.42458100558659,0.38313918682596537,11,10.418994413407823
syn,grid_c30_b2000_s10,fhddm,84.39664804469274,0.587036538905732,8,1.3910614525139753
syn,grid_c30_b2000_s10,fhddm+half,84.72067039106143,0.5749543643645021,9,1.7150837988826773
syn,grid_c30_b2000_s10,fhddm+hedge,84.6703910614525,0.5902069876065588,8,1.6648044692737396
syn,grid_c30_b2000_s10,hddma,94.6145251396648,0.35526229792349107,8,11.608938547486048
syn,grid_c30_b2000_s10,hddma+half,85.3296089385475,0.5459541017946263,8,2.324022346368737
syn,grid_c30_b2000_s10,hddma+hedge,93.75418994413407,0.3727346922159071,8,10.74860335195531
syn,grid_c30_b2000_s10,hddmw,94.6145251396648,0.35526229792349107,8,11.608938547486048
syn,grid_c30_b2000_s10,hddmw+half,85.86033519553072,0.5342632925841193,10,2.8547486033519642
syn,grid_c30_b2000_s10,hddmw+hedge,93.75418994413407,0.3727346922159071,8,10.74860335195531
syn,grid_c30_b2000_s10,adwin,94.48603351955308,0.35279340493217115,9,11.48044692737431
syn,grid_c30_b2000_s10,adwin+half,85.86592178770948,0.5252889926410876,16,2.8603351955307277
syn,grid_c30_b2000_s10,adwin+hedge,93.33519553072625,0.3965640048404212,16,10.329608938547496
syn,grid_c30_b2000_s10,ph,94.26815642458101,0.36663874189583007,8,11.262569832402248
syn,grid_c30_b2000_s10,ph+half,86.02793296089386,0.5248211032951147,16,3.022346368715101
syn,grid_c30_b2000_s10,ph+hedge,93.32402234636871,0.3954688040121508,15,10.318435754189947
syn,grid_c30_b2000_s10,kswin,94.6145251396648,0.35526229792349107,8,11.608938547486048
syn,grid_c30_b2000_s10,kswin+half,86.27374301675978,0.528948967129478,11,3.2681564245810257
syn,grid_c30_b2000_s10,kswin+hedge,93.56983240223464,0.3803897494151911,10,10.564245810055883
syn,grid_c30_b2000_s11,none,78.48044692737429,0.7591880297497073,0,0.0
syn,grid_c30_b2000_s11,ddmM,93.54748603351955,0.446299043554236,12,15.067039106145252
syn,grid_c30_b2000_s11,ddm,93.54748603351955,0.446299043554236,12,15.067039106145252
syn,grid_c30_b2000_s11,ddm+half,81.43016759776536,0.676097882637152,8,2.949720670391065
syn,grid_c30_b2000_s11,ddm+hedge,92.58659217877096,0.4676063484541638,9,14.106145251396661
syn,grid_c30_b2000_s11,eddm,93.31284916201119,0.4476173031217411,11,14.832402234636898
syn,grid_c30_b2000_s11,eddm+half,84.98882681564245,0.6299997121271016,22,6.508379888268168
syn,grid_c30_b2000_s11,eddm+hedge,92.02793296089386,0.4830387234765317,13,13.547486033519574
syn,grid_c30_b2000_s11,fhddm,80.72625698324022,0.7121807523074151,8,2.2458100558659266
syn,grid_c30_b2000_s11,fhddm+half,81.2290502793296,0.6956891752786726,8,2.7486033519553033
syn,grid_c30_b2000_s11,fhddm+hedge,80.8659217877095,0.7203643508690648,8,2.3854748603352016
syn,grid_c30_b2000_s11,hddma,93.64804469273743,0.44290110339781086,8,15.167597765363139
syn,grid_c30_b2000_s11,hddma+half,81.43016759776536,0.676097882637152,8,2.949720670391065
syn,grid_c30_b2000_s11,hddma+hedge,92.67597765363128,0.4652591815024915,8,14.195530726256989
syn,grid_c30_b2000_s11,hddmw,93.64804469273743,0.44290110339781086,8,15.167597765363139
syn,grid_c30_b2000_s11,hddmw+half,81.43016759776536,0.676097882637152,8,2.949720670391065
syn,grid_c30_b2000_s11,hddmw+hedge,92.67597765363128,0.4652591815024915,8,14.195530726256989
syn,grid_c30_b2000_s11,adwin,93.64804469273743,0.44290110339781086,8,15.167597765363139
syn,grid_c30_b2000_s11,adwin+half,83.3854748603352,0.6261275078120179,16,4.905027932960904
syn,grid_c30_b2000_s11,adwin+hedge,92.25139664804469,0.4918392659026358,17,13.7709497206704
syn,grid_c30_b2000_s11,ph,93.64804469273743,0.44290110339781086,8,15.167597765363139
syn,grid_c30_b2000_s11,ph+half,83.07262569832402,0.6259763889392413,16,4.592178770949729
syn,grid_c30_b2000_s11,ph+hedge,92.15083798882682,0.4751587053221501,16,13.670391061452536
syn,grid_c30_b2000_s11,kswin,93.64804469273743,0.44290110339781086,8,15.167597765363139
syn,grid_c30_b2000_s11,kswin+half,81.63687150837988,0.667665887802256,10,3.15642458100559
syn,grid_c30_b2000_s11,kswin+hedge,92.4972067039106,0.47424274569565766,10,14.016759776536315
syn,grid_c100_b500_s10,none,44.13636363636363,1.4090170236688644,0,0.0
syn,grid_c100_b500_s10,ddmM,64.86363636363637,1.20477936684691,8,20.727272727272734
syn,grid_c100_b500_s10,ddm,64.86363636363637,1.20477936684691,8,20.727272727272734
syn,grid_c100_b500_s10,ddm+half,47.47727272727272,1.3624982468322722,7,3.3409090909090833
syn,grid_c100_b500_s10,ddm+hedge,63.43181818181818,1.1263318047926352,8,19.295454545454543
syn,grid_c100_b500_s10,eddm,56.431818181818194,1.1994949634858514,19,12.29545454545456
syn,grid_c100_b500_s10,eddm+half,50.72727272727272,1.3201343528705685,20,6.590909090909086
syn,grid_c100_b500_s10,eddm+hedge,60.93181818181817,1.1423128842789263,13,16.79545454545454
syn,grid_c100_b500_s10,fhddm,49.795454545454554,1.320062001877899,10,5.659090909090919
syn,grid_c100_b500_s10,fhddm+half,46.52272727272727,1.466080326848835,7,2.3863636363636367
syn,grid_c100_b500_s10,fhddm+hedge,51.02272727272727,1.2330565218613758,8,6.88636363636364
syn,grid_c100_b500_s10,hddma,64.86363636363637,1.20477936684691,8,20.727272727272734
syn,grid_c100_b500_s10,hddma+half,46.95454545454544,1.3522417808701788,5,2.8181818181818032
syn,grid_c100_b500_s10,hddma+hedge,63.43181818181818,1.1263318047926352,8,19.295454545454543
syn,grid_c100_b500_s10,hddmw,64.86363636363637,1.20477936684691,8,20.727272727272734
syn,grid_c100_b500_s10,hddmw+half,47.204545454545446,1.3475067838357917,7,3.0681818181818086
syn,grid_c100_b500_s10,hddmw+hedge,63.43181818181818,1.1263318047926352,8,19.295454545454543
syn,grid_c100_b500_s10,adwin,56.18181818181819,1.2193732500072345,9,12.045454545454554
syn,grid_c100_b500_s10,adwin+half,44.43181818181818,1.4003745894129553,2,0.2954545454545432
syn,grid_c100_b500_s10,adwin+hedge,54.840909090909086,1.190171872459097,7,10.70454545454545
syn,grid_c100_b500_s10,ph,53.0909090909091,1.1777746426007392,7,8.954545454545466
syn,grid_c100_b500_s10,ph+half,44.11363636363637,1.4748822218586477,3,-0.02272727272726871
syn,grid_c100_b500_s10,ph+hedge,52.27272727272727,1.2403161103766782,7,8.136363636363637
syn,grid_c100_b500_s10,kswin,64.43181818181819,1.206943248850026,9,20.295454545454554
syn,grid_c100_b500_s10,kswin+half,44.52272727272727,1.396126332624954,3,0.38636363636364024
syn,grid_c100_b500_s10,kswin+hedge,62.70454545454546,1.126165536462852,10,18.568181818181824
syn,grid_c100_b500_s11,none,40.31818181818181,1.476861147993528,0,0.0
syn,grid_c100_b500_s11,ddmM,63.34090909090909,1.2279638638694956,8,23.022727272727277
syn,grid_c100_b500_s11,ddm,63.34090909090909,1.2279638638694956,8,23.022727272727277
syn,grid_c100_b500_s11,ddm+half,46.36363636363637,1.3801519414764298,8,6.045454545454554
syn,grid_c100_b500_s11,ddm+hedge,60.977272727272734,1.1911580944617102,8,20.65909090909092
syn,grid_c100_b500_s11,eddm,56.477272727272734,1.2844399918410658,21,16.159090909090917
syn,grid_c100_b500_s11,eddm+half,49.36363636363636,1.3933949490007622,19,9.045454545454545
syn,grid_c100_b500_s11,eddm+hedge,54.47727272727273,1.268852184182727,17,14.159090909090915
syn,grid_c100_b500_s11,fhddm,51.25000000000001,1.257480046942871,11,10.931818181818192
syn,grid_c100_b500_s11,fhddm+half,44.20454545454545,1.5169361340984586,8,3.8863636363636376
syn,grid_c100_b500_s11,fhddm+hedge,49.409090909090914,1.232084084832862,10,9.090909090909099
syn,grid_c100_b500_s11,hddma,63.34090909090909,1.2279638638694956,8,23.022727272727277
syn,grid_c100_b500_s11,hddma+half,45.340909090909086,1.3961412108760294,8,5.022727272727273
syn,grid_c100_b500_s11,hddma+hedge,60.977272727272734,1.1911580944617102,8,20.65909090909092
syn,grid_c100_b500_s11,hddmw,62.38636363636364,1.2291366681333133,9,22.068181818181827
syn,grid_c100_b500_s11,hddmw+half,44.75,1.4080859950071174,8,4.431818181818187
syn,grid_c100_b500_s11,hddmw+hedge,60.13636363636364,1.1924308784752409,9,19.81818181818183
syn,grid_c100_b500_s11,adwin,55.88636363636365,1.200549472406059,9,15.56818181818183
syn,grid_c100_b500_s11,adwin+half,40.840909090909086,1.4729129228364832,1,0.5227272727272747
syn,grid_c100_b500_s11,adwin+hedge,53.06818181818183,1.213769217185069,11,12.75000000000001
syn,grid_c100_b500_s11,ph,51.63636363636363,1.3431687039743982,7,11.318181818181822
syn,grid_c100_b500_s11,ph+half,41.31818181818181,1.4970543097641231,2,1.0000000000000009
syn,grid_c100_b500_s11,ph+hedge,50.79545454545455,1.2594762878894021,7,10.47727272727273
syn,grid_c100_b500_s11,kswin,62.38636363636364,1.2291366681333133,9,22.068181818181827
syn,grid_c100_b500_s11,kswin+half,43.56818181818181,1.430896964175462,6,3.2499999999999973
syn,grid_c100_b500_s11,kswin+hedge,58.13636363636364,1.1980108878948128,11,17.818181818181827
syn,grid_c100_b2000_s10,none,75.53072625698324,0.7609342638522153,0,0.0
syn,grid_c100_b2000_s10,ddmM,85.04469273743018,0.513628883936689,8,9.513966480446944
syn,grid_c100_b2000_s10,ddm,85.04469273743018,0.513628883936689,8,9.513966480446944
syn,grid_c100_b2000_s10,ddm+half,77.37430167597765,0.6789570837903348,8,1.8435754189944142
syn,grid_c100_b2000_s10,ddm+hedge,84.14525139664805,0.526352686207521,8,8.614525139664808
syn,grid_c100_b2000_s10,eddm,78.9217877094972,0.6672707109693319,32,3.391061452513955
syn,grid_c100_b2000_s10,eddm+half,78.8659217877095,0.662993912392817,25,3.3351955307262537
syn,grid_c100_b2000_s10,eddm+hedge,80.27932960893854,0.6224121118685351,31,4.748603351955305
syn,grid_c100_b2000_s10,fhddm,65.87709497206706,0.8807011413641191,55,-9.653631284916187
syn,grid_c100_b2000_s10,fhddm+half,78.14525139664804,0.7077128914215979,9,2.614525139664803
syn,grid_c100_b2000_s10,fhddm+hedge,76.2122905027933,0.7732447407437858,13,0.6815642458100513
syn,grid_c100_b2000_s10,hddma,85.04469273743018,0.513628883936689,8,9.513966480446944
syn,grid_c100_b2000_s10,hddma+half,77.27374301675978,0.6766565365563983,8,1.743016759776539
syn,grid_c100_b2000_s10,hddma+hedge,84.14525139664805,0.526352686207521,8,8.614525139664808
syn,grid_c100_b2000_s10,hddmw,85.04469273743018,0.513628883936689,8,9.513966480446944
syn,grid_c100_b2000_s10,hddmw+half,77.27374301675978,0.6766565365563983,8,1.743016759776539
syn,grid_c100_b2000_s10,hddmw+hedge,84.14525139664805,0.526352686207521,8,8.614525139664808
syn,grid_c100_b2000_s10,adwin,71.86592178770948,0.7483499426905114,34,-3.6648044692737525
syn,grid_c100_b2000_s10,adwin+half,77.69832402234636,0.6675841186243245,17,2.167597765363116
syn,grid_c100_b2000_s10,adwin+hedge,81.48044692737429,0.6114577417161036,25,5.949720670391057
syn,grid_c100_b2000_s10,ph,72.10055865921787,0.7739119493956073,33,-3.4301675977653767
syn,grid_c100_b2000_s10,ph+half,78.43575418994412,0.6588655477075487,17,2.9050279329608797
syn,grid_c100_b2000_s10,ph+hedge,81.54748603351953,0.6182814840629128,25,6.016759776536295
syn,grid_c100_b2000_s10,kswin,82.34078212290503,0.5864440992805643,12,6.8100558659217825
syn,grid_c100_b2000_s10,kswin+half,77.62569832402234,0.6707954885144007,10,2.0949720670391025
syn,grid_c100_b2000_s10,kswin+hedge,81.72067039106146,0.588795510617625,18,6.1899441340782175
syn,grid_c100_b2000_s11,none,74.40782122905027,0.7853263050705348,0,0.0
syn,grid_c100_b2000_s11,ddmM,84.47486033519553,0.5432767349287866,8,10.067039106145248
syn,grid_c100_b2000_s11,ddm,84.47486033519553,0.5432767349287866,8,10.067039106145248
syn,grid_c100_b2000_s11,ddm+half,76.15083798882681,0.7007793908323132,8,1.743016759776539
syn,grid_c100_b2000_s11,ddm+hedge,83.36312849162013,0.556932022774131,8,8.955307262569857
syn,grid_c100_b2000_s11,eddm,76.97206703910612,0.6988663913275737,42,2.564245810055854
syn,grid_c100_b2000_s11,eddm+half,78.58659217877096,0.6722239406966799,36,4.178770949720678
syn,grid_c100_b2000_s11,eddm+hedge,80.8826815642458,0.6129642090257498,22,6.474860335195531
syn,grid_c100_b2000_s11,fhddm,64.3072625698324,0.9035234456747376,59,-10.100558659217873
syn,grid_c100_b2000_s11,fhddm+half,77.45251396648044,0.7296942810047333,10,3.0446927374301658
syn,grid_c100_b2000_s11,fhddm+hedge,75.68156424581005,0.795940236681166,17,1.2737430167597763
syn,grid_c100_b2000_s11,hddma,84.47486033519553,0.5432767349287866,8,10.067039106145248
syn,grid_c100_b2000_s11,hddma+half,76.15083798882681,0.7007793908323132,8,1.743016759776539
syn,grid_c100_b2000_s11,hddma+hedge,83.36312849162013,0.556932022774131,8,8.955307262569857
syn,grid_c100_b2000_s11,hddmw,84.47486033519553,0.5432767349287866,8,10.067039106145248
syn,grid_c100_b2000_s11,hddmw+half,76.56983240223464,0.6926315452110924,9,2.162011173184364
syn,grid_c100_b2000_s11,hddmw+hedge,83.36312849162013,0.556932022774131,8,8.955307262569857
syn,grid_c100_b2000_s11,adwin,73.02793296089388,0.756897739202196,36,-1.379888268156404
syn,grid_c100_b2000_s11,adwin+half,77.11173184357544,0.6826299810093482,17,2.7039106145251623
syn,grid_c100_b2000_s11,adwin+hedge,80.28491620111731,0.6405131786624481,27,5.877094972067043
syn,grid_c100_b2000_s11,ph,70.2513966480447,0.7994740173674281,34,-4.156424581005568
syn,grid_c100_b2000_s11,ph+half,77.50837988826817,0.6735979311744378,17,3.100558659217889
syn,grid_c100_b2000_s11,ph+hedge,80.92178770949721,0.6366851351904178,25,6.513966480446931
syn,grid_c100_b2000_s11,kswin,83.03910614525138,0.5763077225125972,12,8.63128491620111
syn,grid_c100_b2000_s11,kswin+half,76.7877094972067,0.6912959716931908,11,2.379888268156427
syn,grid_c100_b2000_s11,kswin+hedge,80.3463687150838,0.6308310544602473,20,5.938547486033519
