group,stream,pol,acc,resets,d_acc,src
real,covertype,none,94.78519012675116,0,0.0,covertype
real,covertype,ddmM,94.3408939292862,50,-0.4442961974649662,covertype
real,covertype,ddm,94.3408939292862,48,-0.4442961974649662,covertype
real,covertype,ddm+half,94.79986657771849,34,0.0146764509673325,covertype
real,covertype,ddm+hedge,94.75250166777852,98,-0.03268845897265171,covertype
real,covertype,eddm,91.59973315543695,164,-3.1854569713142045,covertype
real,covertype,eddm+half,94.75183455637091,178,-0.03335557038025572,covertype
real,covertype,eddm+hedge,94.81721147431622,179,0.03202134756505881,covertype
real,covertype,fhddm,91.1727818545697,107,-3.6124082721814554,covertype
real,covertype,fhddm+half,94.76784523015344,22,-0.01734489659771521,covertype
real,covertype,fhddm+hedge,94.81987991994664,21,0.03468979319547483,covertype
real,covertype,hddma,80.87391594396264,589,-13.911274182788524,covertype
real,covertype,hddma+half,94.70180120080055,97,-0.08338892595062264,covertype
real,covertype,hddma+hedge,94.82588392261508,98,0.04069379586392197,covertype
real,covertype,hddmw,89.92328218812541,187,-4.8619079386257535,covertype
real,covertype,hddmw+half,94.7104736490994,44,-0.07471647765175948,covertype
real,covertype,hddmw+hedge,94.84923282188124,43,0.06404269513008432,covertype
real,covertype,adwin,83.8438959306204,277,-10.941294196130757,covertype
real,covertype,adwin+half,94.74382921947966,34,-0.041360907271503766,covertype
real,covertype,adwin+hedge,94.8045363575717,34,0.019346230820549426,covertype
real,covertype,ph,89.13075383589059,133,-5.654436290860576,covertype
real,covertype,ph+half,94.75850567044697,25,-0.02668445630419347,covertype
real,covertype,ph+hedge,94.78118745830554,22,-0.004002668445624025,covertype
real,covertype,kswin,91.18212141427618,118,-3.603068712474977,covertype
real,covertype,kswin+half,94.73382254836558,39,-0.05136757838558603,covertype
real,covertype,kswin+hedge,94.83522348232154,32,0.050033355570378024,covertype
real,insects_abrupt_imbalanced,none,79.40026684456305,0,0.0,insects
real,insects_abrupt_imbalanced,ddmM,79.61574382921948,5,0.2154769846564375,insects
real,insects_abrupt_imbalanced,ddm,79.61574382921948,5,0.2154769846564375,insects
real,insects_abrupt_imbalanced,ddm+half,79.49432955303534,6,0.0940627084722978,insects
real,insects_abrupt_imbalanced,ddm+hedge,79.62374916611074,5,0.22348232154768555,insects
real,insects_abrupt_imbalanced,eddm,79.31621080720483,12,-0.08405603735822664,insects
real,insects_abrupt_imbalanced,eddm+half,79.39959973315545,5,-0.0006671114075929019,insects
real,insects_abrupt_imbalanced,eddm+hedge,79.46897931954636,80,0.06871247498331234,insects
real,insects_abrupt_imbalanced,fhddm,79.46030687124751,12,0.06004002668446029,insects
real,insects_abrupt_imbalanced,fhddm+half,79.47898599066045,13,0.07871914609739461,insects
real,insects_abrupt_imbalanced,fhddm+hedge,79.50700466977985,11,0.10673782521679609,insects
real,insects_abrupt_imbalanced,hddma,79.73048699132755,6,0.33022014676450384,insects
real,insects_abrupt_imbalanced,hddma+half,79.48832555036692,5,0.08805870580387287,insects
real,insects_abrupt_imbalanced,hddma+hedge,79.71981320880587,7,0.31954636424281757,insects
real,insects_abrupt_imbalanced,hddmw,79.70513675783857,17,0.3048699132755184,insects
real,insects_abrupt_imbalanced,hddmw+half,79.45096731154104,16,0.05070046697798203,insects
real,insects_abrupt_imbalanced,hddmw+hedge,79.73448965977319,17,0.33422281521013897,insects
real,insects_abrupt_imbalanced,adwin,79.75517011340895,7,0.3549032688459075,insects
real,insects_abrupt_imbalanced,adwin+half,79.4996664442962,9,0.09939959973315204,insects
real,insects_abrupt_imbalanced,adwin+hedge,79.74049366244164,8,0.3402268178785861,insects
real,insects_abrupt_imbalanced,ph,79.67178118745832,16,0.27151434289527376,insects
real,insects_abrupt_imbalanced,ph+half,79.50633755837224,18,0.10607071380919209,insects
real,insects_abrupt_imbalanced,ph+hedge,79.73048699132754,18,0.33022014676449274,insects
real,insects_abrupt_imbalanced,kswin,79.761841227485,7,0.36157438292194755,insects
real,insects_abrupt_imbalanced,kswin+half,79.50233488992663,8,0.10206804536357916,insects
real,insects_abrupt_imbalanced,kswin+hedge,79.72781854569713,10,0.3275517011340767,insects
real,insects_gradual_imbalanced,none,81.64245810055866,0,0.0,insects
real,insects_gradual_imbalanced,ddmM,81.65782122905027,5,0.015363128491618916,insects
real,insects_gradual_imbalanced,ddm,81.65782122905027,5,0.015363128491618916,insects
real,insects_gradual_imbalanced,ddm+half,81.6627094972067,7,0.0202513966480522,insects
real,insects_gradual_imbalanced,ddm+hedge,81.66620111731844,6,0.023743016759780744,insects
real,insects_gradual_imbalanced,eddm,81.38337988826815,61,-0.25907821229050887,insects
real,insects_gradual_imbalanced,eddm+half,81.65432960893855,54,0.011871508379890372,insects
real,insects_gradual_imbalanced,eddm+hedge,81.61033519553074,70,-0.03212290502792037,insects
real,insects_gradual_imbalanced,fhddm,81.64525139664805,9,0.0027932960893983783,insects
real,insects_gradual_imbalanced,fhddm+half,81.67458100558659,9,0.03212290502793147,insects
real,insects_gradual_imbalanced,fhddm+hedge,81.68645251396647,9,0.04399441340782184,insects
real,insects_gradual_imbalanced,hddma,81.75488826815642,7,0.1124301675977657,insects
real,insects_gradual_imbalanced,hddma+half,81.66829608938549,7,0.025837988826837854,insects
real,insects_gradual_imbalanced,hddma+hedge,81.77374301675978,7,0.13128491620112426,insects
real,insects_gradual_imbalanced,hddmw,81.69064245810057,12,0.04818435754191386,insects
real,insects_gradual_imbalanced,hddmw+half,81.66131284916202,11,0.018854748603358562,insects
real,insects_gradual_imbalanced,hddmw+hedge,81.76606145251397,13,0.1236033519553037,insects
real,insects_gradual_imbalanced,adwin,81.76536312849163,8,0.12290502793297353,insects
real,insects_gradual_imbalanced,adwin+half,81.66480446927375,10,0.022346368715087106,insects
real,insects_gradual_imbalanced,adwin+hedge,81.78212290502795,8,0.13966480446928609,insects
real,insects_gradual_imbalanced,ph,81.63477653631287,16,-0.0076815642457872535,insects
real,insects_gradual_imbalanced,ph+half,81.6717877094972,16,0.029329608938544194,insects
real,insects_gradual_imbalanced,ph+hedge,81.74581005586592,14,0.1033519553072626,insects
real,insects_gradual_imbalanced,kswin,81.79120111731844,3,0.14874301675977808,insects
real,insects_gradual_imbalanced,kswin+half,81.68156424581005,5,0.03910614525139966,insects
real,insects_gradual_imbalanced,kswin+hedge,81.77583798882682,3,0.13337988826815916,insects
real,insects_incremental_abrupt_balanced,none,76.69799498746866,0,0.0,insects
real,insects_incremental_abrupt_balanced,ddmM,77.72807017543859,22,1.0300751879699255,insects
real,insects_incremental_abrupt_balanced,ddm,77.76315789473685,16,1.06516290726818,insects
real,insects_incremental_abrupt_balanced,ddm+half,76.95112781954889,18,0.2531328320802162,insects
real,insects_incremental_abrupt_balanced,ddm+hedge,77.86215538847118,20,1.164160401002512,insects
real,insects_incremental_abrupt_balanced,eddm,77.00250626566417,19,0.30451127819549617,insects
real,insects_incremental_abrupt_balanced,eddm+half,77.02882205513785,74,0.3308270676691816,insects
real,insects_incremental_abrupt_balanced,eddm+hedge,77.67919799498748,26,0.981203007518805,insects
real,insects_incremental_abrupt_balanced,fhddm,76.88220551378447,25,0.18421052631579782,insects
real,insects_incremental_abrupt_balanced,fhddm+half,77.03884711779449,21,0.3408521303258194,insects
real,insects_incremental_abrupt_balanced,fhddm+hedge,77.04135338345866,22,0.34335839598998996,insects
real,insects_incremental_abrupt_balanced,hddma,78.52255639097746,21,1.8245614035087843,insects
real,insects_incremental_abrupt_balanced,hddma+half,77.16290726817043,19,0.46491228070175694,insects
real,insects_incremental_abrupt_balanced,hddma+hedge,78.53132832080202,21,1.8333333333333535,insects
real,insects_incremental_abrupt_balanced,hddmw,78.44611528822055,30,1.7481203007518875,insects
real,insects_incremental_abrupt_balanced,hddmw+half,77.1390977443609,29,0.441102756892231,insects
real,insects_incremental_abrupt_balanced,hddmw+hedge,78.468671679198,30,1.7706766917293337,insects
real,insects_incremental_abrupt_balanced,adwin,78.31829573934837,22,1.6203007518797108,insects
real,insects_incremental_abrupt_balanced,adwin+half,77.1904761904762,29,0.4924812030075332,insects
real,insects_incremental_abrupt_balanced,adwin+hedge,78.32581453634084,21,1.627819548872178,insects
real,insects_incremental_abrupt_balanced,ph,77.8922305764411,26,1.1942355889724254,insects
real,insects_incremental_abrupt_balanced,ph+half,77.14661654135338,33,0.44862155388472047,insects
real,insects_incremental_abrupt_balanced,ph+hedge,78.13157894736842,24,1.4335839598997535,insects
real,insects_incremental_abrupt_balanced,kswin,78.21052631578947,17,1.5125313283207986,insects
real,insects_incremental_abrupt_balanced,kswin+half,77.16290726817043,17,0.46491228070175694,insects
real,insects_incremental_abrupt_balanced,kswin+hedge,78.12907268170426,18,1.431077694235594,insects
real,h2_airlines,none,69.01001001001,0,0.0,airlines
real,h2_airlines,ddmM,69.001001001001,3,-0.009009009009008917,airlines
real,h2_airlines,ddm,69.001001001001,3,-0.009009009009008917,airlines
real,h2_airlines,ddm+half,68.97497497497498,7,-0.03503503503502481,airlines
real,h2_airlines,ddm+hedge,69.002002002002,3,-0.00800800800800916,airlines
real,h2_airlines,eddm,68.73673673673675,46,-0.2732732732732557,airlines
real,h2_airlines,eddm+half,68.988988988989,20,-0.021021021021006003,airlines
real,h2_airlines,eddm+hedge,68.98698698698699,20,-0.02302302302301662,airlines
real,h2_airlines,fhddm,68.8058058058058,23,-0.20420420420419472,airlines
real,h2_airlines,fhddm+half,68.997997997998,18,-0.012012012012008189,airlines
real,h2_airlines,fhddm+hedge,68.99599599599598,18,-0.014014014014018805,airlines
real,h2_airlines,hddma,68.86386386386387,18,-0.14614614614613108,airlines
real,h2_airlines,hddma+half,69.03703703703702,11,0.02702702702702675,airlines
real,h2_airlines,hddma+hedge,68.96896896896897,12,-0.041041041041034454,airlines
real,h2_airlines,hddmw,67.88388388388388,81,-1.1261261261261146,airlines
real,h2_airlines,hddmw+half,68.91591591591592,77,-0.0940940940940882,airlines
real,h2_airlines,hddmw+hedge,68.8008008008008,79,-0.2092092092092046,airlines
real,h2_airlines,adwin,68.92592592592594,13,-0.08408408408406842,airlines
real,h2_airlines,adwin+half,68.995995995996,13,-0.014014014014007703,airlines
real,h2_airlines,adwin+hedge,68.98098098098097,13,-0.029029029029026265,airlines
real,h2_airlines,ph,68.69369369369369,28,-0.31631631631631185,airlines
real,h2_airlines,ph+half,69.0,22,-0.010010010010008674,airlines
real,h2_airlines,ph+hedge,69.01501501501501,22,0.005005005005009888,airlines
real,h2_airlines,kswin,68.55455455455456,35,-0.45545545545544464,airlines
real,h2_airlines,kswin+half,68.991991991992,26,-0.018018018018006732,airlines
real,h2_airlines,kswin+hedge,68.94894894894894,27,-0.061061061061062905,airlines
real,h2_phishing,none,94.56880733944956,0,0.0,phishing
real,h2_phishing,ddmM,94.56880733944956,0,0.0,phishing
real,h2_phishing,ddm,94.56880733944956,0,0.0,phishing
real,h2_phishing,ddm+half,94.56880733944956,0,0.0,phishing
real,h2_phishing,ddm+hedge,94.56880733944956,0,0.0,phishing
real,h2_phishing,eddm,94.45871559633028,3,-0.11009174311927827,phishing
real,h2_phishing,eddm+half,94.48623853211011,7,-0.08256880733945593,phishing
real,h2_phishing,eddm+hedge,94.61467889908258,7,0.04587155963302614,phishing
real,h2_phishing,fhddm,94.56880733944956,0,0.0,phishing
real,h2_phishing,fhddm+half,94.56880733944956,0,0.0,phishing
real,h2_phishing,fhddm+hedge,94.56880733944956,0,0.0,phishing
real,h2_phishing,hddma,94.56880733944956,0,0.0,phishing
real,h2_phishing,hddma+half,94.56880733944956,0,0.0,phishing
real,h2_phishing,hddma+hedge,94.56880733944956,0,0.0,phishing
real,h2_phishing,hddmw,94.56880733944956,0,0.0,phishing
real,h2_phishing,hddmw+half,94.56880733944956,0,0.0,phishing
real,h2_phishing,hddmw+hedge,94.56880733944956,0,0.0,phishing
real,h2_phishing,adwin,94.56880733944956,0,0.0,phishing
real,h2_phishing,adwin+half,94.56880733944956,0,0.0,phishing
real,h2_phishing,adwin+hedge,94.56880733944956,0,0.0,phishing
real,h2_phishing,ph,94.56880733944956,0,0.0,phishing
real,h2_phishing,ph+half,94.56880733944956,0,0.0,phishing
real,h2_phishing,ph+hedge,94.56880733944956,0,0.0,phishing
real,h2_phishing,kswin,94.56880733944956,0,0.0,phishing
real,h2_phishing,kswin+half,94.56880733944956,0,0.0,phishing
real,h2_phishing,kswin+hedge,94.56880733944956,0,0.0,phishing
real,h2_poker,none,92.55655655655656,0,0.0,poker
real,h2_poker,ddmM,84.41441441441441,465,-8.14214214214215,poker
real,h2_poker,ddm,84.38838838838838,464,-8.168168168168178,poker
real,h2_poker,ddm+half,88.88388388388388,389,-3.672672672672672,poker
real,h2_poker,ddm+hedge,90.94894894894895,331,-1.6076076076076085,poker
real,h2_poker,eddm,83.64464464464464,302,-8.911911911911908,poker
real,h2_poker,eddm+half,90.66466466466466,169,-1.8918918918918948,poker
real,h2_poker,eddm+hedge,91.81081081081082,147,-0.7457457457457406,poker
real,h2_poker,fhddm,85.85385385385385,146,-6.702702702702712,poker
real,h2_poker,fhddm+half,91.50950950950951,97,-1.047047047047045,poker
real,h2_poker,fhddm+hedge,92.22122122122121,83,-0.33533533533534055,poker
real,h2_poker,hddma,82.65565565565566,526,-9.9009009009009,poker
real,h2_poker,hddma+half,89.1001001001001,348,-3.4564564564564693,poker
real,h2_poker,hddma+hedge,90.92492492492492,296,-1.631631631631636,poker
real,h2_poker,hddmw,84.58858858858859,275,-7.9679679679679705,poker
real,h2_poker,hddmw+half,90.5945945945946,179,-1.9619619619619666,poker
real,h2_poker,hddmw+hedge,92.06506506506507,140,-0.4914914914914914,poker
real,h2_poker,adwin,85.0940940940941,203,-7.46246246246246,poker
real,h2_poker,adwin+half,90.62562562562563,157,-1.9309309309309297,poker
real,h2_poker,adwin+hedge,92.00900900900902,136,-0.5475475475475444,poker
real,h2_poker,ph,88.56356356356356,107,-3.992992992992994,poker
real,h2_poker,ph+half,91.78578578578579,77,-0.7707707707707678,poker
real,h2_poker,ph+hedge,92.36236236236238,68,-0.19419419419418604,poker
real,h2_poker,kswin,86.38638638638638,195,-6.170170170170175,poker
real,h2_poker,kswin+half,91.26726726726727,134,-1.289289289289286,poker
real,h2_poker,kswin+hedge,92.25325325325326,120,-0.3033033033032928,poker
real,h2_rialto,none,77.46041412911084,0,0.0,rialto
real,h2_rialto,ddmM,77.94031668696711,173,0.479902557856271,rialto
real,h2_rialto,ddm,78.08526187576128,165,0.6248477466504254,rialto
real,h2_rialto,ddm+half,77.74299634591961,105,0.2825822168087688,rialto
real,h2_rialto,ddm+hedge,78.70036540803898,148,1.2399512789281308,rialto
real,h2_rialto,eddm,78.50913520097441,284,1.0487210718635676,rialto
real,h2_rialto,eddm+half,77.96102314250915,272,0.500609013398301,rialto
real,h2_rialto,eddm+hedge,79.89159561510354,272,2.431181485992695,rialto
real,h2_rialto,fhddm,78.3593179049939,94,0.8989037758830531,rialto
real,h2_rialto,fhddm+half,77.65651644336174,97,0.19610231425090108,rialto
real,h2_rialto,fhddm+hedge,79.115712545676,87,1.655298416565154,rialto
real,h2_rialto,hddma,78.24969549330086,123,0.7892813641900198,rialto
real,h2_rialto,hddma+half,77.82460414129112,130,0.3641900121802766,rialto
real,h2_rialto,hddma+hedge,78.98660170523752,128,1.5261875761266697,rialto
real,h2_rialto,hddmw,78.56272838002437,147,1.1023142509135164,rialto
real,h2_rialto,hddmw+half,77.77466504263093,152,0.3142509135200866,rialto
real,h2_rialto,hddmw+hedge,79.20097442143728,142,1.7405602923264318,rialto
real,h2_rialto,adwin,77.63824604141291,129,0.1778319123020622,rialto
real,h2_rialto,adwin+half,77.76492082825821,117,0.3045066991473666,rialto
real,h2_rialto,adwin+hedge,78.9549330085262,116,1.4945188794153519,rialto
real,h2_rialto,ph,78.38976857490863,87,0.929354445797792,rialto
real,h2_rialto,ph+half,77.8258221680877,93,0.3654080389768555,rialto
real,h2_rialto,ph+hedge,78.83556638246041,89,1.3751522533495764,rialto
real,h2_rialto,kswin,78.61266747868454,134,1.1522533495736953,rialto
real,h2_rialto,kswin+half,77.83800243605359,142,0.37758830694274437,rialto
real,h2_rialto,kswin+hedge,79.21071863581,129,1.7503045066991518,rialto
real,h2_spam,none,94.49180327868851,0,0.0,spam
real,h2_spam,ddmM,94.13114754098359,3,-0.360655737704918,spam
real,h2_spam,ddm,94.13114754098359,3,-0.360655737704918,spam
real,h2_spam,ddm+half,94.32786885245902,4,-0.16393442622949506,spam
real,h2_spam,ddm+hedge,94.2295081967213,4,-0.2622950819672121,spam
real,h2_spam,eddm,92.47540983606557,9,-2.0163934426229435,spam
real,h2_spam,eddm+half,94.4262295081967,7,-0.06557377049181135,spam
real,h2_spam,eddm+hedge,94.55737704918033,6,0.06557377049182245,spam
real,h2_spam,fhddm,94.14754098360656,2,-0.34426229508195405,spam
real,h2_spam,fhddm+half,94.72131147540983,2,0.2295081967213175,spam
real,h2_spam,fhddm+hedge,94.36065573770492,2,-0.13114754098360049,spam
real,h2_spam,hddma,93.49180327868851,5,-1.0000000000000009,spam
real,h2_spam,hddma+half,94.2295081967213,3,-0.2622950819672121,spam
real,h2_spam,hddma+hedge,94.1311475409836,5,-0.3606557377049069,spam
real,h2_spam,hddmw,93.78688524590164,3,-0.704918032786872,spam
real,h2_spam,hddmw+half,94.62295081967211,2,0.13114754098360049,spam
real,h2_spam,hddmw+hedge,94.11475409836066,3,-0.3770491803278486,spam
real,h2_spam,adwin,93.90163934426229,2,-0.5901639344262133,spam
real,h2_spam,adwin+half,94.62295081967211,2,0.13114754098360049,spam
real,h2_spam,adwin+hedge,94.24590163934427,2,-0.24590163934424814,spam
real,h2_spam,ph,93.85245901639344,2,-0.6393442622950718,spam
real,h2_spam,ph+half,94.57377049180326,1,0.08196721311475308,spam
real,h2_spam,ph+hedge,94.21311475409834,2,-0.2786885245901649,spam
real,h2_spam,kswin,93.72131147540983,3,-0.7704918032786834,spam
real,h2_spam,kswin+half,94.62295081967211,2,0.13114754098360049,spam
real,h2_spam,kswin+hedge,93.83606557377048,3,-0.6557377049180246,spam
real,h2_weather,none,81.08888888888889,0,0.0,weather
real,h2_weather,ddmM,81.08888888888889,0,0.0,weather
real,h2_weather,ddm,81.08888888888889,0,0.0,weather
real,h2_weather,ddm+half,81.08888888888889,0,0.0,weather
real,h2_weather,ddm+hedge,81.08888888888889,0,0.0,weather
real,h2_weather,eddm,76.16111111111111,59,-4.927777777777775,weather
real,h2_weather,eddm+half,80.86111111111111,24,-0.2277777777777712,weather
real,h2_weather,eddm+hedge,80.03888888888888,67,-1.0500000000000065,weather
real,h2_weather,fhddm,78.84444444444445,23,-2.244444444444438,weather
real,h2_weather,fhddm+half,80.98333333333333,8,-0.10555555555554763,weather
real,h2_weather,fhddm+hedge,80.86111111111111,10,-0.2277777777777712,weather
real,h2_weather,hddma,81.08888888888889,0,0.0,weather
real,h2_weather,hddma+half,81.08888888888889,0,0.0,weather
real,h2_weather,hddma+hedge,81.08888888888889,0,0.0,weather
real,h2_weather,hddmw,80.43333333333335,6,-0.6555555555555426,weather
real,h2_weather,hddmw+half,81.08333333333334,5,-0.005555555555547542,weather
real,h2_weather,hddmw+hedge,81.11111111111111,5,0.022222222222223476,weather
real,h2_weather,adwin,81.08888888888889,0,0.0,weather
real,h2_weather,adwin+half,81.08888888888889,0,0.0,weather
real,h2_weather,adwin+hedge,81.08888888888889,0,0.0,weather
real,h2_weather,ph,80.55555555555557,6,-0.533333333333319,weather
real,h2_weather,ph+half,81.04999999999998,3,-0.03888888888889941,weather
real,h2_weather,ph+hedge,81.05555555555556,3,-0.03333333333332966,weather
real,h2_weather,kswin,81.08888888888889,0,0.0,weather
real,h2_weather,kswin+half,81.08888888888889,0,0.0,weather
real,h2_weather,kswin+hedge,81.08888888888889,0,0.0,weather
real,h3_airlines_b,none,70.56256256256256,0,0.0,airlines
real,h3_airlines_b,ddmM,70.55055055055055,4,-0.012012012012008189,airlines
real,h3_airlines_b,ddm,70.55055055055055,4,-0.012012012012008189,airlines
real,h3_airlines_b,ddm+half,70.53353353353353,9,-0.029029029029026265,airlines
real,h3_airlines_b,ddm+hedge,70.55455455455456,4,-0.00800800800800916,airlines
real,h3_airlines_b,eddm,70.24924924924925,79,-0.3133133133133126,airlines
real,h3_airlines_b,eddm+half,70.31831831831832,121,-0.24424424424424052,airlines
real,h3_airlines_b,eddm+hedge,70.49849849849849,55,-0.06406406406406218,airlines
real,h3_airlines_b,fhddm,70.33433433433433,22,-0.2282282282282222,airlines
real,h3_airlines_b,fhddm+half,70.53653653653653,18,-0.026026026026026994,airlines
real,h3_airlines_b,fhddm+hedge,70.53253253253253,17,-0.030030030030026023,airlines
real,h3_airlines_b,hddma,70.53853853853855,8,-0.024024024024016377,airlines
real,h3_airlines_b,hddma+half,70.54254254254253,8,-0.02002002002001735,airlines
real,h3_airlines_b,hddma+hedge,70.54454454454454,16,-0.018018018018017834,airlines
real,h3_airlines_b,hddmw,69.46746746746747,81,-1.0950950950950888,airlines
real,h3_airlines_b,hddmw+half,70.33833833833835,74,-0.22422422422421207,airlines
real,h3_airlines_b,hddmw+hedge,70.47447447447446,76,-0.08808808808808966,airlines
real,h3_airlines_b,adwin,70.53553553553552,14,-0.027027027027037853,airlines
real,h3_airlines_b,adwin+half,70.54854854854855,14,-0.014014014014007703,airlines
real,h3_airlines_b,adwin+hedge,70.55555555555556,14,-0.0070070070069983,airlines
real,h3_airlines_b,ph,70.25725725725727,30,-0.3053053053052923,airlines
real,h3_airlines_b,ph+half,70.4894894894895,28,-0.07307307307305999,airlines
real,h3_airlines_b,ph+hedge,70.50550550550551,30,-0.057057057057052774,airlines
real,h3_airlines_b,kswin,70.27427427427428,28,-0.28828828828828534,airlines
real,h3_airlines_b,kswin+half,70.48648648648648,31,-0.07607607607607036,airlines
real,h3_airlines_b,kswin+hedge,70.52952952952953,30,-0.033033033033025294,airlines
real,h3_airlines_c,none,65.11311311311312,0,0.0,airlines
real,h3_airlines_c,ddmM,65.004004004004,6,-0.10910910910911786,airlines
real,h3_airlines_c,ddm,65.004004004004,6,-0.10910910910911786,airlines
real,h3_airlines_c,ddm+half,65.09209209209209,6,-0.021021021021028208,airlines
real,h3_airlines_c,ddm+hedge,65.06706706706706,6,-0.046046046046055444,airlines
real,h3_airlines_c,eddm,65.07907907907908,3,-0.034034034034036154,airlines
real,h3_airlines_c,eddm+half,65.06906906906906,34,-0.04404404404405593,airlines
real,h3_airlines_c,eddm+hedge,65.03003003003003,40,-0.08308308308309087,airlines
real,h3_airlines_c,fhddm,64.6036036036036,39,-0.5095095095095203,airlines
real,h3_airlines_c,fhddm+half,65.02702702702705,32,-0.08608608608607904,airlines
real,h3_airlines_c,fhddm+hedge,64.996996996997,30,-0.11611611611612727,airlines
real,h3_airlines_c,hddma,65.00700700700702,12,-0.10610610610610749,airlines
real,h3_airlines_c,hddma+half,65.07607607607606,11,-0.03703703703705763,airlines
real,h3_airlines_c,hddma+hedge,65.12212212212212,10,0.009009009008997815,airlines
real,h3_airlines_c,hddmw,63.72472472472472,120,-1.3883883883883952,airlines
real,h3_airlines_c,hddmw+half,64.9079079079079,127,-0.20520520520521668,airlines
real,h3_airlines_c,hddmw+hedge,64.87787787787788,118,-0.2352352352352427,airlines
real,h3_airlines_c,adwin,64.998998998999,13,-0.11411411411411665,airlines
real,h3_airlines_c,adwin+half,65.09409409409409,13,-0.019019019019028693,airlines
real,h3_airlines_c,adwin+hedge,65.1031031031031,13,-0.010010010010019776,airlines
real,h3_airlines_c,ph,64.66866866866866,32,-0.4444444444444584,airlines
real,h3_airlines_c,ph+half,65.06706706706706,23,-0.046046046046055444,airlines
real,h3_airlines_c,ph+hedge,65.03303303303302,21,-0.0800800800800916,airlines
real,h3_airlines_c,kswin,64.31531531531532,77,-0.7977977977978057,airlines
real,h3_airlines_c,kswin+half,65.03303303303304,67,-0.0800800800800805,airlines
real,h3_airlines_c,kswin+hedge,65.01701701701703,67,-0.09609609609609882,airlines
real,h3_covertype_b,none,96.61661661661662,0,0.0,covertype
real,h3_covertype_b,ddmM,95.66566566566567,14,-0.9509509509509573,covertype
real,h3_covertype_b,ddm,95.66566566566567,14,-0.9509509509509573,covertype
real,h3_covertype_b,ddm+half,96.57857857857859,165,-0.03803803803803518,covertype
real,h3_covertype_b,ddm+hedge,96.46746746746747,54,-0.14914914914915256,covertype
real,h3_covertype_b,eddm,91.4864864864865,101,-5.130130130130128,covertype
real,h3_covertype_b,eddm+half,96.61161161161162,27,-0.005005005004998786,covertype
real,h3_covertype_b,eddm+hedge,96.58058058058059,84,-0.03603603603603567,covertype
real,h3_covertype_b,fhddm,92.24124124124124,49,-4.375375375375379,covertype
real,h3_covertype_b,fhddm+half,96.6086086086086,3,-0.008008008008020262,covertype
real,h3_covertype_b,fhddm+hedge,96.61761761761763,2,0.0010010010009997572,covertype
real,h3_covertype_b,hddma,71.58358358358358,497,-25.033033033033046,covertype
real,h3_covertype_b,hddma+half,96.52052052052052,64,-0.09609609609609882,covertype
real,h3_covertype_b,hddma+hedge,96.55255255255256,56,-0.06406406406407328,covertype
real,h3_covertype_b,hddmw,81.61861861861863,215,-14.997997997997992,covertype
real,h3_covertype_b,hddmw+half,96.61761761761763,14,0.0010010010009997572,covertype
real,h3_covertype_b,hddmw+hedge,96.60260260260262,14,-0.014014014014007703,covertype
real,h3_covertype_b,adwin,70.06406406406407,329,-26.552552552552555,covertype
real,h3_covertype_b,adwin+half,96.5925925925926,19,-0.02402402402402748,covertype
real,h3_covertype_b,adwin+hedge,96.58658658658659,16,-0.030030030030026023,covertype
real,h3_covertype_b,ph,75.11111111111111,221,-21.505505505505507,covertype
real,h3_covertype_b,ph+half,96.58858858858859,11,-0.028028028028026508,covertype
real,h3_covertype_b,ph+hedge,96.6076076076076,9,-0.00900900900902002,covertype
real,h3_covertype_b,kswin,90.68568568568568,89,-5.930930930930933,covertype
real,h3_covertype_b,kswin+half,96.62462462462463,7,0.00800800800800916,covertype
real,h3_covertype_b,kswin+hedge,96.61561561561562,7,-0.0010010010009997572,covertype
real,h3_covertype_c,none,95.69569569569569,0,0.0,covertype
real,h3_covertype_c,ddmM,91.86586586586589,61,-3.8298298298298117,covertype
real,h3_covertype_c,ddm,91.86586586586589,61,-3.8298298298298117,covertype
real,h3_covertype_c,ddm+half,95.4934934934935,25,-0.2022022022021952,covertype
real,h3_covertype_c,ddm+hedge,95.62162162162163,33,-0.07407407407405975,covertype
real,h3_covertype_c,eddm,47.26126126126126,762,-48.43443443443443,covertype
real,h3_covertype_c,eddm+half,95.24724724724726,27,-0.44844844844843523,covertype
real,h3_covertype_c,eddm+hedge,95.61361361361362,25,-0.08208208208206891,covertype
real,h3_covertype_c,fhddm,50.07407407407407,337,-45.62162162162162,covertype
real,h3_covertype_c,fhddm+half,95.07307307307308,15,-0.622622622622615,covertype
real,h3_covertype_c,fhddm+hedge,95.6866866866867,3,-0.009009009008997815,covertype
real,h3_covertype_c,hddma,59.70470470470472,556,-35.99099099099098,covertype
real,h3_covertype_c,hddma+half,87.34034034034035,259,-8.355355355355343,covertype
real,h3_covertype_c,hddma+hedge,95.64964964964966,23,-0.04604604604603324,covertype
real,h3_covertype_c,hddmw,47.52352352352352,645,-48.17217217217217,covertype
real,h3_covertype_c,hddmw+half,94.29529529529529,49,-1.4004004004004034,covertype
real,h3_covertype_c,hddmw+hedge,95.67267267267268,26,-0.02302302302301662,covertype
real,h3_covertype_c,adwin,49.66666666666667,438,-46.029029029029026,covertype
real,h3_covertype_c,adwin+half,91.8038038038038,90,-3.8918918918918854,covertype
real,h3_covertype_c,adwin+hedge,95.67867867867868,21,-0.017017017017006975,covertype
real,h3_covertype_c,ph,53.65765765765765,258,-42.03803803803804,covertype
real,h3_covertype_c,ph+half,92.4854854854855,62,-3.210210210210196,covertype
real,h3_covertype_c,ph+hedge,95.6896896896897,10,-0.006006006005998543,covertype
real,h3_covertype_c,kswin,48.127127127127125,543,-47.56856856856857,covertype
real,h3_covertype_c,kswin+half,93.33433433433434,58,-2.361361361361347,covertype
real,h3_covertype_c,kswin+hedge,95.67367367367369,12,-0.02202202202200576,covertype
real,h3_insects_b,none,81.41741741741741,0,0.0,insects
real,h3_insects_b,ddmM,81.37537537537538,4,-0.04204204204203421,insects
real,h3_insects_b,ddm,81.37537537537538,4,-0.04204204204203421,insects
real,h3_insects_b,ddm+half,81.4104104104104,2,-0.007007007007009403,insects
real,h3_insects_b,ddm+hedge,81.41441441441441,3,-0.003003003003010374,insects
real,h3_insects_b,eddm,81.25425425425425,20,-0.16316316316316026,insects
real,h3_insects_b,eddm+half,81.23823823823825,104,-0.17917917917916748,insects
real,h3_insects_b,eddm+hedge,81.4044044044044,28,-0.013013013013007946,insects
real,h3_insects_b,fhddm,81.44044044044044,6,0.023023023023027722,insects
real,h3_insects_b,fhddm+half,81.44544544544544,6,0.028028028028026508,insects
real,h3_insects_b,fhddm+hedge,81.47347347347346,6,0.056056056056053016,insects
real,h3_insects_b,hddma,81.55555555555556,4,0.13813813813814413,insects
real,h3_insects_b,hddma+half,81.46746746746747,4,0.05005005005005447,insects
real,h3_insects_b,hddma+hedge,81.56356356356356,4,0.1461461461461533,insects
real,h3_insects_b,hddmw,81.45345345345346,11,0.03603603603604677,insects
real,h3_insects_b,hddmw+half,81.42342342342343,13,0.006006006006020748,insects
real,h3_insects_b,hddmw+hedge,81.53953953953953,12,0.1221221221221147,insects
real,h3_insects_b,adwin,81.5085085085085,6,0.09109109109108893,insects
real,h3_insects_b,adwin+half,81.47047047047047,7,0.053053053053053745,insects
real,h3_insects_b,adwin+hedge,81.52752752752752,6,0.11011011011010652,insects
real,h3_insects_b,ph,81.45145145145145,10,0.034034034034036154,insects
real,h3_insects_b,ph+half,81.44344344344343,11,0.02602602602601589,insects
real,h3_insects_b,ph+hedge,81.51751751751752,9,0.10010010010009784,insects
real,h3_insects_b,kswin,81.55755755755756,4,0.14014014014014364,insects
real,h3_insects_b,kswin+half,81.46546546546547,4,0.04804804804805496,insects
real,h3_insects_b,kswin+hedge,81.55455455455456,4,0.13713713713714437,insects
real,h3_insects_c,none,85.42642642642645,0,0.0,insects
real,h3_insects_c,ddmM,85.45145145145145,4,0.025025025025005032,insects
real,h3_insects_c,ddm,85.45145145145145,4,0.025025025025005032,insects
real,h3_insects_c,ddm+half,85.44844844844845,3,0.02202202202200576,insects
real,h3_insects_c,ddm+hedge,85.47447447447448,2,0.048048048048032754,insects
real,h3_insects_c,eddm,85.35735735735736,12,-0.06906906906908317,insects
real,h3_insects_c,eddm+half,85.3973973973974,84,-0.029029029029037368,insects
real,h3_insects_c,eddm+hedge,85.4094094094094,23,-0.01701701701702918,insects
real,h3_insects_c,fhddm,85.44144144144144,2,0.01501501501500746,insects
real,h3_insects_c,fhddm+half,85.44444444444444,2,0.018018018018006732,insects
real,h3_insects_c,fhddm+hedge,85.44944944944945,2,0.023023023023005518,insects
real,h3_insects_c,hddma,85.49749749749749,3,0.07107107107104937,insects
real,h3_insects_c,hddma+half,85.47047047047047,3,0.044044044044033726,insects
real,h3_insects_c,hddma+hedge,85.4974974974975,3,0.07107107107106048,insects
real,h3_insects_c,hddmw,85.55755755755756,4,0.13113113113112362,insects
real,h3_insects_c,hddmw+half,85.4914914914915,4,0.06506506506506193,insects
real,h3_insects_c,hddmw+hedge,85.55455455455456,4,0.12812812812812435,insects
real,h3_insects_c,adwin,85.50350350350351,5,0.07707707707707012,insects
real,h3_insects_c,adwin+half,85.47547547547548,5,0.04904904904903251,insects
real,h3_insects_c,adwin+hedge,85.50650650650651,5,0.0800800800800694,insects
real,h3_insects_c,ph,85.54054054054053,6,0.11411411411409444,insects
real,h3_insects_c,ph+half,85.4854854854855,7,0.05905905905905229,insects
real,h3_insects_c,ph+hedge,85.54354354354355,6,0.11711711711710482,insects
real,h3_insects_c,kswin,85.56856856856857,2,0.14214214214213206,insects
real,h3_insects_c,kswin+half,85.4944944944945,2,0.0680680680680612,insects
real,h3_insects_c,kswin+hedge,85.55455455455456,2,0.12812812812812435,insects
real,h3_poker_b,none,93.3993993993994,0,0.0,poker
real,h3_poker_b,ddmM,85.04304304304303,382,-8.356356356356365,poker
real,h3_poker_b,ddm,84.92692692692694,382,-8.47247247247246,poker
real,h3_poker_b,ddm+half,91.53453453453453,265,-1.864864864864868,poker
real,h3_poker_b,ddm+hedge,92.71371371371372,192,-0.6856856856856774,poker
real,h3_poker_b,eddm,81.52552552552552,342,-11.873873873873874,poker
real,h3_poker_b,eddm+half,92.02902902902903,138,-1.3703703703703662,poker
real,h3_poker_b,eddm+hedge,93.1041041041041,117,-0.29529529529529475,poker
real,h3_poker_b,fhddm,86.47547547547548,138,-6.923923923923924,poker
real,h3_poker_b,fhddm+half,92.61161161161162,84,-0.7877877877877748,poker
real,h3_poker_b,fhddm+hedge,93.16116116116116,79,-0.23823823823823087,poker
real,h3_poker_b,hddma,81.92892892892894,502,-11.470470470470461,poker
real,h3_poker_b,hddma+half,91.85585585585585,210,-1.5435435435435463,poker
real,h3_poker_b,hddma+hedge,92.53753753753755,198,-0.8618618618618568,poker
real,h3_poker_b,hddmw,84.03603603603604,268,-9.363363363363364,poker
real,h3_poker_b,hddmw+half,92.58758758758759,123,-0.8118118118118023,poker
real,h3_poker_b,hddmw+hedge,92.984984984985,120,-0.4144144144143991,poker
real,h3_poker_b,adwin,84.97997997997999,221,-8.419419419419416,poker
real,h3_poker_b,adwin+half,92.1961961961962,144,-1.2032032032031958,poker
real,h3_poker_b,adwin+hedge,93.04104104104104,131,-0.35835835835835717,poker
real,h3_poker_b,ph,87.94194194194193,122,-5.45745745745746,poker
real,h3_poker_b,ph+half,92.84784784784786,79,-0.5515515515515435,poker
real,h3_poker_b,ph+hedge,93.36036036036037,75,-0.03903903903902384,poker
real,h3_poker_b,kswin,85.69369369369369,206,-7.705705705705701,poker
real,h3_poker_b,kswin+half,92.6856856856857,116,-0.713713713713704,poker
real,h3_poker_b,kswin+hedge,93.16616616616616,109,-0.23323323323323208,poker
real,h3_poker_c,none,90.86986986986987,0,0.0,poker
real,h3_poker_c,ddmM,83.43943943943944,400,-7.430430430430435,poker
real,h3_poker_c,ddm,83.38738738738738,397,-7.482482482482489,poker
real,h3_poker_c,ddm+half,88.86586586586587,309,-2.004004004004001,poker
real,h3_poker_c,ddm+hedge,89.87687687687689,303,-0.9929929929929804,poker
real,h3_poker_c,eddm,81.67767767767768,344,-9.192192192192184,poker
real,h3_poker_c,eddm+half,89.36836836836837,196,-1.501501501501501,poker
real,h3_poker_c,eddm+hedge,90.25025025025025,175,-0.6196196196196158,poker
real,h3_poker_c,fhddm,84.81981981981983,171,-6.050050050050038,poker
real,h3_poker_c,fhddm+half,89.6906906906907,119,-1.1791791791791684,poker
real,h3_poker_c,fhddm+hedge,90.67867867867868,104,-0.19119119119118677,poker
real,h3_poker_c,hddma,82.04804804804806,460,-8.821821821821807,poker
real,h3_poker_c,hddma+half,88.88688688688688,291,-1.9829829829829837,poker
real,h3_poker_c,hddma+hedge,89.96096096096096,287,-0.9089089089089009,poker
real,h3_poker_c,hddmw,83.65365365365366,272,-7.216216216216209,poker
real,h3_poker_c,hddmw+half,89.94394394394394,170,-0.92592592592593,poker
real,h3_poker_c,hddmw+hedge,90.46146146146147,163,-0.40840840840840054,poker
real,h3_poker_c,adwin,84.76876876876877,221,-6.1011011011011025,poker
real,h3_poker_c,adwin+half,89.63863863863864,173,-1.2312312312312335,poker
real,h3_poker_c,adwin+hedge,90.38238238238239,163,-0.4874874874874813,poker
real,h3_poker_c,ph,86.91191191191191,120,-3.9579579579579582,poker
real,h3_poker_c,ph+half,90.36636636636636,97,-0.5035035035034996,poker
real,h3_poker_c,ph+hedge,90.73973973973975,91,-0.13013013013012387,poker
real,h3_poker_c,kswin,83.81281281281282,250,-7.0570570570570474,poker
real,h3_poker_c,kswin+half,89.91591591591592,166,-0.9539539539539565,poker
real,h3_poker_c,kswin+hedge,90.6026026026026,157,-0.26726726726726824,poker
real,h4_airlines_d,none,65.80680680680682,0,0.0,airlines
real,h4_airlines_d,ddmM,65.77477477477478,1,-0.03203203203203664,airlines
real,h4_airlines_d,ddm,65.77477477477478,1,-0.03203203203203664,airlines
real,h4_airlines_d,ddm+half,65.81181181181182,1,0.005005005004998786,airlines
real,h4_airlines_d,ddm+hedge,65.78678678678679,4,-0.02002002002002845,airlines
real,h4_airlines_d,eddm,65.78178178178179,4,-0.025025025025027237,airlines
real,h4_airlines_d,eddm+half,65.72572572572572,92,-0.08108108108109136,airlines
real,h4_airlines_d,eddm+hedge,65.5955955955956,104,-0.21121121121122632,airlines
real,h4_airlines_d,fhddm,65.1901901901902,41,-0.6166166166166276,airlines
real,h4_airlines_d,fhddm+half,65.73273273273273,34,-0.07407407407409305,airlines
real,h4_airlines_d,fhddm+hedge,65.65265265265265,34,-0.15415415415416245,airlines
real,h4_airlines_d,hddma,65.42642642642643,18,-0.38038038038038513,airlines
real,h4_airlines_d,hddma+half,65.70270270270272,22,-0.10410410410409687,airlines
real,h4_airlines_d,hddma+hedge,65.71471471471472,21,-0.09209209209209979,airlines
real,h4_airlines_d,hddmw,63.0970970970971,158,-2.709709709709718,airlines
real,h4_airlines_d,hddmw+half,65.14814814814814,159,-0.6586586586586729,airlines
real,h4_airlines_d,hddmw+hedge,65.2002002002002,167,-0.6066066066066189,airlines
real,h4_airlines_d,adwin,65.71871871871872,8,-0.08808808808810076,airlines
real,h4_airlines_d,adwin+half,65.82082082082081,8,0.0140140140139966,airlines
real,h4_airlines_d,adwin+hedge,65.7907907907908,9,-0.016016016016029422,airlines
real,h4_airlines_d,ph,65.31931931931932,30,-0.4874874874875035,airlines
real,h4_airlines_d,ph+half,65.68768768768768,24,-0.11911911911912654,airlines
real,h4_airlines_d,ph+hedge,65.78678678678679,26,-0.02002002002002845,airlines
real,h4_airlines_d,kswin,64.25925925925927,102,-1.5475475475475564,airlines
real,h4_airlines_d,kswin+half,65.44344344344344,79,-0.36336336336337816,airlines
real,h4_airlines_d,kswin+hedge,65.38338338338338,80,-0.4234234234234413,airlines
real,h4_airlines_e,none,65.45645645645646,0,0.0,airlines
real,h4_airlines_e,ddmM,65.33833833833835,4,-0.11811811811811568,airlines
real,h4_airlines_e,ddm,65.33833833833835,4,-0.11811811811811568,airlines
real,h4_airlines_e,ddm+half,65.42642642642642,5,-0.030030030030037125,airlines
real,h4_airlines_e,ddm+hedge,65.43543543543542,3,-0.021021021021028208,airlines
real,h4_airlines_e,eddm,65.31931931931932,41,-0.13713713713714437,airlines
real,h4_airlines_e,eddm+half,65.3983983983984,30,-0.05805805805806363,airlines
real,h4_airlines_e,eddm+hedge,65.29229229229229,72,-0.16416416416417112,airlines
real,h4_airlines_e,fhddm,64.68268268268268,40,-0.7737737737737782,airlines
real,h4_airlines_e,fhddm+half,65.3043043043043,35,-0.15215215215216293,airlines
real,h4_airlines_e,fhddm+hedge,65.3963963963964,29,-0.06006006006006315,airlines
real,h4_airlines_e,hddma,65.3913913913914,6,-0.06506506506506193,airlines
real,h4_airlines_e,hddma+half,65.43243243243244,6,-0.024024024024016377,airlines
real,h4_airlines_e,hddma+hedge,65.47047047047046,7,0.014014014014007703,airlines
real,h4_airlines_e,hddmw,63.51651651651652,117,-1.9399399399399386,airlines
real,h4_airlines_e,hddmw+half,65.06906906906906,108,-0.38738738738739453,airlines
real,h4_airlines_e,hddmw+hedge,65.05205205205205,113,-0.4044044044044126,airlines
real,h4_airlines_e,adwin,65.31931931931932,10,-0.13713713713713327,airlines
real,h4_airlines_e,adwin+half,65.44544544544544,10,-0.011011011011019534,airlines
real,h4_airlines_e,adwin+hedge,65.43643643643644,11,-0.02002002002001735,airlines
real,h4_airlines_e,ph,64.87487487487486,32,-0.5815815815815917,airlines
real,h4_airlines_e,ph+half,65.35535535535536,24,-0.1011011011010976,airlines
real,h4_airlines_e,ph+hedge,65.4034034034034,22,-0.053053053053053745,airlines
real,h4_airlines_e,kswin,64.37837837837839,65,-1.0780780780780708,airlines
real,h4_airlines_e,kswin+half,65.30930930930931,51,-0.14714714714714194,airlines
real,h4_airlines_e,kswin+hedge,65.25425425425423,58,-0.2022022022022174,airlines
real,h4_covertype_d,none,96.1921921921922,0,0.0,covertype
real,h4_covertype_d,ddmM,89.68568568568568,94,-6.506506506506504,covertype
real,h4_covertype_d,ddm,89.68568568568568,94,-6.506506506506504,covertype
real,h4_covertype_d,ddm+half,95.02302302302303,37,-1.1691691691691597,covertype
real,h4_covertype_d,ddm+hedge,96.01101101101102,106,-0.1811811811811781,covertype
real,h4_covertype_d,eddm,86.63063063063063,151,-9.561561561561561,covertype
real,h4_covertype_d,eddm+half,92.27227227227228,122,-3.919919919919923,covertype
real,h4_covertype_d,eddm+hedge,96.11711711711712,107,-0.07507507507507061,covertype
real,h4_covertype_d,fhddm,62.617617617617626,278,-33.57457457457457,covertype
real,h4_covertype_d,fhddm+half,95.73673673673675,13,-0.45545545545544464,covertype
real,h4_covertype_d,fhddm+hedge,96.17017017017017,3,-0.022022022022027965,covertype
real,h4_covertype_d,hddma,57.41941941941941,645,-38.77277277277278,covertype
real,h4_covertype_d,hddma+half,81.95995995995996,350,-14.232232232232233,covertype
real,h4_covertype_d,hddma+hedge,96.002002002002,84,-0.19019019019019812,covertype
real,h4_covertype_d,hddmw,57.38338338338338,556,-38.80880880880881,covertype
real,h4_covertype_d,hddmw+half,94.24224224224224,49,-1.9499499499499473,covertype
real,h4_covertype_d,hddmw+hedge,96.17417417417417,21,-0.018018018018017834,covertype
real,h4_covertype_d,adwin,54.807807807807805,446,-41.38438438438439,covertype
real,h4_covertype_d,adwin+half,88.98598598598599,150,-7.2062062062062004,covertype
real,h4_covertype_d,adwin+hedge,96.17917917917919,23,-0.013013013013007946,covertype
real,h4_covertype_d,ph,62.19119119119119,217,-34.00100100100101,covertype
real,h4_covertype_d,ph+half,91.7027027027027,77,-4.489489489489495,covertype
real,h4_covertype_d,ph+hedge,96.11111111111113,8,-0.08108108108106915,covertype
real,h4_covertype_d,kswin,60.013013013013015,456,-36.17917917917918,covertype
real,h4_covertype_d,kswin+half,90.94594594594594,98,-5.246246246246256,covertype
real,h4_covertype_d,kswin+hedge,96.17517517517517,13,-0.017017017017018077,covertype
real,h4_covertype_e,none,97.1981981981982,0,0.0,covertype
real,h4_covertype_e,ddmM,96.72772772772772,7,-0.4704704704704632,covertype
real,h4_covertype_e,ddm,96.72772772772772,7,-0.4704704704704632,covertype
real,h4_covertype_e,ddm+half,97.11211211211213,94,-0.08608608608606794,covertype
real,h4_covertype_e,ddm+hedge,97.07107107107107,134,-0.1271271271271246,covertype
real,h4_covertype_e,eddm,70.70870870870871,469,-26.489489489489483,covertype
real,h4_covertype_e,eddm+half,97.02402402402403,50,-0.1741741741741687,covertype
real,h4_covertype_e,eddm+hedge,97.14914914914917,67,-0.04904904904903251,covertype
real,h4_covertype_e,fhddm,66.16816816816817,284,-31.03003003003003,covertype
real,h4_covertype_e,fhddm+half,97.1981981981982,1,0.0,covertype
real,h4_covertype_e,fhddm+hedge,97.1941941941942,1,-0.004004004003999029,covertype
real,h4_covertype_e,hddma,67.08108108108108,599,-30.11711711711711,covertype
real,h4_covertype_e,hddma+half,96.79879879879881,65,-0.3993993993993805,covertype
real,h4_covertype_e,hddma+hedge,97.13513513513513,58,-0.06306306306306242,covertype
real,h4_covertype_e,hddmw,68.07607607607608,457,-29.122122122122118,covertype
real,h4_covertype_e,hddmw+half,97.14614614614615,17,-0.052052052052042885,covertype
real,h4_covertype_e,hddmw+hedge,97.2012012012012,17,0.003003003003010374,covertype
real,h4_covertype_e,adwin,62.213213213213216,387,-34.984984984984976,covertype
real,h4_covertype_e,adwin+half,97.0900900900901,24,-0.1081081081080959,covertype
real,h4_covertype_e,adwin+hedge,97.1801801801802,19,-0.01801801801799563,covertype
real,h4_covertype_e,ph,67.96596596596596,234,-29.232232232232224,covertype
real,h4_covertype_e,ph+half,97.1981981981982,8,1.1102230246251565e-14,covertype
real,h4_covertype_e,ph+hedge,97.1811811811812,8,-0.017017017016995872,covertype
real,h4_covertype_e,kswin,62.33333333333334,458,-34.864864864864856,covertype
real,h4_covertype_e,kswin+half,97.18018018018019,9,-0.018018018018006732,covertype
real,h4_covertype_e,kswin+hedge,97.1931931931932,9,-0.005005005004998786,covertype
real,h4_poker_d,none,94.14514514514515,0,0.0,poker
real,h4_poker_d,ddmM,84.57057057057057,437,-9.57457457457458,poker
real,h4_poker_d,ddm,84.6036036036036,433,-9.541541541541543,poker
real,h4_poker_d,ddm+half,90.8068068068068,341,-3.3383383383383425,poker
real,h4_poker_d,ddm+hedge,92.84784784784785,252,-1.2972972972973063,poker
real,h4_poker_d,eddm,81.98998998999,342,-12.155155155155162,poker
real,h4_poker_d,eddm+half,92.72272272272272,133,-1.4224224224224313,poker
real,h4_poker_d,eddm+hedge,93.67667667667668,118,-0.4684684684684748,poker
real,h4_poker_d,fhddm,85.74174174174173,157,-8.40340340340341,poker
real,h4_poker_d,fhddm+half,92.72872872872874,93,-1.4164164164164106,poker
real,h4_poker_d,fhddm+hedge,93.4864864864865,87,-0.6586586586586507,poker
real,h4_poker_d,hddma,81.44944944944945,524,-12.695695695695708,poker
real,h4_poker_d,hddma+half,92.08508508508508,232,-2.060060060060065,poker
real,h4_poker_d,hddma+hedge,93.05905905905907,194,-1.08608608608608,poker
real,h4_poker_d,hddmw,84.11611611611612,273,-10.029029029029024,poker
real,h4_poker_d,hddmw+half,93.29529529529529,127,-0.8498498498498597,poker
real,h4_poker_d,hddmw+hedge,93.54854854854855,127,-0.5965965965965991,poker
real,h4_poker_d,adwin,85.54454454454454,201,-8.600600600600616,poker
real,h4_poker_d,adwin+half,92.72872872872873,135,-1.4164164164164217,poker
real,h4_poker_d,adwin+hedge,93.47947947947948,125,-0.6656656656656712,poker
real,h4_poker_d,ph,88.80780780780782,108,-5.337337337337333,poker
real,h4_poker_d,ph+half,93.3943943943944,67,-0.7507507507507505,poker
real,h4_poker_d,ph+hedge,93.7997997997998,64,-0.3453453453453492,poker
real,h4_poker_d,kswin,86.04404404404403,202,-8.101101101101115,poker
real,h4_poker_d,kswin+half,93.57157157157157,100,-0.5735735735735825,poker
real,h4_poker_d,kswin+hedge,93.66466466466467,99,-0.480480480480483,poker
real,h4_poker_e,none,91.82882882882885,0,0.0,poker
real,h4_poker_e,ddmM,83.22922922922923,395,-8.599599599599618,poker
real,h4_poker_e,ddm,83.29229229229229,380,-8.536536536536554,poker
real,h4_poker_e,ddm+half,89.55155155155155,290,-2.27727727727729,poker
real,h4_poker_e,ddm+hedge,90.56856856856857,297,-1.260260260260282,poker
real,h4_poker_e,eddm,80.72372372372372,361,-11.105105105105118,poker
real,h4_poker_e,eddm+half,90.17717717717717,175,-1.6516516516516755,poker
real,h4_poker_e,eddm+hedge,91.17917917917919,160,-0.649649649649664,poker
real,h4_poker_e,fhddm,82.95595595595596,197,-8.872872872872883,poker
real,h4_poker_e,fhddm+half,90.33033033033033,119,-1.4984984984985128,poker
real,h4_poker_e,fhddm+hedge,91.15515515515516,108,-0.6736736736736915,poker
real,h4_poker_e,hddma,80.98598598598599,462,-10.84284284284286,poker
real,h4_poker_e,hddma+half,89.36436436436436,282,-2.4644644644644775,poker
real,h4_poker_e,hddma+hedge,90.57457457457457,265,-1.2542542542542723,poker
real,h4_poker_e,hddmw,81.73373373373373,316,-10.095095095095118,poker
real,h4_poker_e,hddmw+half,90.18018018018019,173,-1.6486486486486651,poker
real,h4_poker_e,hddmw+hedge,91.17917917917919,161,-0.649649649649664,poker
real,h4_poker_e,adwin,82.61861861861863,248,-9.210210210210224,poker
real,h4_poker_e,adwin+half,89.94794794794795,179,-1.8808808808808974,poker
real,h4_poker_e,adwin+hedge,91.28728728728728,162,-0.541541541541557,poker
real,h4_poker_e,ph,85.15815815815816,141,-6.670670670670686,poker
real,h4_poker_e,ph+half,90.81381381381381,99,-1.0150150150150306,poker
real,h4_poker_e,ph+hedge,91.48048048048048,94,-0.3483483483483707,poker
real,h4_poker_e,kswin,83.25625625625625,255,-8.57257257257259,poker
real,h4_poker_e,kswin+half,90.38138138138139,158,-1.4474474474474586,poker
real,h4_poker_e,kswin+hedge,91.38138138138137,144,-0.4474474474474688,poker
real,elec2,none,80.95353982300885,0,0.0,elec2
real,elec2,ddmM,79.88938053097344,225,-1.0641592920354048,elec2
real,elec2,ddm,79.88938053097344,223,-1.0641592920354048,elec2
real,elec2,ddm+half,80.93362831858408,228,-0.019911504424763304,elec2
real,elec2,ddm+hedge,80.57300884955752,232,-0.3805309734513207,elec2
real,elec2,eddm,78.89601769911505,207,-2.0575221238937957,elec2
real,elec2,eddm+half,80.55309734513274,193,-0.4004424778761062,elec2
real,elec2,eddm+hedge,80.56858407079646,190,-0.3849557522123792,elec2
real,elec2,fhddm,79.8716814159292,73,-1.0818584070796389,elec2
real,elec2,fhddm+half,80.78097345132743,66,-0.1725663716814152,elec2
real,elec2,fhddm+hedge,80.79203539823008,68,-0.16150442477875782,elec2
real,elec2,hddma,79.10176991150442,228,-1.8517699115044306,elec2
real,elec2,hddma+half,80.57964601769912,198,-0.37389380530973293,elec2
real,elec2,hddma+hedge,80.53982300884957,213,-0.41371681415928174,elec2
real,elec2,hddmw,79.30309734513274,161,-1.6504424778761018,elec2
real,elec2,hddmw+half,80.77433628318583,145,-0.17920353982301407,elec2
real,elec2,hddmw+hedge,80.6438053097345,151,-0.3097345132743401,elec2
real,elec2,adwin,79.67477876106194,64,-1.278761061946898,elec2
real,elec2,adwin+half,80.79867256637168,54,-0.15486725663717005,elec2
real,elec2,adwin+hedge,80.55088495575222,57,-0.40265486725662436,elec2
real,elec2,ph,80.33628318584071,39,-0.6172566371681398,elec2
real,elec2,ph+half,80.83849557522123,33,-0.11504424778761013,elec2
real,elec2,ph+hedge,80.92256637168141,38,-0.03097345132743179,elec2
real,elec2,kswin,79.5508849557522,125,-1.4026548672566475,elec2
real,elec2,kswin+half,80.82743362831857,112,-0.12610619469026751,elec2
real,elec2,kswin+hedge,80.5929203539823,114,-0.3606194690265463,elec2
real,insects_abrupt_balanced,none,76.52561669829221,0,0.0,insects
real,insects_abrupt_balanced,ddmM,76.52561669829221,0,0.0,insects
real,insects_abrupt_balanced,ddm,77.79696394686907,10,1.2713472485768595,insects
real,insects_abrupt_balanced,ddm+half,76.99620493358633,8,0.47058823529412264,insects
real,insects_abrupt_balanced,ddm+hedge,77.77419354838709,10,1.2485768500948846,insects
real,insects_abrupt_balanced,eddm,76.47248576850095,31,-0.053130929791267434,insects
real,insects_abrupt_balanced,eddm+half,76.7134724857685,73,0.18785578747629872,insects
real,insects_abrupt_balanced,eddm+hedge,77.16129032258064,42,0.6356736242884353,insects
real,insects_abrupt_balanced,fhddm,76.87096774193549,15,0.34535104364328273,insects
real,insects_abrupt_balanced,fhddm+half,76.97153700189753,13,0.4459203036053183,insects
real,insects_abrupt_balanced,fhddm+hedge,77.19924098671727,12,0.6736242884250676,insects
real,insects_abrupt_balanced,hddma,78.32258064516128,10,1.796963946869079,insects
real,insects_abrupt_balanced,hddma+half,77.10246679316887,10,0.5768500948766686,insects
real,insects_abrupt_balanced,hddma+hedge,78.13092979127134,9,1.6053130929791326,insects
real,insects_abrupt_balanced,hddmw,78.20872865275142,16,1.6831119544592155,insects
real,insects_abrupt_balanced,hddmw+half,77.05313092979127,14,0.52751423149906,insects
real,insects_abrupt_balanced,hddmw+hedge,78.20493358633776,15,1.6793168880455456,insects
real,insects_abrupt_balanced,adwin,78.25996204933587,12,1.7343453510436535,insects
real,insects_abrupt_balanced,adwin+half,77.17267552182163,18,0.6470588235294228,insects
real,insects_abrupt_balanced,adwin+hedge,78.11764705882354,12,1.5920303605313268,insects
real,insects_abrupt_balanced,ph,77.80265654648956,15,1.2770398481973477,insects
real,insects_abrupt_balanced,ph+half,77.08918406072107,20,0.5635673624288517,insects
real,insects_abrupt_balanced,ph+hedge,77.98102466793169,16,1.4554079696394773,insects
real,insects_abrupt_balanced,kswin,78.39278937381404,11,1.8671726755218332,insects
real,insects_abrupt_balanced,kswin+half,77.26944971537002,15,0.7438330170778107,insects
real,insects_abrupt_balanced,kswin+hedge,78.23719165085389,12,1.7115749525616786,insects
real,insects_gradual_balanced,none,78.83333333333333,0,0.0,insects
real,insects_gradual_balanced,ddmM,79.92916666666666,5,1.0958333333333292,insects
real,insects_gradual_balanced,ddm,79.92916666666666,5,1.0958333333333292,insects
real,insects_gradual_balanced,ddm+half,79.04166666666667,7,0.2083333333333326,insects
real,insects_gradual_balanced,ddm+hedge,79.48749999999998,4,0.6541666666666557,insects
real,insects_gradual_balanced,eddm,79.17083333333333,15,0.3375000000000017,insects
real,insects_gradual_balanced,eddm+half,79.0375,35,0.20416666666666083,insects
real,insects_gradual_balanced,eddm+hedge,79.4,31,0.5666666666666709,insects
real,insects_gradual_balanced,fhddm,79.49166666666667,5,0.6583333333333385,insects
real,insects_gradual_balanced,fhddm+half,79.38333333333333,6,0.5499999999999949,insects
real,insects_gradual_balanced,fhddm+hedge,79.5,6,0.6666666666666599,insects
real,insects_gradual_balanced,hddma,80.40416666666667,5,1.5708333333333324,insects
real,insects_gradual_balanced,hddma+half,79.12083333333332,5,0.2874999999999961,insects
real,insects_gradual_balanced,hddma+hedge,80.06666666666666,5,1.2333333333333307,insects
real,insects_gradual_balanced,hddmw,80.26666666666667,8,1.433333333333331,insects
real,insects_gradual_balanced,hddmw+half,79.02083333333333,9,0.187499999999996,insects
real,insects_gradual_balanced,hddmw+hedge,80.20833333333334,11,1.375000000000004,insects
real,insects_gradual_balanced,adwin,80.2375,7,1.404166666666662,insects
real,insects_gradual_balanced,adwin+half,79.19999999999999,8,0.3666666666666596,insects
real,insects_gradual_balanced,adwin+hedge,80.08333333333333,7,1.2499999999999956,insects
real,insects_gradual_balanced,ph,80.00416666666666,6,1.170833333333332,insects
real,insects_gradual_balanced,ph+half,79.29583333333333,8,0.462499999999999,insects
real,insects_gradual_balanced,ph+hedge,79.82083333333333,8,0.9874999999999967,insects
real,insects_gradual_balanced,kswin,80.35,4,1.5166666666666662,insects
real,insects_gradual_balanced,kswin+half,79.13333333333334,7,0.30000000000001137,insects
real,insects_gradual_balanced,kswin+hedge,80.13333333333334,6,1.3000000000000012,insects
real,insects_incremental_balanced,none,67.4639718804921,0,0.0,insects
real,insects_incremental_balanced,ddmM,67.46748681898067,2,0.0035149384885801993,insects
real,insects_incremental_balanced,ddm,67.46748681898067,2,0.0035149384885801993,insects
real,insects_incremental_balanced,ddm+half,67.45869947275924,2,-0.005272407732859197,insects
real,insects_incremental_balanced,ddm+hedge,67.49560632688927,2,0.03163444639718849,insects
real,insects_incremental_balanced,eddm,67.34973637961336,11,-0.11423550087873435,insects
real,insects_incremental_balanced,eddm+half,67.3585237258348,19,-0.10544815465729496,insects
real,insects_incremental_balanced,eddm+hedge,67.45166959578206,9,-0.012302284710019595,insects
real,insects_incremental_balanced,fhddm,67.04042179261863,15,-0.4235500878734588,insects
real,insects_incremental_balanced,fhddm+half,67.34094903339191,12,-0.12302284710018485,insects
real,insects_incremental_balanced,fhddm+hedge,67.43936731107206,11,-0.02460456942002809,insects
real,insects_incremental_balanced,hddma,67.35149384885764,4,-0.11247803163444425,insects
real,insects_incremental_balanced,hddma+half,67.52372583479789,4,0.059753954305796775,insects
real,insects_incremental_balanced,hddma+hedge,67.50439367311073,5,0.040421792618638985,insects
real,insects_incremental_balanced,hddmw,66.54130052724078,26,-0.9226713532513142,insects
real,insects_incremental_balanced,hddmw+half,67.32864674868189,24,-0.13532513181019334,insects
real,insects_incremental_balanced,hddmw+hedge,67.45694200351494,26,-0.007029876977149296,insects
real,insects_incremental_balanced,adwin,67.21968365553603,5,-0.2442882249560574,insects
real,insects_incremental_balanced,adwin+half,67.50087873462213,5,0.036906854130047684,insects
real,insects_incremental_balanced,adwin+hedge,67.4780316344464,5,0.014059753954298593,insects
real,insects_incremental_balanced,ph,66.88927943760984,16,-0.5746924428822409,insects
real,insects_incremental_balanced,ph+half,67.3585237258348,11,-0.10544815465729496,insects
real,insects_incremental_balanced,ph+hedge,67.36731107205624,9,-0.09666080843585556,insects
real,insects_incremental_balanced,kswin,67.16871704745166,8,-0.2952548330404259,insects
real,insects_incremental_balanced,kswin+half,67.37082601054482,8,-0.09314586994727536,insects
real,insects_incremental_balanced,kswin+hedge,67.47275922671353,5,0.008787346221439396,insects
real,insects_incremental_reoccurring_balanced,none,79.1516290726817,0,0.0,insects
real,insects_incremental_reoccurring_balanced,ddmM,80.14536340852129,13,0.9937343358395911,insects
real,insects_incremental_reoccurring_balanced,ddm,80.14536340852129,13,0.9937343358395911,insects
real,insects_incremental_reoccurring_balanced,ddm+half,79.50877192982456,12,0.3571428571428559,insects
real,insects_incremental_reoccurring_balanced,ddm+hedge,80.27944862155388,15,1.1278195488721776,insects
real,insects_incremental_reoccurring_balanced,eddm,79.40350877192982,51,0.25187969924811426,insects
real,insects_incremental_reoccurring_balanced,eddm+half,79.37719298245615,77,0.22556390977443996,insects
real,insects_incremental_reoccurring_balanced,eddm+hedge,80.47117794486215,142,1.3195488721804427,insects
real,insects_incremental_reoccurring_balanced,fhddm,79.83583959899748,18,0.6842105263157761,insects
real,insects_incremental_reoccurring_balanced,fhddm+half,79.63408521303258,18,0.48245614035087314,insects
real,insects_incremental_reoccurring_balanced,fhddm+hedge,79.80325814536342,19,0.6516290726817031,insects
real,insects_incremental_reoccurring_balanced,hddma,80.79197994987469,17,1.6403508771929864,insects
real,insects_incremental_reoccurring_balanced,hddma+half,79.61904761904762,16,0.4674185463659164,insects
real,insects_incremental_reoccurring_balanced,hddma+hedge,80.765664160401,16,1.61403508771929,insects
real,insects_incremental_reoccurring_balanced,hddmw,80.79824561403508,22,1.646616541353374,insects
real,insects_incremental_reoccurring_balanced,hddmw+half,79.6328320802005,23,0.4812030075187934,insects
real,insects_incremental_reoccurring_balanced,hddmw+hedge,80.82456140350878,21,1.6729323308270705,insects
real,insects_incremental_reoccurring_balanced,adwin,80.63283208020049,20,1.4812030075187832,insects
real,insects_incremental_reoccurring_balanced,adwin+half,79.57268170426065,24,0.42105263157894424,insects
real,insects_incremental_reoccurring_balanced,adwin+hedge,80.64786967418546,19,1.496240601503751,insects
real,insects_incremental_reoccurring_balanced,ph,80.39473684210525,21,1.243107769423546,insects
real,insects_incremental_reoccurring_balanced,ph+half,79.59398496240601,28,0.4423558897242996,insects
real,insects_incremental_reoccurring_balanced,ph+hedge,80.48245614035088,22,1.3308270676691714,insects
real,insects_incremental_reoccurring_balanced,kswin,80.4674185463659,17,1.3157894736842035,insects
real,insects_incremental_reoccurring_balanced,kswin+half,79.6015037593985,14,0.4498746867167891,insects
real,insects_incremental_reoccurring_balanced,kswin+hedge,80.26942355889723,13,1.1177944862155287,insects
real,gas,none,88.95652173913044,0,0.0,gas
real,gas,ddmM,81.59420289855072,53,-7.362318840579718,gas
real,gas,ddm,81.59420289855072,53,-7.362318840579718,gas
real,gas,ddm+half,85.98550724637681,48,-2.971014492753621,gas
real,gas,ddm+hedge,86.95652173913044,47,-2.0000000000000018,gas
real,gas,eddm,82.90579710144928,38,-6.05072463768116,gas
real,gas,eddm+half,86.45652173913044,31,-2.500000000000002,gas
real,gas,eddm+hedge,88.08695652173914,28,-0.8695652173912993,gas
real,gas,fhddm,81.8623188405797,27,-7.094202898550728,gas
real,gas,fhddm+half,87.02173913043478,20,-1.934782608695651,gas
real,gas,fhddm+hedge,88.0217391304348,19,-0.934782608695639,gas
real,gas,hddma,82.68840579710144,44,-6.268115942028995,gas
real,gas,hddma+half,85.97826086956523,39,-2.978260869565208,gas
real,gas,hddma+hedge,86.89130434782608,37,-2.0652173913043526,gas
real,gas,hddmw,83.95652173913042,37,-5.000000000000004,gas
real,gas,hddmw+half,86.53623188405798,34,-2.420289855072455,gas
real,gas,hddmw+hedge,87.81884057971014,30,-1.1376811594202896,gas
real,gas,adwin,83.33333333333334,39,-5.623188405797097,gas
real,gas,adwin+half,85.92753623188408,36,-3.0289855072463623,gas
real,gas,adwin+hedge,87.34057971014494,31,-1.6159420289854953,gas
real,gas,ph,82.51449275362319,20,-6.442028985507243,gas
real,gas,ph+half,88.13768115942031,14,-0.8188405797101228,gas
real,gas,ph+hedge,87.84057971014494,14,-1.1159420289854949,gas
real,gas,kswin,81.6086956521739,40,-7.347826086956532,gas
real,gas,kswin+half,86.76811594202898,35,-2.188405797101456,gas
real,gas,kswin+hedge,87.15217391304348,31,-1.8043478260869494,gas
real,occupancy,none,95.96078431372548,0,0.0,occupancy
real,occupancy,ddmM,94.36764705882354,34,-1.5931372549019551,occupancy
real,occupancy,ddm,94.36764705882354,34,-1.5931372549019551,occupancy
real,occupancy,ddm+half,95.65196078431373,33,-0.3088235294117614,occupancy
real,occupancy,ddm+hedge,95.31372549019608,35,-0.6470588235294117,occupancy
real,occupancy,eddm,94.75490196078432,18,-1.2058823529411677,occupancy
real,occupancy,eddm+half,95.76960784313727,15,-0.19117647058822795,occupancy
real,occupancy,eddm+hedge,95.52941176470588,15,-0.4313725490196041,occupancy
real,occupancy,fhddm,93.27941176470588,17,-2.6813725490196005,occupancy
real,occupancy,fhddm+half,95.70588235294119,12,-0.25490196078430394,occupancy
real,occupancy,fhddm+hedge,94.38235294117646,15,-1.5784313725490273,occupancy
real,occupancy,hddma,94.8186274509804,27,-1.1421568627450918,occupancy
real,occupancy,hddma+half,95.95588235294117,26,-0.004901960784309267,occupancy
real,occupancy,hddma+hedge,95.48039215686276,26,-0.48039215686273007,occupancy
real,occupancy,hddmw,95.00980392156862,20,-0.9509803921568638,occupancy
real,occupancy,hddmw+half,96.00490196078432,16,0.044117647058838916,occupancy
real,occupancy,hddmw+hedge,95.52450980392157,19,-0.43627450980391336,occupancy
real,occupancy,adwin,94.32843137254903,22,-1.6323529411764626,occupancy
real,occupancy,adwin+half,95.74999999999999,18,-0.21078431372549833,occupancy
real,occupancy,adwin+hedge,94.98039215686273,20,-0.9803921568627527,occupancy
real,occupancy,ph,94.93627450980394,12,-1.0245098039215583,occupancy
real,occupancy,ph+half,96.06372549019608,8,0.10294117647058343,occupancy
real,occupancy,ph+hedge,95.50980392156862,11,-0.45098039215686336,occupancy
real,occupancy,kswin,94.46568627450979,24,-1.495098039215692,occupancy
real,occupancy,kswin+half,95.7892156862745,18,-0.17156862745097978,occupancy
real,occupancy,kswin+hedge,95.25980392156862,19,-0.7009803921568691,occupancy
real,room,none,95.66,0,0.0,room
real,room,ddmM,92.71000000000001,17,-2.949999999999997,room
real,room,ddm,92.71000000000001,17,-2.949999999999997,room
real,room,ddm+half,96.02000000000001,15,0.36000000000000476,room
real,room,ddm+hedge,93.72,16,-1.9399999999999973,room
real,room,eddm,93.43,11,-2.2299999999999986,room
real,room,eddm+half,96.0,7,0.33999999999999586,room
real,room,eddm+hedge,94.2,10,-1.4599999999999946,room
real,room,fhddm,93.44,5,-2.2199999999999998,room
real,room,fhddm+half,95.69999999999999,3,0.03999999999998449,room
real,room,fhddm+hedge,94.32000000000001,5,-1.3399999999999967,room
real,room,hddma,92.71000000000001,17,-2.949999999999997,room
real,room,hddma+half,96.02000000000001,12,0.36000000000000476,room
real,room,hddma+hedge,93.72,16,-1.9399999999999973,room
real,room,hddmw,92.95,15,-2.7100000000000013,room
real,room,hddmw+half,96.01,9,0.35000000000000586,room
real,room,hddmw+hedge,94.19,12,-1.4700000000000046,room
real,room,adwin,93.43,11,-2.2299999999999986,room
real,room,adwin+half,96.0,7,0.33999999999999586,room
real,room,adwin+hedge,94.2,10,-1.4599999999999946,room
real,room,ph,93.28999999999999,8,-2.3700000000000054,room
real,room,ph+half,96.02,5,0.35999999999999366,room
real,room,ph+hedge,95.3,6,-0.36000000000000476,room
real,room,kswin,93.34,13,-2.32,room
real,room,kswin+half,96.01,9,0.35000000000000586,room
real,room,kswin+hedge,94.2,12,-1.4599999999999946,room
real,bank,none,89.93414634146342,0,0.0,bank
real,bank,ddmM,89.9170731707317,8,-0.017073170731718434,bank
real,bank,ddm,89.9170731707317,8,-0.017073170731718434,bank
real,bank,ddm+half,89.92682926829268,9,-0.007317073170731714,bank
real,bank,ddm+hedge,89.90487804878049,9,-0.029268292682926855,bank
real,bank,eddm,89.72682926829269,64,-0.2073170731707319,bank
real,bank,eddm+half,89.8780487804878,90,-0.056097560975609806,bank
real,bank,eddm+hedge,89.98048780487804,47,0.046341463414623085,bank
real,bank,fhddm,89.88536585365853,5,-0.048780487804889194,bank
real,bank,fhddm+half,89.9219512195122,5,-0.012195121951219523,bank
real,bank,fhddm+hedge,89.94634146341463,5,0.01219512195120842,bank
real,bank,hddma,89.94146341463414,5,0.007317073170731714,bank
real,bank,hddma+half,89.9170731707317,5,-0.017073170731718434,bank
real,bank,hddma+hedge,89.96341463414635,5,0.029268292682926855,bank
real,bank,hddmw,89.8780487804878,9,-0.056097560975609806,bank
real,bank,hddmw+half,89.91463414634146,10,-0.01951219512196234,bank
real,bank,hddmw+hedge,89.93414634146342,8,0.0,bank
real,bank,adwin,90.03170731707317,9,0.09756097560975618,bank
real,bank,adwin+half,89.96585365853659,9,0.03170731707317076,bank
real,bank,adwin+hedge,90.00731707317073,9,0.07317073170730604,bank
real,bank,ph,89.90487804878049,11,-0.029268292682926855,bank
real,bank,ph+half,89.92926829268292,11,-0.0048780487804989114,bank
real,bank,ph+hedge,89.94634146341463,11,0.01219512195120842,bank
real,bank,kswin,89.93170731707318,5,-0.0024390243902439046,bank
real,bank,kswin+half,89.93170731707318,6,-0.0024390243902439046,bank
real,bank,kswin+hedge,89.96829268292683,5,0.034146341463414664,bank
real,kdd,none,98.94294294294295,0,0.0,kdd
real,kdd,ddmM,98.64564564564566,59,-0.29729729729729426,kdd
real,kdd,ddm,98.65165165165165,58,-0.2912912912912957,kdd
real,kdd,ddm+half,98.92592592592592,51,-0.017017017017018077,kdd
real,kdd,ddm+hedge,98.8938938938939,53,-0.049049049049043614,kdd
real,kdd,eddm,98.72972972972973,23,-0.21321321321321474,kdd
real,kdd,eddm+half,98.94394394394395,20,0.0010010010009997572,kdd
real,kdd,eddm+hedge,98.95795795795796,19,0.01501501501500746,kdd
real,kdd,fhddm,98.64664664664666,18,-0.2962962962962945,kdd
real,kdd,fhddm+half,98.91191191191191,14,-0.031031031031036882,kdd
real,kdd,fhddm+hedge,98.72372372372372,17,-0.21921921921922438,kdd
real,kdd,hddma,98.7897897897898,34,-0.1531531531531516,kdd
real,kdd,hddma+half,98.94594594594595,31,0.0030030030029992716,kdd
real,kdd,hddma+hedge,98.96596596596598,31,0.023023023023027722,kdd
real,kdd,hddmw,98.78278278278279,26,-0.160160160160161,kdd
real,kdd,hddmw+half,98.94594594594595,24,0.0030030030029992716,kdd
real,kdd,hddmw+hedge,98.96496496496498,24,0.022022022022027965,kdd
real,kdd,adwin,98.77577577577577,32,-0.1671671671671704,kdd
real,kdd,adwin+half,98.94494494494495,28,0.0020020020019995144,kdd
real,kdd,adwin+hedge,98.96496496496498,28,0.022022022022027965,kdd
real,kdd,ph,98.97297297297297,11,0.030030030030026023,kdd
real,kdd,ph+half,98.97897897897897,11,0.036036036036024566,kdd
real,kdd,ph+hedge,98.994994994995,11,0.05205205205205399,kdd
real,kdd,kswin,98.75675675675676,25,-0.18618618618618799,kdd
real,kdd,kswin+half,98.94894894894894,22,0.006006006005998543,kdd
real,kdd,kswin+hedge,98.96496496496498,22,0.022022022022027965,kdd
real,eeg,none,81.7972972972973,0,0.0,eeg
real,eeg,ddmM,89.10135135135135,34,7.304054054054054,eeg
real,eeg,ddm,89.18243243243244,33,7.385135135135135,eeg
real,eeg,ddm+half,82.39864864864865,60,0.6013513513513424,eeg
real,eeg,ddm+hedge,88.60135135135134,34,6.804054054054043,eeg
real,eeg,eddm,88.46621621621622,26,6.66891891891892,eeg
real,eeg,eddm+half,82.50675675675674,42,0.7094594594594494,eeg
real,eeg,eddm+hedge,88.11486486486486,25,6.317567567567561,eeg
real,eeg,fhddm,85.06081081081082,18,3.2635135135135163,eeg
real,eeg,fhddm+half,82.0,21,0.20270270270269508,eeg
real,eeg,fhddm+hedge,86.12837837837839,18,4.33108108108109,eeg
real,eeg,hddma,88.85135135135135,32,7.054054054054049,eeg
real,eeg,hddma+half,82.37162162162161,51,0.5743243243243157,eeg
real,eeg,hddma+hedge,88.33108108108108,32,6.533783783783775,eeg
real,eeg,hddmw,88.3310810810811,26,6.5337837837837975,eeg
real,eeg,hddmw+half,82.46621621621621,44,0.6689189189189038,eeg
real,eeg,hddmw+hedge,87.83783783783784,28,6.04054054054054,eeg
real,eeg,adwin,88.2972972972973,28,6.500000000000005,eeg
real,eeg,adwin+half,82.3445945945946,39,0.5472972972973,eeg
real,eeg,adwin+hedge,87.62837837837839,29,5.83108108108108,eeg
real,eeg,ph,88.44594594594592,19,6.648648648648625,eeg
real,eeg,ph+half,81.89189189189189,26,0.09459459459458808,eeg
real,eeg,ph+hedge,88.05405405405405,19,6.256756756756754,eeg
real,eeg,kswin,88.32432432432432,29,6.527027027027021,eeg
real,eeg,kswin+half,82.36486486486486,39,0.5675675675675618,eeg
real,eeg,kswin+hedge,87.52702702702703,28,5.729729729729738,eeg
real,news,none,65.99746835443038,0,0.0,news
real,news,ddmM,65.99746835443038,0,0.0,news
real,news,ddm,65.99746835443038,0,0.0,news
real,news,ddm+half,65.99746835443038,0,0.0,news
real,news,ddm+hedge,65.99746835443038,0,0.0,news
real,news,eddm,65.37215189873419,50,-0.6253164556961899,news
real,news,eddm+half,65.84556962025316,25,-0.15189873417721378,news
real,news,eddm+hedge,66.01265822784809,1,0.015189873417720268,news
real,news,fhddm,65.42278481012659,20,-0.574683544303789,news
real,news,fhddm+half,65.8607594936709,15,-0.1367088607594824,news
real,news,fhddm+hedge,65.89620253164557,18,-0.10126582278481289,news
real,news,hddma,65.87594936708861,2,-0.12151898734177324,news
real,news,hddma+half,65.99240506329113,2,-0.0050632911392511915,news
real,news,hddma+hedge,65.89620253164557,5,-0.10126582278481289,news
real,news,hddmw,64.72911392405064,31,-1.2683544303797478,news
real,news,hddmw+half,65.79746835443038,33,-0.20000000000000018,news
real,news,hddmw+hedge,65.78481012658229,32,-0.21265822784809485,news
real,news,adwin,65.83544303797467,4,-0.16202531645570506,news
real,news,adwin+half,65.97721518987342,3,-0.020253164556960357,news
real,news,adwin+hedge,65.99493670886075,3,-0.0025316455696255957,news
real,news,ph,65.61772151898734,9,-0.37974683544304,news
real,news,ph+half,65.96455696202533,6,-0.03291139240505503,news
real,news,ph+hedge,65.96708860759493,6,-0.030379746835440535,news
real,news,kswin,65.3873417721519,14,-0.6101265822784807,news
real,news,kswin+half,65.92911392405064,10,-0.06835443037973565,news
real,news,kswin+hedge,66.00506329113924,12,0.007594936708854583,news
real,home,none,96.95395395395396,0,0.0,home
real,home,ddmM,98.42942942942943,33,1.475475475475474,home
real,home,ddm,98.42942942942943,33,1.475475475475474,home
real,home,ddm+half,97.58058058058057,40,0.6266266266266252,home
real,home,ddm+hedge,98.12212212212212,36,1.168168168168171,home
real,home,eddm,98.33333333333334,23,1.3793793793793863,home
real,home,eddm+half,97.4834834834835,36,0.5295295295295377,home
real,home,eddm+hedge,98.16216216216218,25,1.2082082082082168,home
real,home,fhddm,97.82982982982983,20,0.8758758758758756,home
real,home,fhddm+half,97.32532532532532,27,0.3713713713713651,home
real,home,fhddm+hedge,97.82982982982983,20,0.8758758758758756,home
real,home,hddma,98.45945945945947,27,1.505505505505511,home
real,home,hddma+half,97.5915915915916,39,0.6376376376376447,home
real,home,hddma+hedge,98.24624624624624,32,1.2922922922922964,home
real,home,hddmw,98.44544544544544,25,1.4914914914914923,home
real,home,hddmw+half,97.55955955955956,37,0.605605605605608,home
real,home,hddmw+hedge,98.23623623623625,28,1.2822822822822988,home
real,home,adwin,98.44544544544544,26,1.4914914914914923,home
real,home,adwin+half,97.5105105105105,38,0.5565565565565533,home
real,home,adwin+hedge,98.23623623623625,28,1.2822822822822988,home
real,home,ph,98.21421421421421,19,1.2602602602602597,home
real,home,ph+half,97.52852852852853,27,0.5745745745745712,home
real,home,ph+hedge,98.05905905905907,21,1.1051051051051086,home
real,home,kswin,98.38838838838839,25,1.4344344344344395,home
real,home,kswin+half,97.55955955955956,37,0.605605605605608,home
real,home,kswin+hedge,98.07607607607606,28,1.1221221221221156,home
real,wall,none,93.24528301886792,0,0.0,wall
real,wall,ddmM,90.13207547169812,2,-3.113207547169805,wall
real,wall,ddm,90.13207547169812,2,-3.113207547169805,wall
real,wall,ddm+half,90.11320754716981,15,-3.1320754716981147,wall
real,wall,ddm+hedge,91.43396226415095,12,-1.8113207547169718,wall
real,wall,eddm,60.56603773584905,36,-32.679245283018865,wall
real,wall,eddm+half,87.50943396226413,15,-5.735849056603792,wall
real,wall,eddm+hedge,91.98113207547172,9,-1.2641509433962028,wall
real,wall,fhddm,91.0377358490566,3,-2.207547169811319,wall
real,wall,fhddm+half,93.18867924528303,2,-0.056603773584895656,wall
real,wall,fhddm+hedge,93.05660377358491,2,-0.18867924528300772,wall
real,wall,hddma,59.47169811320755,42,-33.77358490566037,wall
real,wall,hddma+half,85.39622641509433,26,-7.849056603773585,wall
real,wall,hddma+hedge,91.75471698113206,18,-1.490566037735852,wall
real,wall,hddmw,69.11320754716981,20,-24.132075471698112,wall
real,wall,hddmw+half,89.22641509433961,10,-4.018867924528302,wall
real,wall,hddmw+hedge,92.0,7,-1.2452830188679265,wall
real,wall,adwin,72.84905660377359,15,-20.396226415094333,wall
real,wall,adwin+half,88.49056603773585,9,-4.754716981132068,wall
real,wall,adwin+hedge,92.81132075471699,6,-0.4339622641509333,wall
real,wall,ph,79.94339622641509,9,-13.301886792452834,wall
real,wall,ph+half,90.11320754716981,5,-3.1320754716981147,wall
real,wall,ph+hedge,93.15094339622641,2,-0.09433962264150386,wall
real,wall,kswin,72.37735849056602,19,-20.867924528301895,wall
real,wall,kswin+half,89.64150943396227,10,-3.6037735849056562,wall
real,wall,kswin+hedge,92.90566037735849,5,-0.33962264150942945,wall
real,chest,none,97.004004004004,0,0.0,chest
real,chest,ddmM,99.03603603603604,9,2.0320320320320273,chest
real,chest,ddm,99.03603603603604,9,2.0320320320320273,chest
real,chest,ddm+half,97.69569569569569,17,0.6916916916916871,chest
real,chest,ddm+hedge,98.78578578578578,9,1.781781781781766,chest
real,chest,eddm,99.12112112112112,10,2.1171171171171177,chest
real,chest,eddm+half,97.76276276276276,18,0.7587587587587596,chest
real,chest,eddm+hedge,99.01601601601601,10,2.01201201201201,chest
real,chest,fhddm,97.74174174174175,8,0.7377377377377425,chest
real,chest,fhddm+half,97.37537537537537,11,0.3713713713713651,chest
real,chest,fhddm+hedge,97.74174174174175,8,0.7377377377377425,chest
real,chest,hddma,99.02102102102103,12,2.01701701701702,chest
real,chest,hddma+half,97.62362362362363,12,0.6196196196196158,chest
real,chest,hddma+hedge,98.75875875875876,10,1.7547547547547504,chest
real,chest,hddmw,99.07107107107107,12,2.0670670670670632,chest
real,chest,hddmw+half,97.62762762762762,14,0.6236236236236148,chest
real,chest,hddmw+hedge,98.78778778778778,10,1.7837837837837767,chest
real,chest,adwin,99.08008008008008,12,2.076076076076072,chest
real,chest,adwin+half,97.70870870870871,19,0.7047047047047061,chest
real,chest,adwin+hedge,98.96096096096095,12,1.9569569569569456,chest
real,chest,ph,99.0900900900901,10,2.086086086086092,chest
real,chest,ph+half,97.63663663663664,16,0.6326326326326348,chest
real,chest,ph+hedge,98.996996996997,10,1.9929929929929924,chest
real,chest,kswin,99.06606606606606,12,2.0620620620620533,chest
real,chest,kswin+half,97.70870870870871,20,0.7047047047047061,chest
real,chest,kswin+hedge,98.94594594594595,13,1.9419419419419381,chest
syn,agrawal_s10,none,86.18828451882845,0,0.0,agrawal
syn,agrawal_s10,ddmM,96.40167364016736,16,10.213389121338912,agrawal
syn,agrawal_s10,ddm,96.40167364016736,16,10.213389121338912,agrawal
syn,agrawal_s10,ddm+half,88.42259414225941,11,2.2343096234309634,agrawal
syn,agrawal_s10,ddm+hedge,96.0376569037657,11,9.849372384937249,agrawal
syn,agrawal_s10,eddm,96.43096234309624,12,10.242677824267787,agrawal
syn,agrawal_s10,eddm+half,91.3682008368201,30,5.17991631799164,agrawal
syn,agrawal_s10,eddm+hedge,96.02092050209205,12,9.832635983263604,agrawal
syn,agrawal_s10,fhddm,86.66527196652719,11,0.47698744769874013,agrawal
syn,agrawal_s10,fhddm+half,87.10878661087867,11,0.9205020920502127,agrawal
syn,agrawal_s10,fhddm+hedge,86.7866108786611,11,0.598326359832646,agrawal
syn,agrawal_s10,hddma,96.56903765690376,11,10.380753138075304,agrawal
syn,agrawal_s10,hddma+half,88.25523012552303,11,2.06694560669457,agrawal
syn,agrawal_s10,hddma+hedge,96.0376569037657,11,9.849372384937249,agrawal
syn,agrawal_s10,hddmw,96.56903765690376,11,10.380753138075304,agrawal
syn,agrawal_s10,hddmw+half,88.25523012552303,11,2.06694560669457,agrawal
syn,agrawal_s10,hddmw+hedge,96.0376569037657,11,9.849372384937249,agrawal
syn,agrawal_s10,adwin,96.38493723849373,13,10.196652719665277,agrawal
syn,agrawal_s10,adwin+half,88.53974895397491,22,2.3514644351464553,agrawal
syn,agrawal_s10,adwin+hedge,95.8786610878661,18,9.690376569037662,agrawal
syn,agrawal_s10,ph,94.75732217573223,12,8.569037656903777,agrawal
syn,agrawal_s10,ph+half,89.80753138075316,22,3.6192468619247076,agrawal
syn,agrawal_s10,ph+hedge,94.72803347280335,13,8.539748953974902,agrawal
syn,agrawal_s10,kswin,95.6234309623431,11,9.435146443514641,agrawal
syn,agrawal_s10,kswin+half,88.19246861924688,13,2.004184100418427,agrawal
syn,agrawal_s10,kswin+hedge,95.15899581589959,11,8.970711297071132,agrawal
syn,agrawal_s11,none,86.33054393305439,0,0.0,agrawal
syn,agrawal_s11,ddmM,96.42677824267784,24,10.096234309623453,agrawal
syn,agrawal_s11,ddm,96.42677824267784,24,10.096234309623453,agrawal
syn,agrawal_s11,ddm+half,88.39748953974896,11,2.0669456066945813,agrawal
syn,agrawal_s11,ddm+hedge,95.9958158995816,16,9.66527196652721,agrawal
syn,agrawal_s11,eddm,96.62761506276152,11,10.297071129707136,agrawal
syn,agrawal_s11,eddm+half,90.83263598326361,27,4.502092050209228,agrawal
syn,agrawal_s11,eddm+hedge,95.70711297071131,14,9.376569037656923,agrawal
syn,agrawal_s11,fhddm,86.32217573221757,11,-0.008368200836805784,agrawal
syn,agrawal_s11,fhddm+half,86.84518828451883,11,0.5146443514644439,agrawal
syn,agrawal_s11,fhddm+hedge,86.61087866108787,11,0.28033472803348225,agrawal
syn,agrawal_s11,hddma,96.62761506276152,11,10.297071129707136,agrawal
syn,agrawal_s11,hddma+half,88.23430962343096,11,1.9037656903765798,agrawal
syn,agrawal_s11,hddma+hedge,96.06694560669456,11,9.736401673640183,agrawal
syn,agrawal_s11,hddmw,96.62761506276152,11,10.297071129707136,agrawal
syn,agrawal_s11,hddmw+half,88.56903765690377,12,2.2384937238493885,agrawal
syn,agrawal_s11,hddmw+hedge,96.06694560669456,11,9.736401673640183,agrawal
syn,agrawal_s11,adwin,95.85355648535567,14,9.52301255230128,agrawal
syn,agrawal_s11,adwin+half,88.61506276150628,22,2.284518828451898,agrawal
syn,agrawal_s11,adwin+hedge,95.67364016736403,20,9.343096234309645,agrawal
syn,agrawal_s11,ph,95.00836820083681,12,8.67782426778243,agrawal
syn,agrawal_s11,ph+half,89.30125523012553,22,2.970711297071149,agrawal
syn,agrawal_s11,ph+hedge,94.82008368200837,14,8.48953974895399,agrawal
syn,agrawal_s11,kswin,94.77824267782428,9,8.447698744769895,agrawal
syn,agrawal_s11,kswin+half,88.27196652719665,10,1.9414225941422725,agrawal
syn,agrawal_s11,kswin+hedge,94.3682008368201,9,8.037656903765711,agrawal
syn,agrawal_s12,none,86.5439330543933,0,0.0,agrawal
syn,agrawal_s12,ddmM,96.45606694560671,13,9.912133891213404,agrawal
syn,agrawal_s12,ddm,96.45606694560671,13,9.912133891213404,agrawal
syn,agrawal_s12,ddm+half,88.6276150627615,12,2.083682008368193,agrawal
syn,agrawal_s12,ddm+hedge,95.88702928870293,12,9.343096234309634,agrawal
syn,agrawal_s12,eddm,96.51464435146444,11,9.970711297071134,agrawal
syn,agrawal_s12,eddm+half,90.73221757322176,25,4.188284518828455,agrawal
syn,agrawal_s12,eddm+hedge,95.77405857740587,13,9.230125523012555,agrawal
syn,agrawal_s12,fhddm,86.8326359832636,11,0.28870292887028803,agrawal
syn,agrawal_s12,fhddm+half,87.32217573221757,11,0.778242677824259,agrawal
syn,agrawal_s12,fhddm+hedge,87.00418410041841,11,0.46025104602510636,agrawal
syn,agrawal_s12,hddma,96.51464435146444,11,9.970711297071134,agrawal
syn,agrawal_s12,hddma+half,88.40585774058579,11,1.8619246861924732,agrawal
syn,agrawal_s12,hddma+hedge,95.89539748953975,11,9.35146443514644,agrawal
syn,agrawal_s12,hddmw,96.51464435146444,11,9.970711297071134,agrawal
syn,agrawal_s12,hddmw+half,88.40585774058579,11,1.8619246861924732,agrawal
syn,agrawal_s12,hddmw+hedge,95.89539748953975,11,9.35146443514644,agrawal
syn,agrawal_s12,adwin,96.39330543933055,12,9.849372384937238,agrawal
syn,agrawal_s12,adwin+half,88.71548117154813,22,2.17154811715482,agrawal
syn,agrawal_s12,adwin+hedge,95.31380753138076,21,8.76987447698745,agrawal
syn,agrawal_s12,ph,95.65690376569039,11,9.112970711297075,agrawal
syn,agrawal_s12,ph+half,89.13389121338912,22,2.58995815899582,agrawal
syn,agrawal_s12,ph+hedge,94.88284518828452,13,8.338912133891219,agrawal
syn,agrawal_s12,kswin,96.51464435146444,11,9.970711297071134,agrawal
syn,agrawal_s12,kswin+half,88.47698744769875,12,1.9330543933054334,agrawal
syn,agrawal_s12,kswin+hedge,95.76150627615063,12,9.217573221757325,agrawal
syn,agrawal_s13,none,86.29707112970712,0,0.0,agrawal
syn,agrawal_s13,ddmM,96.2970711297071,16,9.999999999999998,agrawal
syn,agrawal_s13,ddm,96.2970711297071,16,9.999999999999998,agrawal
syn,agrawal_s13,ddm+half,88.7489539748954,12,2.4518828451882912,agrawal
syn,agrawal_s13,ddm+hedge,95.93305439330545,15,9.635983263598336,agrawal
syn,agrawal_s13,eddm,96.46025104602512,12,10.163179916317999,agrawal
syn,agrawal_s13,eddm+half,91.2510460251046,31,4.953974895397484,agrawal
syn,agrawal_s13,eddm+hedge,95.92468619246863,12,9.627615062761507,agrawal
syn,agrawal_s13,fhddm,86.56485355648536,11,0.26778242677824027,agrawal
syn,agrawal_s13,fhddm+half,87.07112970711299,11,0.7740585774058673,agrawal
syn,agrawal_s13,fhddm+hedge,86.77824267782427,11,0.4811715481171541,agrawal
syn,agrawal_s13,hddma,96.51464435146444,11,10.217573221757325,agrawal
syn,agrawal_s13,hddma+half,88.3765690376569,11,2.07949790794979,agrawal
syn,agrawal_s13,hddma+hedge,96.0376569037657,11,9.740585774058585,agrawal
syn,agrawal_s13,hddmw,96.51464435146444,11,10.217573221757325,agrawal
syn,agrawal_s13,hddmw+half,88.3765690376569,11,2.07949790794979,agrawal
syn,agrawal_s13,hddmw+hedge,96.0376569037657,11,9.740585774058585,agrawal
syn,agrawal_s13,adwin,96.23430962343096,14,9.937238493723843,agrawal
syn,agrawal_s13,adwin+half,88.76987447698745,22,2.472803347280339,agrawal
syn,agrawal_s13,adwin+hedge,95.80753138075315,19,9.510460251046027,agrawal
syn,agrawal_s13,ph,95.20502092050211,13,8.907949790794989,agrawal
syn,agrawal_s13,ph+half,89.4602510460251,22,3.163179916317993,agrawal
syn,agrawal_s13,ph+hedge,95.04602510460252,14,8.748953974895402,agrawal
syn,agrawal_s13,kswin,95.59414225941424,10,9.297071129707124,agrawal
syn,agrawal_s13,kswin+half,88.30125523012553,11,2.0041841004184158,agrawal
syn,agrawal_s13,kswin+hedge,95.15062761506277,10,8.853556485355663,agrawal
syn,agrawal_s14,none,86.30125523012552,0,0.0,agrawal
syn,agrawal_s14,ddmM,96.42677824267781,14,10.125523012552296,agrawal
syn,agrawal_s14,ddm,96.42677824267781,14,10.125523012552296,agrawal
syn,agrawal_s14,ddm+half,88.6652719665272,12,2.364016736401686,agrawal
syn,agrawal_s14,ddm+hedge,95.90376569037657,17,9.602510460251057,agrawal
syn,agrawal_s14,eddm,96.59414225941423,11,10.29288702928871,agrawal
syn,agrawal_s14,eddm+half,90.31799163179916,25,4.016736401673649,agrawal
syn,agrawal_s14,eddm+hedge,95.82426778242679,14,9.52301255230127,agrawal
syn,agrawal_s14,fhddm,86.63598326359833,11,0.33472803347281976,agrawal
syn,agrawal_s14,fhddm+half,87.17991631799164,11,0.8786610878661172,agrawal
syn,agrawal_s14,fhddm+hedge,86.82426778242679,11,0.5230125523012719,agrawal
syn,agrawal_s14,hddma,96.59414225941423,11,10.29288702928871,agrawal
syn,agrawal_s14,hddma+half,88.50209205020921,11,2.200836820083696,agrawal
syn,agrawal_s14,hddma+hedge,96.09623430962344,11,9.794979079497923,agrawal
syn,agrawal_s14,hddmw,96.59414225941423,11,10.29288702928871,agrawal
syn,agrawal_s14,hddmw+half,88.88702928870292,13,2.585774058577406,agrawal
syn,agrawal_s14,hddmw+hedge,96.09623430962344,11,9.794979079497923,agrawal
syn,agrawal_s14,adwin,96.31380753138076,14,10.01255230125524,agrawal
syn,agrawal_s14,adwin+half,88.69037656903765,22,2.389121338912137,agrawal
syn,agrawal_s14,adwin+hedge,95.81589958158996,18,9.51464435146444,agrawal
syn,agrawal_s14,ph,95.46443514644352,11,9.16317991631801,agrawal
syn,agrawal_s14,ph+half,89.4602510460251,22,3.15899581589959,agrawal
syn,agrawal_s14,ph+hedge,95.01255230125523,14,8.711297071129708,agrawal
syn,agrawal_s14,kswin,95.744769874477,10,9.443514644351481,agrawal
syn,agrawal_s14,kswin+half,88.64853556485356,13,2.3472803347280413,agrawal
syn,agrawal_s14,kswin+hedge,95.14644351464436,11,8.845188284518846,agrawal
syn,hyperplane_s10,none,89.94972067039106,0,0.0,hyperplane
syn,hyperplane_s10,ddmM,91.02234636871509,7,1.0726256983240368,hyperplane
syn,hyperplane_s10,ddm,91.02234636871509,7,1.0726256983240368,hyperplane
syn,hyperplane_s10,ddm+half,90.49162011173185,7,0.5418994413407985,hyperplane
syn,hyperplane_s10,ddm+hedge,90.69273743016758,6,0.7430167597765269,hyperplane
syn,hyperplane_s10,eddm,90.1731843575419,23,0.22346368715084886,hyperplane
syn,hyperplane_s10,eddm+half,90.93854748603354,32,0.9888268156424851,hyperplane
syn,hyperplane_s10,eddm+hedge,91.20111731843575,21,1.2513966480447003,hyperplane
syn,hyperplane_s10,fhddm,89.66480446927375,3,-0.2849162011173134,hyperplane
syn,hyperplane_s10,fhddm+half,89.94972067039106,3,0.0,hyperplane
syn,hyperplane_s10,fhddm+hedge,89.97206703910614,3,0.022346368715087106,hyperplane
syn,hyperplane_s10,hddma,90.64245810055866,4,0.6927374301676004,hyperplane
syn,hyperplane_s10,hddma+half,90.26815642458101,4,0.31843575418996073,hyperplane
syn,hyperplane_s10,hddma+hedge,90.83798882681565,4,0.8882681564245876,hyperplane
syn,hyperplane_s10,hddmw,89.94972067039106,0,0.0,hyperplane
syn,hyperplane_s10,hddmw+half,89.94972067039106,0,0.0,hyperplane
syn,hyperplane_s10,hddmw+hedge,89.94972067039106,0,0.0,hyperplane
syn,hyperplane_s10,adwin,91.09497206703911,6,1.1452513966480504,hyperplane
syn,hyperplane_s10,adwin+half,90.39664804469274,9,0.4469273743016866,hyperplane
syn,hyperplane_s10,adwin+hedge,90.98324022346368,7,1.033519553072626,hyperplane
syn,hyperplane_s10,ph,90.1340782122905,5,0.1843575418994492,hyperplane
syn,hyperplane_s10,ph+half,90.49162011173185,5,0.5418994413407985,hyperplane
syn,hyperplane_s10,ph+hedge,90.30167597765363,5,0.35195530726257473,hyperplane
syn,hyperplane_s10,kswin,89.94972067039106,0,0.0,hyperplane
syn,hyperplane_s10,kswin+half,89.94972067039106,0,0.0,hyperplane
syn,hyperplane_s10,kswin+hedge,89.94972067039106,0,0.0,hyperplane
syn,hyperplane_s11,none,90.87150837988825,0,0.0,hyperplane
syn,hyperplane_s11,ddmM,91.54189944134079,10,0.6703910614525355,hyperplane
syn,hyperplane_s11,ddm,91.54189944134079,10,0.6703910614525355,hyperplane
syn,hyperplane_s11,ddm+half,91.05027932960895,5,0.17877094972069685,hyperplane
syn,hyperplane_s11,ddm+hedge,91.53072625698323,7,0.6592178770949753,hyperplane
syn,hyperplane_s11,eddm,90.97765363128491,9,0.10614525139666098,hyperplane
syn,hyperplane_s11,eddm+half,91.03910614525141,26,0.16759776536314774,hyperplane
syn,hyperplane_s11,eddm+hedge,91.68156424581004,27,0.8100558659217882,hyperplane
syn,hyperplane_s11,fhddm,90.67039106145252,2,-0.20111731843573954,hyperplane
syn,hyperplane_s11,fhddm+half,90.85474860335195,2,-0.01675977653630145,hyperplane
syn,hyperplane_s11,fhddm+hedge,90.8659217877095,2,-0.005586592178752348,hyperplane
syn,hyperplane_s11,hddma,91.46927374301676,3,0.5977653631284996,hyperplane
syn,hyperplane_s11,hddma+half,91.03351955307262,3,0.1620111731843621,hyperplane
syn,hyperplane_s11,hddma+hedge,91.30167597765364,3,0.43016759776538516,hyperplane
syn,hyperplane_s11,hddmw,90.87150837988825,0,0.0,hyperplane
syn,hyperplane_s11,hddmw+half,90.87150837988825,0,0.0,hyperplane
syn,hyperplane_s11,hddmw+hedge,90.87150837988825,0,0.0,hyperplane
syn,hyperplane_s11,adwin,91.43016759776536,5,0.558659217877111,hyperplane
syn,hyperplane_s11,adwin+half,91.1117318435754,5,0.2402234636871503,hyperplane
syn,hyperplane_s11,adwin+hedge,91.3854748603352,5,0.5139664804469368,hyperplane
syn,hyperplane_s11,ph,91.0558659217877,3,0.1843575418994492,hyperplane
syn,hyperplane_s11,ph+half,91.06145251396647,3,0.18994413407822375,hyperplane
syn,hyperplane_s11,ph+hedge,91.08379888268158,3,0.21229050279332196,hyperplane
syn,hyperplane_s11,kswin,90.87150837988825,0,0.0,hyperplane
syn,hyperplane_s11,kswin+half,90.87150837988825,0,0.0,hyperplane
syn,hyperplane_s11,kswin+hedge,90.87150837988825,0,0.0,hyperplane
syn,hyperplane_s12,none,89.64245810055867,0,0.0,hyperplane
syn,hyperplane_s12,ddmM,90.79888268156427,13,1.1564245810055995,hyperplane
syn,hyperplane_s12,ddm,90.79888268156427,13,1.1564245810055995,hyperplane
syn,hyperplane_s12,ddm+half,90.05027932960894,6,0.40782122905027585,hyperplane
syn,hyperplane_s12,ddm+hedge,90.5195530726257,9,0.8770949720670385,hyperplane
syn,hyperplane_s12,eddm,89.96648044692739,25,0.3240223463687242,hyperplane
syn,hyperplane_s12,eddm+half,90.58659217877096,26,0.9441340782122887,hyperplane
syn,hyperplane_s12,eddm+hedge,90.89385474860335,25,1.251396648044678,hyperplane
syn,hyperplane_s12,fhddm,89.9608938547486,4,0.3184357541899385,hyperplane
syn,hyperplane_s12,fhddm+half,89.74860335195531,4,0.10614525139664988,hyperplane
syn,hyperplane_s12,fhddm+hedge,89.89385474860336,4,0.2513966480446994,hyperplane
syn,hyperplane_s12,hddma,90.60893854748603,5,0.9664804469273647,hyperplane
syn,hyperplane_s12,hddma+half,90.09497206703911,5,0.45251396648045006,hyperplane
syn,hyperplane_s12,hddma+hedge,90.5977653631285,5,0.9553072625698378,hyperplane
syn,hyperplane_s12,hddmw,89.77094972067039,1,0.12849162011172588,hyperplane
syn,hyperplane_s12,hddmw+half,89.75418994413408,1,0.11173184357542443,hyperplane
syn,hyperplane_s12,hddmw+hedge,89.7877094972067,1,0.14525139664803843,hyperplane
syn,hyperplane_s12,adwin,90.93854748603351,6,1.2960893854748523,hyperplane
syn,hyperplane_s12,adwin+half,89.98324022346368,9,0.34078212290501453,hyperplane
syn,hyperplane_s12,adwin+hedge,90.79888268156424,6,1.1564245810055773,hyperplane
syn,hyperplane_s12,ph,90.16759776536311,3,0.5251396648044526,hyperplane
syn,hyperplane_s12,ph+half,90.11731843575419,3,0.47486033519552606,hyperplane
syn,hyperplane_s12,ph+hedge,90.08379888268156,3,0.44134078212290095,hyperplane
syn,hyperplane_s12,kswin,89.64245810055867,0,0.0,hyperplane
syn,hyperplane_s12,kswin+half,89.64245810055867,0,0.0,hyperplane
syn,hyperplane_s12,kswin+hedge,89.64245810055867,0,0.0,hyperplane
syn,hyperplane_s13,none,88.17318435754188,0,0.0,hyperplane
syn,hyperplane_s13,ddmM,90.11731843575419,8,1.9441340782123007,hyperplane
syn,hyperplane_s13,ddm,90.16759776536313,7,1.9944134078212383,hyperplane
syn,hyperplane_s13,ddm+half,88.89944134078212,11,0.7262569832402255,hyperplane
syn,hyperplane_s13,ddm+hedge,90.69832402234636,8,2.5251396648044655,hyperplane
syn,hyperplane_s13,eddm,89.80446927374301,24,1.6312849162011145,hyperplane
syn,hyperplane_s13,eddm+half,89.44692737430167,32,1.2737430167597763,hyperplane
syn,hyperplane_s13,eddm+hedge,90.48044692737429,18,2.3072625698324023,hyperplane
syn,hyperplane_s13,fhddm,87.41899441340783,8,-0.7541899441340538,hyperplane
syn,hyperplane_s13,fhddm+half,88.07821229050278,8,-0.09497206703911187,hyperplane
syn,hyperplane_s13,fhddm+hedge,88.16759776536313,8,-0.00558659217876345,hyperplane
syn,hyperplane_s13,hddma,90.7877094972067,7,2.614525139664814,hyperplane
syn,hyperplane_s13,hddma+half,88.6927374301676,7,0.5195530726257003,hyperplane
syn,hyperplane_s13,hddma+hedge,90.82122905027933,8,2.648044692737439,hyperplane
syn,hyperplane_s13,hddmw,90.5530726256983,6,2.379888268156416,hyperplane
syn,hyperplane_s13,hddmw+half,88.7094972067039,6,0.5363128491620128,hyperplane
syn,hyperplane_s13,hddmw+hedge,90.41340782122904,6,2.240223463687152,hyperplane
syn,hyperplane_s13,adwin,91.29050279329607,8,3.1173184357541794,hyperplane
syn,hyperplane_s13,adwin+half,88.60335195530725,14,0.43016759776535185,hyperplane
syn,hyperplane_s13,adwin+hedge,90.84916201117316,9,2.6759776536312785,hyperplane
syn,hyperplane_s13,ph,89.69832402234636,8,1.5251396648044646,hyperplane
syn,hyperplane_s13,ph+half,89.0,8,0.8268156424581119,hyperplane
syn,hyperplane_s13,ph+hedge,89.34078212290501,8,1.1675977653631264,hyperplane
syn,hyperplane_s13,kswin,88.17318435754188,0,0.0,hyperplane
syn,hyperplane_s13,kswin+half,88.17318435754188,0,0.0,hyperplane
syn,hyperplane_s13,kswin+hedge,88.17318435754188,0,0.0,hyperplane
syn,hyperplane_s14,none,88.89944134078212,0,0.0,hyperplane
syn,hyperplane_s14,ddmM,91.27932960893855,12,2.379888268156438,hyperplane
syn,hyperplane_s14,ddm,91.27932960893855,12,2.379888268156438,hyperplane
syn,hyperplane_s14,ddm+half,89.94413407821229,11,1.044692737430175,hyperplane
syn,hyperplane_s14,ddm+hedge,91.2178770949721,9,2.3184357541899736,hyperplane
syn,hyperplane_s14,eddm,90.92178770949721,17,2.022346368715089,hyperplane
syn,hyperplane_s14,eddm+half,90.15642458100558,27,1.2569832402234637,hyperplane
syn,hyperplane_s14,eddm+hedge,90.7709497206704,18,1.871508379888287,hyperplane
syn,hyperplane_s14,fhddm,88.51955307262568,5,-0.3798882681564253,hyperplane
syn,hyperplane_s14,fhddm+half,88.84357541899442,5,-0.05586592178770111,hyperplane
syn,hyperplane_s14,fhddm+hedge,88.8659217877095,5,-0.03351955307262511,hyperplane
syn,hyperplane_s14,hddma,91.0,8,2.100558659217888,hyperplane
syn,hyperplane_s14,hddma+half,89.64245810055867,7,0.7430167597765491,hyperplane
syn,hyperplane_s14,hddma+hedge,90.93296089385474,8,2.033519553072627,hyperplane
syn,hyperplane_s14,hddmw,89.93854748603353,4,1.0391061452514117,hyperplane
syn,hyperplane_s14,hddmw+half,89.5027932960894,4,0.6033519553072741,hyperplane
syn,hyperplane_s14,hddmw+hedge,89.97206703910615,4,1.0726256983240368,hyperplane
syn,hyperplane_s14,adwin,91.47486033519554,8,2.5754189944134254,hyperplane
syn,hyperplane_s14,adwin+half,89.39664804469272,12,0.49720670391061317,hyperplane
syn,hyperplane_s14,adwin+hedge,90.88268156424581,9,1.9832402234637003,hyperplane
syn,hyperplane_s14,ph,89.98324022346368,8,1.0837988826815637,hyperplane
syn,hyperplane_s14,ph+half,89.6368715083799,7,0.7374301675977857,hyperplane
syn,hyperplane_s14,ph+hedge,89.95530726256982,8,1.055865921787702,hyperplane
syn,hyperplane_s14,kswin,88.89944134078212,0,0.0,hyperplane
syn,hyperplane_s14,kswin+half,88.89944134078212,0,0.0,hyperplane
syn,hyperplane_s14,kswin+hedge,88.89944134078212,0,0.0,hyperplane
syn,rbf_s10,none,90.53631284916202,0,0.0,rbf
syn,rbf_s10,ddmM,91.23463687150839,16,0.6983240223463638,rbf
syn,rbf_s10,ddm,91.24022346368714,15,0.7039106145251273,rbf
syn,rbf_s10,ddm+half,90.77653631284916,17,0.2402234636871503,rbf
syn,rbf_s10,ddm+hedge,91.1340782122905,17,0.5977653631284885,rbf
syn,rbf_s10,eddm,90.55865921787708,28,0.0223463687150649,rbf
syn,rbf_s10,eddm+half,90.71508379888267,20,0.17877094972066354,rbf
syn,rbf_s10,eddm+hedge,91.47486033519554,23,0.9385474860335252,rbf
syn,rbf_s10,fhddm,90.9776536312849,8,0.44134078212287875,rbf
syn,rbf_s10,fhddm+half,90.74860335195531,8,0.21229050279328865,rbf
syn,rbf_s10,fhddm+hedge,90.99999999999999,8,0.46368715083797696,rbf
syn,rbf_s10,hddma,91.48603351955306,8,0.9497206703910521,rbf
syn,rbf_s10,hddma+half,90.79888268156424,8,0.2625698324022152,rbf
syn,rbf_s10,hddma+hedge,91.36871508379889,8,0.8324022346368753,rbf
syn,rbf_s10,hddmw,91.48603351955306,8,0.9497206703910521,rbf
syn,rbf_s10,hddmw+half,90.79888268156424,8,0.2625698324022152,rbf
syn,rbf_s10,hddmw+hedge,91.36871508379889,8,0.8324022346368753,rbf
syn,rbf_s10,adwin,91.48603351955306,8,0.9497206703910521,rbf
syn,rbf_s10,adwin+half,90.79888268156424,8,0.2625698324022152,rbf
syn,rbf_s10,adwin+hedge,91.36871508379889,8,0.8324022346368753,rbf
syn,rbf_s10,ph,91.48603351955306,8,0.9497206703910521,rbf
syn,rbf_s10,ph+half,90.79888268156424,8,0.2625698324022152,rbf
syn,rbf_s10,ph+hedge,91.36871508379889,8,0.8324022346368753,rbf
syn,rbf_s10,kswin,91.48603351955306,8,0.9497206703910521,rbf
syn,rbf_s10,kswin+half,90.79888268156424,8,0.2625698324022152,rbf
syn,rbf_s10,kswin+hedge,91.36871508379889,8,0.8324022346368753,rbf
syn,rbf_s11,none,90.3798882681564,0,0.0,rbf
syn,rbf_s11,ddmM,90.36312849162012,2,-0.01675977653629035,rbf
syn,rbf_s11,ddm,90.36312849162012,2,-0.01675977653629035,rbf
syn,rbf_s11,ddm+half,90.70391061452516,13,0.3240223463687464,rbf
syn,rbf_s11,ddm+hedge,91.20670391061452,15,0.8268156424581119,rbf
syn,rbf_s11,eddm,90.37988826815642,25,2.220446049250313e-14,rbf
syn,rbf_s11,eddm+half,90.68156424581005,11,0.3016759776536482,rbf
syn,rbf_s11,eddm+hedge,91.16201117318437,23,0.7821229050279599,rbf
syn,rbf_s11,fhddm,90.8659217877095,8,0.48603351955309737,rbf
syn,rbf_s11,fhddm+half,90.69832402234636,8,0.3184357541899496,rbf
syn,rbf_s11,fhddm+hedge,90.93296089385474,8,0.5530726256983365,rbf
syn,rbf_s11,hddma,91.34078212290503,8,0.9608938547486234,rbf
syn,rbf_s11,hddma+half,90.69832402234637,8,0.31843575418996073,rbf
syn,rbf_s11,hddma+hedge,91.27374301675978,8,0.8938547486033732,rbf
syn,rbf_s11,hddmw,91.34078212290503,8,0.9608938547486234,rbf
syn,rbf_s11,hddmw+half,90.69832402234637,8,0.31843575418996073,rbf
syn,rbf_s11,hddmw+hedge,91.27374301675978,8,0.8938547486033732,rbf
syn,rbf_s11,adwin,91.34078212290503,8,0.9608938547486234,rbf
syn,rbf_s11,adwin+half,90.69832402234637,8,0.31843575418996073,rbf
syn,rbf_s11,adwin+hedge,91.27374301675978,8,0.8938547486033732,rbf
syn,rbf_s11,ph,91.34078212290503,8,0.9608938547486234,rbf
syn,rbf_s11,ph+half,90.69832402234637,8,0.31843575418996073,rbf
syn,rbf_s11,ph+hedge,91.27374301675978,8,0.8938547486033732,rbf
syn,rbf_s11,kswin,91.34078212290503,8,0.9608938547486234,rbf
syn,rbf_s11,kswin+half,90.69832402234637,8,0.31843575418996073,rbf
syn,rbf_s11,kswin+hedge,91.27374301675978,8,0.8938547486033732,rbf
syn,rbf_s12,none,89.92737430167597,0,0.0,rbf
syn,rbf_s12,ddmM,90.60893854748603,10,0.6815642458100624,rbf
syn,rbf_s12,ddm,90.69832402234637,12,0.7709497206703997,rbf
syn,rbf_s12,ddm+half,90.16759776536315,9,0.2402234636871836,rbf
syn,rbf_s12,ddm+hedge,90.75418994413407,12,0.8268156424581008,rbf
syn,rbf_s12,eddm,90.04469273743018,23,0.11731843575421008,rbf
syn,rbf_s12,eddm+half,90.15083798882682,18,0.22346368715084886,rbf
syn,rbf_s12,eddm+hedge,90.77653631284916,27,0.849162011173199,rbf
syn,rbf_s12,fhddm,90.30726256983239,8,0.3798882681564253,rbf
syn,rbf_s12,fhddm+half,90.01675977653632,8,0.08938547486034842,rbf
syn,rbf_s12,fhddm+hedge,90.41899441340784,8,0.4916201117318719,rbf
syn,rbf_s12,hddma,90.84916201117319,8,0.9217877094972238,rbf
syn,rbf_s12,hddma+half,90.13966480446929,8,0.21229050279332196,rbf
syn,rbf_s12,hddma+hedge,90.7877094972067,8,0.860335195530737,rbf
syn,rbf_s12,hddmw,90.84916201117319,8,0.9217877094972238,rbf
syn,rbf_s12,hddmw+half,90.13966480446929,8,0.21229050279332196,rbf
syn,rbf_s12,hddmw+hedge,90.7877094972067,8,0.860335195530737,rbf
syn,rbf_s12,adwin,90.84916201117319,8,0.9217877094972238,rbf
syn,rbf_s12,adwin+half,90.13966480446929,8,0.21229050279332196,rbf
syn,rbf_s12,adwin+hedge,90.7877094972067,8,0.860335195530737,rbf
syn,rbf_s12,ph,90.84916201117319,8,0.9217877094972238,rbf
syn,rbf_s12,ph+half,90.12849162011173,9,0.20111731843576175,rbf
syn,rbf_s12,ph+hedge,90.7877094972067,8,0.860335195530737,rbf
syn,rbf_s12,kswin,90.84916201117319,8,0.9217877094972238,rbf
syn,rbf_s12,kswin+half,90.13966480446929,8,0.21229050279332196,rbf
syn,rbf_s12,kswin+hedge,90.7877094972067,8,0.860335195530737,rbf
syn,rbf_s13,none,88.43016759776538,0,0.0,rbf
syn,rbf_s13,ddmM,89.30726256983239,11,0.8770949720670163,rbf
syn,rbf_s13,ddm,89.30726256983239,11,0.8770949720670163,rbf
syn,rbf_s13,ddm+half,88.70949720670393,10,0.27932960893854997,rbf
syn,rbf_s13,ddm+hedge,89.40782122905027,11,0.9776536312849027,rbf
syn,rbf_s13,eddm,87.69273743016758,36,-0.7374301675977968,rbf
syn,rbf_s13,eddm+half,88.69832402234636,22,0.26815642458097866,rbf
syn,rbf_s13,eddm+hedge,89.15083798882682,29,0.7206703910614509,rbf
syn,rbf_s13,fhddm,88.82122905027934,8,0.3910614525139633,rbf
syn,rbf_s13,fhddm+half,88.64804469273744,8,0.2178770949720632,rbf
syn,rbf_s13,fhddm+hedge,89.05027932960893,8,0.6201117318435534,rbf
syn,rbf_s13,hddma,89.34078212290504,8,0.9106145251396636,rbf
syn,rbf_s13,hddma+half,88.71508379888269,8,0.2849162011173134,rbf
syn,rbf_s13,hddma+hedge,89.42458100558659,8,0.9944134078212152,rbf
syn,rbf_s13,hddmw,89.34078212290504,8,0.9106145251396636,rbf
syn,rbf_s13,hddmw+half,88.71508379888269,8,0.2849162011173134,rbf
syn,rbf_s13,hddmw+hedge,89.42458100558659,8,0.9944134078212152,rbf
syn,rbf_s13,adwin,89.34078212290504,8,0.9106145251396636,rbf
syn,rbf_s13,adwin+half,88.62569832402234,10,0.195530726256965,rbf
syn,rbf_s13,adwin+hedge,89.42458100558659,8,0.9944134078212152,rbf
syn,rbf_s13,ph,89.34078212290504,8,0.9106145251396636,rbf
syn,rbf_s13,ph+half,88.71508379888269,10,0.2849162011173134,rbf
syn,rbf_s13,ph+hedge,89.42458100558659,8,0.9944134078212152,rbf
syn,rbf_s13,kswin,89.34078212290504,8,0.9106145251396636,rbf
syn,rbf_s13,kswin+half,88.71508379888269,8,0.2849162011173134,rbf
syn,rbf_s13,kswin+hedge,89.42458100558659,8,0.9944134078212152,rbf
syn,rbf_s14,none,90.08938547486032,0,0.0,rbf
syn,rbf_s14,ddmM,91.33519553072627,10,1.2458100558659368,rbf
syn,rbf_s14,ddm,91.33519553072627,10,1.2458100558659368,rbf
syn,rbf_s14,ddm+half,90.5530726256983,13,0.46368715083797696,rbf
syn,rbf_s14,ddm+hedge,91.14525139664804,13,1.055865921787702,rbf
syn,rbf_s14,eddm,90.68715083798881,20,0.5977653631284885,rbf
syn,rbf_s14,eddm+half,90.69832402234636,22,0.6089385474860265,rbf
syn,rbf_s14,eddm+hedge,91.1564245810056,14,1.0670391061452622,rbf
syn,rbf_s14,fhddm,90.75977653631284,8,0.6703910614525133,rbf
syn,rbf_s14,fhddm+half,90.37430167597765,8,0.2849162011173134,rbf
syn,rbf_s14,fhddm+hedge,90.87709497206703,8,0.7877094972067011,rbf
syn,rbf_s14,hddma,91.39664804469272,8,1.3072625698324014,rbf
syn,rbf_s14,hddma+half,90.48603351955308,8,0.39664804469274895,rbf
syn,rbf_s14,hddma+hedge,91.18435754189943,8,1.0949720670391017,rbf
syn,rbf_s14,hddmw,91.39664804469272,8,1.3072625698324014,rbf
syn,rbf_s14,hddmw+half,90.48603351955308,8,0.39664804469274895,rbf
syn,rbf_s14,hddmw+hedge,91.18435754189943,8,1.0949720670391017,rbf
syn,rbf_s14,adwin,91.39664804469272,8,1.3072625698324014,rbf
syn,rbf_s14,adwin+half,90.48603351955306,10,0.39664804469272674,rbf
syn,rbf_s14,adwin+hedge,91.18435754189943,8,1.0949720670391017,rbf
syn,rbf_s14,ph,91.39664804469272,8,1.3072625698324014,rbf
syn,rbf_s14,ph+half,90.58659217877094,11,0.49720670391061317,rbf
syn,rbf_s14,ph+hedge,91.18435754189943,8,1.0949720670391017,rbf
syn,rbf_s14,kswin,91.39664804469272,8,1.3072625698324014,rbf
syn,rbf_s14,kswin+half,90.48603351955308,8,0.39664804469274895,rbf
syn,rbf_s14,kswin+hedge,91.18435754189943,8,1.0949720670391017,rbf
syn,sea_s10,none,97.0,0,0.0,sea
syn,sea_s10,ddmM,98.68715083798884,42,1.6871508379888378,sea
syn,sea_s10,ddm,98.6927374301676,38,1.6927374301676013,sea
syn,sea_s10,ddm+half,97.51396648044694,17,0.5139664804469368,sea
syn,sea_s10,ddm+hedge,98.43575418994412,30,1.4357541899441273,sea
syn,sea_s10,eddm,98.40782122905028,8,1.4078212290502878,sea
syn,sea_s10,eddm+half,97.50279329608938,9,0.5027932960893877,sea
syn,sea_s10,eddm+hedge,98.3072625698324,8,1.3072625698324014,sea
syn,sea_s10,fhddm,97.0,0,0.0,sea
syn,sea_s10,fhddm+half,97.0,0,0.0,sea
syn,sea_s10,fhddm+hedge,97.0,0,0.0,sea
syn,sea_s10,hddma,97.54189944134077,3,0.5418994413407763,sea
syn,sea_s10,hddma+half,97.3072625698324,3,0.3072625698324116,sea
syn,sea_s10,hddma+hedge,97.55307262569832,3,0.5530726256983254,sea
syn,sea_s10,hddmw,97.0,0,0.0,sea
syn,sea_s10,hddmw+half,97.0,0,0.0,sea
syn,sea_s10,hddmw+hedge,97.0,0,0.0,sea
syn,sea_s10,adwin,98.68156424581007,8,1.6815642458100633,sea
syn,sea_s10,adwin+half,97.42458100558659,10,0.4245810055865884,sea
syn,sea_s10,adwin+hedge,98.53072625698324,8,1.5307262569832503,sea
syn,sea_s10,ph,97.28491620111731,3,0.2849162011173134,sea
syn,sea_s10,ph+half,97.25139664804469,3,0.2513966480446883,sea
syn,sea_s10,ph+hedge,97.27374301675978,3,0.2737430167597865,sea
syn,sea_s10,kswin,97.0,0,0.0,sea
syn,sea_s10,kswin+half,97.0,0,0.0,sea
syn,sea_s10,kswin+hedge,97.0,0,0.0,sea
syn,sea_s11,none,97.10055865921788,0,0.0,sea
syn,sea_s11,ddmM,98.85474860335195,27,1.7541899441340658,sea
syn,sea_s11,ddm,98.85474860335195,27,1.7541899441340658,sea
syn,sea_s11,ddm+half,97.68156424581007,19,0.581005586592187,sea
syn,sea_s11,ddm+hedge,98.92737430167597,16,1.8268156424580795,sea
syn,sea_s11,eddm,98.36871508379888,8,1.2681564245809906,sea
syn,sea_s11,eddm+half,97.70391061452514,9,0.6033519553072519,sea
syn,sea_s11,eddm+hedge,98.36871508379888,8,1.2681564245809906,sea
syn,sea_s11,fhddm,97.10055865921788,0,0.0,sea
syn,sea_s11,fhddm+half,97.10055865921788,0,0.0,sea
syn,sea_s11,fhddm+hedge,97.10055865921788,0,0.0,sea
syn,sea_s11,hddma,97.6703910614525,2,0.5698324022346268,sea
syn,sea_s11,hddma+half,97.32960893854748,2,0.2290502793296012,sea
syn,sea_s11,hddma+hedge,97.62011173184358,2,0.5195530726257003,sea
syn,sea_s11,hddmw,97.10055865921788,0,0.0,sea
syn,sea_s11,hddmw+half,97.10055865921788,0,0.0,sea
syn,sea_s11,hddmw+hedge,97.10055865921788,0,0.0,sea
syn,sea_s11,adwin,98.8659217877095,8,1.765363128491615,sea
syn,sea_s11,adwin+half,97.3854748603352,9,0.2849162011173134,sea
syn,sea_s11,adwin+hedge,98.71508379888267,8,1.6145251396647908,sea
syn,sea_s11,ph,97.36312849162012,3,0.2625698324022263,sea
syn,sea_s11,ph+half,97.39106145251397,3,0.29050279329608797,sea
syn,sea_s11,ph+hedge,97.36871508379888,3,0.26815642458098976,sea
syn,sea_s11,kswin,97.10055865921788,0,0.0,sea
syn,sea_s11,kswin+half,97.10055865921788,0,0.0,sea
syn,sea_s11,kswin+hedge,97.10055865921788,0,0.0,sea
syn,sea_s12,none,96.85474860335196,0,0.0,sea
syn,sea_s12,ddmM,98.68715083798881,36,1.832402234636854,sea
syn,sea_s12,ddm,98.68715083798881,36,1.832402234636854,sea
syn,sea_s12,ddm+half,97.66480446927373,39,0.8100558659217771,sea
syn,sea_s12,ddm+hedge,98.5195530726257,29,1.6648044692737396,sea
syn,sea_s12,eddm,98.32960893854748,8,1.474860335195527,sea
syn,sea_s12,eddm+half,97.66480446927373,11,0.8100558659217771,sea
syn,sea_s12,eddm+hedge,98.20111731843573,8,1.3463687150837789,sea
syn,sea_s12,fhddm,96.81564245810057,1,-0.03910614525138856,sea
syn,sea_s12,fhddm+half,96.84916201117318,1,-0.005586592178785654,sea
syn,sea_s12,fhddm+hedge,96.83798882681565,1,-0.016759776536312554,sea
syn,sea_s12,hddma,97.28491620111731,2,0.43016759776535185,sea
syn,sea_s12,hddma+half,97.13966480446928,2,0.2849162011173134,sea
syn,sea_s12,hddma+hedge,97.25698324022345,2,0.4022346368714902,sea
syn,sea_s12,hddmw,96.85474860335196,0,0.0,sea
syn,sea_s12,hddmw+half,96.85474860335196,0,0.0,sea
syn,sea_s12,hddmw+hedge,96.85474860335196,0,0.0,sea
syn,sea_s12,adwin,98.67597765363129,8,1.8212290502793271,sea
syn,sea_s12,adwin+half,97.39664804469274,10,0.5418994413407763,sea
syn,sea_s12,adwin+hedge,98.41899441340783,8,1.5642458100558754,sea
syn,sea_s12,ph,97.31843575418993,3,0.46368715083797696,sea
syn,sea_s12,ph+half,97.21229050279328,3,0.3575418994413271,sea
syn,sea_s12,ph+hedge,97.27374301675978,3,0.41899441340782495,sea
syn,sea_s12,kswin,96.85474860335196,0,0.0,sea
syn,sea_s12,kswin+half,96.85474860335196,0,0.0,sea
syn,sea_s12,kswin+hedge,96.85474860335196,0,0.0,sea
syn,sea_s13,none,97.1899441340782,0,0.0,sea
syn,sea_s13,ddmM,98.79888268156422,26,1.6089385474860163,sea
syn,sea_s13,ddm,98.79888268156422,26,1.6089385474860163,sea
syn,sea_s13,ddm+half,97.59776536312849,26,0.40782122905027585,sea
syn,sea_s13,ddm+hedge,98.54189944134077,17,1.3519553072625645,sea
syn,sea_s13,eddm,98.29050279329608,8,1.1005586592178762,sea
syn,sea_s13,eddm+half,97.53072625698323,8,0.34078212290502563,sea
syn,sea_s13,eddm+hedge,98.2290502793296,8,1.0391061452513894,sea
syn,sea_s13,fhddm,97.1899441340782,0,0.0,sea
syn,sea_s13,fhddm+half,97.1899441340782,0,0.0,sea
syn,sea_s13,fhddm+hedge,97.1899441340782,0,0.0,sea
syn,sea_s13,hddma,97.80446927374301,3,0.614525139664801,sea
syn,sea_s13,hddma+half,97.43016759776535,3,0.2402234636871392,sea
syn,sea_s13,hddma+hedge,97.7653631284916,3,0.5754189944133903,sea
syn,sea_s13,hddmw,97.1899441340782,0,0.0,sea
syn,sea_s13,hddmw+half,97.1899441340782,0,0.0,sea
syn,sea_s13,hddmw+hedge,97.1899441340782,0,0.0,sea
syn,sea_s13,adwin,98.59776536312847,8,1.4078212290502656,sea
syn,sea_s13,adwin+half,97.47486033519554,9,0.2849162011173356,sea
syn,sea_s13,adwin+hedge,98.45251396648044,8,1.2625698324022272,sea
syn,sea_s13,ph,97.3240223463687,2,0.13407821229048933,sea
syn,sea_s13,ph+half,97.3240223463687,2,0.13407821229048933,sea
syn,sea_s13,ph+hedge,97.3072625698324,2,0.11731843575419898,sea
syn,sea_s13,kswin,97.1899441340782,0,0.0,sea
syn,sea_s13,kswin+half,97.1899441340782,0,0.0,sea
syn,sea_s13,kswin+hedge,97.1899441340782,0,0.0,sea
syn,sea_s14,none,97.12849162011173,0,0.0,sea
syn,sea_s14,ddmM,98.79329608938546,18,1.6648044692737285,sea
syn,sea_s14,ddm,98.79329608938546,17,1.6648044692737285,sea
syn,sea_s14,ddm+half,97.69832402234636,20,0.5698324022346268,sea
syn,sea_s14,ddm+hedge,98.64804469273743,12,1.51955307262569,sea
syn,sea_s14,eddm,98.40782122905028,8,1.2793296089385509,sea
syn,sea_s14,eddm+half,97.6927374301676,10,0.5642458100558634,sea
syn,sea_s14,eddm+hedge,98.31843575418995,8,1.1899441340782135,sea
syn,sea_s14,fhddm,97.12849162011173,0,0.0,sea
syn,sea_s14,fhddm+half,97.12849162011173,0,0.0,sea
syn,sea_s14,fhddm+hedge,97.12849162011173,0,0.0,sea
syn,sea_s14,hddma,97.98324022346367,3,0.8547486033519403,sea
syn,sea_s14,hddma+half,97.40223463687151,3,0.2737430167597754,sea
syn,sea_s14,hddma+hedge,97.84916201117318,3,0.7206703910614398,sea
syn,sea_s14,hddmw,97.12849162011173,0,0.0,sea
syn,sea_s14,hddmw+half,97.12849162011173,0,0.0,sea
syn,sea_s14,hddmw+hedge,97.12849162011173,0,0.0,sea
syn,sea_s14,adwin,98.66480446927375,8,1.5363128491620137,sea
syn,sea_s14,adwin+half,97.5418994413408,9,0.4134078212290615,sea
syn,sea_s14,adwin+hedge,98.4189944134078,8,1.2905027932960667,sea
syn,sea_s14,ph,97.3240223463687,2,0.195530726256965,sea
syn,sea_s14,ph+half,97.35754189944133,2,0.2290502793296012,sea
syn,sea_s14,ph+hedge,97.31843575418993,2,0.18994413407820154,sea
syn,sea_s14,kswin,97.12849162011173,0,0.0,sea
syn,sea_s14,kswin+half,97.12849162011173,0,0.0,sea
syn,sea_s14,kswin+hedge,97.12849162011173,0,0.0,sea
syn,sine_s10,none,77.4476987447699,0,0.0,sine
syn,sine_s10,ddmM,94.81171548117156,26,17.364016736401666,sine
syn,sine_s10,ddm,94.84518828451884,25,17.397489539748957,sine
syn,sine_s10,ddm+half,81.2468619246862,11,3.7991631799163095,sine
syn,sine_s10,ddm+hedge,94.67364016736403,17,17.225941422594136,sine
syn,sine_s10,eddm,95.04602510460252,11,17.598326359832626,sine
syn,sine_s10,eddm+half,84.43514644351465,21,6.987447698744765,sine
syn,sine_s10,eddm+hedge,94.75313807531381,11,17.305439330543926,sine
syn,sine_s10,fhddm,77.92887029288703,11,0.481171548117143,sine
syn,sine_s10,fhddm+half,78.23430962343097,11,0.786610878661087,sine
syn,sine_s10,fhddm+hedge,78.0,11,0.5523012552301143,sine
syn,sine_s10,hddma,95.04602510460252,11,17.598326359832626,sine
syn,sine_s10,hddma+half,81.2468619246862,11,3.7991631799163095,sine
syn,sine_s10,hddma+hedge,94.75313807531381,11,17.305439330543926,sine
syn,sine_s10,hddmw,95.04602510460252,11,17.598326359832626,sine
syn,sine_s10,hddmw+half,81.57740585774059,12,4.129707112970693,sine
syn,sine_s10,hddmw+hedge,94.75313807531381,11,17.305439330543926,sine
syn,sine_s10,adwin,95.04602510460252,11,17.598326359832626,sine
syn,sine_s10,adwin+half,82.74895397489539,22,5.301255230125501,sine
syn,sine_s10,adwin+hedge,94.74476987447699,13,17.2970711297071,sine
syn,sine_s10,ph,95.04602510460252,11,17.598326359832626,sine
syn,sine_s10,ph+half,82.57740585774059,22,5.129707112970705,sine
syn,sine_s10,ph+hedge,94.75313807531381,11,17.305439330543926,sine
syn,sine_s10,kswin,95.04602510460252,11,17.598326359832626,sine
syn,sine_s10,kswin+half,82.11297071129707,16,4.665271966527184,sine
syn,sine_s10,kswin+hedge,94.75313807531381,11,17.305439330543926,sine
syn,sine_s11,none,77.35983263598327,0,0.0,sine
syn,sine_s11,ddmM,94.96652719665273,23,17.606694560669467,sine
syn,sine_s11,ddm,94.96652719665273,23,17.606694560669467,sine
syn,sine_s11,ddm+half,80.8326359832636,15,3.47280334728034,sine
syn,sine_s11,ddm+hedge,94.57322175732219,26,17.213389121338928,sine
syn,sine_s11,eddm,95.05857740585773,12,17.698744769874473,sine
syn,sine_s11,eddm+half,83.51882845188285,19,6.158995815899592,sine
syn,sine_s11,eddm+hedge,94.71548117154812,11,17.35564853556486,sine
syn,sine_s11,fhddm,77.90376569037657,11,0.5439330543933085,sine
syn,sine_s11,fhddm+half,78.0418410041841,11,0.6820083682008482,sine
syn,sine_s11,fhddm+hedge,77.89539748953975,11,0.5355648535564916,sine
syn,sine_s11,hddma,95.09205020920503,11,17.732217573221764,sine
syn,sine_s11,hddma+half,80.84937238493724,11,3.4895397489539848,sine
syn,sine_s11,hddma+hedge,94.71548117154812,11,17.35564853556486,sine
syn,sine_s11,hddmw,95.09205020920503,11,17.732217573221764,sine
syn,sine_s11,hddmw+half,80.84937238493724,11,3.4895397489539848,sine
syn,sine_s11,hddmw+hedge,94.71548117154812,11,17.35564853556486,sine
syn,sine_s11,adwin,95.09205020920503,11,17.732217573221764,sine
syn,sine_s11,adwin+half,82.3347280334728,22,4.974895397489543,sine
syn,sine_s11,adwin+hedge,94.68200836820084,15,17.32217573221758,sine
syn,sine_s11,ph,95.09205020920503,11,17.732217573221764,sine
syn,sine_s11,ph+half,81.79079497907951,22,4.430962343096246,sine
syn,sine_s11,ph+hedge,94.71548117154812,12,17.35564853556486,sine
syn,sine_s11,kswin,95.09205020920503,11,17.732217573221764,sine
syn,sine_s11,kswin+half,81.79079497907951,20,4.430962343096246,sine
syn,sine_s11,kswin+hedge,94.71548117154812,11,17.35564853556486,sine
syn,sine_s12,none,77.47698744769875,0,0.0,sine
syn,sine_s12,ddmM,94.72803347280335,21,17.25104602510461,sine
syn,sine_s12,ddm,94.72803347280335,21,17.25104602510461,sine
syn,sine_s12,ddm+half,80.62761506276152,11,3.1506276150627732,sine
syn,sine_s12,ddm+hedge,94.42677824267783,18,16.94979079497908,sine
syn,sine_s12,eddm,95.02092050209205,11,17.543933054393314,sine
syn,sine_s12,eddm+half,84.10878661087867,21,6.63179916317993,sine
syn,sine_s12,eddm+hedge,94.75732217573221,11,17.280334728033473,sine
syn,sine_s12,fhddm,77.79079497907951,11,0.3138075313807609,sine
syn,sine_s12,fhddm+half,78.10460251046025,11,0.6276150627615107,sine
syn,sine_s12,fhddm+hedge,77.89539748953975,11,0.4184100418410108,sine
syn,sine_s12,hddma,95.02092050209205,11,17.543933054393314,sine
syn,sine_s12,hddma+half,80.92887029288704,11,3.451882845188292,sine
syn,sine_s12,hddma+hedge,94.75732217573221,11,17.280334728033473,sine
syn,sine_s12,hddmw,95.02092050209205,11,17.543933054393314,sine
syn,sine_s12,hddmw+half,80.92887029288704,11,3.451882845188292,sine
syn,sine_s12,hddmw+hedge,94.75732217573221,11,17.280334728033473,sine
syn,sine_s12,adwin,95.02092050209205,11,17.543933054393314,sine
syn,sine_s12,adwin+half,82.21338912133892,22,4.736401673640178,sine
syn,sine_s12,adwin+hedge,94.74895397489539,14,17.271966527196646,sine
syn,sine_s12,ph,95.02092050209205,11,17.543933054393314,sine
syn,sine_s12,ph+half,81.8284518828452,22,4.3514644351464575,sine
syn,sine_s12,ph+hedge,94.75732217573221,11,17.280334728033473,sine
syn,sine_s12,kswin,95.02092050209205,11,17.543933054393314,sine
syn,sine_s12,kswin+half,81.5439330543933,16,4.066945606694572,sine
syn,sine_s12,kswin+hedge,94.75732217573221,11,17.280334728033473,sine
syn,sine_s13,none,77.42677824267783,0,0.0,sine
syn,sine_s13,ddmM,94.9958158995816,22,17.569037656903774,sine
syn,sine_s13,ddm,94.9958158995816,22,17.569037656903774,sine
syn,sine_s13,ddm+half,80.85355648535565,18,3.4267782426778193,sine
syn,sine_s13,ddm+hedge,94.68619246861925,20,17.259414225941427,sine
syn,sine_s13,eddm,95.12970711297072,11,17.70292887029289,sine
syn,sine_s13,eddm+half,83.17991631799163,19,5.753138075313801,sine
syn,sine_s13,eddm+hedge,94.74058577405859,11,17.313807531380753,sine
syn,sine_s13,fhddm,77.91631799163181,11,0.4895397489539821,sine
syn,sine_s13,fhddm+half,78.16317991631799,11,0.7364016736401635,sine
syn,sine_s13,fhddm+hedge,77.98326359832637,11,0.5564853556485394,sine
syn,sine_s13,hddma,95.12970711297072,11,17.70292887029289,sine
syn,sine_s13,hddma+half,80.86192468619247,11,3.435146443514636,sine
syn,sine_s13,hddma+hedge,94.74058577405859,11,17.313807531380753,sine
syn,sine_s13,hddmw,95.12970711297072,11,17.70292887029289,sine
syn,sine_s13,hddmw+half,80.86192468619247,11,3.435146443514636,sine
syn,sine_s13,hddmw+hedge,94.74058577405859,11,17.313807531380753,sine
syn,sine_s13,adwin,95.12970711297072,11,17.70292887029289,sine
syn,sine_s13,adwin+half,82.81589958158996,22,5.389121338912128,sine
syn,sine_s13,adwin+hedge,94.6652719665272,15,17.23849372384937,sine
syn,sine_s13,ph,95.12970711297072,11,17.70292887029289,sine
syn,sine_s13,ph+half,82.09205020920503,22,4.665271966527196,sine
syn,sine_s13,ph+hedge,94.70711297071131,13,17.280334728033473,sine
syn,sine_s13,kswin,95.12970711297072,11,17.70292887029289,sine
syn,sine_s13,kswin+half,81.17991631799164,14,3.753138075313811,sine
syn,sine_s13,kswin+hedge,94.74058577405859,11,17.313807531380753,sine
syn,sine_s14,none,77.54811715481172,0,0.0,sine
syn,sine_s14,ddmM,94.93305439330545,18,17.384937238493727,sine
syn,sine_s14,ddm,94.93305439330545,18,17.384937238493727,sine
syn,sine_s14,ddm+half,80.98326359832636,12,3.435146443514636,sine
syn,sine_s14,ddm+hedge,94.51046025104604,22,16.96234309623431,sine
syn,sine_s14,eddm,94.96234309623432,12,17.41422594142259,sine
syn,sine_s14,eddm+half,84.2928870292887,19,6.744769874476986,sine
syn,sine_s14,eddm+hedge,94.56903765690379,12,17.020920502092064,sine
syn,sine_s14,fhddm,78.07531380753139,11,0.5271966527196636,sine
syn,sine_s14,fhddm+half,78.40167364016736,11,0.8535564853556332,sine
syn,sine_s14,fhddm+hedge,78.15062761506276,11,0.6025104602510378,sine
syn,sine_s14,hddma,95.00836820083684,11,17.46025104602511,sine
syn,sine_s14,hddma+half,80.98326359832636,11,3.435146443514636,sine
syn,sine_s14,hddma+hedge,94.60251046025105,11,17.05439330543933,sine
syn,sine_s14,hddmw,95.00836820083684,11,17.46025104602511,sine
syn,sine_s14,hddmw+half,80.98326359832636,11,3.435146443514636,sine
syn,sine_s14,hddmw+hedge,94.60251046025105,11,17.05439330543933,sine
syn,sine_s14,adwin,95.00836820083684,11,17.46025104602511,sine
syn,sine_s14,adwin+half,82.27196652719665,22,4.723849372384925,sine
syn,sine_s14,adwin+hedge,94.56066945606696,13,17.012552301255234,sine
syn,sine_s14,ph,95.00836820083684,11,17.46025104602511,sine
syn,sine_s14,ph+half,81.9539748953975,22,4.405857740585772,sine
syn,sine_s14,ph+hedge,94.57740585774059,12,17.02928870292887,sine
syn,sine_s14,kswin,95.00836820083684,11,17.46025104602511,sine
syn,sine_s14,kswin+half,81.89121338912135,17,4.343096234309618,sine
syn,sine_s14,kswin+hedge,94.58577405857741,12,17.037656903765697,sine
syn,stagger_s10,none,85.50837988826817,0,0.0,stagger
syn,stagger_s10,ddmM,97.32402234636872,8,11.815642458100562,stagger
syn,stagger_s10,ddm,97.32402234636872,8,11.815642458100562,stagger
syn,stagger_s10,ddm+half,88.24022346368714,8,2.7318435754189796,stagger
syn,stagger_s10,ddm+hedge,97.3072625698324,9,11.79888268156425,stagger
syn,stagger_s10,eddm,97.32402234636872,8,11.815642458100562,stagger
syn,stagger_s10,eddm+half,89.9608938547486,14,4.452513966480442,stagger
syn,stagger_s10,eddm+hedge,97.3072625698324,8,11.79888268156425,stagger
syn,stagger_s10,fhddm,85.63687150837988,8,0.12849162011172588,stagger
syn,stagger_s10,fhddm+half,85.63687150837988,8,0.12849162011172588,stagger
syn,stagger_s10,fhddm+hedge,85.63687150837988,8,0.12849162011172588,stagger
syn,stagger_s10,hddma,97.32402234636872,8,11.815642458100562,stagger
syn,stagger_s10,hddma+half,88.03351955307261,8,2.5251396648044544,stagger
syn,stagger_s10,hddma+hedge,97.3072625698324,8,11.79888268156425,stagger
syn,stagger_s10,hddmw,97.32402234636872,8,11.815642458100562,stagger
syn,stagger_s10,hddmw+half,88.03351955307261,8,2.5251396648044544,stagger
syn,stagger_s10,hddmw+hedge,97.3072625698324,8,11.79888268156425,stagger
syn,stagger_s10,adwin,97.32402234636872,8,11.815642458100562,stagger
syn,stagger_s10,adwin+half,88.16201117318437,16,2.6536312849162025,stagger
syn,stagger_s10,adwin+hedge,97.3072625698324,8,11.79888268156425,stagger
syn,stagger_s10,ph,96.8268156424581,8,11.318435754189938,stagger
syn,stagger_s10,ph+half,88.62569832402234,16,3.1173184357541794,stagger
syn,stagger_s10,ph+hedge,96.8100558659218,8,11.301675977653636,stagger
syn,stagger_s10,kswin,96.28491620111733,8,10.776536312849172,stagger
syn,stagger_s10,kswin+half,88.02234636871509,13,2.5139664804469275,stagger
syn,stagger_s10,kswin+hedge,96.268156424581,8,10.759776536312838,stagger
syn,stagger_s11,none,85.40782122905027,0,0.0,stagger
syn,stagger_s11,ddmM,97.41899441340782,8,12.011173184357549,stagger
syn,stagger_s11,ddm,97.41899441340782,8,12.011173184357549,stagger
syn,stagger_s11,ddm+half,87.9050279329609,8,2.497206703910637,stagger
syn,stagger_s11,ddm+hedge,97.35195530726259,9,11.94413407821231,stagger
syn,stagger_s11,eddm,97.41899441340782,8,12.011173184357549,stagger
syn,stagger_s11,eddm+half,90.29608938547486,14,4.88826815642458,stagger
syn,stagger_s11,eddm+hedge,97.35195530726259,8,11.94413407821231,stagger
syn,stagger_s11,fhddm,85.53072625698326,8,0.12290502793298463,stagger
syn,stagger_s11,fhddm+half,85.53072625698326,8,0.12290502793298463,stagger
syn,stagger_s11,fhddm+hedge,85.53072625698326,8,0.12290502793298463,stagger
syn,stagger_s11,hddma,97.41899441340782,8,12.011173184357549,stagger
syn,stagger_s11,hddma+half,87.9050279329609,8,2.497206703910637,stagger
syn,stagger_s11,hddma+hedge,97.35195530726259,8,11.94413407821231,stagger
syn,stagger_s11,hddmw,97.41899441340782,8,12.011173184357549,stagger
syn,stagger_s11,hddmw+half,88.25698324022348,9,2.849162011173201,stagger
syn,stagger_s11,hddmw+hedge,97.35195530726259,8,11.94413407821231,stagger
syn,stagger_s11,adwin,97.41899441340782,8,12.011173184357549,stagger
syn,stagger_s11,adwin+half,88.2122905027933,16,2.8044692737430266,stagger
syn,stagger_s11,adwin+hedge,97.35195530726259,8,11.94413407821231,stagger
syn,stagger_s11,ph,96.51955307262571,8,11.111731843575434,stagger
syn,stagger_s11,ph+half,88.93854748603351,16,3.530726256983241,stagger
syn,stagger_s11,ph+hedge,96.49720670391062,8,11.089385474860347,stagger
syn,stagger_s11,kswin,97.41899441340782,8,12.011173184357549,stagger
syn,stagger_s11,kswin+half,88.8100558659218,12,3.402234636871526,stagger
syn,stagger_s11,kswin+hedge,97.35195530726259,8,11.94413407821231,stagger
syn,stagger_s12,none,85.54189944134079,0,0.0,stagger
syn,stagger_s12,ddmM,97.33519553072625,8,11.793296089385464,stagger
syn,stagger_s12,ddm,97.33519553072625,8,11.793296089385464,stagger
syn,stagger_s12,ddm+half,87.94972067039106,8,2.4078212290502776,stagger
syn,stagger_s12,ddm+hedge,97.3240223463687,9,11.782122905027915,stagger
syn,stagger_s12,eddm,97.33519553072625,8,11.793296089385464,stagger
syn,stagger_s12,eddm+half,90.08938547486032,15,4.547486033519544,stagger
syn,stagger_s12,eddm+hedge,97.3240223463687,8,11.782122905027915,stagger
syn,stagger_s12,fhddm,85.59217877094973,8,0.05027932960893766,stagger
syn,stagger_s12,fhddm+half,85.59217877094973,8,0.05027932960893766,stagger
syn,stagger_s12,fhddm+hedge,85.59217877094973,8,0.05027932960893766,stagger
syn,stagger_s12,hddma,97.33519553072625,8,11.793296089385464,stagger
syn,stagger_s12,hddma+half,87.94972067039106,8,2.4078212290502776,stagger
syn,stagger_s12,hddma+hedge,97.3240223463687,8,11.782122905027915,stagger
syn,stagger_s12,hddmw,97.33519553072625,8,11.793296089385464,stagger
syn,stagger_s12,hddmw+half,87.94972067039106,8,2.4078212290502776,stagger
syn,stagger_s12,hddmw+hedge,97.3240223463687,8,11.782122905027915,stagger
syn,stagger_s12,adwin,97.33519553072625,8,11.793296089385464,stagger
syn,stagger_s12,adwin+half,88.0391061452514,16,2.497206703910615,stagger
syn,stagger_s12,adwin+hedge,97.3240223463687,8,11.782122905027915,stagger
syn,stagger_s12,ph,96.43016759776536,8,10.888268156424575,stagger
syn,stagger_s12,ph+half,88.79888268156424,16,3.2569832402234544,stagger
syn,stagger_s12,ph+hedge,96.41899441340782,8,10.877094972067026,stagger
syn,stagger_s12,kswin,97.33519553072625,8,11.793296089385464,stagger
syn,stagger_s12,kswin+half,88.04469273743015,11,2.5027932960893673,stagger
syn,stagger_s12,kswin+hedge,97.3240223463687,8,11.782122905027915,stagger
syn,stagger_s13,none,85.5977653631285,0,0.0,stagger
syn,stagger_s13,ddmM,97.32402234636872,8,11.726256983240212,stagger
syn,stagger_s13,ddm,97.32402234636872,8,11.726256983240212,stagger
syn,stagger_s13,ddm+half,88.37988826815642,9,2.782122905027906,stagger
syn,stagger_s13,ddm+hedge,97.31843575418996,8,11.72067039106145,stagger
syn,stagger_s13,eddm,97.32402234636872,8,11.726256983240212,stagger
syn,stagger_s13,eddm+half,91.62569832402235,24,6.027932960893844,stagger
syn,stagger_s13,eddm+hedge,97.31843575418996,8,11.72067039106145,stagger
syn,stagger_s13,fhddm,85.68156424581007,8,0.08379888268155167,stagger
syn,stagger_s13,fhddm+half,85.68156424581007,8,0.08379888268155167,stagger
syn,stagger_s13,fhddm+hedge,85.68156424581007,8,0.08379888268155167,stagger
syn,stagger_s13,hddma,97.32402234636872,8,11.726256983240212,stagger
syn,stagger_s13,hddma+half,88.31843575418995,9,2.7206703910614416,stagger
syn,stagger_s13,hddma+hedge,97.31843575418996,8,11.72067039106145,stagger
syn,stagger_s13,hddmw,97.32402234636872,8,11.726256983240212,stagger
syn,stagger_s13,hddmw+half,87.93854748603351,8,2.340782122905005,stagger
syn,stagger_s13,hddmw+hedge,97.31843575418996,8,11.72067039106145,stagger
syn,stagger_s13,adwin,97.32402234636872,8,11.726256983240212,stagger
syn,stagger_s13,adwin+half,88.20670391061454,16,2.6089385474860283,stagger
syn,stagger_s13,adwin+hedge,97.31843575418996,8,11.72067039106145,stagger
syn,stagger_s13,ph,96.7877094972067,8,11.1899441340782,stagger
syn,stagger_s13,ph+half,88.41899441340782,16,2.821229050279306,stagger
syn,stagger_s13,ph+hedge,96.78212290502793,8,11.184357541899425,stagger
syn,stagger_s13,kswin,97.32402234636872,8,11.726256983240212,stagger
syn,stagger_s13,kswin+half,88.15642458100558,12,2.5586592178770684,stagger
syn,stagger_s13,kswin+hedge,97.31843575418996,8,11.72067039106145,stagger
syn,stagger_s14,none,85.49162011173185,0,0.0,stagger
syn,stagger_s14,ddmM,97.36312849162012,8,11.871508379888262,stagger
syn,stagger_s14,ddm,97.36312849162012,8,11.871508379888262,stagger
syn,stagger_s14,ddm+half,88.22905027932961,8,2.7374301675977653,stagger
syn,stagger_s14,ddm+hedge,97.32402234636872,9,11.832402234636874,stagger
syn,stagger_s14,eddm,97.36312849162012,8,11.871508379888262,stagger
syn,stagger_s14,eddm+half,90.20670391061452,17,4.71508379888268,stagger
syn,stagger_s14,eddm+hedge,97.32402234636872,8,11.832402234636874,stagger
syn,stagger_s14,fhddm,85.59776536312849,8,0.10614525139663877,stagger
syn,stagger_s14,fhddm+half,85.59776536312849,8,0.10614525139663877,stagger
syn,stagger_s14,fhddm+hedge,85.59776536312849,8,0.10614525139663877,stagger
syn,stagger_s14,hddma,97.36312849162012,8,11.871508379888262,stagger
syn,stagger_s14,hddma+half,87.9608938547486,8,2.4692737430167533,stagger
syn,stagger_s14,hddma+hedge,97.32402234636872,8,11.832402234636874,stagger
syn,stagger_s14,hddmw,97.36312849162012,8,11.871508379888262,stagger
syn,stagger_s14,hddmw+half,87.9608938547486,8,2.4692737430167533,stagger
syn,stagger_s14,hddmw+hedge,97.32402234636872,8,11.832402234636874,stagger
syn,stagger_s14,adwin,97.36312849162012,8,11.871508379888262,stagger
syn,stagger_s14,adwin+half,88.05027932960895,16,2.5586592178771017,stagger
syn,stagger_s14,adwin+hedge,97.32402234636872,8,11.832402234636874,stagger
syn,stagger_s14,ph,96.52513966480447,8,11.033519553072624,stagger
syn,stagger_s14,ph+half,89.12290502793294,16,3.631284916201094,stagger
syn,stagger_s14,ph+hedge,96.48603351955306,8,10.994413407821213,stagger
syn,stagger_s14,kswin,96.20111731843575,8,10.7094972067039,stagger
syn,stagger_s14,kswin+half,87.88268156424581,12,2.391061452513965,stagger
syn,stagger_s14,kswin+hedge,96.16201117318435,8,10.670391061452511,stagger
syn,grid_c5_b500_s10,none,48.81818181818182,0,0.0,grid
syn,grid_c5_b500_s10,ddmM,87.38636363636364,9,38.56818181818182,grid
syn,grid_c5_b500_s10,ddm,87.38636363636364,9,38.56818181818182,grid
syn,grid_c5_b500_s10,ddm+half,49.86363636363637,1,1.0454545454545439,grid
syn,grid_c5_b500_s10,ddm+hedge,87.36363636363636,8,38.54545454545453,grid
syn,grid_c5_b500_s10,eddm,87.38636363636364,8,38.56818181818182,grid
syn,grid_c5_b500_s10,eddm+half,55.363636363636374,10,6.5454545454545485,grid
syn,grid_c5_b500_s10,eddm+hedge,87.36363636363636,8,38.54545454545453,grid
syn,grid_c5_b500_s10,fhddm,62.63636363636363,7,13.818181818181813,grid
syn,grid_c5_b500_s10,fhddm+half,47.86363636363637,6,-0.9545454545454524,grid
syn,grid_c5_b500_s10,fhddm+hedge,58.29545454545454,4,9.477272727272718,grid
syn,grid_c5_b500_s10,hddma,87.38636363636364,8,38.56818181818182,grid
syn,grid_c5_b500_s10,hddma+half,48.159090909090914,5,-0.6590909090909092,grid
syn,grid_c5_b500_s10,hddma+hedge,87.36363636363636,8,38.54545454545453,grid
syn,grid_c5_b500_s10,hddmw,87.38636363636364,8,38.56818181818182,grid
syn,grid_c5_b500_s10,hddmw+half,46.68181818181817,6,-2.1363636363636473,grid
syn,grid_c5_b500_s10,hddmw+hedge,87.36363636363636,8,38.54545454545453,grid
syn,grid_c5_b500_s10,adwin,87.38636363636364,8,38.56818181818182,grid
syn,grid_c5_b500_s10,adwin+half,51.15909090909091,4,2.340909090909088,grid
syn,grid_c5_b500_s10,adwin+hedge,87.36363636363636,8,38.54545454545453,grid
syn,grid_c5_b500_s10,ph,85.02272727272728,8,36.20454545454546,grid
syn,grid_c5_b500_s10,ph+half,50.84090909090909,8,2.0227272727272707,grid
syn,grid_c5_b500_s10,ph+hedge,85.18181818181817,8,36.363636363636346,grid
syn,grid_c5_b500_s10,kswin,87.38636363636364,8,38.56818181818182,grid
syn,grid_c5_b500_s10,kswin+half,45.86363636363636,7,-2.9545454545454595,grid
syn,grid_c5_b500_s10,kswin+hedge,87.36363636363636,8,38.54545454545453,grid
syn,grid_c5_b500_s11,none,38.59090909090909,0,0.0,grid
syn,grid_c5_b500_s11,ddmM,80.36363636363636,12,41.772727272727266,grid
syn,grid_c5_b500_s11,ddm,80.36363636363636,12,41.772727272727266,grid
syn,grid_c5_b500_s11,ddm+half,40.0909090909091,5,1.5000000000000069,grid
syn,grid_c5_b500_s11,ddm+hedge,80.13636363636363,13,41.54545454545453,grid
syn,grid_c5_b500_s11,eddm,86.18181818181819,8,47.590909090909086,grid
syn,grid_c5_b500_s11,eddm+half,48.06818181818182,8,9.477272727272728,grid
syn,grid_c5_b500_s11,eddm+hedge,86.13636363636363,8,47.54545454545454,grid
syn,grid_c5_b500_s11,fhddm,55.20454545454545,3,16.61363636363636,grid
syn,grid_c5_b500_s11,fhddm+half,37.88636363636363,6,-0.7045454545454577,grid
syn,grid_c5_b500_s11,fhddm+hedge,55.136363636363626,3,16.545454545454536,grid
syn,grid_c5_b500_s11,hddma,86.18181818181819,8,47.590909090909086,grid
syn,grid_c5_b500_s11,hddma+half,41.227272727272734,3,2.636363636363642,grid
syn,grid_c5_b500_s11,hddma+hedge,86.13636363636363,8,47.54545454545454,grid
syn,grid_c5_b500_s11,hddmw,84.25,8,45.659090909090914,grid
syn,grid_c5_b500_s11,hddmw+half,39.13636363636364,5,0.545454545454549,grid
syn,grid_c5_b500_s11,hddmw+hedge,85.43181818181817,8,46.840909090909086,grid
syn,grid_c5_b500_s11,adwin,86.18181818181819,8,47.590909090909086,grid
syn,grid_c5_b500_s11,adwin+half,39.590909090909086,8,0.9999999999999953,grid
syn,grid_c5_b500_s11,adwin+hedge,86.13636363636363,8,47.54545454545454,grid
syn,grid_c5_b500_s11,ph,83.56818181818183,8,44.97727272727274,grid
syn,grid_c5_b500_s11,ph+half,48.15909090909092,8,9.568181818181825,grid
syn,grid_c5_b500_s11,ph+hedge,83.56818181818183,8,44.97727272727274,grid
syn,grid_c5_b500_s11,kswin,83.18181818181819,7,44.5909090909091,grid
syn,grid_c5_b500_s11,kswin+half,40.0909090909091,5,1.5000000000000069,grid
syn,grid_c5_b500_s11,kswin+hedge,83.11363636363637,7,44.52272727272727,grid
syn,grid_c5_b2000_s10,none,83.78212290502795,0,0.0,grid
syn,grid_c5_b2000_s10,ddmM,96.97206703910614,14,13.18994413407819,grid
syn,grid_c5_b2000_s10,ddm,96.97206703910614,14,13.18994413407819,grid
syn,grid_c5_b2000_s10,ddm+half,86.82681564245809,9,3.0446927374301436,grid
syn,grid_c5_b2000_s10,ddm+hedge,96.97206703910614,14,13.18994413407819,grid
syn,grid_c5_b2000_s10,eddm,96.97765363128492,8,13.195530726256976,grid
syn,grid_c5_b2000_s10,eddm+half,90.0782122905028,18,6.296089385474857,grid
syn,grid_c5_b2000_s10,eddm+hedge,96.97206703910614,8,13.18994413407819,grid
syn,grid_c5_b2000_s10,fhddm,83.80446927374304,8,0.022346368715087106,grid
syn,grid_c5_b2000_s10,fhddm+half,83.81005586592181,8,0.027932960893861658,grid
syn,grid_c5_b2000_s10,fhddm+hedge,83.81005586592181,8,0.027932960893861658,grid
syn,grid_c5_b2000_s10,hddma,96.97765363128492,8,13.195530726256976,grid
syn,grid_c5_b2000_s10,hddma+half,86.82681564245809,8,3.0446927374301436,grid
syn,grid_c5_b2000_s10,hddma+hedge,96.97206703910614,8,13.18994413407819,grid
syn,grid_c5_b2000_s10,hddmw,96.97765363128492,8,13.195530726256976,grid
syn,grid_c5_b2000_s10,hddmw+half,87.05027932960894,10,3.2681564245809924,grid
syn,grid_c5_b2000_s10,hddmw+hedge,96.97206703910614,8,13.18994413407819,grid
syn,grid_c5_b2000_s10,adwin,96.97765363128492,8,13.195530726256976,grid
syn,grid_c5_b2000_s10,adwin+half,86.97765363128491,16,3.1955307262569677,grid
syn,grid_c5_b2000_s10,adwin+hedge,96.97206703910614,8,13.18994413407819,grid
syn,grid_c5_b2000_s10,ph,96.97765363128492,8,13.195530726256976,grid
syn,grid_c5_b2000_s10,ph+half,86.89944134078212,16,3.1173184357541794,grid
syn,grid_c5_b2000_s10,ph+hedge,96.97206703910614,8,13.18994413407819,grid
syn,grid_c5_b2000_s10,kswin,96.97765363128492,8,13.195530726256976,grid
syn,grid_c5_b2000_s10,kswin+half,86.9050279329609,13,3.122905027932954,grid
syn,grid_c5_b2000_s10,kswin+hedge,96.97206703910614,8,13.18994413407819,grid
syn,grid_c5_b2000_s11,none,81.99441340782123,0,0.0,grid
syn,grid_c5_b2000_s11,ddmM,95.80446927374302,28,13.81005586592179,grid
syn,grid_c5_b2000_s11,ddm,95.80446927374302,28,13.81005586592179,grid
syn,grid_c5_b2000_s11,ddm+half,85.77094972067037,15,3.7765363128491436,grid
syn,grid_c5_b2000_s11,ddm+hedge,95.46368715083798,27,13.469273743016752,grid
syn,grid_c5_b2000_s11,eddm,96.56983240223465,8,14.575418994413415,grid
syn,grid_c5_b2000_s11,eddm+half,88.43016759776538,16,6.435754189944143,grid
syn,grid_c5_b2000_s11,eddm+hedge,96.54748603351955,8,14.553072625698317,grid
syn,grid_c5_b2000_s11,fhddm,82.00558659217879,8,0.011173184357549104,grid
syn,grid_c5_b2000_s11,fhddm+half,82.08938547486034,8,0.09497206703910077,grid
syn,grid_c5_b2000_s11,fhddm+hedge,82.01675977653632,8,0.022346368715087106,grid
syn,grid_c5_b2000_s11,hddma,96.56983240223465,8,14.575418994413415,grid
syn,grid_c5_b2000_s11,hddma+half,85.50837988826817,8,3.5139664804469284,grid
syn,grid_c5_b2000_s11,hddma+hedge,96.54748603351955,8,14.553072625698317,grid
syn,grid_c5_b2000_s11,hddmw,96.22905027932961,8,14.234636871508389,grid
syn,grid_c5_b2000_s11,hddmw+half,85.34636871508378,8,3.351955307262555,grid
syn,grid_c5_b2000_s11,hddmw+hedge,96.20111731843575,8,14.206703910614515,grid
syn,grid_c5_b2000_s11,adwin,96.56983240223465,8,14.575418994413415,grid
syn,grid_c5_b2000_s11,adwin+half,85.40782122905027,16,3.413407821229042,grid
syn,grid_c5_b2000_s11,adwin+hedge,96.54748603351955,8,14.553072625698317,grid
syn,grid_c5_b2000_s11,ph,96.02234636871509,8,14.027932960893864,grid
syn,grid_c5_b2000_s11,ph+half,85.56983240223465,16,3.575418994413415,grid
syn,grid_c5_b2000_s11,ph+hedge,96.00558659217877,8,14.011173184357538,grid
syn,grid_c5_b2000_s11,kswin,94.84357541899442,6,12.849162011173188,grid
syn,grid_c5_b2000_s11,kswin+half,85.27374301675978,12,3.2793296089385526,grid
syn,grid_c5_b2000_s11,kswin+hedge,94.83240223463687,6,12.83798882681564,grid
syn,grid_c30_b500_s10,none,51.18181818181819,0,0.0,grid
syn,grid_c30_b500_s10,ddmM,82.65909090909088,11,31.477272727272698,grid
syn,grid_c30_b500_s10,ddm,82.65909090909088,11,31.477272727272698,grid
syn,grid_c30_b500_s10,ddm+half,54.431818181818194,6,3.2500000000000084,grid
syn,grid_c30_b500_s10,ddm+hedge,81.72727272727272,10,30.545454545454533,grid
syn,grid_c30_b500_s10,eddm,83.24999999999999,8,32.068181818181806,grid
syn,grid_c30_b500_s10,eddm+half,61.5,22,10.318181818181815,grid
syn,grid_c30_b500_s10,eddm+hedge,82.02272727272725,8,30.840909090909065,grid
syn,grid_c30_b500_s10,fhddm,64.25,7,13.068181818181813,grid
syn,grid_c30_b500_s10,fhddm+half,53.56818181818181,5,2.386363636363631,grid
syn,grid_c30_b500_s10,fhddm+hedge,60.340909090909086,6,9.159090909090907,grid
syn,grid_c30_b500_s10,hddma,83.24999999999999,8,32.068181818181806,grid
syn,grid_c30_b500_s10,hddma+half,53.659090909090914,4,2.477272727272728,grid
syn,grid_c30_b500_s10,hddma+hedge,82.02272727272725,8,30.840909090909065,grid
syn,grid_c30_b500_s10,hddmw,83.24999999999999,8,32.068181818181806,grid
syn,grid_c30_b500_s10,hddmw+half,55.68181818181818,8,4.499999999999993,grid
syn,grid_c30_b500_s10,hddmw+hedge,82.02272727272725,8,30.840909090909065,grid
syn,grid_c30_b500_s10,adwin,83.24999999999999,8,32.068181818181806,grid
syn,grid_c30_b500_s10,adwin+half,54.045454545454554,4,2.863636363636368,grid
syn,grid_c30_b500_s10,adwin+hedge,82.02272727272725,8,30.840909090909065,grid
syn,grid_c30_b500_s10,ph,80.13636363636363,8,28.954545454545443,grid
syn,grid_c30_b500_s10,ph+half,54.49999999999999,4,3.318181818181809,grid
syn,grid_c30_b500_s10,ph+hedge,77.47727272727272,8,26.295454545454533,grid
syn,grid_c30_b500_s10,kswin,83.24999999999999,8,32.068181818181806,grid
syn,grid_c30_b500_s10,kswin+half,55.06818181818181,6,3.8863636363636322,grid
syn,grid_c30_b500_s10,kswin+hedge,82.02272727272725,8,30.840909090909065,grid
syn,grid_c30_b500_s11,none,36.54545454545454,0,0.0,grid
syn,grid_c30_b500_s11,ddmM,78.45454545454544,11,41.9090909090909,grid
syn,grid_c30_b500_s11,ddm,78.45454545454544,11,41.9090909090909,grid
syn,grid_c30_b500_s11,ddm+half,41.409090909090914,6,4.86363636363637,grid
syn,grid_c30_b500_s11,ddm+hedge,78.77272727272727,10,42.22727272727272,grid
syn,grid_c30_b500_s11,eddm,80.63636363636363,8,44.090909090909086,grid
syn,grid_c30_b500_s11,eddm+half,51.38636363636364,23,14.840909090909099,grid
syn,grid_c30_b500_s11,eddm+hedge,78.77272727272727,9,42.22727272727272,grid
syn,grid_c30_b500_s11,fhddm,58.477272727272734,8,21.93181818181819,grid
syn,grid_c30_b500_s11,fhddm+half,40.295454545454554,8,3.750000000000014,grid
syn,grid_c30_b500_s11,fhddm+hedge,56.27272727272727,8,19.727272727272734,grid
syn,grid_c30_b500_s11,hddma,80.63636363636363,8,44.090909090909086,grid
syn,grid_c30_b500_s11,hddma+half,41.045454545454554,6,4.500000000000015,grid
syn,grid_c30_b500_s11,hddma+hedge,78.93181818181817,8,42.386363636363626,grid
syn,grid_c30_b500_s11,hddmw,80.63636363636363,8,44.090909090909086,grid
syn,grid_c30_b500_s11,hddmw+half,42.81818181818181,9,6.272727272727274,grid
syn,grid_c30_b500_s11,hddmw+hedge,78.93181818181817,8,42.386363636363626,grid
syn,grid_c30_b500_s11,adwin,80.63636363636363,8,44.090909090909086,grid
syn,grid_c30_b500_s11,adwin+half,42.97727272727273,7,6.431818181818183,grid
syn,grid_c30_b500_s11,adwin+hedge,78.84090909090908,9,42.29545454545454,grid
syn,grid_c30_b500_s11,ph,80.63636363636363,8,44.090909090909086,grid
syn,grid_c30_b500_s11,ph+half,42.22727272727274,7,5.681818181818199,grid
syn,grid_c30_b500_s11,ph+hedge,78.93181818181817,8,42.386363636363626,grid
syn,grid_c30_b500_s11,kswin,80.63636363636363,8,44.090909090909086,grid
syn,grid_c30_b500_s11,kswin+half,43.27272727272728,10,6.727272727272737,grid
syn,grid_c30_b500_s11,kswin+hedge,78.93181818181817,8,42.386363636363626,grid
syn,grid_c30_b2000_s10,none,83.00558659217876,0,0.0,grid
syn,grid_c30_b2000_s10,ddmM,94.39664804469275,12,11.391061452513995,grid
syn,grid_c30_b2000_s10,ddm,94.47486033519554,11,11.469273743016783,grid
syn,grid_c30_b2000_s10,ddm+half,85.3296089385475,8,2.324022346368737,grid
syn,grid_c30_b2000_s10,ddm+hedge,93.67597765363129,9,10.670391061452534,grid
syn,grid_c30_b2000_s10,eddm,94.51396648044692,9,11.508379888268172,grid
syn,grid_c30_b2000_s10,eddm+half,88.35754189944133,24,5.351955307262568,grid
syn,grid_c30_b2000_s10,eddm+hedge,93.42458100558659,11,10.418994413407823,grid
syn,grid_c30_b2000_s10,fhddm,84.39664804469274,8,1.3910614525139753,grid
syn,grid_c30_b2000_s10,fhddm+half,84.72067039106143,9,1.7150837988826773,grid
syn,grid_c30_b2000_s10,fhddm+hedge,84.6703910614525,8,1.6648044692737396,grid
syn,grid_c30_b2000_s10,hddma,94.6145251396648,8,11.608938547486048,grid
syn,grid_c30_b2000_s10,hddma+half,85.3296089385475,8,2.324022346368737,grid
syn,grid_c30_b2000_s10,hddma+hedge,93.75418994413407,8,10.74860335195531,grid
syn,grid_c30_b2000_s10,hddmw,94.6145251396648,8,11.608938547486048,grid
syn,grid_c30_b2000_s10,hddmw+half,85.86033519553072,10,2.8547486033519642,grid
syn,grid_c30_b2000_s10,hddmw+hedge,93.75418994413407,8,10.74860335195531,grid
syn,grid_c30_b2000_s10,adwin,94.48603351955308,9,11.48044692737431,grid
syn,grid_c30_b2000_s10,adwin+half,85.86592178770948,16,2.8603351955307277,grid
syn,grid_c30_b2000_s10,adwin+hedge,93.33519553072625,16,10.329608938547496,grid
syn,grid_c30_b2000_s10,ph,94.26815642458101,8,11.262569832402248,grid
syn,grid_c30_b2000_s10,ph+half,86.02793296089386,16,3.022346368715101,grid
syn,grid_c30_b2000_s10,ph+hedge,93.32402234636871,15,10.318435754189947,grid
syn,grid_c30_b2000_s10,kswin,94.6145251396648,8,11.608938547486048,grid
syn,grid_c30_b2000_s10,kswin+half,86.27374301675978,11,3.2681564245810257,grid
syn,grid_c30_b2000_s10,kswin+hedge,93.56983240223464,10,10.564245810055883,grid
syn,grid_c30_b2000_s11,none,78.48044692737429,0,0.0,grid
syn,grid_c30_b2000_s11,ddmM,93.54748603351955,12,15.067039106145252,grid
syn,grid_c30_b2000_s11,ddm,93.54748603351955,12,15.067039106145252,grid
syn,grid_c30_b2000_s11,ddm+half,81.43016759776536,8,2.949720670391065,grid
syn,grid_c30_b2000_s11,ddm+hedge,92.58659217877096,9,14.106145251396661,grid
syn,grid_c30_b2000_s11,eddm,93.31284916201119,11,14.832402234636898,grid
syn,grid_c30_b2000_s11,eddm+half,84.98882681564245,22,6.508379888268168,grid
syn,grid_c30_b2000_s11,eddm+hedge,92.02793296089386,13,13.547486033519574,grid
syn,grid_c30_b2000_s11,fhddm,80.72625698324022,8,2.2458100558659266,grid
syn,grid_c30_b2000_s11,fhddm+half,81.2290502793296,8,2.7486033519553033,grid
syn,grid_c30_b2000_s11,fhddm+hedge,80.8659217877095,8,2.3854748603352016,grid
syn,grid_c30_b2000_s11,hddma,93.64804469273743,8,15.167597765363139,grid
syn,grid_c30_b2000_s11,hddma+half,81.43016759776536,8,2.949720670391065,grid
syn,grid_c30_b2000_s11,hddma+hedge,92.67597765363128,8,14.195530726256989,grid
syn,grid_c30_b2000_s11,hddmw,93.64804469273743,8,15.167597765363139,grid
syn,grid_c30_b2000_s11,hddmw+half,81.43016759776536,8,2.949720670391065,grid
syn,grid_c30_b2000_s11,hddmw+hedge,92.67597765363128,8,14.195530726256989,grid
syn,grid_c30_b2000_s11,adwin,93.64804469273743,8,15.167597765363139,grid
syn,grid_c30_b2000_s11,adwin+half,83.3854748603352,16,4.905027932960904,grid
syn,grid_c30_b2000_s11,adwin+hedge,92.25139664804469,17,13.7709497206704,grid
syn,grid_c30_b2000_s11,ph,93.64804469273743,8,15.167597765363139,grid
syn,grid_c30_b2000_s11,ph+half,83.07262569832402,16,4.592178770949729,grid
syn,grid_c30_b2000_s11,ph+hedge,92.15083798882682,16,13.670391061452536,grid
syn,grid_c30_b2000_s11,kswin,93.64804469273743,8,15.167597765363139,grid
syn,grid_c30_b2000_s11,kswin+half,81.63687150837988,10,3.15642458100559,grid
syn,grid_c30_b2000_s11,kswin+hedge,92.4972067039106,10,14.016759776536315,grid
syn,grid_c100_b500_s10,none,44.13636363636363,0,0.0,grid
syn,grid_c100_b500_s10,ddmM,64.86363636363637,8,20.727272727272734,grid
syn,grid_c100_b500_s10,ddm,64.86363636363637,8,20.727272727272734,grid
syn,grid_c100_b500_s10,ddm+half,47.47727272727272,7,3.3409090909090833,grid
syn,grid_c100_b500_s10,ddm+hedge,63.43181818181818,8,19.295454545454543,grid
syn,grid_c100_b500_s10,eddm,56.431818181818194,19,12.29545454545456,grid
syn,grid_c100_b500_s10,eddm+half,50.72727272727272,20,6.590909090909086,grid
syn,grid_c100_b500_s10,eddm+hedge,60.93181818181817,13,16.79545454545454,grid
syn,grid_c100_b500_s10,fhddm,49.795454545454554,10,5.659090909090919,grid
syn,grid_c100_b500_s10,fhddm+half,46.52272727272727,7,2.3863636363636367,grid
syn,grid_c100_b500_s10,fhddm+hedge,51.02272727272727,8,6.88636363636364,grid
syn,grid_c100_b500_s10,hddma,64.86363636363637,8,20.727272727272734,grid
syn,grid_c100_b500_s10,hddma+half,46.95454545454544,5,2.8181818181818032,grid
syn,grid_c100_b500_s10,hddma+hedge,63.43181818181818,8,19.295454545454543,grid
syn,grid_c100_b500_s10,hddmw,64.86363636363637,8,20.727272727272734,grid
syn,grid_c100_b500_s10,hddmw+half,47.204545454545446,7,3.0681818181818086,grid
syn,grid_c100_b500_s10,hddmw+hedge,63.43181818181818,8,19.295454545454543,grid
syn,grid_c100_b500_s10,adwin,56.18181818181819,9,12.045454545454554,grid
syn,grid_c100_b500_s10,adwin+half,44.43181818181818,2,0.2954545454545432,grid
syn,grid_c100_b500_s10,adwin+hedge,54.840909090909086,7,10.70454545454545,grid
syn,grid_c100_b500_s10,ph,53.0909090909091,7,8.954545454545466,grid
syn,grid_c100_b500_s10,ph+half,44.11363636363637,3,-0.02272727272726871,grid
syn,grid_c100_b500_s10,ph+hedge,52.27272727272727,7,8.136363636363637,grid
syn,grid_c100_b500_s10,kswin,64.43181818181819,9,20.295454545454554,grid
syn,grid_c100_b500_s10,kswin+half,44.52272727272727,3,0.38636363636364024,grid
syn,grid_c100_b500_s10,kswin+hedge,62.70454545454546,10,18.568181818181824,grid
syn,grid_c100_b500_s11,none,40.31818181818181,0,0.0,grid
syn,grid_c100_b500_s11,ddmM,63.34090909090909,8,23.022727272727277,grid
syn,grid_c100_b500_s11,ddm,63.34090909090909,8,23.022727272727277,grid
syn,grid_c100_b500_s11,ddm+half,46.36363636363637,8,6.045454545454554,grid
syn,grid_c100_b500_s11,ddm+hedge,60.977272727272734,8,20.65909090909092,grid
syn,grid_c100_b500_s11,eddm,56.477272727272734,21,16.159090909090917,grid
syn,grid_c100_b500_s11,eddm+half,49.36363636363636,19,9.045454545454545,grid
syn,grid_c100_b500_s11,eddm+hedge,54.47727272727273,17,14.159090909090915,grid
syn,grid_c100_b500_s11,fhddm,51.25000000000001,11,10.931818181818192,grid
syn,grid_c100_b500_s11,fhddm+half,44.20454545454545,8,3.8863636363636376,grid
syn,grid_c100_b500_s11,fhddm+hedge,49.409090909090914,10,9.090909090909099,grid
syn,grid_c100_b500_s11,hddma,63.34090909090909,8,23.022727272727277,grid
syn,grid_c100_b500_s11,hddma+half,45.340909090909086,8,5.022727272727273,grid
syn,grid_c100_b500_s11,hddma+hedge,60.977272727272734,8,20.65909090909092,grid
syn,grid_c100_b500_s11,hddmw,62.38636363636364,9,22.068181818181827,grid
syn,grid_c100_b500_s11,hddmw+half,44.75,8,4.431818181818187,grid
syn,grid_c100_b500_s11,hddmw+hedge,60.13636363636364,9,19.81818181818183,grid
syn,grid_c100_b500_s11,adwin,55.88636363636365,9,15.56818181818183,grid
syn,grid_c100_b500_s11,adwin+half,40.840909090909086,1,0.5227272727272747,grid
syn,grid_c100_b500_s11,adwin+hedge,53.06818181818183,11,12.75000000000001,grid
syn,grid_c100_b500_s11,ph,51.63636363636363,7,11.318181818181822,grid
syn,grid_c100_b500_s11,ph+half,41.31818181818181,2,1.0000000000000009,grid
syn,grid_c100_b500_s11,ph+hedge,50.79545454545455,7,10.47727272727273,grid
syn,grid_c100_b500_s11,kswin,62.38636363636364,9,22.068181818181827,grid
syn,grid_c100_b500_s11,kswin+half,43.56818181818181,6,3.2499999999999973,grid
syn,grid_c100_b500_s11,kswin+hedge,58.13636363636364,11,17.818181818181827,grid
syn,grid_c100_b2000_s10,none,75.53072625698324,0,0.0,grid
syn,grid_c100_b2000_s10,ddmM,85.04469273743018,8,9.513966480446944,grid
syn,grid_c100_b2000_s10,ddm,85.04469273743018,8,9.513966480446944,grid
syn,grid_c100_b2000_s10,ddm+half,77.37430167597765,8,1.8435754189944142,grid
syn,grid_c100_b2000_s10,ddm+hedge,84.14525139664805,8,8.614525139664808,grid
syn,grid_c100_b2000_s10,eddm,78.9217877094972,32,3.391061452513955,grid
syn,grid_c100_b2000_s10,eddm+half,78.8659217877095,25,3.3351955307262537,grid
syn,grid_c100_b2000_s10,eddm+hedge,80.27932960893854,31,4.748603351955305,grid
syn,grid_c100_b2000_s10,fhddm,65.87709497206706,55,-9.653631284916187,grid
syn,grid_c100_b2000_s10,fhddm+half,78.14525139664804,9,2.614525139664803,grid
syn,grid_c100_b2000_s10,fhddm+hedge,76.2122905027933,13,0.6815642458100513,grid
syn,grid_c100_b2000_s10,hddma,85.04469273743018,8,9.513966480446944,grid
syn,grid_c100_b2000_s10,hddma+half,77.27374301675978,8,1.743016759776539,grid
syn,grid_c100_b2000_s10,hddma+hedge,84.14525139664805,8,8.614525139664808,grid
syn,grid_c100_b2000_s10,hddmw,85.04469273743018,8,9.513966480446944,grid
syn,grid_c100_b2000_s10,hddmw+half,77.27374301675978,8,1.743016759776539,grid
syn,grid_c100_b2000_s10,hddmw+hedge,84.14525139664805,8,8.614525139664808,grid
syn,grid_c100_b2000_s10,adwin,71.86592178770948,34,-3.6648044692737525,grid
syn,grid_c100_b2000_s10,adwin+half,77.69832402234636,17,2.167597765363116,grid
syn,grid_c100_b2000_s10,adwin+hedge,81.48044692737429,25,5.949720670391057,grid
syn,grid_c100_b2000_s10,ph,72.10055865921787,33,-3.4301675977653767,grid
syn,grid_c100_b2000_s10,ph+half,78.43575418994412,17,2.9050279329608797,grid
syn,grid_c100_b2000_s10,ph+hedge,81.54748603351953,25,6.016759776536295,grid
syn,grid_c100_b2000_s10,kswin,82.34078212290503,12,6.8100558659217825,grid
syn,grid_c100_b2000_s10,kswin+half,77.62569832402234,10,2.0949720670391025,grid
syn,grid_c100_b2000_s10,kswin+hedge,81.72067039106146,18,6.1899441340782175,grid
syn,grid_c100_b2000_s11,none,74.40782122905027,0,0.0,grid
syn,grid_c100_b2000_s11,ddmM,84.47486033519553,8,10.067039106145248,grid
syn,grid_c100_b2000_s11,ddm,84.47486033519553,8,10.067039106145248,grid
syn,grid_c100_b2000_s11,ddm+half,76.15083798882681,8,1.743016759776539,grid
syn,grid_c100_b2000_s11,ddm+hedge,83.36312849162013,8,8.955307262569857,grid
syn,grid_c100_b2000_s11,eddm,76.97206703910612,42,2.564245810055854,grid
syn,grid_c100_b2000_s11,eddm+half,78.58659217877096,36,4.178770949720678,grid
syn,grid_c100_b2000_s11,eddm+hedge,80.8826815642458,22,6.474860335195531,grid
syn,grid_c100_b2000_s11,fhddm,64.3072625698324,59,-10.100558659217873,grid
syn,grid_c100_b2000_s11,fhddm+half,77.45251396648044,10,3.0446927374301658,grid
syn,grid_c100_b2000_s11,fhddm+hedge,75.68156424581005,17,1.2737430167597763,grid
syn,grid_c100_b2000_s11,hddma,84.47486033519553,8,10.067039106145248,grid
syn,grid_c100_b2000_s11,hddma+half,76.15083798882681,8,1.743016759776539,grid
syn,grid_c100_b2000_s11,hddma+hedge,83.36312849162013,8,8.955307262569857,grid
syn,grid_c100_b2000_s11,hddmw,84.47486033519553,8,10.067039106145248,grid
syn,grid_c100_b2000_s11,hddmw+half,76.56983240223464,9,2.162011173184364,grid
syn,grid_c100_b2000_s11,hddmw+hedge,83.36312849162013,8,8.955307262569857,grid
syn,grid_c100_b2000_s11,adwin,73.02793296089388,36,-1.379888268156404,grid
syn,grid_c100_b2000_s11,adwin+half,77.11173184357544,17,2.7039106145251623,grid
syn,grid_c100_b2000_s11,adwin+hedge,80.28491620111731,27,5.877094972067043,grid
syn,grid_c100_b2000_s11,ph,70.2513966480447,34,-4.156424581005568,grid
syn,grid_c100_b2000_s11,ph+half,77.50837988826817,17,3.100558659217889,grid
syn,grid_c100_b2000_s11,ph+hedge,80.92178770949721,25,6.513966480446931,grid
syn,grid_c100_b2000_s11,kswin,83.03910614525138,12,8.63128491620111,grid
syn,grid_c100_b2000_s11,kswin+half,76.7877094972067,11,2.379888268156427,grid
syn,grid_c100_b2000_s11,kswin+hedge,80.3463687150838,20,5.938547486033519,grid
