group,stream,pol,acc,resets,d_acc,src
real,covertype,none,94.58038692461642,0,0.0,covertype
real,covertype,ddmM,94.29886591060706,53,-0.28152101400935603,covertype
real,covertype,ddm,94.29886591060706,53,-0.28152101400935603,covertype
real,covertype,ddm+half,94.42961974649766,87,-0.15076717811876028,covertype
real,covertype,ddm+hedge,94.61307538358906,19,0.03268845897264061,covertype
real,covertype,eddm,89.80587058038692,218,-4.774516344229496,covertype
real,covertype,eddm+half,94.16144096064043,152,-0.4189459639759918,covertype
real,covertype,eddm+hedge,94.66310873915945,171,0.08272181454302974,covertype
real,covertype,fhddm,91.02935290193463,108,-3.5510340226817982,covertype
real,covertype,fhddm+half,94.57571714476319,20,-0.004669779853239131,covertype
real,covertype,fhddm+hedge,94.5510340226818,22,-0.02935290193462059,covertype
real,covertype,hddma,80.76250833889259,567,-13.81787858572383,covertype
real,covertype,hddma+half,92.80853902601734,205,-1.771847898599077,covertype
real,covertype,hddma+hedge,94.49699799866578,123,-0.08338892595064484,covertype
real,covertype,hddmw,89.73782521681122,188,-4.842561707805205,covertype
real,covertype,hddmw+half,94.44429619746498,52,-0.13609072715143888,covertype
real,covertype,hddmw+hedge,94.66044029352902,51,0.08005336891260262,covertype
real,covertype,adwin,84.63375583722481,260,-9.94663108739161,covertype
real,covertype,adwin+half,94.28218812541694,51,-0.29819879919947834,covertype
real,covertype,adwin+hedge,94.49166110740495,41,-0.08872581721147688,covertype
real,covertype,ph,87.94262841894594,156,-6.637758505670477,covertype
real,covertype,ph+half,94.25683789192796,40,-0.3235490326884638,covertype
real,covertype,ph+hedge,94.5783855903936,28,-0.0020013342228231146,covertype
real,covertype,kswin,90.70246831220815,131,-3.877918612408271,covertype
real,covertype,kswin+half,94.3022014676451,47,-0.2781854569713138,covertype
real,covertype,kswin+hedge,94.59439626417611,35,0.014009339559695189,covertype
real,insects_abrupt_imbalanced,none,78.577718478986,0,0.0,insects
real,insects_abrupt_imbalanced,ddmM,78.56837891927952,5,-0.009339559706478262,insects
real,insects_abrupt_imbalanced,ddm,78.56837891927952,5,-0.009339559706478262,insects
real,insects_abrupt_imbalanced,ddm+half,78.59239492995329,6,0.01467645096728809,insects
real,insects_abrupt_imbalanced,ddm+hedge,78.58639092728487,5,0.008672448298863156,insects
real,insects_abrupt_imbalanced,eddm,78.49432955303537,16,-0.08338892595063374,insects
real,insects_abrupt_imbalanced,eddm+half,78.54636424282855,23,-0.03135423615745481,insects
real,insects_abrupt_imbalanced,eddm+hedge,78.57905270180122,54,0.0013342228152080082,insects
real,insects_abrupt_imbalanced,fhddm,78.56771180787192,10,-0.010006671114082266,insects
real,insects_abrupt_imbalanced,fhddm+half,78.606404269513,8,0.028685790527005484,insects
real,insects_abrupt_imbalanced,fhddm+hedge,78.60707138092063,8,0.02935290193462059,insects
real,insects_abrupt_imbalanced,hddma,78.68779186124084,6,0.11007338225483831,insects
real,insects_abrupt_imbalanced,hddma+half,78.62575050033355,5,0.04803202134754381,insects
real,insects_abrupt_imbalanced,hddma+hedge,78.68178785857238,6,0.10406937958638007,insects
real,insects_abrupt_imbalanced,hddmw,78.65443629086059,19,0.0767178118745826,insects
real,insects_abrupt_imbalanced,hddmw+half,78.58172114743162,20,0.004002668445624025,insects
real,insects_abrupt_imbalanced,hddmw+hedge,78.70246831220814,19,0.12474983322213751,insects
real,insects_abrupt_imbalanced,adwin,78.69513008672449,7,0.11741160773848236,insects
real,insects_abrupt_imbalanced,adwin+half,78.63442294863242,8,0.056704469646418065,insects
real,insects_abrupt_imbalanced,adwin+hedge,78.69246164109406,8,0.11474316210805524,insects
real,insects_abrupt_imbalanced,ph,78.63842561707804,17,0.06070713809204209,insects
real,insects_abrupt_imbalanced,ph+half,78.60240160106737,17,0.024683122081370357,insects
real,insects_abrupt_imbalanced,ph+hedge,78.69246164109406,15,0.11474316210805524,insects
real,insects_abrupt_imbalanced,kswin,78.71647765176785,8,0.1387591727818438,insects
real,insects_abrupt_imbalanced,kswin+half,78.60373582388259,9,0.026017344896589467,insects
real,insects_abrupt_imbalanced,kswin+hedge,78.69713142094731,9,0.11941294196130547,insects
real,insects_gradual_imbalanced,none,80.95251396648044,0,0.0,insects
real,insects_gradual_imbalanced,ddmM,80.9413407821229,4,-0.011173184357549104,insects
real,insects_gradual_imbalanced,ddm,80.9413407821229,4,-0.011173184357549104,insects
real,insects_gradual_imbalanced,ddm+half,80.94692737430168,7,-0.00558659217876345,insects
real,insects_gradual_imbalanced,ddm+hedge,80.95740223463686,2,0.004888268156422182,insects
real,insects_gradual_imbalanced,eddm,80.78072625698324,56,-0.17178770949720645,insects
real,insects_gradual_imbalanced,eddm+half,80.86871508379888,65,-0.08379888268156277,insects
real,insects_gradual_imbalanced,eddm+hedge,80.93016759776536,129,-0.022346368715076004,insects
real,insects_gradual_imbalanced,fhddm,80.92737430167598,8,-0.02513966480446328,insects
real,insects_gradual_imbalanced,fhddm+half,80.93575418994413,8,-0.016759776536312554,insects
real,insects_gradual_imbalanced,fhddm+hedge,80.95111731843576,8,-0.0013966480446825358,insects
real,insects_gradual_imbalanced,hddma,80.96019553072625,8,0.007681564245809458,insects
real,insects_gradual_imbalanced,hddma+half,80.97695530726257,7,0.024441340782133114,insects
real,insects_gradual_imbalanced,hddma+hedge,80.99231843575419,8,0.03980446927374093,insects
real,insects_gradual_imbalanced,hddmw,80.93715083798882,18,-0.015363128491618916,insects
real,insects_gradual_imbalanced,hddmw+half,80.94483240223465,18,-0.007681564245798356,insects
real,insects_gradual_imbalanced,hddmw+hedge,80.98882681564248,18,0.03631284916203459,insects
real,insects_gradual_imbalanced,adwin,80.98254189944134,8,0.030027932960896564,insects
real,insects_gradual_imbalanced,adwin+half,80.9622905027933,9,0.009776536312855466,insects
real,insects_gradual_imbalanced,adwin+hedge,81.01187150837988,8,0.05935754189944076,insects
real,insects_gradual_imbalanced,ph,80.90083798882681,17,-0.0516759776536313,insects
real,insects_gradual_imbalanced,ph+half,80.94064245810057,16,-0.01187150837987927,insects
real,insects_gradual_imbalanced,ph+hedge,80.9727653631285,15,0.020251396648063302,insects
real,insects_gradual_imbalanced,kswin,81.01466480446926,3,0.06215083798881693,insects
real,insects_gradual_imbalanced,kswin+half,80.97765363128491,3,0.02513966480446328,insects
real,insects_gradual_imbalanced,kswin+hedge,81.01536312849161,3,0.0628491620111693,insects
real,insects_incremental_abrupt_balanced,none,76.9310776942356,0,0.0,insects
real,insects_incremental_abrupt_balanced,ddmM,77.28571428571429,17,0.3546365914786964,insects
real,insects_incremental_abrupt_balanced,ddm,77.28571428571429,17,0.3546365914786964,insects
real,insects_incremental_abrupt_balanced,ddm+half,77.06390977443608,10,0.13283208020049564,insects
real,insects_incremental_abrupt_balanced,ddm+hedge,77.22055137844612,15,0.2894736842105283,insects
real,insects_incremental_abrupt_balanced,eddm,77.09774436090225,22,0.1666666666666594,insects
real,insects_incremental_abrupt_balanced,eddm+half,77.09022556390978,82,0.15914786967419214,insects
real,insects_incremental_abrupt_balanced,eddm+hedge,77.28446115288222,73,0.3533834586466167,insects
real,insects_incremental_abrupt_balanced,fhddm,76.89724310776943,24,-0.033834586466163774,insects
real,insects_incremental_abrupt_balanced,fhddm+half,77.0263157894737,22,0.09523809523810378,insects
real,insects_incremental_abrupt_balanced,fhddm+hedge,77.0062656641604,22,0.07518796992480592,insects
real,insects_incremental_abrupt_balanced,hddma,77.62907268170426,21,0.6979949874686642,insects
real,insects_incremental_abrupt_balanced,hddma+half,77.23182957393483,21,0.3007518796992348,insects
real,insects_incremental_abrupt_balanced,hddma+hedge,77.5563909774436,21,0.6253132832080066,insects
real,insects_incremental_abrupt_balanced,hddmw,77.54260651629072,31,0.6115288220551296,insects
real,insects_incremental_abrupt_balanced,hddmw+half,77.2017543859649,33,0.2706766917293102,insects
real,insects_incremental_abrupt_balanced,hddmw+hedge,77.56265664160401,32,0.6315789473684164,insects
real,insects_incremental_abrupt_balanced,adwin,77.50250626566417,18,0.5714285714285672,insects
real,insects_incremental_abrupt_balanced,adwin+half,77.23809523809524,22,0.3070175438596445,insects
real,insects_incremental_abrupt_balanced,adwin+hedge,77.45989974937343,19,0.5288220551378342,insects
real,insects_incremental_abrupt_balanced,ph,77.2719298245614,21,0.3408521303258083,insects
real,insects_incremental_abrupt_balanced,ph+half,77.18170426065164,25,0.25062656641604564,insects
real,insects_incremental_abrupt_balanced,ph+hedge,77.33082706766919,21,0.39974937343359995,insects
real,insects_incremental_abrupt_balanced,kswin,77.42105263157896,21,0.4899749373433626,insects
real,insects_incremental_abrupt_balanced,kswin+half,77.19423558897243,21,0.2631578947368318,insects
real,insects_incremental_abrupt_balanced,kswin+hedge,77.38847117794485,21,0.45739348370925637,insects
real,h2_airlines,none,68.32632632632631,0,0.0,airlines
real,h2_airlines,ddmM,68.32232232232232,3,-0.004004004003999029,airlines
real,h2_airlines,ddm,68.32232232232232,3,-0.004004004003999029,airlines
real,h2_airlines,ddm+half,68.32332332332331,3,-0.0030030030029992716,airlines
real,h2_airlines,ddm+hedge,68.32432432432431,3,-0.0020020020019995144,airlines
real,h2_airlines,eddm,68.15415415415414,46,-0.17217217217216918,airlines
real,h2_airlines,eddm+half,68.32132132132132,20,-0.005005005004998786,airlines
real,h2_airlines,eddm+hedge,68.32032032032032,20,-0.006006006005998543,airlines
real,h2_airlines,fhddm,68.16216216216216,27,-0.16416416416414892,airlines
real,h2_airlines,fhddm+half,68.24624624624624,26,-0.0800800800800694,airlines
real,h2_airlines,fhddm+hedge,68.25325325325325,25,-0.07307307307305999,airlines
real,h2_airlines,hddma,68.25825825825825,13,-0.0680680680680612,airlines
real,h2_airlines,hddma+half,68.31931931931932,16,-0.0070070070069983,airlines
real,h2_airlines,hddma+hedge,68.31931931931932,14,-0.0070070070069983,airlines
real,h2_airlines,hddmw,67.52252252252252,92,-0.8038038038037931,airlines
real,h2_airlines,hddmw+half,67.96596596596596,94,-0.3603603603603456,airlines
real,h2_airlines,hddmw+hedge,68.07107107107106,95,-0.25525525525524895,airlines
real,h2_airlines,adwin,68.30930930930931,14,-0.017017017017006975,airlines
real,h2_airlines,adwin+half,68.31831831831832,14,-0.008008008007998058,airlines
real,h2_airlines,adwin+hedge,68.31931931931932,14,-0.0070070070069983,airlines
real,h2_airlines,ph,68.12512512512512,29,-0.20120120120119545,airlines
real,h2_airlines,ph+half,68.29129129129129,26,-0.03503503503502481,airlines
real,h2_airlines,ph+hedge,68.31031031031031,25,-0.016016016016007217,airlines
real,h2_airlines,kswin,67.993993993994,42,-0.33233233233231907,airlines
real,h2_airlines,kswin+half,68.22722722722723,40,-0.09909909909908698,airlines
real,h2_airlines,kswin+hedge,68.23223223223222,41,-0.0940940940940882,airlines
real,h2_phishing,none,94.09174311926606,0,0.0,phishing
real,h2_phishing,ddmM,94.09174311926606,0,0.0,phishing
real,h2_phishing,ddm,94.09174311926606,0,0.0,phishing
real,h2_phishing,ddm+half,94.09174311926606,0,0.0,phishing
real,h2_phishing,ddm+hedge,94.09174311926606,0,0.0,phishing
real,h2_phishing,eddm,94.09174311926606,0,0.0,phishing
real,h2_phishing,eddm+half,94.09174311926606,0,0.0,phishing
real,h2_phishing,eddm+hedge,94.09174311926606,0,0.0,phishing
real,h2_phishing,fhddm,94.09174311926606,0,0.0,phishing
real,h2_phishing,fhddm+half,94.09174311926606,0,0.0,phishing
real,h2_phishing,fhddm+hedge,94.09174311926606,0,0.0,phishing
real,h2_phishing,hddma,94.09174311926606,0,0.0,phishing
real,h2_phishing,hddma+half,94.09174311926606,0,0.0,phishing
real,h2_phishing,hddma+hedge,94.09174311926606,0,0.0,phishing
real,h2_phishing,hddmw,94.09174311926606,0,0.0,phishing
real,h2_phishing,hddmw+half,94.09174311926606,0,0.0,phishing
real,h2_phishing,hddmw+hedge,94.09174311926606,0,0.0,phishing
real,h2_phishing,adwin,94.09174311926606,0,0.0,phishing
real,h2_phishing,adwin+half,94.09174311926606,0,0.0,phishing
real,h2_phishing,adwin+hedge,94.09174311926606,0,0.0,phishing
real,h2_phishing,ph,94.09174311926606,0,0.0,phishing
real,h2_phishing,ph+half,94.09174311926606,0,0.0,phishing
real,h2_phishing,ph+hedge,94.09174311926606,0,0.0,phishing
real,h2_phishing,kswin,94.09174311926606,0,0.0,phishing
real,h2_phishing,kswin+half,94.09174311926606,0,0.0,phishing
real,h2_phishing,kswin+hedge,94.09174311926606,0,0.0,phishing
real,h2_poker,none,86.89789789789789,0,0.0,poker
real,h2_poker,ddmM,83.64964964964965,475,-3.248248248248242,poker
real,h2_poker,ddm,83.62362362362362,474,-3.274274274274269,poker
real,h2_poker,ddm+half,84.26626626626627,478,-2.6316316316316257,poker
real,h2_poker,ddm+hedge,86.72372372372372,460,-0.1741741741741687,poker
real,h2_poker,eddm,82.95495495495496,317,-3.9429429429429286,poker
real,h2_poker,eddm+half,84.86186186186187,271,-2.0360360360360263,poker
real,h2_poker,eddm+hedge,86.71971971971972,240,-0.17817817817816772,poker
real,h2_poker,fhddm,84.09409409409409,157,-2.803803803803806,poker
real,h2_poker,fhddm+half,85.81581581581582,152,-1.0820820820820698,poker
real,h2_poker,fhddm+hedge,87.42042042042041,125,0.5225225225225172,poker
real,h2_poker,hddma,82.32932932932934,539,-4.568568568568554,poker
real,h2_poker,hddma+half,84.07007007007006,504,-2.8278278278278335,poker
real,h2_poker,hddma+hedge,86.64264264264264,461,-0.25525525525524895,poker
real,h2_poker,hddmw,83.58458458458459,292,-3.313313313313304,poker
real,h2_poker,hddmw+half,85.005005005005,278,-1.8928928928928834,poker
real,h2_poker,hddmw+hedge,86.82682682682683,243,-0.07107107107106048,poker
real,h2_poker,adwin,84.09709709709709,209,-2.8008008008007956,poker
real,h2_poker,adwin+half,85.12812812812814,205,-1.7697697697697579,poker
real,h2_poker,adwin+hedge,86.86486486486487,186,-0.03303303303301419,poker
real,h2_poker,ph,85.54254254254253,111,-1.3553553553553588,poker
real,h2_poker,ph+half,85.44744744744744,114,-1.4504504504504467,poker
real,h2_poker,ph+hedge,86.95295295295297,101,0.055055055055075464,poker
real,h2_poker,kswin,84.16816816816817,230,-2.729729729729724,poker
real,h2_poker,kswin+half,85.4074074074074,218,-1.4904904904904814,poker
real,h2_poker,kswin+hedge,87.09509509509509,190,0.19719719719719642,poker
real,h2_rialto,none,78.29719853836784,0,0.0,rialto
real,h2_rialto,ddmM,78.4531059683313,164,0.1559074299634644,rialto
real,h2_rialto,ddm,78.49086479902557,161,0.19366626065773218,rialto
real,h2_rialto,ddm+half,78.30694275274055,126,0.009744214372719995,rialto
real,h2_rialto,ddm+hedge,78.85261875761266,167,0.5554202192448177,rialto
real,h2_rialto,eddm,78.57247259439708,281,0.27527405602923993,rialto
real,h2_rialto,eddm+half,78.56638246041413,279,0.26918392204628994,rialto
real,h2_rialto,eddm+hedge,79.67965895249695,278,1.3824604141291053,rialto
real,h2_rialto,fhddm,78.68453105968331,94,0.38733252131547546,rialto
real,h2_rialto,fhddm+half,78.30694275274055,100,0.009744214372719995,rialto
real,h2_rialto,fhddm+hedge,79.06455542021924,94,0.7673568818513887,rialto
real,h2_rialto,hddma,78.56394640682095,123,0.26674786845310994,rialto
real,h2_rialto,hddma+half,78.51644336175396,118,0.21924482338612217,rialto
real,h2_rialto,hddma+hedge,78.93666260657733,128,0.6394640682094943,rialto
real,h2_rialto,hddmw,78.59074299634592,151,0.2935444579780788,rialto
real,h2_rialto,hddmw+half,78.50182704019488,146,0.20462850182704218,rialto
real,h2_rialto,hddmw+hedge,79.17783191230207,149,0.8806333739342254,rialto
real,h2_rialto,adwin,78.07308160779537,131,-0.22411693057247106,rialto
real,h2_rialto,adwin+half,78.4993909866017,123,0.20219244823386218,rialto
real,h2_rialto,adwin+hedge,78.99269183922047,124,0.6954933008526232,rialto
real,h2_rialto,ph,78.37637028014616,92,0.07917174177832775,rialto
real,h2_rialto,ph+half,78.46285018270403,90,0.1656516443361844,rialto
real,h2_rialto,ph+hedge,78.92570036540803,90,0.6285018270401954,rialto
real,h2_rialto,kswin,78.56151035322777,137,0.26431181485992994,rialto
real,h2_rialto,kswin+half,78.394640682095,142,0.09744214372716664,rialto
real,h2_rialto,kswin+hedge,79.25091352009744,134,0.9537149817296031,rialto
real,h2_spam,none,93.32786885245903,0,0.0,spam
real,h2_spam,ddmM,92.55737704918033,9,-0.7704918032786945,spam
real,h2_spam,ddm,92.57377049180329,8,-0.7540983606557417,spam
real,h2_spam,ddm+half,93.31147540983608,4,-0.016393442622952836,spam
real,h2_spam,ddm+hedge,93.21311475409837,4,-0.11475409836065875,spam
real,h2_spam,eddm,91.68852459016395,9,-1.6393442622950838,spam
real,h2_spam,eddm+half,92.93442622950819,7,-0.39344262295083476,spam
real,h2_spam,eddm+hedge,93.0983606557377,7,-0.2295081967213286,spam
real,h2_spam,fhddm,92.9672131147541,3,-0.3606557377049291,spam
real,h2_spam,fhddm+half,93.13114754098362,3,-0.19672131147541183,spam
real,h2_spam,fhddm+hedge,93.31147540983606,3,-0.01639344262296394,spam
real,h2_spam,hddma,92.36065573770492,8,-0.9672131147541063,spam
real,h2_spam,hddma+half,93.14754098360658,8,-0.180327868852459,spam
real,h2_spam,hddma+hedge,93.1639344262295,8,-0.16393442622952836,spam
real,h2_spam,hddmw,92.68852459016394,4,-0.639344262295094,spam
real,h2_spam,hddmw+half,93.19672131147541,3,-0.1311475409836116,spam
real,h2_spam,hddmw+hedge,93.0327868852459,4,-0.29508196721312885,spam
real,h2_spam,adwin,92.21311475409836,4,-1.1147540983606707,spam
real,h2_spam,adwin+half,93.22950819672131,3,-0.09836065573771702,spam
real,h2_spam,adwin+hedge,92.81967213114754,3,-0.5081967213114824,spam
real,h2_spam,ph,92.8032786885246,2,-0.5245901639344241,spam
real,h2_spam,ph+half,93.14754098360658,2,-0.180327868852459,spam
real,h2_spam,ph+hedge,92.98360655737706,2,-0.34426229508196515,spam
real,h2_spam,kswin,92.62295081967213,4,-0.7049180327868942,spam
real,h2_spam,kswin+half,93.19672131147541,3,-0.1311475409836116,spam
real,h2_spam,kswin+hedge,92.88524590163935,4,-0.44262295081968217,spam
real,h2_weather,none,80.21666666666665,0,0.0,weather
real,h2_weather,ddmM,80.21666666666665,0,0.0,weather
real,h2_weather,ddm,80.21666666666665,0,0.0,weather
real,h2_weather,ddm+half,80.21666666666665,0,0.0,weather
real,h2_weather,ddm+hedge,80.21666666666665,0,0.0,weather
real,h2_weather,eddm,73.42222222222222,87,-6.794444444444436,weather
real,h2_weather,eddm+half,79.71666666666667,24,-0.49999999999998934,weather
real,h2_weather,eddm+hedge,79.57777777777778,29,-0.6388888888888777,weather
real,h2_weather,fhddm,78.33333333333333,23,-1.8833333333333258,weather
real,h2_weather,fhddm+half,79.8722222222222,13,-0.3444444444444472,weather
real,h2_weather,fhddm+hedge,79.88333333333333,13,-0.33333333333332993,weather
real,h2_weather,hddma,80.21666666666665,0,0.0,weather
real,h2_weather,hddma+half,80.21666666666665,0,0.0,weather
real,h2_weather,hddma+hedge,80.21666666666665,0,0.0,weather
real,h2_weather,hddmw,79.41666666666666,9,-0.8000000000000007,weather
real,h2_weather,hddmw+half,80.03333333333333,8,-0.18333333333332424,weather
real,h2_weather,hddmw+hedge,80.1111111111111,8,-0.10555555555555873,weather
real,h2_weather,adwin,80.13888888888889,1,-0.07777777777776551,weather
real,h2_weather,adwin+half,80.22222222222223,1,0.005555555555569747,weather
real,h2_weather,adwin+hedge,80.2,1,-0.01666666666665373,weather
real,h2_weather,ph,79.90555555555555,5,-0.31111111111110645,weather
real,h2_weather,ph+half,80.2,2,-0.01666666666665373,weather
real,h2_weather,ph+hedge,80.10555555555555,4,-0.11111111111110628,weather
real,h2_weather,kswin,80.07777777777777,2,-0.1388888888888884,weather
real,h2_weather,kswin+half,80.21666666666665,2,0.0,weather
real,h2_weather,kswin+hedge,80.16111111111111,2,-0.05555555555555314,weather
real,h3_airlines_b,none,69.94994994994994,0,0.0,airlines
real,h3_airlines_b,ddmM,69.9109109109109,6,-0.03903903903903494,airlines
real,h3_airlines_b,ddm,69.9109109109109,6,-0.03903903903903494,airlines
real,h3_airlines_b,ddm+half,69.95595595595596,12,0.006006006006020748,airlines
real,h3_airlines_b,ddm+hedge,69.94794794794794,6,-0.0020020020019995144,airlines
real,h3_airlines_b,eddm,69.73073073073073,74,-0.21921921921921328,airlines
real,h3_airlines_b,eddm+half,69.86686686686687,73,-0.08308308308306867,airlines
real,h3_airlines_b,eddm+hedge,69.89789789789789,69,-0.052052052052042885,airlines
real,h3_airlines_b,fhddm,69.7937937937938,28,-0.15615615615615086,airlines
real,h3_airlines_b,fhddm+half,69.88688688688688,26,-0.06306306306306242,airlines
real,h3_airlines_b,fhddm+hedge,69.86786786786787,26,-0.08208208208206891,airlines
real,h3_airlines_b,hddma,69.86086086086087,21,-0.08908908908906721,airlines
real,h3_airlines_b,hddma+half,69.91191191191191,19,-0.03803803803802408,airlines
real,h3_airlines_b,hddma+hedge,69.93193193193193,19,-0.018018018018017834,airlines
real,h3_airlines_b,hddmw,69.23723723723724,85,-0.7127127127127042,airlines
real,h3_airlines_b,hddmw+half,69.71071071071071,90,-0.23923923923923063,airlines
real,h3_airlines_b,hddmw+hedge,69.8038038038038,88,-0.1461461461461422,airlines
real,h3_airlines_b,adwin,69.89789789789789,14,-0.052052052052042885,airlines
real,h3_airlines_b,adwin+half,69.93593593593593,14,-0.014014014014007703,airlines
real,h3_airlines_b,adwin+hedge,69.94294294294295,14,-0.0070070070069983,airlines
real,h3_airlines_b,ph,69.84684684684684,30,-0.10310310310309712,airlines
real,h3_airlines_b,ph+half,69.8828828828829,29,-0.06706706706705035,airlines
real,h3_airlines_b,ph+hedge,69.91291291291292,28,-0.03703703703702432,airlines
real,h3_airlines_b,kswin,69.64664664664664,34,-0.3033033033032928,airlines
real,h3_airlines_b,kswin+half,69.87087087087087,38,-0.07907907907906964,airlines
real,h3_airlines_b,kswin+hedge,69.88588588588588,35,-0.06406406406405107,airlines
real,h3_airlines_c,none,64.16416416416416,0,0.0,airlines
real,h3_airlines_c,ddmM,64.1021021021021,7,-0.06206206206206266,airlines
real,h3_airlines_c,ddm,64.1021021021021,7,-0.06206206206206266,airlines
real,h3_airlines_c,ddm+half,64.15315315315316,6,-0.011011011011008431,airlines
real,h3_airlines_c,ddm+hedge,64.14314314314315,6,-0.021021021021017106,airlines
real,h3_airlines_c,eddm,64.13413413413413,3,-0.030030030030026023,airlines
real,h3_airlines_c,eddm+half,63.991991991991995,37,-0.17217217217216918,airlines
real,h3_airlines_c,eddm+hedge,64.10310310310311,34,-0.0610610610610518,airlines
real,h3_airlines_c,fhddm,63.92992992992994,41,-0.23423423423422074,airlines
real,h3_airlines_c,fhddm+half,64.09409409409409,38,-0.07007007007007182,airlines
real,h3_airlines_c,fhddm+hedge,64.16316316316316,37,-0.0010010010009997572,airlines
real,h3_airlines_c,hddma,64.09609609609609,15,-0.06806806806807231,airlines
real,h3_airlines_c,hddma+half,64.12512512512512,17,-0.03903903903903494,airlines
real,h3_airlines_c,hddma+hedge,64.14714714714714,18,-0.017017017017018077,airlines
real,h3_airlines_c,hddmw,63.20720720720722,123,-0.9569569569569447,airlines
real,h3_airlines_c,hddmw+half,63.90590590590591,134,-0.2582582582582482,airlines
real,h3_airlines_c,hddmw+hedge,63.943943943943935,133,-0.22022022022022414,airlines
real,h3_airlines_c,adwin,64.08908908908909,13,-0.07507507507507061,airlines
real,h3_airlines_c,adwin+half,64.14114114114115,13,-0.02302302302301662,airlines
real,h3_airlines_c,adwin+hedge,64.11611611611612,13,-0.04804804804804386,airlines
real,h3_airlines_c,ph,64.01301301301301,29,-0.15115115115115207,airlines
real,h3_airlines_c,ph+half,64.13613613613613,26,-0.028028028028026508,airlines
real,h3_airlines_c,ph+hedge,64.14214214214215,26,-0.022022022022016863,airlines
real,h3_airlines_c,kswin,63.75175175175175,73,-0.41241241241241067,airlines
real,h3_airlines_c,kswin+half,64.04604604604603,73,-0.11811811811812678,airlines
real,h3_airlines_c,kswin+hedge,64.07007007007006,73,-0.0940940940940993,airlines
real,h3_covertype_b,none,95.60860860860862,0,0.0,covertype
real,h3_covertype_b,ddmM,94.15215215215215,25,-1.4564564564564564,covertype
real,h3_covertype_b,ddm,94.15215215215215,25,-1.4564564564564564,covertype
real,h3_covertype_b,ddm+half,94.94394394394394,44,-0.6646646646646714,covertype
real,h3_covertype_b,ddm+hedge,95.57757757757757,18,-0.031031031031036882,covertype
real,h3_covertype_b,eddm,90.03703703703704,114,-5.571571571571576,covertype
real,h3_covertype_b,eddm+half,94.85185185185185,40,-0.7567567567567601,covertype
real,h3_covertype_b,eddm+hedge,95.45845845845847,106,-0.15015015015014122,covertype
real,h3_covertype_b,fhddm,92.21521521521522,48,-3.3933933933933957,covertype
real,h3_covertype_b,fhddm+half,93.91791791791792,26,-1.6906906906906993,covertype
real,h3_covertype_b,fhddm+hedge,95.55655655655657,8,-0.052052052052042885,covertype
real,h3_covertype_b,hddma,71.65765765765767,479,-23.950950950950954,covertype
real,h3_covertype_b,hddma+half,89.13613613613613,210,-6.472472472472479,covertype
real,h3_covertype_b,hddma+hedge,95.37537537537538,86,-0.23323323323323208,covertype
real,h3_covertype_b,hddmw,79.87187187187187,240,-15.736736736736734,covertype
real,h3_covertype_b,hddmw+half,93.13413413413413,65,-2.474474474474486,covertype
real,h3_covertype_b,hddmw+hedge,95.51451451451452,35,-0.0940940940940993,covertype
real,h3_covertype_b,adwin,69.4044044044044,334,-26.204204204204206,covertype
real,h3_covertype_b,adwin+half,90.97797797797799,77,-4.630630630630628,covertype
real,h3_covertype_b,adwin+hedge,95.56356356356358,30,-0.045045045045044585,covertype
real,h3_covertype_b,ph,74.09409409409409,233,-21.514514514514527,covertype
real,h3_covertype_b,ph+half,92.42742742742742,44,-3.181181181181192,covertype
real,h3_covertype_b,ph+hedge,95.56356356356356,16,-0.04504504504505569,covertype
real,h3_covertype_b,kswin,87.94694694694695,118,-7.661661661661667,covertype
real,h3_covertype_b,kswin+half,94.60860860860862,31,-1.0000000000000009,covertype
real,h3_covertype_b,kswin+hedge,95.56056056056057,26,-0.04804804804804386,covertype
real,h3_covertype_c,none,74.38338338338338,0,0.0,covertype
real,h3_covertype_c,ddmM,67.89789789789789,247,-6.485485485485476,covertype
real,h3_covertype_c,ddm,67.69569569569569,249,-6.687687687687682,covertype
real,h3_covertype_c,ddm+half,70.007007007007,306,-4.376376376376367,covertype
real,h3_covertype_c,ddm+hedge,72.4914914914915,356,-1.8918918918918726,covertype
real,h3_covertype_c,eddm,47.26126126126126,762,-27.12212212212211,covertype
real,h3_covertype_c,eddm+half,55.33833833833833,676,-19.04504504504504,covertype
real,h3_covertype_c,eddm+hedge,72.27327327327328,460,-2.110110110110097,covertype
real,h3_covertype_c,fhddm,49.97897897897898,336,-24.404404404404396,covertype
real,h3_covertype_c,fhddm+half,59.65065065065066,295,-14.732732732732712,covertype
real,h3_covertype_c,fhddm+hedge,73.32432432432432,191,-1.0590590590590532,covertype
real,h3_covertype_c,hddma,52.77477477477478,677,-21.60860860860859,covertype
real,h3_covertype_c,hddma+half,57.94494494494494,653,-16.43843843843843,covertype
real,h3_covertype_c,hddma+hedge,71.8968968968969,512,-2.486486486486472,covertype
real,h3_covertype_c,hddmw,47.52352352352352,645,-26.859859859859846,covertype
real,h3_covertype_c,hddmw+half,59.81681681681681,498,-14.566566566566564,covertype
real,h3_covertype_c,hddmw+hedge,72.3063063063063,402,-2.077077077077072,covertype
real,h3_covertype_c,adwin,49.46346346346347,438,-24.919919919919902,covertype
real,h3_covertype_c,adwin+half,57.44444444444444,384,-16.93893893893893,covertype
real,h3_covertype_c,adwin+hedge,72.991991991992,256,-1.3913913913913722,covertype
real,h3_covertype_c,ph,53.52452452452453,250,-20.85885885885884,covertype
real,h3_covertype_c,ph+half,63.44144144144145,218,-10.941941941941923,covertype
real,h3_covertype_c,ph+hedge,73.38138138138137,126,-1.0020020020020004,covertype
real,h3_covertype_c,kswin,48.127127127127125,543,-26.25625625625625,covertype
real,h3_covertype_c,kswin+half,57.71271271271271,474,-16.670670670670663,covertype
real,h3_covertype_c,kswin+hedge,72.46446446446447,360,-1.9189189189188993,covertype
real,h3_insects_b,none,80.7987987987988,0,0.0,insects
real,h3_insects_b,ddmM,80.77377377377378,2,-0.025025025025016134,insects
real,h3_insects_b,ddm,80.77377377377378,2,-0.025025025025016134,insects
real,h3_insects_b,ddm+half,80.7957957957958,2,-0.0030030030029992716,insects
real,h3_insects_b,ddm+hedge,80.79779779779781,2,-0.001001001000988655,insects
real,h3_insects_b,eddm,80.70670670670671,14,-0.09209209209208868,insects
real,h3_insects_b,eddm+half,80.7017017017017,54,-0.09709709709709857,insects
real,h3_insects_b,eddm+hedge,80.72772772772772,81,-0.07107107107107158,insects
real,h3_insects_b,fhddm,80.75975975975976,8,-0.03903903903904604,insects
real,h3_insects_b,fhddm+half,80.78778778778778,8,-0.011011011011019534,insects
real,h3_insects_b,fhddm+hedge,80.8008008008008,8,0.0020020020019995144,insects
real,h3_insects_b,hddma,80.8108108108108,4,0.012012012012008189,insects
real,h3_insects_b,hddma+half,80.81781781781781,4,0.01901901901901759,insects
real,h3_insects_b,hddma+hedge,80.83483483483485,4,0.03603603603604677,insects
real,h3_insects_b,hddmw,80.75475475475476,15,-0.04404404404404483,insects
real,h3_insects_b,hddmw+half,80.78778778778778,15,-0.011011011011019534,insects
real,h3_insects_b,hddmw+hedge,80.82182182182183,15,0.023023023023027722,insects
real,h3_insects_b,adwin,80.82082082082081,6,0.022022022022016863,insects
real,h3_insects_b,adwin+half,80.81581581581581,6,0.017017017017018077,insects
real,h3_insects_b,adwin+hedge,80.84284284284284,6,0.04404404404404483,insects
real,h3_insects_b,ph,80.78078078078079,8,-0.018018018018017834,insects
real,h3_insects_b,ph+half,80.78678678678678,9,-0.01201201201201929,insects
real,h3_insects_b,ph+hedge,80.8088088088088,8,0.010010010010008674,insects
real,h3_insects_b,kswin,80.81581581581581,3,0.017017017017006975,insects
real,h3_insects_b,kswin+half,80.8108108108108,3,0.012012012012008189,insects
real,h3_insects_b,kswin+hedge,80.82782782782783,3,0.029029029029026265,insects
real,h3_insects_c,none,84.97797797797799,0,0.0,insects
real,h3_insects_c,ddmM,84.97197197197195,2,-0.006006006006020748,insects
real,h3_insects_c,ddm,84.97197197197195,2,-0.006006006006020748,insects
real,h3_insects_c,ddm+half,84.97397397397397,2,-0.004004004004010131,insects
real,h3_insects_c,ddm+hedge,84.97797797797797,2,-1.1102230246251565e-14,insects
real,h3_insects_c,eddm,84.83183183183183,36,-0.1461461461461422,insects
real,h3_insects_c,eddm+half,84.97397397397397,15,-0.004004004004010131,insects
real,h3_insects_c,eddm+hedge,84.92692692692692,67,-0.05105105105105423,insects
real,h3_insects_c,fhddm,84.96996996996997,2,-0.00800800800800916,insects
real,h3_insects_c,fhddm+half,84.97997997997999,2,0.0020020020019995144,insects
real,h3_insects_c,fhddm+hedge,84.98398398398398,2,0.006006006005998543,insects
real,h3_insects_c,hddma,84.97997997997999,3,0.0020020020019995144,insects
real,h3_insects_c,hddma+half,84.96896896896897,2,-0.00900900900902002,insects
real,h3_insects_c,hddma+hedge,84.990990990991,2,0.013013013013019048,insects
real,h3_insects_c,hddmw,84.98798798798799,4,0.010010010010008674,insects
real,h3_insects_c,hddmw+half,84.98198198198197,4,0.004004004003999029,insects
real,h3_insects_c,hddmw+hedge,84.998998998999,4,0.021021021021017106,insects
real,h3_insects_c,adwin,84.97897897897899,5,0.0010010010009997572,insects
real,h3_insects_c,adwin+half,84.98798798798799,5,0.010010010010008674,insects
real,h3_insects_c,adwin+hedge,84.98998998999,5,0.012012012012008189,insects
real,h3_insects_c,ph,84.96796796796797,7,-0.010010010010019776,insects
real,h3_insects_c,ph+half,84.97897897897899,7,0.0010010010009997572,insects
real,h3_insects_c,ph+hedge,84.97997997997999,7,0.0020020020019995144,insects
real,h3_insects_c,kswin,84.997997997998,1,0.02002002002001735,insects
real,h3_insects_c,kswin+half,84.98498498498499,1,0.007007007007009403,insects
real,h3_insects_c,kswin+hedge,84.991991991992,1,0.014014014014018805,insects
real,h3_poker_b,none,88.86986986986986,0,0.0,poker
real,h3_poker_b,ddmM,83.3953953953954,421,-5.474474474474467,poker
real,h3_poker_b,ddm,83.29029029029029,401,-5.579579579579585,poker
real,h3_poker_b,ddm+half,84.45045045045046,446,-4.4194194194194125,poker
real,h3_poker_b,ddm+hedge,87.84684684684684,376,-1.0230230230230175,poker
real,h3_poker_b,eddm,81.05405405405406,352,-7.8158158158158075,poker
real,h3_poker_b,eddm+half,85.47347347347348,264,-3.396396396396395,poker
real,h3_poker_b,eddm+hedge,88.24324324324324,221,-0.6266266266266252,poker
real,h3_poker_b,fhddm,83.95095095095094,169,-4.918918918918925,poker
real,h3_poker_b,fhddm+half,86.73473473473474,155,-2.1351351351351244,poker
real,h3_poker_b,fhddm+hedge,88.88588588588588,127,0.01601601601601832,poker
real,h3_poker_b,hddma,81.2962962962963,525,-7.573573573573555,poker
real,h3_poker_b,hddma+half,84.46246246246247,452,-4.407407407407405,poker
real,h3_poker_b,hddma+hedge,87.59359359359358,387,-1.276276276276278,poker
real,h3_poker_b,hddmw,83.55855855855856,272,-5.311311311311306,poker
real,h3_poker_b,hddmw+half,86.19019019019018,242,-2.6796796796796807,poker
real,h3_poker_b,hddmw+hedge,88.15815815815816,211,-0.7117117117117044,poker
real,h3_poker_b,adwin,83.95995995995996,225,-4.909909909909905,poker
real,h3_poker_b,adwin+half,86.37237237237237,200,-2.4974974974974917,poker
real,h3_poker_b,adwin+hedge,88.47647647647648,180,-0.3933933933933931,poker
real,h3_poker_b,ph,86.42842842842843,117,-2.4414414414414276,poker
real,h3_poker_b,ph+half,87.45345345345346,105,-1.4164164164163995,poker
real,h3_poker_b,ph+hedge,88.79779779779781,101,-0.07207207207206023,poker
real,h3_poker_b,kswin,84.04604604604604,225,-4.823823823823825,poker
real,h3_poker_b,kswin+half,86.71971971971972,196,-2.150150150150143,poker
real,h3_poker_b,kswin+hedge,88.69169169169169,161,-0.17817817817817883,poker
real,h3_poker_c,none,87.10710710710711,0,0.0,poker
real,h3_poker_c,ddmM,82.50250250250251,436,-4.604604604604601,poker
real,h3_poker_c,ddm,82.48748748748748,430,-4.61961961961962,poker
real,h3_poker_c,ddm+half,85.34134134134135,408,-1.7657657657657588,poker
real,h3_poker_c,ddm+hedge,86.92692692692692,403,-0.18018018018017834,poker
real,h3_poker_c,eddm,81.61861861861863,347,-5.4884884884884855,poker
real,h3_poker_c,eddm+half,85.43643643643644,260,-1.6706706706706709,poker
real,h3_poker_c,eddm+hedge,87.06006006006007,236,-0.0470470470470441,poker
real,h3_poker_c,fhddm,83.21421421421421,183,-3.8928928928928963,poker
real,h3_poker_c,fhddm+half,86.2002002002002,153,-0.9069069069069013,poker
real,h3_poker_c,fhddm+hedge,87.23823823823824,133,0.13113113113113473,poker
real,h3_poker_c,hddma,81.83483483483484,473,-5.2722722722722715,poker
real,h3_poker_c,hddma+half,85.14014014014013,429,-1.9669669669669765,poker
real,h3_poker_c,hddma+hedge,86.88888888888889,379,-0.21821821821822462,poker
real,h3_poker_c,hddmw,83.14514514514515,284,-3.9619619619619573,poker
real,h3_poker_c,hddmw+half,85.37537537537538,262,-1.7317317317317227,poker
real,h3_poker_c,hddmw+hedge,87.21521521521521,238,0.108108108108107,poker
real,h3_poker_c,adwin,83.77177177177177,225,-3.335335335335332,poker
real,h3_poker_c,adwin+half,85.27527527527528,224,-1.8318318318318316,poker
real,h3_poker_c,adwin+hedge,87.23023023023023,200,0.12312312312312557,poker
real,h3_poker_c,ph,84.65765765765767,128,-2.449449449449448,poker
real,h3_poker_c,ph+half,86.004004004004,121,-1.103103103103098,poker
real,h3_poker_c,ph+hedge,87.44544544544544,113,0.3383383383383398,poker
real,h3_poker_c,kswin,82.67867867867868,263,-4.428428428428422,poker
real,h3_poker_c,kswin+half,85.43943943943944,226,-1.6676676676676605,poker
real,h3_poker_c,kswin+hedge,87.34834834834834,207,0.24124124124123014,poker
real,h4_airlines_d,none,64.40540540540542,0,0.0,airlines
real,h4_airlines_d,ddmM,64.37837837837837,1,-0.027027027027037853,airlines
real,h4_airlines_d,ddm,64.37837837837837,1,-0.027027027027037853,airlines
real,h4_airlines_d,ddm+half,64.3953953953954,1,-0.010010010010019776,airlines
real,h4_airlines_d,ddm+hedge,64.3973973973974,1,-0.00800800800800916,airlines
real,h4_airlines_d,eddm,64.36636636636636,4,-0.03903903903904604,airlines
real,h4_airlines_d,eddm+half,64.25325325325325,83,-0.15215215215216293,airlines
real,h4_airlines_d,eddm+hedge,64.27627627627628,106,-0.1291291291291352,airlines
real,h4_airlines_d,fhddm,64.00200200200199,47,-0.40340340340342395,airlines
real,h4_airlines_d,fhddm+half,64.29529529529529,39,-0.11011011011012872,airlines
real,h4_airlines_d,fhddm+hedge,64.25025025025025,44,-0.1551551551551622,airlines
real,h4_airlines_d,hddma,64.11611611611612,18,-0.2892892892892962,airlines
real,h4_airlines_d,hddma+half,64.30530530530531,20,-0.10010010010009784,airlines
real,h4_airlines_d,hddma+hedge,64.36036036036037,20,-0.045045045045044585,airlines
real,h4_airlines_d,hddmw,62.736736736736745,159,-1.6686686686686714,airlines
real,h4_airlines_d,hddmw+half,63.953953953953956,172,-0.4514514514514567,airlines
real,h4_airlines_d,hddmw+hedge,64.011011011011,170,-0.39439439439440394,airlines
real,h4_airlines_d,adwin,64.3203203203203,10,-0.08508508508510149,airlines
real,h4_airlines_d,adwin+half,64.35735735735736,10,-0.04804804804805496,airlines
real,h4_airlines_d,adwin+hedge,64.38138138138139,10,-0.02402402402402748,airlines
real,h4_airlines_d,ph,64.20420420420422,28,-0.20120120120119545,airlines
real,h4_airlines_d,ph+half,64.32832832832833,28,-0.07707707707708122,airlines
real,h4_airlines_d,ph+hedge,64.33633633633634,26,-0.06906906906907206,airlines
real,h4_airlines_d,kswin,63.22722722722723,113,-1.1781781781781797,airlines
real,h4_airlines_d,kswin+half,64.12712712712712,92,-0.27827827827828777,airlines
real,h4_airlines_d,kswin+hedge,64.12812812812813,99,-0.277277277277288,airlines
real,h4_airlines_e,none,64.05605605605605,0,0.0,airlines
real,h4_airlines_e,ddmM,64.04204204204204,6,-0.014014014014018805,airlines
real,h4_airlines_e,ddm,64.04204204204204,6,-0.014014014014018805,airlines
real,h4_airlines_e,ddm+half,64.03803803803804,7,-0.018018018018017834,airlines
real,h4_airlines_e,ddm+hedge,64.05605605605606,13,1.1102230246251565e-14,airlines
real,h4_airlines_e,eddm,63.83083083083084,73,-0.22522522522521182,airlines
real,h4_airlines_e,eddm+half,63.85585585585586,113,-0.2002002002001957,airlines
real,h4_airlines_e,eddm+hedge,64.01401401401401,94,-0.04204204204204531,airlines
real,h4_airlines_e,fhddm,63.70370370370371,44,-0.3523523523523475,airlines
real,h4_airlines_e,fhddm+half,63.95495495495496,37,-0.1011011011010976,airlines
real,h4_airlines_e,fhddm+hedge,64.01001001001,37,-0.04604604604604434,airlines
real,h4_airlines_e,hddma,63.900900900900915,17,-0.15515515515514,airlines
real,h4_airlines_e,hddma+half,63.98898898898899,16,-0.06706706706706145,airlines
real,h4_airlines_e,hddma+hedge,64.03703703703704,14,-0.01901901901901759,airlines
real,h4_airlines_e,hddmw,63.00200200200201,121,-1.0540540540540433,airlines
real,h4_airlines_e,hddmw+half,63.77777777777778,120,-0.27827827827827667,airlines
real,h4_airlines_e,hddmw+hedge,63.79079079079079,124,-0.2652652652652687,airlines
real,h4_airlines_e,adwin,63.98098098098098,11,-0.07507507507507061,airlines
real,h4_airlines_e,adwin+half,64.02502502502502,11,-0.031031031031036882,airlines
real,h4_airlines_e,adwin+hedge,64.03603603603604,11,-0.02002002002001735,airlines
real,h4_airlines_e,ph,63.70170170170171,33,-0.35435435435434703,airlines
real,h4_airlines_e,ph+half,64.02002002002001,26,-0.03603603603603567,airlines
real,h4_airlines_e,ph+hedge,63.98598598598599,28,-0.07007007007006072,airlines
real,h4_airlines_e,kswin,63.608608608608606,56,-0.4474474474474466,airlines
real,h4_airlines_e,kswin+half,63.91591591591591,52,-0.14014014014014364,airlines
real,h4_airlines_e,kswin+hedge,63.92492492492493,60,-0.13113113113112362,airlines
real,h4_covertype_d,none,70.69369369369369,0,0.0,covertype
real,h4_covertype_d,ddmM,65.28328328328328,371,-5.410410410410405,covertype
real,h4_covertype_d,ddm,65.28828828828829,368,-5.405405405405405,covertype
real,h4_covertype_d,ddm+half,67.26526526526526,395,-3.4284284284284317,covertype
real,h4_covertype_d,ddm+hedge,69.95095095095095,481,-0.7427427427427413,covertype
real,h4_covertype_d,eddm,53.6086086086086,694,-17.085085085085094,covertype
real,h4_covertype_d,eddm+half,63.61561561561562,577,-7.078078078078076,covertype
real,h4_covertype_d,eddm+hedge,69.85485485485485,516,-0.8388388388388401,covertype
real,h4_covertype_d,fhddm,62.45945945945947,278,-8.234234234234227,covertype
real,h4_covertype_d,fhddm+half,65.18618618618619,271,-5.507507507507503,covertype
real,h4_covertype_d,fhddm+hedge,70.47747747747746,233,-0.2162162162162251,covertype
real,h4_covertype_d,hddma,55.34934934934935,671,-15.344344344344341,covertype
real,h4_covertype_d,hddma+half,61.88288288288288,678,-8.81081081081081,covertype
real,h4_covertype_d,hddma+hedge,69.55555555555557,574,-1.1381381381381228,covertype
real,h4_covertype_d,hddmw,57.34334334334334,556,-13.350350350350348,covertype
real,h4_covertype_d,hddmw+half,64.45745745745747,502,-6.236236236236225,covertype
real,h4_covertype_d,hddmw+hedge,69.8998998998999,457,-0.7937937937937845,covertype
real,h4_covertype_d,adwin,54.6006006006006,449,-16.093093093093092,covertype
real,h4_covertype_d,adwin+half,62.73073073073072,376,-7.962962962962972,covertype
real,h4_covertype_d,adwin+hedge,70.1961961961962,311,-0.49749749749750105,covertype
real,h4_covertype_d,ph,61.11911911911911,206,-9.57457457457458,covertype
real,h4_covertype_d,ph+half,67.15915915915916,168,-3.534534534534528,covertype
real,h4_covertype_d,ph+hedge,70.14014014014013,148,-0.5535535535535541,covertype
real,h4_covertype_d,kswin,59.960960960960975,456,-10.73273273273272,covertype
real,h4_covertype_d,kswin+half,64.81581581581581,444,-5.8778778778778795,covertype
real,h4_covertype_d,kswin+hedge,69.63663663663664,401,-1.0570570570570537,covertype
real,h4_covertype_e,none,94.54954954954957,0,0.0,covertype
real,h4_covertype_e,ddmM,90.32432432432432,102,-4.225225225225238,covertype
real,h4_covertype_e,ddm,90.32432432432432,102,-4.225225225225238,covertype
real,h4_covertype_e,ddm+half,88.71371371371372,146,-5.835835835835845,covertype
real,h4_covertype_e,ddm+hedge,94.2002002002002,200,-0.34934934934935935,covertype
real,h4_covertype_e,eddm,70.32332332332332,474,-24.226226226226245,covertype
real,h4_covertype_e,eddm+half,80.77477477477478,308,-13.774774774774778,covertype
real,h4_covertype_e,eddm+hedge,94.22422422422423,116,-0.32532532532533187,covertype
real,h4_covertype_e,fhddm,66.17017017017017,284,-28.3793793793794,covertype
real,h4_covertype_e,fhddm+half,88.52952952952953,81,-6.020020020020034,covertype
real,h4_covertype_e,fhddm+hedge,94.41741741741741,30,-0.13213213213214559,covertype
real,h4_covertype_e,hddma,66.96296296296296,596,-27.58658658658659,covertype
real,h4_covertype_e,hddma+half,79.8998998998999,386,-14.649649649649653,covertype
real,h4_covertype_e,hddma+hedge,94.13813813813815,156,-0.411411411411422,covertype
real,h4_covertype_e,hddmw,65.91891891891892,485,-28.630630630630638,covertype
real,h4_covertype_e,hddmw+half,81.14714714714715,267,-13.402402402402402,covertype
real,h4_covertype_e,hddmw+hedge,94.35735735735736,75,-0.19219219219219763,covertype
real,h4_covertype_e,adwin,62.20520520520522,387,-32.34434434434434,covertype
real,h4_covertype_e,adwin+half,79.24024024024024,239,-15.309309309309317,covertype
real,h4_covertype_e,adwin+hedge,94.35135135135134,56,-0.19819819819821838,covertype
real,h4_covertype_e,ph,68.03003003003002,232,-26.51951951951954,covertype
real,h4_covertype_e,ph+half,84.2992992992993,133,-10.250250250250248,covertype
real,h4_covertype_e,ph+hedge,94.39939939939941,22,-0.15015015015015232,covertype
real,h4_covertype_e,kswin,62.27027027027027,458,-32.279279279279294,covertype
real,h4_covertype_e,kswin+half,86.76376376376376,148,-7.785785785785803,covertype
real,h4_covertype_e,kswin+hedge,94.27727727727728,77,-0.27227227227228923,covertype
real,h4_poker_d,none,88.66166166166167,0,0.0,poker
real,h4_poker_d,ddmM,83.44244244244244,457,-5.219219219219218,poker
real,h4_poker_d,ddm,83.47547547547548,452,-5.186186186186181,poker
real,h4_poker_d,ddm+half,84.84784784784785,484,-3.8138138138138156,poker
real,h4_poker_d,ddm+hedge,87.74774774774774,378,-0.9139139139139218,poker
real,h4_poker_d,eddm,81.32432432432432,357,-7.337337337337335,poker
real,h4_poker_d,eddm+half,85.73673673673675,268,-2.924924924924921,poker
real,h4_poker_d,eddm+hedge,87.64664664664666,247,-1.0150150150150083,poker
real,h4_poker_d,fhddm,83.77777777777777,169,-4.883883883883888,poker
real,h4_poker_d,fhddm+half,85.97297297297298,159,-2.6886886886886785,poker
real,h4_poker_d,fhddm+hedge,88.48848848848849,122,-0.17317317317316894,poker
real,h4_poker_d,hddma,81.14514514514515,536,-7.516516516516514,poker
real,h4_poker_d,hddma+half,84.45345345345346,478,-4.208208208208197,poker
real,h4_poker_d,hddma+hedge,87.33633633633634,424,-1.3253253253253217,poker
real,h4_poker_d,hddmw,83.3143143143143,288,-5.347347347347354,poker
real,h4_poker_d,hddmw+half,86.17617617617618,263,-2.4854854854854724,poker
real,h4_poker_d,hddmw+hedge,88.007007007007,235,-0.6546546546546517,poker
real,h4_poker_d,adwin,84.26426426426426,199,-4.397397397397407,poker
real,h4_poker_d,adwin+half,86.16516516516516,199,-2.496496496496503,poker
real,h4_poker_d,adwin+hedge,87.993993993994,172,-0.6676676676676707,poker
real,h4_poker_d,ph,86.37437437437437,102,-2.2872872872872874,poker
real,h4_poker_d,ph+half,87.5005005005005,102,-1.1611611611611616,poker
real,h4_poker_d,ph+hedge,88.09909909909909,96,-0.562562562562563,poker
real,h4_poker_d,kswin,84.16916916916917,220,-4.492492492492495,poker
real,h4_poker_d,kswin+half,86.25525525525526,205,-2.406406406406403,poker
real,h4_poker_d,kswin+hedge,88.1021021021021,171,-0.5595595595595637,poker
real,h4_poker_e,none,87.25525525525525,0,0.0,poker
real,h4_poker_e,ddmM,82.52552552552554,405,-4.729729729729715,poker
real,h4_poker_e,ddm,82.54554554554554,391,-4.709709709709708,poker
real,h4_poker_e,ddm+half,84.94794794794794,416,-2.3073073073073047,poker
real,h4_poker_e,ddm+hedge,87.13113113113113,374,-0.12412412412411422,poker
real,h4_poker_e,eddm,80.70570570570571,362,-6.549549549549538,poker
real,h4_poker_e,eddm+half,85.22522522522522,273,-2.030030030030028,poker
real,h4_poker_e,eddm+hedge,86.96596596596596,244,-0.2892892892892851,poker
real,h4_poker_e,fhddm,82.27227227227229,203,-4.982982982982964,poker
real,h4_poker_e,fhddm+half,85.87287287287288,165,-1.3823823823823744,poker
real,h4_poker_e,fhddm+hedge,87.58058058058059,143,0.325325325325343,poker
real,h4_poker_e,hddma,80.58358358358359,477,-6.671671671671664,poker
real,h4_poker_e,hddma+half,84.91191191191191,413,-2.3433433433433404,poker
real,h4_poker_e,hddma+hedge,86.88988988988989,387,-0.36536536536536657,poker
real,h4_poker_e,hddmw,81.49049049049049,322,-5.764764764764763,poker
real,h4_poker_e,hddmw+half,85.6926926926927,256,-1.5625625625625528,poker
real,h4_poker_e,hddmw+hedge,87.03503503503504,244,-0.22022022022021304,poker
real,h4_poker_e,adwin,82.61061061061062,242,-4.644644644644624,poker
real,h4_poker_e,adwin+half,85.7017017017017,227,-1.553553553553555,poker
real,h4_poker_e,adwin+hedge,87.22022022022023,205,-0.03503503503502481,poker
real,h4_poker_e,ph,84.4984984984985,136,-2.7567567567567397,poker
real,h4_poker_e,ph+half,85.75475475475476,130,-1.50050050050049,poker
real,h4_poker_e,ph+hedge,87.14414414414415,113,-0.11111111111109517,poker
real,h4_poker_e,kswin,82.57157157157157,264,-4.6836836836836815,poker
real,h4_poker_e,kswin+half,86.17117117117115,216,-1.0840840840840915,poker
real,h4_poker_e,kswin+hedge,87.33533533533534,196,0.0800800800801027,poker
real,elec2,none,80.34955752212389,0,0.0,elec2
real,elec2,ddmM,79.75884955752213,209,-0.5907079646017555,elec2
real,elec2,ddm,79.75884955752213,207,-0.5907079646017555,elec2
real,elec2,ddm+half,80.38274336283186,203,0.03318584070797215,elec2
real,elec2,ddm+hedge,80.2146017699115,253,-0.13495575221238454,elec2
real,elec2,eddm,78.89601769911505,207,-1.4535398230088314,elec2
real,elec2,eddm+half,80.07522123893804,190,-0.2743362831858387,elec2
real,elec2,eddm+hedge,80.26991150442477,188,-0.07964601769910873,elec2
real,elec2,fhddm,79.80752212389382,76,-0.5420353982300674,elec2
real,elec2,fhddm+half,80.36061946902655,75,0.011061946902668485,elec2
real,elec2,fhddm+hedge,80.21238938053095,77,-0.1371681415929249,elec2
real,elec2,hddma,79.07743362831859,228,-1.2721238938052992,elec2
real,elec2,hddma+half,80.0066371681416,211,-0.34292035398229004,elec2
real,elec2,hddma+hedge,80.17699115044249,212,-0.172566371681393,elec2
real,elec2,hddmw,79.29424778761062,161,-1.0553097345132656,elec2
real,elec2,hddmw+half,80.08407079646017,147,-0.26548672566371057,elec2
real,elec2,hddmw+hedge,80.28318584070796,151,-0.06637168141592209,elec2
real,elec2,adwin,79.49336283185839,66,-0.8561946902654882,elec2
real,elec2,adwin+half,80.04646017699115,63,-0.3030973451327412,elec2
real,elec2,adwin+hedge,80.43584070796459,60,0.0862831858407076,elec2
real,elec2,ph,80.14601769911505,37,-0.20353982300883589,elec2
real,elec2,ph+half,80.17699115044248,37,-0.1725663716814041,elec2
real,elec2,ph+hedge,80.37831858407078,40,0.028761061946902533,elec2
real,elec2,kswin,79.69911504424778,123,-0.6504424778761009,elec2
real,elec2,kswin+half,79.9579646017699,123,-0.3915929203539781,elec2
real,elec2,kswin+hedge,80.24115044247786,118,-0.10840707964602236,elec2
real,insects_abrupt_balanced,none,76.66793168880456,0,0.0,insects
real,insects_abrupt_balanced,ddmM,76.66793168880456,0,0.0,insects
real,insects_abrupt_balanced,ddm,76.66793168880456,0,0.0,insects
real,insects_abrupt_balanced,ddm+half,76.66793168880456,0,0.0,insects
real,insects_abrupt_balanced,ddm+hedge,76.66793168880456,0,0.0,insects
real,insects_abrupt_balanced,eddm,76.47438330170777,44,-0.1935483870967869,insects
real,insects_abrupt_balanced,eddm+half,76.62808349146111,50,-0.039848197343450575,insects
real,insects_abrupt_balanced,eddm+hedge,76.7741935483871,61,0.10626185958254597,insects
real,insects_abrupt_balanced,fhddm,76.75521821631878,12,0.08728652751422983,insects
real,insects_abrupt_balanced,fhddm+half,76.8045540796964,11,0.13662239089183847,insects
real,insects_abrupt_balanced,fhddm+hedge,76.8045540796964,11,0.13662239089183847,insects
real,insects_abrupt_balanced,hddma,77.4079696394687,11,0.7400379506641408,insects
real,insects_abrupt_balanced,hddma+half,77.01138519924099,11,0.34345351043643113,insects
real,insects_abrupt_balanced,hddma+hedge,77.33396584440226,11,0.6660341555977056,insects
real,insects_abrupt_balanced,hddmw,77.40417457305503,17,0.7362428842504709,insects
real,insects_abrupt_balanced,hddmw+half,76.97343453510436,17,0.30550284629979885,insects
real,insects_abrupt_balanced,hddmw+hedge,77.33965844402277,17,0.671726755218216,insects
real,insects_abrupt_balanced,adwin,77.37571157495256,12,0.7077798861479967,insects
real,insects_abrupt_balanced,adwin+half,76.97912713472486,14,0.31119544592030923,insects
real,insects_abrupt_balanced,adwin+hedge,77.35104364326376,12,0.6831119544592035,insects
real,insects_abrupt_balanced,ph,77.34345351043643,17,0.6755218216318748,insects
real,insects_abrupt_balanced,ph+half,76.99620493358633,16,0.3282732447817738,insects
real,insects_abrupt_balanced,ph+hedge,77.18975332068312,16,0.5218216318785607,insects
real,insects_abrupt_balanced,kswin,77.47248576850096,11,0.8045540796963957,insects
real,insects_abrupt_balanced,kswin+half,77.01328273244782,11,0.3453510436432605,insects
real,insects_abrupt_balanced,kswin+hedge,77.35863377609108,12,0.690702087286521,insects
real,insects_gradual_balanced,none,79.02916666666667,0,0.0,insects
real,insects_gradual_balanced,ddmM,79.26666666666668,4,0.2375000000000127,insects
real,insects_gradual_balanced,ddm,79.26666666666668,4,0.2375000000000127,insects
real,insects_gradual_balanced,ddm+half,79.12083333333332,4,0.09166666666666767,insects
real,insects_gradual_balanced,ddm+hedge,79.19166666666668,4,0.16250000000000986,insects
real,insects_gradual_balanced,eddm,79.18333333333332,15,0.15416666666666634,insects
real,insects_gradual_balanced,eddm+half,78.8625,21,-0.1666666666666594,insects
real,insects_gradual_balanced,eddm+hedge,79.175,20,0.14583333333333393,insects
real,insects_gradual_balanced,fhddm,79.0125,6,-0.01666666666666483,insects
real,insects_gradual_balanced,fhddm+half,79.0625,6,0.033333333333340764,insects
real,insects_gradual_balanced,fhddm+hedge,79.05,6,0.02083333333333659,insects
real,insects_gradual_balanced,hddma,79.79583333333333,5,0.766666666666671,insects
real,insects_gradual_balanced,hddma+half,79.26666666666667,5,0.2375000000000016,insects
real,insects_gradual_balanced,hddma+hedge,79.54583333333332,5,0.5166666666666653,insects
real,insects_gradual_balanced,hddmw,79.47916666666667,10,0.45000000000000595,insects
real,insects_gradual_balanced,hddmw+half,79.1875,10,0.1583333333333381,insects
real,insects_gradual_balanced,hddmw+hedge,79.56249999999999,10,0.5333333333333301,insects
real,insects_gradual_balanced,adwin,79.40416666666667,7,0.3750000000000031,insects
real,insects_gradual_balanced,adwin+half,79.14166666666667,7,0.11250000000000426,insects
real,insects_gradual_balanced,adwin+hedge,79.35,7,0.32083333333333686,insects
real,insects_gradual_balanced,ph,79.28333333333335,6,0.25416666666667753,insects
real,insects_gradual_balanced,ph+half,79.18333333333334,6,0.15416666666667744,insects
real,insects_gradual_balanced,ph+hedge,79.33749999999999,7,0.3083333333333327,insects
real,insects_gradual_balanced,kswin,79.14583333333333,7,0.11666666666666492,insects
real,insects_gradual_balanced,kswin+half,79.1375,8,0.1083333333333436,insects
real,insects_gradual_balanced,kswin+hedge,79.4625,8,0.4333333333333411,insects
real,insects_incremental_balanced,none,65.93145869947276,0,0.0,insects
real,insects_incremental_balanced,ddmM,65.91388400702986,1,-0.017574692442889894,insects
real,insects_incremental_balanced,ddm,65.91388400702986,1,-0.017574692442889894,insects
real,insects_incremental_balanced,ddm+half,65.94551845342707,1,0.014059753954309695,insects
real,insects_incremental_balanced,ddm+hedge,65.93497363796132,2,0.003514938488569097,insects
real,insects_incremental_balanced,eddm,65.85588752196836,11,-0.07557117750439657,insects
real,insects_incremental_balanced,eddm+half,65.88224956063269,25,-0.04920913884006728,insects
real,insects_incremental_balanced,eddm+hedge,65.94903339191565,2,0.017574692442889894,insects
real,insects_incremental_balanced,fhddm,65.76801405975395,12,-0.16344463971880163,insects
real,insects_incremental_balanced,fhddm+half,65.92970123022846,10,-0.0017574692442900997,insects
real,insects_incremental_balanced,fhddm+hedge,65.91564147627417,10,-0.01581722319857759,insects
real,insects_incremental_balanced,hddma,65.93145869947276,1,0.0,insects
real,insects_incremental_balanced,hddma+half,65.92794376098419,1,-0.003514938488569097,insects
real,insects_incremental_balanced,hddma+hedge,65.94551845342707,1,0.014059753954309695,insects
real,insects_incremental_balanced,hddmw,65.31634446397187,29,-0.6151142355008798,insects
real,insects_incremental_balanced,hddmw+half,65.84534270650263,31,-0.08611599297011496,insects
real,insects_incremental_balanced,hddmw+hedge,65.90509666080844,32,-0.026362038664318188,insects
real,insects_incremental_balanced,adwin,65.88576449912125,3,-0.04569420035149818,insects
real,insects_incremental_balanced,adwin+half,65.9402460456942,3,0.008787346221439396,insects
real,insects_incremental_balanced,adwin+hedge,65.92970123022846,3,-0.0017574692442900997,insects
real,insects_incremental_balanced,ph,65.78207381370825,10,-0.14938488576450304,insects
real,insects_incremental_balanced,ph+half,65.92091388400704,9,-0.010544815465718393,insects
real,insects_incremental_balanced,ph+hedge,65.96309314586995,8,0.03163444639718849,insects
real,insects_incremental_balanced,kswin,65.74165202108962,9,-0.18980667838313092,insects
real,insects_incremental_balanced,kswin+half,65.91212653778558,10,-0.01933216168716889,insects
real,insects_incremental_balanced,kswin+hedge,65.896309314587,9,-0.035149384885757584,insects
real,insects_incremental_reoccurring_balanced,none,79.55889724310778,0,0.0,insects
real,insects_incremental_reoccurring_balanced,ddmM,79.88471177944862,14,0.32581453634085156,insects
real,insects_incremental_reoccurring_balanced,ddm,79.88471177944862,14,0.32581453634085156,insects
real,insects_incremental_reoccurring_balanced,ddm+half,79.71177944862154,16,0.1528822055137713,insects
real,insects_incremental_reoccurring_balanced,ddm+hedge,79.88345864661655,13,0.32456140350877183,insects
real,insects_incremental_reoccurring_balanced,eddm,79.50751879699249,49,-0.051378446115291077,insects
real,insects_incremental_reoccurring_balanced,eddm+half,79.60651629072682,70,0.04761904761904079,insects
real,insects_incremental_reoccurring_balanced,eddm+hedge,79.74561403508773,86,0.18671679197994617,insects
real,insects_incremental_reoccurring_balanced,fhddm,79.56892230576442,19,0.010025062656637829,insects
real,insects_incremental_reoccurring_balanced,fhddm+half,79.61027568922306,19,0.051378446115279974,insects
real,insects_incremental_reoccurring_balanced,fhddm+hedge,79.6766917293233,19,0.1177944862155278,insects
real,insects_incremental_reoccurring_balanced,hddma,80.14035087719297,17,0.581453634085205,insects
real,insects_incremental_reoccurring_balanced,hddma+half,79.81453634085214,15,0.25563909774436455,insects
real,insects_incremental_reoccurring_balanced,hddma+hedge,80.14411027568923,16,0.5852130325814553,insects
real,insects_incremental_reoccurring_balanced,hddmw,80.12531328320803,26,0.5664160401002594,insects
real,insects_incremental_reoccurring_balanced,hddmw+half,79.82581453634086,26,0.2669172932330821,insects
real,insects_incremental_reoccurring_balanced,hddmw+hedge,80.18295739348372,27,0.624060150375938,insects
real,insects_incremental_reoccurring_balanced,adwin,80.21929824561404,19,0.6604010025062723,insects
real,insects_incremental_reoccurring_balanced,adwin+half,79.93984962406014,20,0.3809523809523707,insects
real,insects_incremental_reoccurring_balanced,adwin+hedge,80.1829573934837,18,0.6240601503759269,insects
real,insects_incremental_reoccurring_balanced,ph,80.02631578947367,18,0.4674185463658942,insects
real,insects_incremental_reoccurring_balanced,ph+half,79.8345864661654,22,0.2756892230576291,insects
real,insects_incremental_reoccurring_balanced,ph+hedge,80.09022556390978,19,0.5313283208020048,insects
real,insects_incremental_reoccurring_balanced,kswin,80.09273182957395,18,0.5338345864661753,insects
real,insects_incremental_reoccurring_balanced,kswin+half,79.80075187969923,18,0.24185463659146533,insects
real,insects_incremental_reoccurring_balanced,kswin+hedge,80.09273182957395,17,0.5338345864661753,insects
real,gas,none,84.03623188405797,0,0.0,gas
real,gas,ddmM,81.18115942028986,54,-2.8550724637681046,gas
real,gas,ddm,81.18115942028986,54,-2.8550724637681046,gas
real,gas,ddm+half,82.89855072463769,52,-1.1376811594202785,gas
real,gas,ddm+hedge,83.31884057971014,51,-0.7173913043478253,gas
real,gas,eddm,82.07246376811594,39,-1.9637681159420217,gas
real,gas,eddm+half,82.54347826086956,36,-1.492753623188403,gas
real,gas,eddm+hedge,82.34782608695652,39,-1.6884057971014443,gas
real,gas,fhddm,80.3913043478261,29,-3.644927536231879,gas
real,gas,fhddm+half,83.43478260869566,25,-0.6014492753623091,gas
real,gas,fhddm+hedge,83.4927536231884,26,-0.5434782608695565,gas
real,gas,hddma,82.25362318840578,46,-1.782608695652177,gas
real,gas,hddma+half,82.0,49,-2.0362318840579707,gas
real,gas,hddma+hedge,82.16666666666667,49,-1.8695652173913002,gas
real,gas,hddmw,83.34782608695653,38,-0.6884057971014323,gas
real,gas,hddmw+half,83.16666666666667,40,-0.8695652173912993,gas
real,gas,hddmw+hedge,83.22463768115942,38,-0.8115942028985468,gas
real,gas,adwin,82.68840579710145,40,-1.3478260869565162,gas
real,gas,adwin+half,84.04347826086955,38,0.00724637681158713,gas
real,gas,adwin+hedge,83.48550724637681,39,-0.5507246376811548,gas
real,gas,ph,80.18115942028986,24,-3.8550724637681055,gas
real,gas,ph+half,82.14492753623188,22,-1.8913043478260838,gas
real,gas,ph+hedge,83.62318840579711,23,-0.41304347826085497,gas
real,gas,kswin,80.92753623188406,42,-3.1086956521739095,gas
real,gas,kswin+half,84.02173913043477,38,-0.014492753623196464,gas
real,gas,kswin+hedge,82.33333333333333,43,-1.7028985507246408,gas
real,occupancy,none,93.77450980392157,0,0.0,occupancy
real,occupancy,ddmM,93.41666666666669,34,-0.35784313725489847,occupancy
real,occupancy,ddm,93.41666666666669,34,-0.35784313725489847,occupancy
real,occupancy,ddm+half,93.97058823529412,35,0.19607843137253722,occupancy
real,occupancy,ddm+hedge,93.6764705882353,35,-0.09803921568627416,occupancy
real,occupancy,eddm,92.83333333333333,21,-0.9411764705882453,occupancy
real,occupancy,eddm+half,93.83823529411765,20,0.06372549019607598,occupancy
real,occupancy,eddm+hedge,94.12254901960783,19,0.34803921568625773,occupancy
real,occupancy,fhddm,92.5,20,-1.2745098039215863,occupancy
real,occupancy,fhddm+half,93.8578431372549,19,0.08333333333332416,occupancy
real,occupancy,fhddm+hedge,93.08823529411764,19,-0.6862745098039413,occupancy
real,occupancy,hddma,92.9264705882353,31,-0.8480392156862804,occupancy
real,occupancy,hddma+half,93.52941176470588,31,-0.2450980392156965,occupancy
real,occupancy,hddma+hedge,93.77450980392157,31,0.0,occupancy
real,occupancy,hddmw,92.91666666666667,25,-0.85784313725491,occupancy
real,occupancy,hddmw+half,93.54411764705881,26,-0.2303921568627687,occupancy
real,occupancy,hddmw+hedge,93.87254901960785,24,0.09803921568626306,occupancy
real,occupancy,adwin,92.84803921568628,26,-0.9264705882352953,occupancy
real,occupancy,adwin+half,93.64705882352942,26,-0.12745098039216307,occupancy
real,occupancy,adwin+hedge,94.12254901960783,23,0.34803921568625773,occupancy
real,occupancy,ph,92.9313725490196,17,-0.8431372549019822,occupancy
real,occupancy,ph+half,93.66176470588236,15,-0.11274509803921307,occupancy
real,occupancy,ph+hedge,93.79901960784314,15,0.024509803921557438,occupancy
real,occupancy,kswin,92.55882352941175,30,-1.2156862745098196,occupancy
real,occupancy,kswin+half,93.54411764705881,27,-0.2303921568627687,occupancy
real,occupancy,kswin+hedge,93.87254901960785,25,0.09803921568626306,occupancy
real,room,none,96.03,0,0.0,room
real,room,ddmM,92.71000000000001,17,-3.3200000000000007,room
real,room,ddm,92.71000000000001,17,-3.3200000000000007,room
real,room,ddm+half,94.5,17,-1.5300000000000091,room
real,room,ddm+hedge,93.87,17,-2.1599999999999953,room
real,room,eddm,93.43,11,-2.6000000000000023,room
real,room,eddm+half,94.89000000000001,9,-1.1399999999999855,room
real,room,eddm+hedge,94.83000000000001,9,-1.19999999999999,room
real,room,fhddm,93.44,5,-2.5900000000000034,room
real,room,fhddm+half,94.18,5,-1.849999999999996,room
real,room,fhddm+hedge,94.65,5,-1.3800000000000034,room
real,room,hddma,92.71000000000001,17,-3.3200000000000007,room
real,room,hddma+half,94.88,14,-1.1500000000000066,room
real,room,hddma+hedge,94.34,15,-1.6900000000000026,room
real,room,hddmw,92.95,15,-3.080000000000005,room
real,room,hddmw+half,94.88,11,-1.1500000000000066,room
real,room,hddmw+hedge,94.82,11,-1.210000000000011,room
real,room,adwin,93.43,11,-2.6000000000000023,room
real,room,adwin+half,94.89000000000001,9,-1.1399999999999855,room
real,room,adwin+hedge,94.83000000000001,9,-1.19999999999999,room
real,room,ph,93.28999999999999,8,-2.740000000000009,room
real,room,ph+half,94.44999999999999,8,-1.5800000000000147,room
real,room,ph+hedge,94.1,8,-1.9300000000000095,room
real,room,kswin,93.34,13,-2.6900000000000035,room
real,room,kswin+half,94.88,11,-1.1500000000000066,room
real,room,kswin+hedge,94.83,11,-1.200000000000001,room
real,bank,none,89.92195121951218,0,0.0,bank
real,bank,ddmM,89.90243902439023,10,-0.019512195121951237,bank
real,bank,ddm,89.90243902439023,10,-0.019512195121951237,bank
real,bank,ddm+half,89.92439024390244,8,0.002439024390255007,bank
real,bank,ddm+hedge,89.92195121951218,10,0.0,bank
real,bank,eddm,89.70731707317073,64,-0.2146341463414636,bank
real,bank,eddm+half,90.01463414634146,54,0.09268292682927948,bank
real,bank,eddm+hedge,89.90487804878049,66,-0.01707317073169623,bank
real,bank,fhddm,89.89512195121951,5,-0.02682926829267185,bank
real,bank,fhddm+half,89.89512195121951,5,-0.02682926829267185,bank
real,bank,fhddm+hedge,89.90731707317073,5,-0.014634146341452325,bank
real,bank,hddma,89.96585365853657,4,0.04390243902439028,bank
real,bank,hddma+half,89.93658536585365,4,0.014634146341463428,bank
real,bank,hddma+hedge,89.95365853658535,5,0.03170731707317076,bank
real,bank,hddmw,89.88780487804877,9,-0.034146341463414664,bank
real,bank,hddmw+half,89.95121951219511,8,0.029268292682926855,bank
real,bank,hddmw+hedge,89.96097560975609,9,0.039024390243902474,bank
real,bank,adwin,90.00487804878048,9,0.08292682926829276,bank
real,bank,adwin+half,90.00487804878048,9,0.08292682926829276,bank
real,bank,adwin+hedge,89.98292682926828,9,0.060975609756097615,bank
real,bank,ph,89.90731707317073,11,-0.014634146341452325,bank
real,bank,ph+half,89.9170731707317,11,-0.004878048780487809,bank
real,bank,ph+hedge,89.92439024390244,11,0.002439024390255007,bank
real,bank,kswin,89.9780487804878,4,0.056097560975609806,bank
real,bank,kswin+half,89.9560975609756,5,0.03414634146342577,bank
real,bank,kswin+hedge,89.96585365853659,4,0.043902439024401385,bank
real,kdd,none,98.81681681681681,0,0.0,kdd
real,kdd,ddmM,98.56356356356358,59,-0.25325325325323833,kdd
real,kdd,ddm,98.56956956956957,58,-0.2472472472472398,kdd
real,kdd,ddm+half,98.75975975975975,53,-0.057057057057063876,kdd
real,kdd,ddm+hedge,98.76976976976978,53,-0.047047047047033,kdd
real,kdd,eddm,98.63863863863862,23,-0.17817817817817883,kdd
real,kdd,eddm+half,98.8068068068068,22,-0.010010010010008674,kdd
real,kdd,eddm+hedge,98.78178178178177,23,-0.03503503503503591,kdd
real,kdd,fhddm,98.61161161161161,19,-0.20520520520520558,kdd
real,kdd,fhddm+half,98.74074074074073,19,-0.07607607607607036,kdd
real,kdd,fhddm+hedge,98.68568568568567,18,-0.13113113113113473,kdd
real,kdd,hddma,98.66566566566567,37,-0.15115115115114097,kdd
real,kdd,hddma+half,98.82582582582582,34,0.009009009009008917,kdd
real,kdd,hddma+hedge,98.78778778778778,36,-0.029029029029026265,kdd
real,kdd,hddmw,98.67167167167167,28,-0.14514514514514243,kdd
real,kdd,hddmw+half,98.81181181181181,27,-0.005005005004998786,kdd
real,kdd,hddmw+hedge,98.78578578578579,26,-0.03103103103102578,kdd
real,kdd,adwin,98.64564564564566,32,-0.17117117117115832,kdd
real,kdd,adwin+half,98.81381381381381,29,-0.0030030030029992716,kdd
real,kdd,adwin+hedge,98.78678678678679,30,-0.030030030030026023,kdd
real,kdd,ph,98.81281281281281,14,-0.004004004003999029,kdd
real,kdd,ph+half,98.81881881881881,14,0.0020020020019995144,kdd
real,kdd,ph+hedge,98.81781781781781,14,0.0010010010009997572,kdd
real,kdd,kswin,98.63263263263264,27,-0.18418418418417737,kdd
real,kdd,kswin+half,98.8108108108108,25,-0.006006006006009645,kdd
real,kdd,kswin+hedge,98.78678678678679,25,-0.030030030030026023,kdd
real,eeg,none,83.97297297297298,0,0.0,eeg
real,eeg,ddmM,89.1418918918919,33,5.168918918918919,eeg
real,eeg,ddm,89.29054054054053,31,5.317567567567549,eeg
real,eeg,ddm+half,85.52027027027029,46,1.547297297297301,eeg
real,eeg,ddm+hedge,88.17567567567568,33,4.202702702702698,eeg
real,eeg,eddm,88.62162162162161,25,4.648648648648635,eeg
real,eeg,eddm+half,84.78378378378379,35,0.8108108108108025,eeg
real,eeg,eddm+hedge,87.72972972972973,26,3.7567567567567517,eeg
real,eeg,fhddm,85.57432432432432,18,1.6013513513513433,eeg
real,eeg,fhddm+half,84.70945945945945,20,0.7364864864864762,eeg
real,eeg,fhddm+hedge,85.75675675675674,18,1.7837837837837656,eeg
real,eeg,hddma,88.98648648648648,30,5.013513513513502,eeg
real,eeg,hddma+half,85.3445945945946,45,1.3716216216216104,eeg
real,eeg,hddma+hedge,87.85810810810811,32,3.8851351351351315,eeg
real,eeg,hddmw,88.69594594594595,25,4.722972972972972,eeg
real,eeg,hddmw+half,84.81081081081082,36,0.8378378378378404,eeg
real,eeg,hddmw+hedge,87.47972972972973,26,3.506756756756746,eeg
real,eeg,adwin,88.4527027027027,29,4.47972972972972,eeg
real,eeg,adwin+half,84.83783783783785,33,0.8648648648648671,eeg
real,eeg,adwin+hedge,87.05405405405405,30,3.081081081081072,eeg
real,eeg,ph,88.64189189189189,19,4.668918918918907,eeg
real,eeg,ph+half,84.68243243243244,23,0.7094594594594494,eeg
real,eeg,ph+hedge,87.53378378378379,20,3.5608108108108105,eeg
real,eeg,kswin,88.46621621621622,29,4.4932432432432385,eeg
real,eeg,kswin+half,85.13513513513514,30,1.1621621621621614,eeg
real,eeg,kswin+hedge,87.00675675675676,29,3.0337837837837833,eeg
real,news,none,64.67848101265822,0,0.0,news
real,news,ddmM,64.67848101265822,0,0.0,news
real,news,ddm,64.67848101265822,0,0.0,news
real,news,ddm+half,64.67848101265822,0,0.0,news
real,news,ddm+hedge,64.67848101265822,0,0.0,news
real,news,eddm,63.97468354430379,67,-0.7037974683544279,news
real,news,eddm+half,64.60759493670885,13,-0.07088607594937235,news
real,news,eddm+hedge,64.66835443037974,1,-0.010126582278480178,news
real,news,fhddm,64.29367088607594,22,-0.384810126582269,news
real,news,fhddm+half,64.62278481012657,19,-0.05569620253164098,news
real,news,fhddm+hedge,64.61772151898735,20,-0.06075949367086997,news
real,news,hddma,64.67848101265822,0,0.0,news
real,news,hddma+half,64.67848101265822,0,0.0,news
real,news,hddma+hedge,64.67848101265822,0,0.0,news
real,news,hddmw,63.67848101265822,36,-1.0000000000000009,news
real,news,hddmw+half,64.46835443037973,38,-0.21012658227848036,news
real,news,hddmw+hedge,64.72911392405064,40,0.050632911392411994,news
real,news,adwin,64.63037974683543,3,-0.0481012658227864,news
real,news,adwin+half,64.64303797468354,3,-0.035443037974680625,news
real,news,adwin+hedge,64.65063291139239,3,-0.027848101265826042,news
real,news,ph,64.43797468354431,10,-0.2405063291139098,news
real,news,ph+half,64.64303797468354,8,-0.035443037974680625,news
real,news,ph+hedge,64.65569620253164,8,-0.02278481012657485,news
real,news,kswin,64.35949367088607,13,-0.3189873417721478,news
real,news,kswin+half,64.65316455696203,13,-0.025316455696189344,news
real,news,kswin+hedge,64.67341772151897,13,-0.005063291139240089,news
real,home,none,97.92792792792794,0,0.0,home
real,home,ddmM,98.42942942942943,33,0.501501501501489,home
real,home,ddm,98.42942942942943,33,0.501501501501489,home
real,home,ddm+half,98.0800800800801,39,0.15215215215215183,home
real,home,ddm+hedge,98.38738738738738,33,0.45945945945944366,home
real,home,eddm,98.45045045045045,23,0.5225225225225061,home
real,home,eddm+half,98.02202202202203,30,0.0940940940940882,home
real,home,eddm+hedge,98.37037037037038,25,0.4424424424424367,home
real,home,fhddm,98.13413413413411,19,0.20620620620618313,home
real,home,fhddm+half,98.01801801801803,20,0.09009009009008917,home
real,home,fhddm+hedge,98.13413413413411,19,0.20620620620618313,home
real,home,hddma,98.42942942942943,27,0.5015015015015001,home
real,home,hddma+half,98.0900900900901,36,0.1621621621621605,home
real,home,hddma+hedge,98.41841841841841,29,0.49049049049046944,home
real,home,hddmw,98.41641641641642,25,0.48848848848848103,home
real,home,hddmw+half,98.03303303303304,31,0.10510510510509663,home
real,home,hddmw+hedge,98.34734734734735,27,0.41941941941940897,home
real,home,adwin,98.41641641641642,25,0.48848848848848103,home
real,home,adwin+half,98.05305305305306,31,0.12512512512512508,home
real,home,adwin+hedge,98.34734734734735,27,0.41941941941940897,home
real,home,ph,98.37037037037038,17,0.4424424424424367,home
real,home,ph+half,98.01501501501501,21,0.0870870870870677,home
real,home,ph+hedge,98.28428428428428,19,0.35635635635634655,home
real,home,kswin,98.35935935935936,25,0.43143143143142826,home
real,home,kswin+half,98.05305305305306,32,0.12512512512512508,home
real,home,kswin+hedge,98.34734734734735,27,0.41941941941940897,home
real,wall,none,82.09433962264148,0,0.0,wall
real,wall,ddmM,71.75471698113205,16,-10.339622641509438,wall
real,wall,ddm,72.11320754716978,15,-9.98113207547171,wall
real,wall,ddm+half,78.77358490566037,23,-3.3207547169811114,wall
real,wall,ddm+hedge,78.83018867924528,33,-3.2641509433962046,wall
real,wall,eddm,60.56603773584905,36,-21.528301886792434,wall
real,wall,eddm+half,79.03773584905659,21,-3.0566037735848983,wall
real,wall,eddm+hedge,78.67924528301886,22,-3.4150943396226263,wall
real,wall,fhddm,72.62264150943395,15,-9.471698113207538,wall
real,wall,fhddm+half,80.50943396226413,11,-1.584905660377356,wall
real,wall,fhddm+hedge,81.16981132075472,10,-0.9245283018867734,wall
real,wall,hddma,59.47169811320755,42,-22.62264150943394,wall
real,wall,hddma+half,79.2075471698113,30,-2.886792452830178,wall
real,wall,hddma+hedge,78.92452830188678,32,-3.1698113207547007,wall
real,wall,hddmw,64.22641509433961,24,-17.86792452830187,wall
real,wall,hddmw+half,80.37735849056601,19,-1.716981132075479,wall
real,wall,hddmw+hedge,78.60377358490565,23,-3.4905660377358316,wall
real,wall,adwin,72.47169811320754,14,-9.622641509433949,wall
real,wall,adwin+half,80.86792452830187,13,-1.2264150943396168,wall
real,wall,adwin+hedge,81.18867924528301,11,-0.9056603773584748,wall
real,wall,ph,77.79245283018868,10,-4.301886792452814,wall
real,wall,ph+half,79.77358490566036,5,-2.3207547169811327,wall
real,wall,ph+hedge,81.94339622641508,4,-0.15094339622641062,wall
real,wall,kswin,68.13207547169812,23,-13.962264150943371,wall
real,wall,kswin+half,78.58490566037733,19,-3.5094339622641635,wall
real,wall,kswin+hedge,79.49056603773585,19,-2.6037735849056443,wall
real,chest,none,97.93193193193194,0,0.0,chest
real,chest,ddmM,99.04304304304304,9,1.1111111111111072,chest
real,chest,ddm,99.04304304304304,9,1.1111111111111072,chest
real,chest,ddm+half,98.23723723723724,11,0.3053053053053034,chest
real,chest,ddm+hedge,98.91791791791792,9,0.9859859859859821,chest
real,chest,eddm,99.12612612612612,10,1.194194194194187,chest
real,chest,eddm+half,98.34334334334334,15,0.4114114114113998,chest
real,chest,eddm+hedge,99.02502502502503,10,1.0930930930930893,chest
real,chest,fhddm,98.18718718718719,8,0.25525525525524895,chest
real,chest,fhddm+half,98.1091091091091,9,0.17717717717716797,chest
real,chest,fhddm+hedge,98.18718718718719,8,0.25525525525524895,chest
real,chest,hddma,99.02302302302303,12,1.0910910910910898,chest
real,chest,hddma+half,98.21521521521522,12,0.28328328328328656,chest
real,chest,hddma+hedge,98.88988988988989,10,0.9579579579579445,chest
real,chest,hddmw,99.07307307307308,12,1.1411411411411332,chest
real,chest,hddmw+half,98.27127127127127,12,0.3393393393393396,chest
real,chest,hddmw+hedge,98.8108108108108,10,0.8788788788788748,chest
real,chest,adwin,99.08008008008008,12,1.1481481481481426,chest
real,chest,adwin+half,98.42542542542543,16,0.4934934934934909,chest
real,chest,adwin+hedge,98.97697697697697,12,1.0450450450450344,chest
real,chest,ph,99.10810810810811,10,1.176176176176169,chest
real,chest,ph+half,98.30030030030031,16,0.36836836836836584,chest
real,chest,ph+hedge,99.01401401401402,10,1.082082082082081,chest
real,chest,kswin,99.06606606606606,12,1.1341341341341238,chest
real,chest,kswin+half,98.35535535535534,16,0.423423423423408,chest
real,chest,kswin+hedge,98.95995995995996,13,1.0280280280280163,chest
syn,agrawal_s10,none,92.0460251046025,0,0.0,agrawal
syn,agrawal_s10,ddmM,96.10041841004184,16,4.05439330543933,agrawal
syn,agrawal_s10,ddm,96.10041841004184,16,4.05439330543933,agrawal
syn,agrawal_s10,ddm+half,93.6610878661088,11,1.6150627615062807,agrawal
syn,agrawal_s10,ddm+hedge,96.00836820083684,12,3.962343096234322,agrawal
syn,agrawal_s10,eddm,96.163179916318,13,4.117154811715484,agrawal
syn,agrawal_s10,eddm+half,94.18410041841004,18,2.1380753138075304,agrawal
syn,agrawal_s10,eddm+hedge,96.00418410041843,11,3.958158995815919,agrawal
syn,agrawal_s10,fhddm,91.8786610878661,11,-0.16736401673640433,agrawal
syn,agrawal_s10,fhddm+half,92.17154811715483,11,0.1255230125523088,agrawal
syn,agrawal_s10,fhddm+hedge,92.0418410041841,11,-0.004184100418402892,agrawal
syn,agrawal_s10,hddma,96.23012552301256,11,4.184100418410042,agrawal
syn,agrawal_s10,hddma+half,93.6610878661088,11,1.6150627615062807,agrawal
syn,agrawal_s10,hddma+hedge,96.00418410041843,11,3.958158995815919,agrawal
syn,agrawal_s10,hddmw,96.23012552301256,11,4.184100418410042,agrawal
syn,agrawal_s10,hddmw+half,93.6610878661088,11,1.6150627615062807,agrawal
syn,agrawal_s10,hddmw+hedge,96.00418410041843,11,3.958158995815919,agrawal
syn,agrawal_s10,adwin,96.10878661087867,13,4.062761506276146,agrawal
syn,agrawal_s10,adwin+half,93.56485355648536,22,1.5188284518828477,agrawal
syn,agrawal_s10,adwin+hedge,95.97907949790796,15,3.9330543933054463,agrawal
syn,agrawal_s10,ph,94.64016736401673,11,2.5941422594142227,agrawal
syn,agrawal_s10,ph+half,93.7866108786611,15,1.7405857740585784,agrawal
syn,agrawal_s10,ph+hedge,94.59832635983265,12,2.5523012552301383,agrawal
syn,agrawal_s10,kswin,95.7949790794979,10,3.748953974895397,agrawal
syn,agrawal_s10,kswin+half,93.46861924686192,12,1.4225941422594035,agrawal
syn,agrawal_s10,kswin+hedge,95.58577405857741,10,3.539748953974897,agrawal
syn,agrawal_s11,none,91.84518828451883,0,0.0,agrawal
syn,agrawal_s11,ddmM,96.1255230125523,24,4.280334728033486,agrawal
syn,agrawal_s11,ddm,96.1255230125523,24,4.280334728033486,agrawal
syn,agrawal_s11,ddm+half,93.42677824267783,11,1.5815899581590132,agrawal
syn,agrawal_s11,ddm+hedge,95.97071129707113,22,4.125523012552312,agrawal
syn,agrawal_s11,eddm,96.30125523012553,11,4.456066945606718,agrawal
syn,agrawal_s11,eddm+half,94.23849372384939,20,2.393305439330562,agrawal
syn,agrawal_s11,eddm+hedge,95.86610878661088,13,4.020920502092062,agrawal
syn,agrawal_s11,fhddm,91.5857740585774,11,-0.2594142259414234,agrawal
syn,agrawal_s11,fhddm+half,91.94560669456067,11,0.10041841004184704,agrawal
syn,agrawal_s11,fhddm+hedge,91.8284518828452,11,-0.01673640167362267,agrawal
syn,agrawal_s11,hddma,96.30125523012553,11,4.456066945606718,agrawal
syn,agrawal_s11,hddma+half,93.42677824267783,11,1.5815899581590132,agrawal
syn,agrawal_s11,hddma+hedge,96.01673640167365,11,4.171548117154833,agrawal
syn,agrawal_s11,hddmw,96.30125523012553,11,4.456066945606718,agrawal
syn,agrawal_s11,hddmw+half,93.42677824267783,11,1.5815899581590132,agrawal
syn,agrawal_s11,hddmw+hedge,96.01673640167365,11,4.171548117154833,agrawal
syn,agrawal_s11,adwin,96.25104602510461,12,4.405857740585795,agrawal
syn,agrawal_s11,adwin+half,93.35146443514645,22,1.5062761506276279,agrawal
syn,agrawal_s11,adwin+hedge,95.94560669456067,14,4.100418410041851,agrawal
syn,agrawal_s11,ph,95.10460251046025,11,3.259414225941437,agrawal
syn,agrawal_s11,ph+half,93.64853556485356,16,1.803347280334744,agrawal
syn,agrawal_s11,ph+hedge,94.89958158995816,13,3.05439330543934,agrawal
syn,agrawal_s11,kswin,95.54393305439332,9,3.6987447698744957,agrawal
syn,agrawal_s11,kswin+half,93.40167364016737,12,1.5564853556485514,agrawal
syn,agrawal_s11,kswin+hedge,95.61506276150628,11,3.769874476987456,agrawal
syn,agrawal_s12,none,91.90794979079499,0,0.0,agrawal
syn,agrawal_s12,ddmM,96.1171548117155,13,4.209205020920503,agrawal
syn,agrawal_s12,ddm,96.1171548117155,13,4.209205020920503,agrawal
syn,agrawal_s12,ddm+half,93.61506276150628,11,1.7071129707112997,agrawal
syn,agrawal_s12,ddm+hedge,95.94560669456067,16,4.037656903765685,agrawal
syn,agrawal_s12,eddm,96.15481171548117,12,4.2468619246861845,agrawal
syn,agrawal_s12,eddm+half,93.84937238493724,14,1.9414225941422614,agrawal
syn,agrawal_s12,eddm+hedge,95.98744769874477,13,4.079497907949792,agrawal
syn,agrawal_s12,fhddm,91.73221757322176,11,-0.17573221757322122,agrawal
syn,agrawal_s12,fhddm+half,92.0460251046025,11,0.13807531380752858,agrawal
syn,agrawal_s12,fhddm+hedge,91.93723849372387,11,0.029288702928875754,agrawal
syn,agrawal_s12,hddma,96.17991631799163,11,4.271966527196646,agrawal
syn,agrawal_s12,hddma+half,93.61506276150628,11,1.7071129707112997,agrawal
syn,agrawal_s12,hddma+hedge,95.98744769874477,11,4.079497907949792,agrawal
syn,agrawal_s12,hddmw,96.17991631799163,11,4.271966527196646,agrawal
syn,agrawal_s12,hddmw+half,93.61506276150628,11,1.7071129707112997,agrawal
syn,agrawal_s12,hddmw+hedge,95.98744769874477,11,4.079497907949792,agrawal
syn,agrawal_s12,adwin,96.17991631799163,11,4.271966527196646,agrawal
syn,agrawal_s12,adwin+half,93.55230125523013,22,1.6443514644351453,agrawal
syn,agrawal_s12,adwin+hedge,95.98326359832636,13,4.075313807531378,agrawal
syn,agrawal_s12,ph,95.22175732217573,11,3.3138075313807525,agrawal
syn,agrawal_s12,ph+half,93.72384937238493,17,1.8158995815899526,agrawal
syn,agrawal_s12,ph+hedge,95.10041841004185,11,3.1924686192468688,agrawal
syn,agrawal_s12,kswin,96.17991631799163,11,4.271966527196646,agrawal
syn,agrawal_s12,kswin+half,93.744769874477,13,1.8368200836820114,agrawal
syn,agrawal_s12,kswin+hedge,95.98744769874477,11,4.079497907949792,agrawal
syn,agrawal_s13,none,91.96234309623432,0,0.0,agrawal
syn,agrawal_s13,ddmM,96.05857740585775,16,4.0962343096234255,agrawal
syn,agrawal_s13,ddm,96.05857740585775,16,4.0962343096234255,agrawal
syn,agrawal_s13,ddm+half,93.9581589958159,12,1.9958158995815767,agrawal
syn,agrawal_s13,ddm+hedge,95.90376569037657,14,3.941422594142252,agrawal
syn,agrawal_s13,eddm,96.21757322175732,12,4.255230125523002,agrawal
syn,agrawal_s13,eddm+half,94.39748953974896,22,2.4351464435146353,agrawal
syn,agrawal_s13,eddm+hedge,95.89958158995817,14,3.937238493723849,agrawal
syn,agrawal_s13,fhddm,91.76569037656903,11,-0.1966527196652912,agrawal
syn,agrawal_s13,fhddm+half,92.01255230125524,11,0.05020920502092352,agrawal
syn,agrawal_s13,fhddm+hedge,91.98744769874479,11,0.02510460251046176,agrawal
syn,agrawal_s13,hddma,96.25941422594141,11,4.297071129707097,agrawal
syn,agrawal_s13,hddma+half,93.92887029288704,11,1.966527196652712,agrawal
syn,agrawal_s13,hddma+hedge,96.02092050209205,11,4.058577405857733,agrawal
syn,agrawal_s13,hddmw,96.25941422594141,11,4.297071129707097,agrawal
syn,agrawal_s13,hddmw+half,93.92887029288704,11,1.966527196652712,agrawal
syn,agrawal_s13,hddmw+hedge,96.02092050209205,11,4.058577405857733,agrawal
syn,agrawal_s13,adwin,96.17573221757323,12,4.213389121338906,agrawal
syn,agrawal_s13,adwin+half,93.90794979079497,22,1.9456066945606532,agrawal
syn,agrawal_s13,adwin+hedge,95.99163179916319,15,4.029288702928868,agrawal
syn,agrawal_s13,ph,95.39330543933055,12,3.430962343096222,agrawal
syn,agrawal_s13,ph+half,93.9958158995816,18,2.0334728033472804,agrawal
syn,agrawal_s13,ph+hedge,95.31380753138076,13,3.351464435146434,agrawal
syn,agrawal_s13,kswin,95.8786610878661,11,3.9163179916317903,agrawal
syn,agrawal_s13,kswin+half,93.86192468619248,12,1.8995815899581547,agrawal
syn,agrawal_s13,kswin+hedge,95.66945606694561,11,3.7071129707112904,agrawal
syn,agrawal_s14,none,91.80753138075315,0,0.0,agrawal
syn,agrawal_s14,ddmM,96.13389121338913,14,4.326359832635984,agrawal
syn,agrawal_s14,ddm,96.13389121338913,14,4.326359832635984,agrawal
syn,agrawal_s14,ddm+half,93.69037656903765,12,1.8828451882845099,agrawal
syn,agrawal_s14,ddm+hedge,95.92887029288704,23,4.121338912133887,agrawal
syn,agrawal_s14,eddm,96.28451882845188,11,4.476987447698733,agrawal
syn,agrawal_s14,eddm+half,94.07112970711296,18,2.263598326359817,agrawal
syn,agrawal_s14,eddm+hedge,95.94979079497908,12,4.142259414225935,agrawal
syn,agrawal_s14,fhddm,91.58995815899583,11,-0.21757322175731675,agrawal
syn,agrawal_s14,fhddm+half,91.86192468619248,11,0.05439330543932641,agrawal
syn,agrawal_s14,fhddm+hedge,91.82426778242679,11,0.016736401673633772,agrawal
syn,agrawal_s14,hddma,96.28451882845188,11,4.476987447698733,agrawal
syn,agrawal_s14,hddma+half,93.69037656903765,12,1.8828451882845099,agrawal
syn,agrawal_s14,hddma+hedge,96.01255230125524,11,4.20502092050209,agrawal
syn,agrawal_s14,hddmw,96.28451882845188,11,4.476987447698733,agrawal
syn,agrawal_s14,hddmw+half,93.63179916317992,11,1.8242677824267695,agrawal
syn,agrawal_s14,hddmw+hedge,96.01255230125524,11,4.20502092050209,agrawal
syn,agrawal_s14,adwin,96.28451882845188,11,4.476987447698733,agrawal
syn,agrawal_s14,adwin+half,93.53138075313808,22,1.7238493723849335,agrawal
syn,agrawal_s14,adwin+hedge,95.9958158995816,16,4.1882845188284445,agrawal
syn,agrawal_s14,ph,95.19246861924687,11,3.3849372384937126,agrawal
syn,agrawal_s14,ph+half,93.75732217573224,17,1.9497907949790894,agrawal
syn,agrawal_s14,ph+hedge,95.0376569037657,12,3.230125523012539,agrawal
syn,agrawal_s14,kswin,95.40167364016736,10,3.5941422594142125,agrawal
syn,agrawal_s14,kswin+half,93.27196652719665,10,1.4644351464435101,agrawal
syn,agrawal_s14,kswin+hedge,95.22175732217573,10,3.4142259414225884,agrawal
syn,hyperplane_s10,none,90.54748603351955,0,0.0,hyperplane
syn,hyperplane_s10,ddmM,90.79888268156427,4,0.2513966480447216,hyperplane
syn,hyperplane_s10,ddm,90.79888268156427,4,0.2513966480447216,hyperplane
syn,hyperplane_s10,ddm+half,90.72067039106146,4,0.1731843575419223,hyperplane
syn,hyperplane_s10,ddm+hedge,90.79329608938548,4,0.24581005586593596,hyperplane
syn,hyperplane_s10,eddm,90.13966480446926,16,-0.40782122905027585,hyperplane
syn,hyperplane_s10,eddm+half,90.4022346368715,25,-0.14525139664803843,hyperplane
syn,hyperplane_s10,eddm+hedge,90.67039106145252,7,0.12290502793297353,hyperplane
syn,hyperplane_s10,fhddm,90.39106145251398,3,-0.15642458100556533,hyperplane
syn,hyperplane_s10,fhddm+half,90.4804469273743,3,-0.06703910614523911,hyperplane
syn,hyperplane_s10,fhddm+hedge,90.53072625698326,3,-0.01675977653629035,hyperplane
syn,hyperplane_s10,hddma,90.6145251396648,3,0.06703910614526132,hyperplane
syn,hyperplane_s10,hddma+half,90.70949720670392,4,0.1620111731843732,hyperplane
syn,hyperplane_s10,hddma+hedge,90.72625698324023,4,0.17877094972068575,hyperplane
syn,hyperplane_s10,hddmw,90.6927374301676,1,0.14525139664806064,hyperplane
syn,hyperplane_s10,hddmw+half,90.55307262569833,1,0.005586592178785654,hyperplane
syn,hyperplane_s10,hddmw+hedge,90.66480446927375,1,0.11731843575421008,hyperplane
syn,hyperplane_s10,adwin,90.73184357541899,4,0.1843575418994492,hyperplane
syn,hyperplane_s10,adwin+half,90.69832402234638,6,0.1508379888268352,hyperplane
syn,hyperplane_s10,adwin+hedge,90.78212290502793,4,0.23463687150838686,hyperplane
syn,hyperplane_s10,ph,90.50837988826815,3,-0.03910614525138856,hyperplane
syn,hyperplane_s10,ph+half,90.62011173184356,3,0.07262569832402477,hyperplane
syn,hyperplane_s10,ph+hedge,90.58659217877096,3,0.03910614525141076,hyperplane
syn,hyperplane_s10,kswin,90.54748603351955,0,0.0,hyperplane
syn,hyperplane_s10,kswin+half,90.54748603351955,0,0.0,hyperplane
syn,hyperplane_s10,kswin+hedge,90.54748603351955,0,0.0,hyperplane
syn,hyperplane_s11,none,91.10614525139664,0,0.0,hyperplane
syn,hyperplane_s11,ddmM,91.18435754189943,7,0.07821229050278822,hyperplane
syn,hyperplane_s11,ddm,91.18435754189943,7,0.07821229050278822,hyperplane
syn,hyperplane_s11,ddm+half,91.11731843575419,5,0.011173184357549104,hyperplane
syn,hyperplane_s11,ddm+hedge,91.14525139664804,15,0.03910614525138856,hyperplane
syn,hyperplane_s11,eddm,90.44692737430168,18,-0.6592178770949642,hyperplane
syn,hyperplane_s11,eddm+half,90.99441340782123,26,-0.11173184357541333,hyperplane
syn,hyperplane_s11,eddm+hedge,91.35195530726257,31,0.24581005586593596,hyperplane
syn,hyperplane_s11,fhddm,91.10614525139664,0,0.0,hyperplane
syn,hyperplane_s11,fhddm+half,91.10614525139664,0,0.0,hyperplane
syn,hyperplane_s11,fhddm+hedge,91.10614525139664,0,0.0,hyperplane
syn,hyperplane_s11,hddma,91.21229050279328,2,0.10614525139663877,hyperplane
syn,hyperplane_s11,hddma+half,91.24022346368714,2,0.13407821229050043,hyperplane
syn,hyperplane_s11,hddma+hedge,91.1899441340782,2,0.08379888268156277,hyperplane
syn,hyperplane_s11,hddmw,91.10614525139664,0,0.0,hyperplane
syn,hyperplane_s11,hddmw+half,91.10614525139664,0,0.0,hyperplane
syn,hyperplane_s11,hddmw+hedge,91.10614525139664,0,0.0,hyperplane
syn,hyperplane_s11,adwin,91.27932960893854,3,0.1731843575419001,hyperplane
syn,hyperplane_s11,adwin+half,91.3072625698324,3,0.20111731843576175,hyperplane
syn,hyperplane_s11,adwin+hedge,91.2290502793296,3,0.12290502793296243,hyperplane
syn,hyperplane_s11,ph,91.02793296089385,1,-0.07821229050278822,hyperplane
syn,hyperplane_s11,ph+half,91.08379888268155,1,-0.022346368715087106,hyperplane
syn,hyperplane_s11,ph+hedge,91.10614525139664,1,0.0,hyperplane
syn,hyperplane_s11,kswin,91.10614525139664,0,0.0,hyperplane
syn,hyperplane_s11,kswin+half,91.10614525139664,0,0.0,hyperplane
syn,hyperplane_s11,kswin+hedge,91.10614525139664,0,0.0,hyperplane
syn,hyperplane_s12,none,90.53072625698326,0,0.0,hyperplane
syn,hyperplane_s12,ddmM,90.55307262569833,1,0.022346368715076004,hyperplane
syn,hyperplane_s12,ddm,90.55307262569833,1,0.022346368715076004,hyperplane
syn,hyperplane_s12,ddm+half,90.50837988826815,7,-0.022346368715098208,hyperplane
syn,hyperplane_s12,ddm+hedge,90.56983240223464,5,0.03910614525138856,hyperplane
syn,hyperplane_s12,eddm,90.00000000000001,26,-0.5307262569832383,hyperplane
syn,hyperplane_s12,eddm+half,90.52513966480447,20,-0.005586592178774552,hyperplane
syn,hyperplane_s12,eddm+hedge,90.80446927374302,32,0.2737430167597754,hyperplane
syn,hyperplane_s12,fhddm,90.51955307262571,2,-0.011173184357538002,hyperplane
syn,hyperplane_s12,fhddm+half,90.52513966480447,2,-0.005586592178774552,hyperplane
syn,hyperplane_s12,fhddm+hedge,90.54748603351955,2,0.01675977653629035,hyperplane
syn,hyperplane_s12,hddma,90.69273743016758,4,0.16201117318432878,hyperplane
syn,hyperplane_s12,hddma+half,90.63128491620111,4,0.10055865921786422,hyperplane
syn,hyperplane_s12,hddma+hedge,90.72067039106145,4,0.18994413407819044,hyperplane
syn,hyperplane_s12,hddmw,90.53072625698326,0,0.0,hyperplane
syn,hyperplane_s12,hddmw+half,90.53072625698326,0,0.0,hyperplane
syn,hyperplane_s12,hddmw+hedge,90.53072625698326,0,0.0,hyperplane
syn,hyperplane_s12,adwin,90.58100558659217,4,0.05027932960891546,hyperplane
syn,hyperplane_s12,adwin+half,90.60335195530726,5,0.07262569832401367,hyperplane
syn,hyperplane_s12,adwin+hedge,90.70949720670392,5,0.17877094972066354,hyperplane
syn,hyperplane_s12,ph,90.43016759776536,2,-0.10055865921788643,hyperplane
syn,hyperplane_s12,ph+half,90.5195530726257,3,-0.011173184357549104,hyperplane
syn,hyperplane_s12,ph+hedge,90.56424581005588,3,0.03351955307262511,hyperplane
syn,hyperplane_s12,kswin,90.53072625698326,0,0.0,hyperplane
syn,hyperplane_s12,kswin+half,90.53072625698326,0,0.0,hyperplane
syn,hyperplane_s12,kswin+hedge,90.53072625698326,0,0.0,hyperplane
syn,hyperplane_s13,none,89.40223463687153,0,0.0,hyperplane
syn,hyperplane_s13,ddmM,89.60335195530725,3,0.20111731843572844,hyperplane
syn,hyperplane_s13,ddm,89.66480446927375,2,0.2625698324022152,hyperplane
syn,hyperplane_s13,ddm+half,89.84357541899442,10,0.44134078212288985,hyperplane
syn,hyperplane_s13,ddm+hedge,90.12849162011175,13,0.7262569832402144,hyperplane
syn,hyperplane_s13,eddm,89.16759776536314,30,-0.23463687150838686,hyperplane
syn,hyperplane_s13,eddm+half,89.57541899441341,23,0.173184357541889,hyperplane
syn,hyperplane_s13,eddm+hedge,89.95530726256982,26,0.5530726256982921,hyperplane
syn,hyperplane_s13,fhddm,89.06703910614524,6,-0.3351955307262733,hyperplane
syn,hyperplane_s13,fhddm+half,89.26815642458101,6,-0.13407821229052264,hyperplane
syn,hyperplane_s13,fhddm+hedge,89.39106145251397,6,-0.011173184357560206,hyperplane
syn,hyperplane_s13,hddma,90.4245810055866,7,1.022346368715077,hyperplane
syn,hyperplane_s13,hddma+half,89.89944134078213,7,0.49720670391060207,hyperplane
syn,hyperplane_s13,hddma+hedge,90.21787709497208,7,0.8156424581005517,hyperplane
syn,hyperplane_s13,hddmw,89.77094972067039,3,0.3687150837988651,hyperplane
syn,hyperplane_s13,hddmw+half,89.6201117318436,3,0.2178770949720632,hyperplane
syn,hyperplane_s13,hddmw+hedge,89.7877094972067,3,0.38547486033517764,hyperplane
syn,hyperplane_s13,adwin,90.31843575418995,7,0.916201117318427,hyperplane
syn,hyperplane_s13,adwin+half,89.87150837988827,9,0.4692737430167404,hyperplane
syn,hyperplane_s13,adwin+hedge,90.17877094972067,7,0.776536312849152,hyperplane
syn,hyperplane_s13,ph,89.60893854748603,4,0.2067039106145141,hyperplane
syn,hyperplane_s13,ph+half,89.60893854748602,4,0.2067039106144919,hyperplane
syn,hyperplane_s13,ph+hedge,89.6201117318436,4,0.2178770949720632,hyperplane
syn,hyperplane_s13,kswin,89.40223463687153,0,0.0,hyperplane
syn,hyperplane_s13,kswin+half,89.40223463687153,0,0.0,hyperplane
syn,hyperplane_s13,kswin+hedge,89.40223463687153,0,0.0,hyperplane
syn,hyperplane_s14,none,90.25698324022346,0,0.0,hyperplane
syn,hyperplane_s14,ddmM,90.60893854748603,12,0.35195530726256363,hyperplane
syn,hyperplane_s14,ddm,90.60893854748603,12,0.35195530726256363,hyperplane
syn,hyperplane_s14,ddm+half,90.41899441340784,3,0.1620111731843732,hyperplane
syn,hyperplane_s14,ddm+hedge,90.8268156424581,12,0.5698324022346379,hyperplane
syn,hyperplane_s14,eddm,90.268156424581,22,0.0111731843575269,hyperplane
syn,hyperplane_s14,eddm+half,90.64804469273743,31,0.3910614525139633,hyperplane
syn,hyperplane_s14,eddm+hedge,90.95530726256983,23,0.6983240223463638,hyperplane
syn,hyperplane_s14,fhddm,89.99441340782126,3,-0.2625698324022152,hyperplane
syn,hyperplane_s14,fhddm+half,90.2346368715084,3,-0.0223463687150649,hyperplane
syn,hyperplane_s14,fhddm+hedge,90.18994413407822,3,-0.06703910614525022,hyperplane
syn,hyperplane_s14,hddma,90.64245810055866,5,0.38547486033518874,hyperplane
syn,hyperplane_s14,hddma+half,90.70391061452516,5,0.4469273743016866,hyperplane
syn,hyperplane_s14,hddma+hedge,90.68715083798885,5,0.43016759776538516,hyperplane
syn,hyperplane_s14,hddmw,90.31843575418995,2,0.061452513966486766,hyperplane
syn,hyperplane_s14,hddmw+half,90.39106145251398,2,0.13407821229051153,hyperplane
syn,hyperplane_s14,hddmw+hedge,90.36871508379889,2,0.11173184357542443,hyperplane
syn,hyperplane_s14,adwin,90.56983240223464,6,0.3128491620111751,hyperplane
syn,hyperplane_s14,adwin+half,90.64804469273743,9,0.3910614525139633,hyperplane
syn,hyperplane_s14,adwin+hedge,90.68156424581007,8,0.4245810055865995,hyperplane
syn,hyperplane_s14,ph,90.08938547486032,4,-0.16759776536313664,hyperplane
syn,hyperplane_s14,ph+half,90.2737430167598,4,0.01675977653633476,hyperplane
syn,hyperplane_s14,ph+hedge,90.24022346368716,4,-0.01675977653630145,hyperplane
syn,hyperplane_s14,kswin,90.25698324022346,0,0.0,hyperplane
syn,hyperplane_s14,kswin+half,90.25698324022346,0,0.0,hyperplane
syn,hyperplane_s14,kswin+hedge,90.25698324022346,0,0.0,hyperplane
syn,rbf_s10,none,90.70391061452516,0,0.0,rbf
syn,rbf_s10,ddmM,90.81564245810057,16,0.11173184357541333,rbf
syn,rbf_s10,ddm,90.8100558659218,15,0.10614525139663877,rbf
syn,rbf_s10,ddm+half,90.75418994413408,23,0.05027932960893766,rbf
syn,rbf_s10,ddm+hedge,91.01675977653633,16,0.3128491620111751,rbf
syn,rbf_s10,eddm,90.3296089385475,26,-0.37430167597766184,rbf
syn,rbf_s10,eddm+half,90.54189944134077,23,-0.1620111731843732,rbf
syn,rbf_s10,eddm+hedge,91.00558659217879,25,0.3016759776536371,rbf
syn,rbf_s10,fhddm,90.67039106145252,8,-0.03351955307263621,rbf
syn,rbf_s10,fhddm+half,90.75977653631286,8,0.05586592178770111,rbf
syn,rbf_s10,fhddm+hedge,90.81005586592178,8,0.10614525139662767,rbf
syn,rbf_s10,hddma,91.06703910614526,8,0.36312849162011274,rbf
syn,rbf_s10,hddma+half,90.77653631284916,8,0.07262569832401367,rbf
syn,rbf_s10,hddma+hedge,91.01675977653633,8,0.3128491620111751,rbf
syn,rbf_s10,hddmw,91.06703910614526,8,0.36312849162011274,rbf
syn,rbf_s10,hddmw+half,90.77653631284916,8,0.07262569832401367,rbf
syn,rbf_s10,hddmw+hedge,91.01675977653633,8,0.3128491620111751,rbf
syn,rbf_s10,adwin,91.06703910614526,8,0.36312849162011274,rbf
syn,rbf_s10,adwin+half,90.77653631284916,8,0.07262569832401367,rbf
syn,rbf_s10,adwin+hedge,91.01675977653633,8,0.3128491620111751,rbf
syn,rbf_s10,ph,91.02793296089385,7,0.324022346368702,rbf
syn,rbf_s10,ph+half,90.78212290502793,7,0.07821229050277712,rbf
syn,rbf_s10,ph+hedge,90.9832402234637,7,0.27932960893853886,rbf
syn,rbf_s10,kswin,91.06703910614526,8,0.36312849162011274,rbf
syn,rbf_s10,kswin+half,90.77653631284916,8,0.07262569832401367,rbf
syn,rbf_s10,kswin+hedge,91.01675977653633,8,0.3128491620111751,rbf
syn,rbf_s11,none,90.25698324022346,0,0.0,rbf
syn,rbf_s11,ddmM,90.51396648044692,14,0.25698324022346286,rbf
syn,rbf_s11,ddm,90.51396648044692,14,0.25698324022346286,rbf
syn,rbf_s11,ddm+half,90.41340782122906,18,0.15642458100559864,rbf
syn,rbf_s11,ddm+hedge,90.69273743016761,16,0.4357541899441486,rbf
syn,rbf_s11,eddm,89.98324022346368,29,-0.2737430167597865,rbf
syn,rbf_s11,eddm+half,90.40782122905028,19,0.1508379888268241,rbf
syn,rbf_s11,eddm+hedge,90.68715083798881,25,0.43016759776535185,rbf
syn,rbf_s11,fhddm,90.30167597765363,8,0.04469273743016311,rbf
syn,rbf_s11,fhddm+half,90.40782122905027,8,0.15083798882680188,rbf
syn,rbf_s11,fhddm+hedge,90.45251396648047,8,0.1955307262569983,rbf
syn,rbf_s11,hddma,90.64804469273744,8,0.3910614525139744,rbf
syn,rbf_s11,hddma+half,90.4022346368715,8,0.14525139664803843,rbf
syn,rbf_s11,hddma+hedge,90.68715083798885,8,0.43016759776538516,rbf
syn,rbf_s11,hddmw,90.64804469273744,8,0.3910614525139744,rbf
syn,rbf_s11,hddmw+half,90.4022346368715,8,0.14525139664803843,rbf
syn,rbf_s11,hddmw+hedge,90.68715083798885,8,0.43016759776538516,rbf
syn,rbf_s11,adwin,90.64804469273744,8,0.3910614525139744,rbf
syn,rbf_s11,adwin+half,90.4022346368715,8,0.14525139664803843,rbf
syn,rbf_s11,adwin+hedge,90.68715083798885,8,0.43016759776538516,rbf
syn,rbf_s11,ph,90.64804469273744,8,0.3910614525139744,rbf
syn,rbf_s11,ph+half,90.4022346368715,8,0.14525139664803843,rbf
syn,rbf_s11,ph+hedge,90.68715083798885,8,0.43016759776538516,rbf
syn,rbf_s11,kswin,90.64804469273744,8,0.3910614525139744,rbf
syn,rbf_s11,kswin+half,90.4022346368715,8,0.14525139664803843,rbf
syn,rbf_s11,kswin+hedge,90.68715083798885,8,0.43016759776538516,rbf
syn,rbf_s12,none,90.26256983240224,0,0.0,rbf
syn,rbf_s12,ddmM,90.47486033519553,10,0.21229050279329975,rbf
syn,rbf_s12,ddm,90.43016759776536,12,0.16759776536313664,rbf
syn,rbf_s12,ddm+half,90.3296089385475,8,0.06703910614526132,rbf
syn,rbf_s12,ddm+hedge,90.54748603351955,10,0.2849162011173134,rbf
syn,rbf_s12,eddm,89.65363128491622,19,-0.6089385474860154,rbf
syn,rbf_s12,eddm+half,90.08379888268156,27,-0.17877094972066354,rbf
syn,rbf_s12,eddm+hedge,90.49162011173185,21,0.2290502793296234,rbf
syn,rbf_s12,fhddm,90.15642458100558,8,-0.10614525139664988,rbf
syn,rbf_s12,fhddm+half,90.30167597765364,8,0.03910614525141076,rbf
syn,rbf_s12,fhddm+hedge,90.35754189944134,8,0.09497206703911187,rbf
syn,rbf_s12,hddma,90.56424581005588,8,0.3016759776536482,rbf
syn,rbf_s12,hddma+half,90.3296089385475,8,0.06703910614526132,rbf
syn,rbf_s12,hddma+hedge,90.54189944134077,8,0.27932960893854997,rbf
syn,rbf_s12,hddmw,90.56424581005588,8,0.3016759776536482,rbf
syn,rbf_s12,hddmw+half,90.3296089385475,8,0.06703910614526132,rbf
syn,rbf_s12,hddmw+hedge,90.54189944134077,8,0.27932960893854997,rbf
syn,rbf_s12,adwin,90.56424581005588,8,0.3016759776536482,rbf
syn,rbf_s12,adwin+half,90.3296089385475,8,0.06703910614526132,rbf
syn,rbf_s12,adwin+hedge,90.54189944134077,8,0.27932960893854997,rbf
syn,rbf_s12,ph,90.54189944134077,8,0.27932960893854997,rbf
syn,rbf_s12,ph+half,90.36312849162012,8,0.10055865921788643,rbf
syn,rbf_s12,ph+hedge,90.55307262569833,8,0.29050279329609907,rbf
syn,rbf_s12,kswin,90.56424581005588,8,0.3016759776536482,rbf
syn,rbf_s12,kswin+half,90.3296089385475,8,0.06703910614526132,rbf
syn,rbf_s12,kswin+hedge,90.54189944134077,8,0.27932960893854997,rbf
syn,rbf_s13,none,88.26256983240224,0,0.0,rbf
syn,rbf_s13,ddmM,88.49162011173183,11,0.2290502793295901,rbf
syn,rbf_s13,ddm,88.49162011173183,11,0.2290502793295901,rbf
syn,rbf_s13,ddm+half,88.40782122905027,9,0.14525139664803843,rbf
syn,rbf_s13,ddm+hedge,88.58100558659217,12,0.3184357541899385,rbf
syn,rbf_s13,eddm,87.43016759776536,39,-0.8324022346368753,rbf
syn,rbf_s13,eddm+half,88.3687150837989,21,0.10614525139666098,rbf
syn,rbf_s13,eddm+hedge,88.49720670391062,21,0.23463687150838686,rbf
syn,rbf_s13,fhddm,88.24022346368716,8,-0.022346368715076004,rbf
syn,rbf_s13,fhddm+half,88.31843575418995,8,0.055865921787712214,rbf
syn,rbf_s13,fhddm+hedge,88.31843575418995,8,0.055865921787712214,rbf
syn,rbf_s13,hddma,88.53072625698324,8,0.26815642458100086,rbf
syn,rbf_s13,hddma+half,88.40782122905027,8,0.14525139664803843,rbf
syn,rbf_s13,hddma+hedge,88.60335195530726,8,0.34078212290502563,rbf
syn,rbf_s13,hddmw,88.53072625698324,8,0.26815642458100086,rbf
syn,rbf_s13,hddmw+half,88.40782122905027,8,0.14525139664803843,rbf
syn,rbf_s13,hddmw+hedge,88.60335195530726,8,0.34078212290502563,rbf
syn,rbf_s13,adwin,88.53072625698324,8,0.26815642458100086,rbf
syn,rbf_s13,adwin+half,88.40782122905027,8,0.14525139664803843,rbf
syn,rbf_s13,adwin+hedge,88.60335195530726,8,0.34078212290502563,rbf
syn,rbf_s13,ph,88.53072625698324,8,0.26815642458100086,rbf
syn,rbf_s13,ph+half,88.37430167597765,9,0.11173184357541333,rbf
syn,rbf_s13,ph+hedge,88.60335195530726,8,0.34078212290502563,rbf
syn,rbf_s13,kswin,88.53072625698324,8,0.26815642458100086,rbf
syn,rbf_s13,kswin+half,88.40782122905027,8,0.14525139664803843,rbf
syn,rbf_s13,kswin+hedge,88.60335195530726,8,0.34078212290502563,rbf
syn,rbf_s14,none,90.31843575418995,0,0.0,rbf
syn,rbf_s14,ddmM,90.65363128491619,11,0.33519553072624,rbf
syn,rbf_s14,ddm,90.65363128491619,11,0.33519553072624,rbf
syn,rbf_s14,ddm+half,90.27374301675978,11,-0.04469273743017421,rbf
syn,rbf_s14,ddm+hedge,90.6368715083799,10,0.3184357541899385,rbf
syn,rbf_s14,eddm,90.28491620111731,24,-0.03351955307263621,rbf
syn,rbf_s14,eddm+half,90.2290502793296,17,-0.08938547486034842,rbf
syn,rbf_s14,eddm+hedge,90.67597765363129,17,0.3575418994413382,rbf
syn,rbf_s14,fhddm,90.3854748603352,8,0.06703910614523911,rbf
syn,rbf_s14,fhddm+half,90.43575418994413,8,0.11731843575417678,rbf
syn,rbf_s14,fhddm+hedge,90.53072625698326,8,0.21229050279329975,rbf
syn,rbf_s14,hddma,90.77653631284916,8,0.4581005586592135,rbf
syn,rbf_s14,hddma+half,90.29608938547486,8,-0.022346368715098208,rbf
syn,rbf_s14,hddma+hedge,90.64804469273743,8,0.3296089385474765,rbf
syn,rbf_s14,hddmw,90.77653631284916,8,0.4581005586592135,rbf
syn,rbf_s14,hddmw+half,90.29608938547486,8,-0.022346368715098208,rbf
syn,rbf_s14,hddmw+hedge,90.64804469273743,8,0.3296089385474765,rbf
syn,rbf_s14,adwin,90.77653631284916,8,0.4581005586592135,rbf
syn,rbf_s14,adwin+half,90.29608938547486,8,-0.022346368715098208,rbf
syn,rbf_s14,adwin+hedge,90.64804469273743,8,0.3296089385474765,rbf
syn,rbf_s14,ph,90.77653631284916,8,0.4581005586592135,rbf
syn,rbf_s14,ph+half,90.28491620111733,10,-0.03351955307262511,rbf
syn,rbf_s14,ph+hedge,90.64804469273743,8,0.3296089385474765,rbf
syn,rbf_s14,kswin,90.77653631284916,8,0.4581005586592135,rbf
syn,rbf_s14,kswin+half,90.29608938547486,8,-0.022346368715098208,rbf
syn,rbf_s14,kswin+hedge,90.64804469273743,8,0.3296089385474765,rbf
syn,sea_s10,none,98.0391061452514,0,0.0,sea
syn,sea_s10,ddmM,98.63687150837988,42,0.5977653631284885,sea
syn,sea_s10,ddm,98.63687150837988,38,0.5977653631284885,sea
syn,sea_s10,ddm+half,98.26256983240222,11,0.22346368715082665,sea
syn,sea_s10,ddm+hedge,98.6703910614525,18,0.6312849162011136,sea
syn,sea_s10,eddm,98.4245810055866,8,0.38547486033519984,sea
syn,sea_s10,eddm+half,98.32402234636871,8,0.2849162011173134,sea
syn,sea_s10,eddm+hedge,98.36312849162012,8,0.3240223463687131,sea
syn,sea_s10,fhddm,98.0391061452514,0,0.0,sea
syn,sea_s10,fhddm+half,98.0391061452514,0,0.0,sea
syn,sea_s10,fhddm+hedge,98.0391061452514,0,0.0,sea
syn,sea_s10,hddma,98.12290502793294,1,0.08379888268155167,sea
syn,sea_s10,hddma+half,98.10614525139665,1,0.06703910614526132,sea
syn,sea_s10,hddma+hedge,98.13966480446929,1,0.10055865921788643,sea
syn,sea_s10,hddmw,98.0391061452514,0,0.0,sea
syn,sea_s10,hddmw+half,98.0391061452514,0,0.0,sea
syn,sea_s10,hddmw+hedge,98.0391061452514,0,0.0,sea
syn,sea_s10,adwin,98.51396648044695,6,0.47486033519554827,sea
syn,sea_s10,adwin+half,98.268156424581,7,0.2290502793295901,sea
syn,sea_s10,adwin+hedge,98.43016759776536,6,0.3910614525139633,sea
syn,sea_s10,ph,98.0391061452514,0,0.0,sea
syn,sea_s10,ph+half,98.0391061452514,0,0.0,sea
syn,sea_s10,ph+hedge,98.0391061452514,0,0.0,sea
syn,sea_s10,kswin,98.0391061452514,0,0.0,sea
syn,sea_s10,kswin+half,98.0391061452514,0,0.0,sea
syn,sea_s10,kswin+hedge,98.0391061452514,0,0.0,sea
syn,sea_s11,none,98.20670391061454,0,0.0,sea
syn,sea_s11,ddmM,98.69832402234636,26,0.4916201117318275,sea
syn,sea_s11,ddm,98.69832402234636,26,0.4916201117318275,sea
syn,sea_s11,ddm+half,98.4804469273743,17,0.2737430167597643,sea
syn,sea_s11,ddm+hedge,98.79329608938548,16,0.5865921787709394,sea
syn,sea_s11,eddm,98.40782122905028,8,0.20111731843575065,sea
syn,sea_s11,eddm+half,98.43575418994412,8,0.2290502793295901,sea
syn,sea_s11,eddm+hedge,98.43016759776536,8,0.22346368715082665,sea
syn,sea_s11,fhddm,98.20670391061454,0,0.0,sea
syn,sea_s11,fhddm+half,98.20670391061454,0,0.0,sea
syn,sea_s11,fhddm+hedge,98.20670391061454,0,0.0,sea
syn,sea_s11,hddma,98.29608938547484,1,0.08938547486031512,sea
syn,sea_s11,hddma+half,98.27932960893855,1,0.07262569832402477,sea
syn,sea_s11,hddma+hedge,98.29050279329608,1,0.08379888268155167,sea
syn,sea_s11,hddmw,98.20670391061454,0,0.0,sea
syn,sea_s11,hddmw+half,98.20670391061454,0,0.0,sea
syn,sea_s11,hddmw+hedge,98.20670391061454,0,0.0,sea
syn,sea_s11,adwin,98.59217877094973,7,0.38547486033519984,sea
syn,sea_s11,adwin+half,98.43016759776536,7,0.22346368715082665,sea
syn,sea_s11,adwin+hedge,98.62569832402237,7,0.41899441340782495,sea
syn,sea_s11,ph,98.20670391061454,0,0.0,sea
syn,sea_s11,ph+half,98.20670391061454,0,0.0,sea
syn,sea_s11,ph+hedge,98.20670391061454,0,0.0,sea
syn,sea_s11,kswin,98.20670391061454,0,0.0,sea
syn,sea_s11,kswin+half,98.20670391061454,0,0.0,sea
syn,sea_s11,kswin+hedge,98.20670391061454,0,0.0,sea
syn,sea_s12,none,98.07262569832402,0,0.0,sea
syn,sea_s12,ddmM,98.5977653631285,36,0.5251396648044859,sea
syn,sea_s12,ddm,98.5977653631285,36,0.5251396648044859,sea
syn,sea_s12,ddm+half,98.24581005586593,24,0.1731843575419223,sea
syn,sea_s12,ddm+hedge,98.62011173184356,22,0.5474860335195508,sea
syn,sea_s12,eddm,98.43575418994412,8,0.36312849162011274,sea
syn,sea_s12,eddm+half,98.37988826815642,8,0.3072625698324116,sea
syn,sea_s12,eddm+hedge,98.36312849162012,8,0.29050279329609907,sea
syn,sea_s12,fhddm,98.07262569832402,0,0.0,sea
syn,sea_s12,fhddm+half,98.07262569832402,0,0.0,sea
syn,sea_s12,fhddm+hedge,98.07262569832402,0,0.0,sea
syn,sea_s12,hddma,98.08379888268156,1,0.011173184357549104,sea
syn,sea_s12,hddma+half,98.0949720670391,1,0.022346368715076004,sea
syn,sea_s12,hddma+hedge,98.0949720670391,1,0.022346368715076004,sea
syn,sea_s12,hddmw,98.07262569832402,0,0.0,sea
syn,sea_s12,hddmw+half,98.07262569832402,0,0.0,sea
syn,sea_s12,hddmw+hedge,98.07262569832402,0,0.0,sea
syn,sea_s12,adwin,98.53631284916202,7,0.46368715083799916,sea
syn,sea_s12,adwin+half,98.29608938547484,6,0.22346368715083775,sea
syn,sea_s12,adwin+hedge,98.4972067039106,6,0.4245810055865995,sea
syn,sea_s12,ph,98.07262569832402,0,0.0,sea
syn,sea_s12,ph+half,98.07262569832402,0,0.0,sea
syn,sea_s12,ph+hedge,98.07262569832402,0,0.0,sea
syn,sea_s12,kswin,98.07262569832402,0,0.0,sea
syn,sea_s12,kswin+half,98.07262569832402,0,0.0,sea
syn,sea_s12,kswin+hedge,98.07262569832402,0,0.0,sea
syn,sea_s13,none,97.97206703910615,0,0.0,sea
syn,sea_s13,ddmM,98.65921787709497,21,0.6871508379888258,sea
syn,sea_s13,ddm,98.65921787709497,21,0.6871508379888258,sea
syn,sea_s13,ddm+half,98.27932960893855,19,0.3072625698324116,sea
syn,sea_s13,ddm+hedge,98.55307262569832,20,0.5810055865921759,sea
syn,sea_s13,eddm,98.31843575418995,8,0.3463687150838002,sea
syn,sea_s13,eddm+half,98.26256983240222,8,0.29050279329607687,sea
syn,sea_s13,eddm+hedge,98.31284916201119,8,0.34078212290503673,sea
syn,sea_s13,fhddm,97.97206703910615,0,0.0,sea
syn,sea_s13,fhddm+half,97.97206703910615,0,0.0,sea
syn,sea_s13,fhddm+hedge,97.97206703910615,0,0.0,sea
syn,sea_s13,hddma,98.12849162011173,2,0.15642458100557644,sea
syn,sea_s13,hddma+half,98.12290502793294,2,0.15083798882680188,sea
syn,sea_s13,hddma+hedge,98.11731843575419,2,0.14525139664803843,sea
syn,sea_s13,hddmw,97.97206703910615,0,0.0,sea
syn,sea_s13,hddmw+half,97.97206703910615,0,0.0,sea
syn,sea_s13,hddmw+hedge,97.97206703910615,0,0.0,sea
syn,sea_s13,adwin,98.3854748603352,7,0.4134078212290504,sea
syn,sea_s13,adwin+half,98.18994413407822,7,0.2178770949720632,sea
syn,sea_s13,adwin+hedge,98.37988826815644,8,0.40782122905028695,sea
syn,sea_s13,ph,97.97206703910615,0,0.0,sea
syn,sea_s13,ph+half,97.97206703910615,0,0.0,sea
syn,sea_s13,ph+hedge,97.97206703910615,0,0.0,sea
syn,sea_s13,kswin,97.97206703910615,0,0.0,sea
syn,sea_s13,kswin+half,97.97206703910615,0,0.0,sea
syn,sea_s13,kswin+hedge,97.97206703910615,0,0.0,sea
syn,sea_s14,none,98.07262569832403,0,0.0,sea
syn,sea_s14,ddmM,98.63687150837988,18,0.5642458100558523,sea
syn,sea_s14,ddm,98.63687150837988,17,0.5642458100558523,sea
syn,sea_s14,ddm+half,98.29608938547484,18,0.22346368715081555,sea
syn,sea_s14,ddm+hedge,98.64245810055866,25,0.5698324022346268,sea
syn,sea_s14,eddm,98.36312849162012,8,0.29050279329608797,sea
syn,sea_s14,eddm+half,98.31284916201119,8,0.2402234636871503,sea
syn,sea_s14,eddm+hedge,98.36871508379889,8,0.2960893854748514,sea
syn,sea_s14,fhddm,98.07262569832403,0,0.0,sea
syn,sea_s14,fhddm+half,98.07262569832403,0,0.0,sea
syn,sea_s14,fhddm+hedge,98.07262569832403,0,0.0,sea
syn,sea_s14,hddma,98.16759776536314,2,0.09497206703911187,sea
syn,sea_s14,hddma+half,98.13407821229052,2,0.061452513966486766,sea
syn,sea_s14,hddma+hedge,98.17318435754191,2,0.10055865921787532,sea
syn,sea_s14,hddmw,98.16201117318435,1,0.08938547486032622,sea
syn,sea_s14,hddmw+half,98.11173184357543,1,0.03910614525138856,sea
syn,sea_s14,hddmw+hedge,98.15083798882681,1,0.07821229050277712,sea
syn,sea_s14,adwin,98.37988826815644,7,0.3072625698324005,sea
syn,sea_s14,adwin+half,98.21787709497207,6,0.14525139664803843,sea
syn,sea_s14,adwin+hedge,98.48603351955309,7,0.4134078212290504,sea
syn,sea_s14,ph,98.07262569832403,0,0.0,sea
syn,sea_s14,ph+half,98.07262569832403,0,0.0,sea
syn,sea_s14,ph+hedge,98.07262569832403,0,0.0,sea
syn,sea_s14,kswin,98.16201117318435,1,0.08938547486032622,sea
syn,sea_s14,kswin+half,98.11173184357543,1,0.03910614525138856,sea
syn,sea_s14,kswin+hedge,98.15083798882681,1,0.07821229050277712,sea
syn,sine_s10,none,87.25941422594143,0,0.0,sine
syn,sine_s10,ddmM,94.6652719665272,26,7.405857740585775,sine
syn,sine_s10,ddm,94.69456066945607,25,7.43514644351464,sine
syn,sine_s10,ddm+half,90.56066945606695,11,3.3012552301255216,sine
syn,sine_s10,ddm+hedge,94.6987447698745,26,7.439330543933065,sine
syn,sine_s10,eddm,94.87447698744771,12,7.615062761506286,sine
syn,sine_s10,eddm+half,91.69874476987448,21,4.439330543933062,sine
syn,sine_s10,eddm+hedge,94.77824267782428,13,7.518828451882853,sine
syn,sine_s10,fhddm,87.40167364016736,11,0.14225941422594257,sine
syn,sine_s10,fhddm+half,87.56485355648536,11,0.305439330543944,sine
syn,sine_s10,fhddm+hedge,87.45606694560671,11,0.1966527196652912,sine
syn,sine_s10,hddma,94.88284518828453,11,7.6234309623431145,sine
syn,sine_s10,hddma+half,90.56066945606695,11,3.3012552301255216,sine
syn,sine_s10,hddma+hedge,94.76569037656904,11,7.506276150627622,sine
syn,sine_s10,hddmw,94.88284518828453,11,7.6234309623431145,sine
syn,sine_s10,hddmw+half,90.56066945606695,11,3.3012552301255216,sine
syn,sine_s10,hddmw+hedge,94.76569037656904,11,7.506276150627622,sine
syn,sine_s10,adwin,94.88284518828453,11,7.6234309623431145,sine
syn,sine_s10,adwin+half,90.63598326359835,22,3.376569037656918,sine
syn,sine_s10,adwin+hedge,94.76569037656904,11,7.506276150627622,sine
syn,sine_s10,ph,94.88284518828453,11,7.6234309623431145,sine
syn,sine_s10,ph+half,90.581589958159,22,3.3221757322175804,sine
syn,sine_s10,ph+hedge,94.76569037656904,11,7.506276150627622,sine
syn,sine_s10,kswin,94.88284518828453,11,7.6234309623431145,sine
syn,sine_s10,kswin+half,90.77824267782428,19,3.5188284518828605,sine
syn,sine_s10,kswin+hedge,94.76569037656904,11,7.506276150627622,sine
syn,sine_s11,none,87.17154811715483,0,0.0,sine
syn,sine_s11,ddmM,94.76150627615063,23,7.5899581589958025,sine
syn,sine_s11,ddm,94.76150627615063,23,7.5899581589958025,sine
syn,sine_s11,ddm+half,90.64016736401675,15,3.468619246861915,sine
syn,sine_s11,ddm+hedge,94.6652719665272,25,7.493723849372369,sine
syn,sine_s11,eddm,94.8326359832636,12,7.661087866108773,sine
syn,sine_s11,eddm+half,91.56485355648537,18,4.3933054393305415,sine
syn,sine_s11,eddm+hedge,94.71966527196653,11,7.548117154811706,sine
syn,sine_s11,fhddm,87.30962343096235,11,0.13807531380751747,sine
syn,sine_s11,fhddm+half,87.43514644351465,11,0.2635983263598263,sine
syn,sine_s11,fhddm+hedge,87.35983263598327,11,0.188284518828441,sine
syn,sine_s11,hddma,94.84100418410043,11,7.669456066945601,sine
syn,sine_s11,hddma+half,90.65690376569039,11,3.4853556485355597,sine
syn,sine_s11,hddma+hedge,94.71966527196653,11,7.548117154811706,sine
syn,sine_s11,hddmw,94.84100418410043,11,7.669456066945601,sine
syn,sine_s11,hddmw+half,90.65690376569039,11,3.4853556485355597,sine
syn,sine_s11,hddmw+hedge,94.71966527196653,11,7.548117154811706,sine
syn,sine_s11,adwin,94.84100418410043,11,7.669456066945601,sine
syn,sine_s11,adwin+half,90.7866108786611,22,3.6150627615062714,sine
syn,sine_s11,adwin+hedge,94.71966527196653,11,7.548117154811706,sine
syn,sine_s11,ph,94.84100418410043,11,7.669456066945601,sine
syn,sine_s11,ph+half,90.68200836820084,22,3.5104602510460103,sine
syn,sine_s11,ph+hedge,94.71966527196653,11,7.548117154811706,sine
syn,sine_s11,kswin,94.84100418410043,11,7.669456066945601,sine
syn,sine_s11,kswin+half,90.84937238493723,15,3.6778242677824036,sine
syn,sine_s11,kswin+hedge,94.71966527196653,11,7.548117154811706,sine
syn,sine_s12,none,86.97071129707113,0,0.0,sine
syn,sine_s12,ddmM,94.55230125523013,25,7.581589958158997,sine
syn,sine_s12,ddm,94.55230125523013,25,7.581589958158997,sine
syn,sine_s12,ddm+half,89.98744769874477,18,3.0167364016736364,sine
syn,sine_s12,ddm+hedge,94.51882845188287,27,7.548117154811729,sine
syn,sine_s12,eddm,94.62761506276152,12,7.656903765690382,sine
syn,sine_s12,eddm+half,91.29707112970713,22,4.326359832635996,sine
syn,sine_s12,eddm+hedge,94.56485355648535,12,7.594142259414216,sine
syn,sine_s12,fhddm,86.94979079497908,11,-0.020920502092058868,sine
syn,sine_s12,fhddm+half,87.07531380753139,11,0.10460251046024993,sine
syn,sine_s12,fhddm+hedge,87.0334728033473,11,0.0627615062761544,sine
syn,sine_s12,hddma,94.64853556485356,11,7.677824267782429,sine
syn,sine_s12,hddma+half,90.12552301255229,11,3.154811715481165,sine
syn,sine_s12,hddma+hedge,94.56485355648535,11,7.594142259414216,sine
syn,sine_s12,hddmw,94.64853556485356,11,7.677824267782429,sine
syn,sine_s12,hddmw+half,90.12552301255229,11,3.154811715481165,sine
syn,sine_s12,hddmw+hedge,94.56485355648535,11,7.594142259414216,sine
syn,sine_s12,adwin,94.64853556485356,11,7.677824267782429,sine
syn,sine_s12,adwin+half,90.45606694560671,22,3.485355648535571,sine
syn,sine_s12,adwin+hedge,94.56485355648535,11,7.594142259414216,sine
syn,sine_s12,ph,94.64853556485356,11,7.677824267782429,sine
syn,sine_s12,ph+half,90.2468619246862,22,3.276150627615071,sine
syn,sine_s12,ph+hedge,94.56485355648535,11,7.594142259414216,sine
syn,sine_s12,kswin,94.64853556485356,11,7.677824267782429,sine
syn,sine_s12,kswin+half,90.51882845188285,18,3.548117154811714,sine
syn,sine_s12,kswin+hedge,94.56485355648535,11,7.594142259414216,sine
syn,sine_s13,none,86.89539748953975,0,0.0,sine
syn,sine_s13,ddmM,94.75732217573223,22,7.861924686192479,sine
syn,sine_s13,ddm,94.75732217573223,22,7.861924686192479,sine
syn,sine_s13,ddm+half,90.16317991631799,19,3.267782426778243,sine
syn,sine_s13,ddm+hedge,94.42677824267783,24,7.531380753138073,sine
syn,sine_s13,eddm,94.8702928870293,13,7.974895397489545,sine
syn,sine_s13,eddm+half,91.35983263598327,16,4.464435146443524,sine
syn,sine_s13,eddm+hedge,94.7866108786611,12,7.891213389121344,sine
syn,sine_s13,fhddm,87.0,11,0.10460251046024993,sine
syn,sine_s13,fhddm+half,87.14644351464436,11,0.2510460251046176,sine
syn,sine_s13,fhddm+hedge,87.06276150627616,11,0.16736401673640433,sine
syn,sine_s13,hddma,94.89121338912135,11,7.9958158995815936,sine
syn,sine_s13,hddma+half,90.48953974895399,11,3.5941422594142347,sine
syn,sine_s13,hddma+hedge,94.77405857740587,11,7.878661087866112,sine
syn,sine_s13,hddmw,94.89121338912135,11,7.9958158995815936,sine
syn,sine_s13,hddmw+half,90.48953974895399,11,3.5941422594142347,sine
syn,sine_s13,hddmw+hedge,94.77405857740587,11,7.878661087866112,sine
syn,sine_s13,adwin,94.89121338912135,11,7.9958158995815936,sine
syn,sine_s13,adwin+half,90.58995815899581,22,3.6945606694560706,sine
syn,sine_s13,adwin+hedge,94.77405857740587,11,7.878661087866112,sine
syn,sine_s13,ph,94.89121338912135,11,7.9958158995815936,sine
syn,sine_s13,ph+half,90.47698744769875,22,3.581589958159004,sine
syn,sine_s13,ph+hedge,94.77405857740587,11,7.878661087866112,sine
syn,sine_s13,kswin,94.89121338912135,11,7.9958158995815936,sine
syn,sine_s13,kswin+half,90.75732217573221,19,3.861924686192464,sine
syn,sine_s13,kswin+hedge,94.77405857740587,11,7.878661087866112,sine
syn,sine_s14,none,87.2468619246862,0,0.0,sine
syn,sine_s14,ddmM,94.69037656903767,19,7.443514644351468,sine
syn,sine_s14,ddm,94.69037656903767,19,7.443514644351468,sine
syn,sine_s14,ddm+half,90.43096234309624,25,3.1841004184100408,sine
syn,sine_s14,ddm+hedge,94.5355648535565,26,7.288702928870294,sine
syn,sine_s14,eddm,94.71548117154812,13,7.468619246861918,sine
syn,sine_s14,eddm+half,91.13389121338912,19,3.8870292887029145,sine
syn,sine_s14,eddm+hedge,94.60251046025105,12,7.3556485355648515,sine
syn,sine_s14,fhddm,87.27615062761508,11,0.029288702928875754,sine
syn,sine_s14,fhddm+half,87.35983263598327,11,0.11297071129706682,sine
syn,sine_s14,fhddm+hedge,87.33891213389123,11,0.09205020920501905,sine
syn,sine_s14,hddma,94.76150627615063,11,7.514644351464428,sine
syn,sine_s14,hddma+half,90.27196652719665,11,3.0251046025104533,sine
syn,sine_s14,hddma+hedge,94.59414225941423,11,7.3472803347280236,sine
syn,sine_s14,hddmw,94.76150627615063,11,7.514644351464428,sine
syn,sine_s14,hddmw+half,90.27196652719665,11,3.0251046025104533,sine
syn,sine_s14,hddmw+hedge,94.59414225941423,11,7.3472803347280236,sine
syn,sine_s14,adwin,94.76150627615063,11,7.514644351464428,sine
syn,sine_s14,adwin+half,90.33891213389123,22,3.0920502092050217,sine
syn,sine_s14,adwin+hedge,94.581589958159,12,7.334728033472793,sine
syn,sine_s14,ph,94.76150627615063,11,7.514644351464428,sine
syn,sine_s14,ph+half,90.22594142259415,22,2.979079497907944,sine
syn,sine_s14,ph+hedge,94.59832635983265,12,7.351464435146449,sine
syn,sine_s14,kswin,94.76150627615063,11,7.514644351464428,sine
syn,sine_s14,kswin+half,90.418410041841,19,3.171548117154799,sine
syn,sine_s14,kswin+hedge,94.59414225941423,11,7.3472803347280236,sine
syn,stagger_s10,none,91.70391061452513,0,0.0,stagger
syn,stagger_s10,ddmM,97.32402234636872,8,5.620111731843592,stagger
syn,stagger_s10,ddm,97.32402234636872,8,5.620111731843592,stagger
syn,stagger_s10,ddm+half,94.46927374301676,8,2.765363128491627,stagger
syn,stagger_s10,ddm+hedge,97.3072625698324,9,5.603351955307279,stagger
syn,stagger_s10,eddm,97.32402234636872,8,5.620111731843592,stagger
syn,stagger_s10,eddm+half,94.62569832402235,11,2.9217877094972144,stagger
syn,stagger_s10,eddm+hedge,97.3072625698324,8,5.603351955307279,stagger
syn,stagger_s10,fhddm,91.70391061452513,8,0.0,stagger
syn,stagger_s10,fhddm+half,91.70391061452513,8,0.0,stagger
syn,stagger_s10,fhddm+hedge,91.70391061452513,8,0.0,stagger
syn,stagger_s10,hddma,97.32402234636872,8,5.620111731843592,stagger
syn,stagger_s10,hddma+half,94.46927374301676,8,2.765363128491627,stagger
syn,stagger_s10,hddma+hedge,97.3072625698324,8,5.603351955307279,stagger
syn,stagger_s10,hddmw,97.32402234636872,8,5.620111731843592,stagger
syn,stagger_s10,hddmw+half,94.46927374301676,8,2.765363128491627,stagger
syn,stagger_s10,hddmw+hedge,97.3072625698324,8,5.603351955307279,stagger
syn,stagger_s10,adwin,97.32402234636872,8,5.620111731843592,stagger
syn,stagger_s10,adwin+half,94.46927374301676,16,2.765363128491627,stagger
syn,stagger_s10,adwin+hedge,97.3072625698324,8,5.603351955307279,stagger
syn,stagger_s10,ph,96.8268156424581,8,5.122905027932967,stagger
syn,stagger_s10,ph+half,94.51396648044692,14,2.810055865921801,stagger
syn,stagger_s10,ph+hedge,96.8100558659218,8,5.106145251396665,stagger
syn,stagger_s10,kswin,96.73743016759776,7,5.0335195530726295,stagger
syn,stagger_s10,kswin+half,94.21787709497207,12,2.5139664804469386,stagger
syn,stagger_s10,kswin+hedge,96.72067039106145,7,5.0167597765363166,stagger
syn,stagger_s11,none,92.05027932960893,0,0.0,stagger
syn,stagger_s11,ddmM,97.41899441340782,8,5.368715083798891,stagger
syn,stagger_s11,ddm,97.41899441340782,8,5.368715083798891,stagger
syn,stagger_s11,ddm+half,94.59217877094973,8,2.5418994413408003,stagger
syn,stagger_s11,ddm+hedge,97.39664804469274,9,5.346368715083805,stagger
syn,stagger_s11,eddm,97.41899441340782,8,5.368715083798891,stagger
syn,stagger_s11,eddm+half,94.86033519553072,13,2.81005586592179,stagger
syn,stagger_s11,eddm+hedge,97.39664804469274,8,5.346368715083805,stagger
syn,stagger_s11,fhddm,92.05027932960893,8,0.0,stagger
syn,stagger_s11,fhddm+half,92.05027932960893,8,0.0,stagger
syn,stagger_s11,fhddm+hedge,92.05027932960893,8,0.0,stagger
syn,stagger_s11,hddma,97.41899441340782,8,5.368715083798891,stagger
syn,stagger_s11,hddma+half,94.59217877094973,8,2.5418994413408003,stagger
syn,stagger_s11,hddma+hedge,97.39664804469274,8,5.346368715083805,stagger
syn,stagger_s11,hddmw,97.41899441340782,8,5.368715083798891,stagger
syn,stagger_s11,hddmw+half,94.59217877094973,8,2.5418994413408003,stagger
syn,stagger_s11,hddmw+hedge,97.39664804469274,8,5.346368715083805,stagger
syn,stagger_s11,adwin,97.41899441340782,8,5.368715083798891,stagger
syn,stagger_s11,adwin+half,94.60335195530728,16,2.5530726256983383,stagger
syn,stagger_s11,adwin+hedge,97.39664804469274,8,5.346368715083805,stagger
syn,stagger_s11,ph,96.51955307262571,8,4.469273743016777,stagger
syn,stagger_s11,ph+half,94.59217877094972,13,2.541899441340789,stagger
syn,stagger_s11,ph+hedge,96.49720670391062,8,4.446927374301691,stagger
syn,stagger_s11,kswin,97.41899441340782,8,5.368715083798891,stagger
syn,stagger_s11,kswin+half,94.60335195530728,14,2.5530726256983383,stagger
syn,stagger_s11,kswin+hedge,97.39664804469274,8,5.346368715083805,stagger
syn,stagger_s12,none,92.02234636871508,0,0.0,stagger
syn,stagger_s12,ddmM,97.33519553072625,8,5.312849162011169,stagger
syn,stagger_s12,ddm,97.33519553072625,8,5.312849162011169,stagger
syn,stagger_s12,ddm+half,94.58659217877096,8,2.5642458100558763,stagger
syn,stagger_s12,ddm+hedge,97.3240223463687,9,5.30167597765362,stagger
syn,stagger_s12,eddm,97.33519553072625,8,5.312849162011169,stagger
syn,stagger_s12,eddm+half,94.93854748603351,13,2.91620111731844,stagger
syn,stagger_s12,eddm+hedge,97.3240223463687,8,5.30167597765362,stagger
syn,stagger_s12,fhddm,92.02234636871508,8,0.0,stagger
syn,stagger_s12,fhddm+half,92.02234636871508,8,0.0,stagger
syn,stagger_s12,fhddm+hedge,92.02234636871508,8,0.0,stagger
syn,stagger_s12,hddma,97.33519553072625,8,5.312849162011169,stagger
syn,stagger_s12,hddma+half,94.58659217877096,8,2.5642458100558763,stagger
syn,stagger_s12,hddma+hedge,97.3240223463687,8,5.30167597765362,stagger
syn,stagger_s12,hddmw,97.33519553072625,8,5.312849162011169,stagger
syn,stagger_s12,hddmw+half,94.58659217877096,8,2.5642458100558763,stagger
syn,stagger_s12,hddmw+hedge,97.3240223463687,8,5.30167597765362,stagger
syn,stagger_s12,adwin,97.33519553072625,8,5.312849162011169,stagger
syn,stagger_s12,adwin+half,94.62569832402235,16,2.603351955307265,stagger
syn,stagger_s12,adwin+hedge,97.3240223463687,8,5.30167597765362,stagger
syn,stagger_s12,ph,96.43016759776536,8,4.407821229050279,stagger
syn,stagger_s12,ph+half,94.58659217877096,13,2.5642458100558763,stagger
syn,stagger_s12,ph+hedge,96.41899441340782,8,4.39664804469273,stagger
syn,stagger_s12,kswin,97.33519553072625,8,5.312849162011169,stagger
syn,stagger_s12,kswin+half,94.62569832402235,12,2.603351955307265,stagger
syn,stagger_s12,kswin+hedge,97.3240223463687,8,5.30167597765362,stagger
syn,stagger_s13,none,91.8268156424581,0,0.0,stagger
syn,stagger_s13,ddmM,97.32402234636872,8,5.497206703910617,stagger
syn,stagger_s13,ddm,97.32402234636872,8,5.497206703910617,stagger
syn,stagger_s13,ddm+half,94.32402234636872,9,2.497206703910615,stagger
syn,stagger_s13,ddm+hedge,97.31843575418996,8,5.491620111731854,stagger
syn,stagger_s13,eddm,97.32402234636872,8,5.497206703910617,stagger
syn,stagger_s13,eddm+half,94.79888268156425,15,2.972067039106141,stagger
syn,stagger_s13,eddm+hedge,97.31843575418996,8,5.491620111731854,stagger
syn,stagger_s13,fhddm,91.8268156424581,8,0.0,stagger
syn,stagger_s13,fhddm+half,91.8268156424581,8,0.0,stagger
syn,stagger_s13,fhddm+hedge,91.8268156424581,8,0.0,stagger
syn,stagger_s13,hddma,97.32402234636872,8,5.497206703910617,stagger
syn,stagger_s13,hddma+half,94.21787709497207,8,2.391061452513965,stagger
syn,stagger_s13,hddma+hedge,97.31843575418996,8,5.491620111731854,stagger
syn,stagger_s13,hddmw,97.32402234636872,8,5.497206703910617,stagger
syn,stagger_s13,hddmw+half,94.21787709497207,8,2.391061452513965,stagger
syn,stagger_s13,hddmw+hedge,97.31843575418996,8,5.491620111731854,stagger
syn,stagger_s13,adwin,97.32402234636872,8,5.497206703910617,stagger
syn,stagger_s13,adwin+half,94.30167597765364,16,2.474860335195539,stagger
syn,stagger_s13,adwin+hedge,97.31843575418996,8,5.491620111731854,stagger
syn,stagger_s13,ph,96.7877094972067,8,4.960893854748605,stagger
syn,stagger_s13,ph+half,94.41899441340782,14,2.5921787709497157,stagger
syn,stagger_s13,ph+hedge,96.78212290502793,8,4.95530726256983,stagger
syn,stagger_s13,kswin,97.32402234636872,8,5.497206703910617,stagger
syn,stagger_s13,kswin+half,94.07262569832403,12,2.2458100558659266,stagger
syn,stagger_s13,kswin+hedge,97.31843575418996,8,5.491620111731854,stagger
syn,stagger_s14,none,92.01117318435753,0,0.0,stagger
syn,stagger_s14,ddmM,97.36312849162012,8,5.351955307262579,stagger
syn,stagger_s14,ddm,97.36312849162012,8,5.351955307262579,stagger
syn,stagger_s14,ddm+half,94.41340782122904,8,2.402234636871514,stagger
syn,stagger_s14,ddm+hedge,97.32402234636872,9,5.31284916201119,stagger
syn,stagger_s14,eddm,97.36312849162012,8,5.351955307262579,stagger
syn,stagger_s14,eddm+half,94.92737430167598,15,2.916201117318451,stagger
syn,stagger_s14,eddm+hedge,97.32402234636872,8,5.31284916201119,stagger
syn,stagger_s14,fhddm,92.01117318435753,8,0.0,stagger
syn,stagger_s14,fhddm+half,92.01117318435753,8,0.0,stagger
syn,stagger_s14,fhddm+hedge,92.01117318435753,8,0.0,stagger
syn,stagger_s14,hddma,97.36312849162012,8,5.351955307262579,stagger
syn,stagger_s14,hddma+half,94.41340782122904,8,2.402234636871514,stagger
syn,stagger_s14,hddma+hedge,97.32402234636872,8,5.31284916201119,stagger
syn,stagger_s14,hddmw,97.36312849162012,8,5.351955307262579,stagger
syn,stagger_s14,hddmw+half,94.41340782122904,8,2.402234636871514,stagger
syn,stagger_s14,hddmw+hedge,97.32402234636872,8,5.31284916201119,stagger
syn,stagger_s14,adwin,97.36312849162012,8,5.351955307262579,stagger
syn,stagger_s14,adwin+half,94.43016759776538,16,2.418994413407838,stagger
syn,stagger_s14,adwin+hedge,97.32402234636872,8,5.31284916201119,stagger
syn,stagger_s14,ph,96.52513966480447,8,4.513966480446941,stagger
syn,stagger_s14,ph+half,94.62011173184358,12,2.6089385474860505,stagger
syn,stagger_s14,ph+hedge,96.48603351955306,8,4.47486033519553,stagger
syn,stagger_s14,kswin,96.75418994413407,7,4.743016759776541,stagger
syn,stagger_s14,kswin+half,94.1564245810056,10,2.1452513966480624,stagger
syn,stagger_s14,kswin+hedge,96.71508379888269,7,4.703910614525153,stagger
syn,grid_c5_b500_s10,none,63.36363636363637,0,0.0,grid
syn,grid_c5_b500_s10,ddmM,87.38636363636364,9,24.022727272727273,grid
syn,grid_c5_b500_s10,ddm,87.38636363636364,9,24.022727272727273,grid
syn,grid_c5_b500_s10,ddm+half,75.15909090909093,8,11.795454545454565,grid
syn,grid_c5_b500_s10,ddm+hedge,87.36363636363636,8,23.99999999999999,grid
syn,grid_c5_b500_s10,eddm,87.38636363636364,8,24.022727272727273,grid
syn,grid_c5_b500_s10,eddm+half,76.02272727272728,11,12.659090909090908,grid
syn,grid_c5_b500_s10,eddm+hedge,87.36363636363636,8,23.99999999999999,grid
syn,grid_c5_b500_s10,fhddm,66.70454545454547,8,3.3409090909090944,grid
syn,grid_c5_b500_s10,fhddm+half,63.52272727272729,8,0.15909090909091983,grid
syn,grid_c5_b500_s10,fhddm+hedge,65.79545454545455,8,2.4318181818181794,grid
syn,grid_c5_b500_s10,hddma,87.38636363636364,8,24.022727272727273,grid
syn,grid_c5_b500_s10,hddma+half,75.15909090909093,8,11.795454545454565,grid
syn,grid_c5_b500_s10,hddma+hedge,87.36363636363636,8,23.99999999999999,grid
syn,grid_c5_b500_s10,hddmw,87.38636363636364,8,24.022727272727273,grid
syn,grid_c5_b500_s10,hddmw+half,75.15909090909093,8,11.795454545454565,grid
syn,grid_c5_b500_s10,hddmw+hedge,87.36363636363636,8,23.99999999999999,grid
syn,grid_c5_b500_s10,adwin,87.38636363636364,8,24.022727272727273,grid
syn,grid_c5_b500_s10,adwin+half,75.36363636363636,16,11.99999999999999,grid
syn,grid_c5_b500_s10,adwin+hedge,87.36363636363636,8,23.99999999999999,grid
syn,grid_c5_b500_s10,ph,85.02272727272728,8,21.659090909090917,grid
syn,grid_c5_b500_s10,ph+half,75.54545454545453,13,12.181818181818171,grid
syn,grid_c5_b500_s10,ph+hedge,85.02272727272728,8,21.659090909090917,grid
syn,grid_c5_b500_s10,kswin,87.38636363636364,8,24.022727272727273,grid
syn,grid_c5_b500_s10,kswin+half,75.4090909090909,16,12.045454545454536,grid
syn,grid_c5_b500_s10,kswin+hedge,87.36363636363636,8,23.99999999999999,grid
syn,grid_c5_b500_s11,none,60.02272727272726,0,0.0,grid
syn,grid_c5_b500_s11,ddmM,81.70454545454544,12,21.68181818181818,grid
syn,grid_c5_b500_s11,ddm,81.70454545454544,12,21.68181818181818,grid
syn,grid_c5_b500_s11,ddm+half,68.75,6,8.727272727272739,grid
syn,grid_c5_b500_s11,ddm+hedge,80.77272727272728,10,20.750000000000025,grid
syn,grid_c5_b500_s11,eddm,86.18181818181819,8,26.15909090909092,grid
syn,grid_c5_b500_s11,eddm+half,73.49999999999997,10,13.477272727272716,grid
syn,grid_c5_b500_s11,eddm+hedge,86.22727272727275,8,26.20454545454548,grid
syn,grid_c5_b500_s11,fhddm,63.13636363636363,8,3.113636363636374,grid
syn,grid_c5_b500_s11,fhddm+half,60.11363636363636,8,0.09090909090909705,grid
syn,grid_c5_b500_s11,fhddm+hedge,62.386363636363626,8,2.3636363636363678,grid
syn,grid_c5_b500_s11,hddma,86.18181818181819,8,26.15909090909092,grid
syn,grid_c5_b500_s11,hddma+half,71.04545454545453,6,11.022727272727273,grid
syn,grid_c5_b500_s11,hddma+hedge,86.22727272727275,8,26.20454545454548,grid
syn,grid_c5_b500_s11,hddmw,85.13636363636364,7,25.11363636363638,grid
syn,grid_c5_b500_s11,hddmw+half,72.4090909090909,8,12.38636363636364,grid
syn,grid_c5_b500_s11,hddmw+hedge,85.52272727272728,8,25.50000000000002,grid
syn,grid_c5_b500_s11,adwin,86.18181818181819,8,26.15909090909092,grid
syn,grid_c5_b500_s11,adwin+half,72.68181818181817,13,12.659090909090908,grid
syn,grid_c5_b500_s11,adwin+hedge,86.22727272727275,8,26.20454545454548,grid
syn,grid_c5_b500_s11,ph,83.68181818181817,8,23.659090909090917,grid
syn,grid_c5_b500_s11,ph+half,70.45454545454545,11,10.431818181818198,grid
syn,grid_c5_b500_s11,ph+hedge,83.72727272727272,8,23.704545454545457,grid
syn,grid_c5_b500_s11,kswin,84.47727272727273,8,24.454545454545475,grid
syn,grid_c5_b500_s11,kswin+half,71.93181818181817,13,11.909090909090914,grid
syn,grid_c5_b500_s11,kswin+hedge,84.5,8,24.477272727272737,grid
syn,grid_c5_b2000_s10,none,91.35754189944134,0,0.0,grid
syn,grid_c5_b2000_s10,ddmM,96.97206703910614,14,5.614525139664794,grid
syn,grid_c5_b2000_s10,ddm,96.97206703910614,14,5.614525139664794,grid
syn,grid_c5_b2000_s10,ddm+half,93.96648044692736,10,2.6089385474860283,grid
syn,grid_c5_b2000_s10,ddm+hedge,96.97765363128492,13,5.62011173184358,grid
syn,grid_c5_b2000_s10,eddm,96.97765363128492,8,5.62011173184358,grid
syn,grid_c5_b2000_s10,eddm+half,94.43575418994413,14,3.078212290502791,grid
syn,grid_c5_b2000_s10,eddm+hedge,96.97765363128492,8,5.62011173184358,grid
syn,grid_c5_b2000_s10,fhddm,91.35754189944134,8,0.0,grid
syn,grid_c5_b2000_s10,fhddm+half,91.35754189944134,8,0.0,grid
syn,grid_c5_b2000_s10,fhddm+hedge,91.35754189944134,8,0.0,grid
syn,grid_c5_b2000_s10,hddma,96.97765363128492,8,5.62011173184358,grid
syn,grid_c5_b2000_s10,hddma+half,93.97206703910614,8,2.6145251396647917,grid
syn,grid_c5_b2000_s10,hddma+hedge,96.97765363128492,8,5.62011173184358,grid
syn,grid_c5_b2000_s10,hddmw,96.97765363128492,8,5.62011173184358,grid
syn,grid_c5_b2000_s10,hddmw+half,93.97206703910614,8,2.6145251396647917,grid
syn,grid_c5_b2000_s10,hddmw+hedge,96.97765363128492,8,5.62011173184358,grid
syn,grid_c5_b2000_s10,adwin,96.97765363128492,8,5.62011173184358,grid
syn,grid_c5_b2000_s10,adwin+half,93.97206703910614,16,2.6145251396647917,grid
syn,grid_c5_b2000_s10,adwin+hedge,96.97765363128492,8,5.62011173184358,grid
syn,grid_c5_b2000_s10,ph,96.97765363128492,8,5.62011173184358,grid
syn,grid_c5_b2000_s10,ph+half,93.97206703910614,16,2.6145251396647917,grid
syn,grid_c5_b2000_s10,ph+hedge,96.97765363128492,8,5.62011173184358,grid
syn,grid_c5_b2000_s10,kswin,96.97765363128492,8,5.62011173184358,grid
syn,grid_c5_b2000_s10,kswin+half,93.99441340782123,14,2.63687150837989,grid
syn,grid_c5_b2000_s10,kswin+hedge,96.97765363128492,8,5.62011173184358,grid
syn,grid_c5_b2000_s11,none,90.17877094972067,0,0.0,grid
syn,grid_c5_b2000_s11,ddmM,96.16759776536313,29,5.988826815642446,grid
syn,grid_c5_b2000_s11,ddm,96.16759776536313,29,5.988826815642446,grid
syn,grid_c5_b2000_s11,ddm+half,93.00000000000001,11,2.821229050279339,grid
syn,grid_c5_b2000_s11,ddm+hedge,95.51396648044694,28,5.335195530726267,grid
syn,grid_c5_b2000_s11,eddm,96.54748603351955,8,6.36871508379887,grid
syn,grid_c5_b2000_s11,eddm+half,93.30167597765363,12,3.122905027932954,grid
syn,grid_c5_b2000_s11,eddm+hedge,96.56424581005587,8,6.385474860335183,grid
syn,grid_c5_b2000_s11,fhddm,90.16759776536313,8,-0.011173184357549104,grid
syn,grid_c5_b2000_s11,fhddm+half,90.18994413407823,8,0.011173184357549104,grid
syn,grid_c5_b2000_s11,fhddm+hedge,90.18994413407823,8,0.011173184357549104,grid
syn,grid_c5_b2000_s11,hddma,96.54748603351955,8,6.36871508379887,grid
syn,grid_c5_b2000_s11,hddma+half,93.00000000000001,8,2.821229050279339,grid
syn,grid_c5_b2000_s11,hddma+hedge,96.56424581005587,8,6.385474860335183,grid
syn,grid_c5_b2000_s11,hddmw,96.2122905027933,8,6.033519553072619,grid
syn,grid_c5_b2000_s11,hddmw+half,93.04469273743018,8,2.8659217877095022,grid
syn,grid_c5_b2000_s11,hddmw+hedge,96.21787709497208,8,6.039106145251405,grid
syn,grid_c5_b2000_s11,adwin,96.54748603351955,8,6.36871508379887,grid
syn,grid_c5_b2000_s11,adwin+half,93.03910614525141,16,2.8603351955307277,grid
syn,grid_c5_b2000_s11,adwin+hedge,96.56424581005587,8,6.385474860335183,grid
syn,grid_c5_b2000_s11,ph,96.00558659217879,8,5.826815642458105,grid
syn,grid_c5_b2000_s11,ph+half,93.05027932960894,13,2.8715083798882657,grid
syn,grid_c5_b2000_s11,ph+hedge,96.01117318435755,8,5.832402234636868,grid
syn,grid_c5_b2000_s11,kswin,95.78212290502792,6,5.603351955307245,grid
syn,grid_c5_b2000_s11,kswin+half,92.70949720670392,12,2.53072625698324,grid
syn,grid_c5_b2000_s11,kswin+hedge,95.79888268156425,6,5.62011173184358,grid
syn,grid_c30_b500_s10,none,64.22727272727273,0,0.0,grid
syn,grid_c30_b500_s10,ddmM,82.65909090909088,11,18.431818181818148,grid
syn,grid_c30_b500_s10,ddm,82.65909090909088,11,18.431818181818148,grid
syn,grid_c30_b500_s10,ddm+half,70.43181818181819,9,6.2045454545454515,grid
syn,grid_c30_b500_s10,ddm+hedge,80.84090909090908,10,16.613636363636342,grid
syn,grid_c30_b500_s10,eddm,83.24999999999999,8,19.02272727272726,grid
syn,grid_c30_b500_s10,eddm+half,73.54545454545456,13,9.318181818181825,grid
syn,grid_c30_b500_s10,eddm+hedge,81.18181818181817,8,16.954545454545446,grid
syn,grid_c30_b500_s10,fhddm,67.38636363636363,8,3.1590909090909003,grid
syn,grid_c30_b500_s10,fhddm+half,67.86363636363636,8,3.6363636363636265,grid
syn,grid_c30_b500_s10,fhddm+hedge,67.54545454545455,8,3.318181818181809,grid
syn,grid_c30_b500_s10,hddma,83.24999999999999,8,19.02272727272726,grid
syn,grid_c30_b500_s10,hddma+half,70.43181818181819,8,6.2045454545454515,grid
syn,grid_c30_b500_s10,hddma+hedge,80.86363636363636,9,16.636363636363626,grid
syn,grid_c30_b500_s10,hddmw,83.24999999999999,8,19.02272727272726,grid
syn,grid_c30_b500_s10,hddmw+half,70.43181818181819,8,6.2045454545454515,grid
syn,grid_c30_b500_s10,hddmw+hedge,81.18181818181817,8,16.954545454545446,grid
syn,grid_c30_b500_s10,adwin,83.24999999999999,8,19.02272727272726,grid
syn,grid_c30_b500_s10,adwin+half,69.27272727272728,10,5.045454545454541,grid
syn,grid_c30_b500_s10,adwin+hedge,81.18181818181817,8,16.954545454545446,grid
syn,grid_c30_b500_s10,ph,80.24999999999999,8,16.022727272727256,grid
syn,grid_c30_b500_s10,ph+half,71.02272727272727,9,6.795454545454527,grid
syn,grid_c30_b500_s10,ph+hedge,77.45454545454545,8,13.227272727272721,grid
syn,grid_c30_b500_s10,kswin,83.24999999999999,8,19.02272727272726,grid
syn,grid_c30_b500_s10,kswin+half,70.43181818181819,8,6.2045454545454515,grid
syn,grid_c30_b500_s10,kswin+hedge,81.18181818181817,8,16.954545454545446,grid
syn,grid_c30_b500_s11,none,54.75000000000001,0,0.0,grid
syn,grid_c30_b500_s11,ddmM,78.52272727272727,11,23.772727272727256,grid
syn,grid_c30_b500_s11,ddm,78.52272727272727,11,23.772727272727256,grid
syn,grid_c30_b500_s11,ddm+half,64.18181818181817,10,9.431818181818164,grid
syn,grid_c30_b500_s11,ddm+hedge,77.70454545454545,11,22.95454545454544,grid
syn,grid_c30_b500_s11,eddm,80.63636363636363,8,25.88636363636362,grid
syn,grid_c30_b500_s11,eddm+half,69.06818181818181,15,14.318181818181797,grid
syn,grid_c30_b500_s11,eddm+hedge,77.75,9,22.999999999999986,grid
syn,grid_c30_b500_s11,fhddm,60.06818181818182,8,5.318181818181811,grid
syn,grid_c30_b500_s11,fhddm+half,59.02272727272728,8,4.2727272727272725,grid
syn,grid_c30_b500_s11,fhddm+hedge,60.13636363636363,8,5.3863636363636225,grid
syn,grid_c30_b500_s11,hddma,80.63636363636363,8,25.88636363636362,grid
syn,grid_c30_b500_s11,hddma+half,63.56818181818181,8,8.818181818181802,grid
syn,grid_c30_b500_s11,hddma+hedge,77.86363636363636,8,23.113636363636346,grid
syn,grid_c30_b500_s11,hddmw,80.63636363636363,8,25.88636363636362,grid
syn,grid_c30_b500_s11,hddmw+half,63.56818181818181,8,8.818181818181802,grid
syn,grid_c30_b500_s11,hddmw+hedge,77.86363636363636,8,23.113636363636346,grid
syn,grid_c30_b500_s11,adwin,80.63636363636363,8,25.88636363636362,grid
syn,grid_c30_b500_s11,adwin+half,61.204545454545446,13,6.4545454545454355,grid
syn,grid_c30_b500_s11,adwin+hedge,76.11363636363637,11,21.363636363636363,grid
syn,grid_c30_b500_s11,ph,80.63636363636363,8,25.88636363636362,grid
syn,grid_c30_b500_s11,ph+half,61.613636363636374,11,6.863636363636361,grid
syn,grid_c30_b500_s11,ph+hedge,77.86363636363636,8,23.113636363636346,grid
syn,grid_c30_b500_s11,kswin,80.63636363636363,8,25.88636363636362,grid
syn,grid_c30_b500_s11,kswin+half,64.75000000000001,11,9.999999999999998,grid
syn,grid_c30_b500_s11,kswin+hedge,77.86363636363636,8,23.113636363636346,grid
syn,grid_c30_b2000_s10,none,89.35195530726257,0,0.0,grid
syn,grid_c30_b2000_s10,ddmM,93.97765363128492,12,4.625698324022364,grid
syn,grid_c30_b2000_s10,ddm,94.04469273743018,11,4.692737430167615,grid
syn,grid_c30_b2000_s10,ddm+half,91.02234636871509,8,1.6703910614525252,grid
syn,grid_c30_b2000_s10,ddm+hedge,93.7541899441341,9,4.402234636871527,grid
syn,grid_c30_b2000_s10,eddm,93.95530726256983,11,4.603351955307266,grid
syn,grid_c30_b2000_s10,eddm+half,92.0558659217877,17,2.70391061452514,grid
syn,grid_c30_b2000_s10,eddm+hedge,93.74301675977654,9,4.391061452513978,grid
syn,grid_c30_b2000_s10,fhddm,89.56983240223464,8,0.2178770949720743,grid
syn,grid_c30_b2000_s10,fhddm+half,89.99441340782126,8,0.6424581005586849,grid
syn,grid_c30_b2000_s10,fhddm+hedge,89.86033519553074,8,0.5083798882681734,grid
syn,grid_c30_b2000_s10,hddma,94.18994413407823,8,4.837988826815664,grid
syn,grid_c30_b2000_s10,hddma+half,91.02234636871509,8,1.6703910614525252,grid
syn,grid_c30_b2000_s10,hddma+hedge,93.75977653631287,8,4.407821229050302,grid
syn,grid_c30_b2000_s10,hddmw,94.18994413407823,8,4.837988826815664,grid
syn,grid_c30_b2000_s10,hddmw+half,91.02234636871509,8,1.6703910614525252,grid
syn,grid_c30_b2000_s10,hddmw+hedge,93.75977653631287,8,4.407821229050302,grid
syn,grid_c30_b2000_s10,adwin,94.18994413407823,8,4.837988826815664,grid
syn,grid_c30_b2000_s10,adwin+half,90.99441340782123,16,1.6424581005586636,grid
syn,grid_c30_b2000_s10,adwin+hedge,93.77653631284917,13,4.424581005586603,grid
syn,grid_c30_b2000_s10,ph,93.8882681564246,8,4.536312849162039,grid
syn,grid_c30_b2000_s10,ph+half,91.11173184357544,15,1.7597765363128737,grid
syn,grid_c30_b2000_s10,ph+hedge,93.35195530726259,11,4.000000000000014,grid
syn,grid_c30_b2000_s10,kswin,94.18994413407823,8,4.837988826815664,grid
syn,grid_c30_b2000_s10,kswin+half,91.02234636871509,8,1.6703910614525252,grid
syn,grid_c30_b2000_s10,kswin+hedge,93.75977653631287,8,4.407821229050302,grid
syn,grid_c30_b2000_s11,none,86.56983240223462,0,0.0,grid
syn,grid_c30_b2000_s11,ddmM,93.01117318435755,12,6.441340782122918,grid
syn,grid_c30_b2000_s11,ddm,93.01117318435755,12,6.441340782122918,grid
syn,grid_c30_b2000_s11,ddm+half,89.10055865921788,11,2.530726256983251,grid
syn,grid_c30_b2000_s11,ddm+hedge,92.50837988826815,9,5.93854748603353,grid
syn,grid_c30_b2000_s11,eddm,92.81564245810056,12,6.24581005586593,grid
syn,grid_c30_b2000_s11,eddm+half,90.10055865921788,14,3.530726256983252,grid
syn,grid_c30_b2000_s11,eddm+hedge,92.5810055865922,9,6.011173184357565,grid
syn,grid_c30_b2000_s11,fhddm,87.12290502793294,8,0.5530726256983254,grid
syn,grid_c30_b2000_s11,fhddm+half,87.62569832402234,8,1.055865921787713,grid
syn,grid_c30_b2000_s11,fhddm+hedge,87.3072625698324,8,0.7374301675977746,grid
syn,grid_c30_b2000_s11,hddma,93.10055865921788,8,6.530726256983255,grid
syn,grid_c30_b2000_s11,hddma+half,88.92737430167598,8,2.357541899441351,grid
syn,grid_c30_b2000_s11,hddma+hedge,92.5810055865922,8,6.011173184357565,grid
syn,grid_c30_b2000_s11,hddmw,93.10055865921788,8,6.530726256983255,grid
syn,grid_c30_b2000_s11,hddmw+half,88.92737430167598,8,2.357541899441351,grid
syn,grid_c30_b2000_s11,hddmw+hedge,92.5810055865922,8,6.011173184357565,grid
syn,grid_c30_b2000_s11,adwin,93.10055865921788,8,6.530726256983255,grid
syn,grid_c30_b2000_s11,adwin+half,88.86033519553072,16,2.290502793296101,grid
syn,grid_c30_b2000_s11,adwin+hedge,92.58100558659218,13,6.011173184357554,grid
syn,grid_c30_b2000_s11,ph,93.10055865921788,8,6.530726256983255,grid
syn,grid_c30_b2000_s11,ph+half,88.84357541899442,16,2.2737430167597883,grid
syn,grid_c30_b2000_s11,ph+hedge,92.56424581005587,12,5.994413407821241,grid
syn,grid_c30_b2000_s11,kswin,93.10055865921788,8,6.530726256983255,grid
syn,grid_c30_b2000_s11,kswin+half,89.20111731843576,10,2.6312849162011376,grid
syn,grid_c30_b2000_s11,kswin+hedge,92.5810055865922,8,6.011173184357565,grid
syn,grid_c100_b500_s10,none,54.04545454545454,0,0.0,grid
syn,grid_c100_b500_s10,ddmM,64.86363636363637,8,10.818181818181827,grid
syn,grid_c100_b500_s10,ddm,64.86363636363637,8,10.818181818181827,grid
syn,grid_c100_b500_s10,ddm+half,57.88636363636361,8,3.8409090909090726,grid
syn,grid_c100_b500_s10,ddm+hedge,63.772727272727266,8,9.727272727272728,grid
syn,grid_c100_b500_s10,eddm,56.45454545454546,19,2.4090909090909163,grid
syn,grid_c100_b500_s10,eddm+half,57.97727272727272,17,3.9318181818181808,grid
syn,grid_c100_b500_s10,eddm+hedge,60.5,18,6.454545454545457,grid
syn,grid_c100_b500_s10,fhddm,50.61363636363636,10,-3.4318181818181803,grid
syn,grid_c100_b500_s10,fhddm+half,54.61363636363635,9,0.5681818181818121,grid
syn,grid_c100_b500_s10,fhddm+hedge,55.02272727272728,9,0.9772727272727377,grid
syn,grid_c100_b500_s10,hddma,64.86363636363637,8,10.818181818181827,grid
syn,grid_c100_b500_s10,hddma+half,57.54545454545453,8,3.499999999999992,grid
syn,grid_c100_b500_s10,hddma+hedge,63.772727272727266,8,9.727272727272728,grid
syn,grid_c100_b500_s10,hddmw,64.86363636363637,8,10.818181818181827,grid
syn,grid_c100_b500_s10,hddmw+half,57.54545454545453,8,3.499999999999992,grid
syn,grid_c100_b500_s10,hddmw+hedge,63.772727272727266,8,9.727272727272728,grid
syn,grid_c100_b500_s10,adwin,54.13636363636364,8,0.09090909090909705,grid
syn,grid_c100_b500_s10,adwin+half,56.68181818181818,8,2.6363636363636367,grid
syn,grid_c100_b500_s10,adwin+hedge,63.75000000000001,11,9.704545454545466,grid
syn,grid_c100_b500_s10,ph,55.20454545454545,8,1.1590909090909096,grid
syn,grid_c100_b500_s10,ph+half,56.27272727272727,7,2.2272727272727333,grid
syn,grid_c100_b500_s10,ph+hedge,56.272727272727266,6,2.227272727272722,grid
syn,grid_c100_b500_s10,kswin,64.43181818181819,9,10.38636363636365,grid
syn,grid_c100_b500_s10,kswin+half,57.61363636363635,10,3.568181818181815,grid
syn,grid_c100_b500_s10,kswin+hedge,63.25000000000001,11,9.204545454545466,grid
syn,grid_c100_b500_s11,none,52.47727272727274,0,0.0,grid
syn,grid_c100_b500_s11,ddmM,63.34090909090909,8,10.863636363636353,grid
syn,grid_c100_b500_s11,ddm,63.34090909090909,8,10.863636363636353,grid
syn,grid_c100_b500_s11,ddm+half,56.34090909090909,8,3.863636363636358,grid
syn,grid_c100_b500_s11,ddm+hedge,61.61363636363636,8,9.13636363636362,grid
syn,grid_c100_b500_s11,eddm,56.477272727272734,21,3.9999999999999925,grid
syn,grid_c100_b500_s11,eddm+half,58.29545454545455,14,5.818181818181811,grid
syn,grid_c100_b500_s11,eddm+hedge,58.79545454545454,16,6.318181818181801,grid
syn,grid_c100_b500_s11,fhddm,51.84090909090909,11,-0.636363636363646,grid
syn,grid_c100_b500_s11,fhddm+half,54.45454545454547,9,1.9772727272727275,grid
syn,grid_c100_b500_s11,fhddm+hedge,54.95454545454543,9,2.4772727272726947,grid
syn,grid_c100_b500_s11,hddma,63.34090909090909,8,10.863636363636353,grid
syn,grid_c100_b500_s11,hddma+half,56.34090909090909,8,3.863636363636358,grid
syn,grid_c100_b500_s11,hddma+hedge,61.61363636363636,8,9.13636363636362,grid
syn,grid_c100_b500_s11,hddmw,62.38636363636364,9,9.909090909090901,grid
syn,grid_c100_b500_s11,hddmw+half,56.34090909090909,8,3.863636363636358,grid
syn,grid_c100_b500_s11,hddmw+hedge,61.22727272727272,9,8.74999999999998,grid
syn,grid_c100_b500_s11,adwin,55.27272727272729,9,2.7954545454545454,grid
syn,grid_c100_b500_s11,adwin+half,55.09090909090909,10,2.6136363636363513,grid
syn,grid_c100_b500_s11,adwin+hedge,59.93181818181819,14,7.454545454545447,grid
syn,grid_c100_b500_s11,ph,52.77272727272728,7,0.2954545454545432,grid
syn,grid_c100_b500_s11,ph+half,57.47727272727272,8,4.999999999999982,grid
syn,grid_c100_b500_s11,ph+hedge,56.56818181818182,8,4.090909090909078,grid
syn,grid_c100_b500_s11,kswin,62.38636363636364,9,9.909090909090901,grid
syn,grid_c100_b500_s11,kswin+half,56.909090909090935,9,4.431818181818192,grid
syn,grid_c100_b500_s11,kswin+hedge,59.97727272727273,12,7.499999999999984,grid
syn,grid_c100_b2000_s10,none,79.3798882681564,0,0.0,grid
syn,grid_c100_b2000_s10,ddmM,82.5530726256983,8,3.1731843575419028,grid
syn,grid_c100_b2000_s10,ddm,82.5530726256983,8,3.1731843575419028,grid
syn,grid_c100_b2000_s10,ddm+half,80.41340782122903,8,1.033519553072626,grid
syn,grid_c100_b2000_s10,ddm+hedge,81.90502793296088,8,2.5251396648044766,grid
syn,grid_c100_b2000_s10,eddm,77.02234636871509,31,-2.3575418994413178,grid
syn,grid_c100_b2000_s10,eddm+half,80.76536312849161,26,1.3854748603352118,grid
syn,grid_c100_b2000_s10,eddm+hedge,80.67597765363126,17,1.2960893854748634,grid
syn,grid_c100_b2000_s10,fhddm,65.79888268156425,56,-13.581005586592154,grid
syn,grid_c100_b2000_s10,fhddm+half,79.14525139664805,10,-0.23463687150835355,grid
syn,grid_c100_b2000_s10,fhddm+hedge,79.29608938547486,11,-0.08379888268155167,grid
syn,grid_c100_b2000_s10,hddma,82.5530726256983,8,3.1731843575419028,grid
syn,grid_c100_b2000_s10,hddma+half,80.41340782122903,8,1.033519553072626,grid
syn,grid_c100_b2000_s10,hddma+hedge,81.90502793296088,8,2.5251396648044766,grid
syn,grid_c100_b2000_s10,hddmw,82.5530726256983,8,3.1731843575419028,grid
syn,grid_c100_b2000_s10,hddmw+half,80.41340782122903,8,1.033519553072626,grid
syn,grid_c100_b2000_s10,hddmw+hedge,81.90502793296088,8,2.5251396648044766,grid
syn,grid_c100_b2000_s10,adwin,72.49162011173186,35,-6.888268156424548,grid
syn,grid_c100_b2000_s10,adwin+half,79.80446927374302,17,0.4245810055866106,grid
syn,grid_c100_b2000_s10,adwin+hedge,81.68715083798881,17,2.3072625698324023,grid
syn,grid_c100_b2000_s10,ph,72.3463687150838,33,-7.033519553072609,grid
syn,grid_c100_b2000_s10,ph+half,79.8826815642458,17,0.5027932960893877,grid
syn,grid_c100_b2000_s10,ph+hedge,81.67039106145249,17,2.2905027932960897,grid
syn,grid_c100_b2000_s10,kswin,81.16759776536311,13,1.787709497206702,grid
syn,grid_c100_b2000_s10,kswin+half,80.35195530726256,11,0.9720670391061503,grid
syn,grid_c100_b2000_s10,kswin+hedge,81.24022346368714,14,1.860335195530738,grid
syn,grid_c100_b2000_s11,none,78.23463687150839,0,0.0,grid
syn,grid_c100_b2000_s11,ddmM,81.52513966480447,8,3.2905027932960795,grid
syn,grid_c100_b2000_s11,ddm,81.52513966480447,8,3.2905027932960795,grid
syn,grid_c100_b2000_s11,ddm+half,79.29050279329608,8,1.055865921787702,grid
syn,grid_c100_b2000_s11,ddm+hedge,80.78770949720672,8,2.553072625698327,grid
syn,grid_c100_b2000_s11,eddm,74.73184357541899,41,-3.5027932960893904,grid
syn,grid_c100_b2000_s11,eddm+half,79.45810055865923,26,1.2234636871508386,grid
syn,grid_c100_b2000_s11,eddm+hedge,79.51396648044692,20,1.2793296089385398,grid
syn,grid_c100_b2000_s11,fhddm,64.62011173184358,58,-13.614525139664813,grid
syn,grid_c100_b2000_s11,fhddm+half,78.29050279329608,9,0.05586592178769001,grid
syn,grid_c100_b2000_s11,fhddm+hedge,78.23463687150839,11,0.0,grid
syn,grid_c100_b2000_s11,hddma,81.52513966480447,8,3.2905027932960795,grid
syn,grid_c100_b2000_s11,hddma+half,79.29050279329608,8,1.055865921787702,grid
syn,grid_c100_b2000_s11,hddma+hedge,80.78770949720672,8,2.553072625698327,grid
syn,grid_c100_b2000_s11,hddmw,81.52513966480447,8,3.2905027932960795,grid
syn,grid_c100_b2000_s11,hddmw+half,79.29050279329608,8,1.055865921787702,grid
syn,grid_c100_b2000_s11,hddmw+hedge,80.78770949720672,8,2.553072625698327,grid
syn,grid_c100_b2000_s11,adwin,73.0391061452514,34,-5.195530726256992,grid
syn,grid_c100_b2000_s11,adwin+half,78.54189944134077,17,0.3072625698323894,grid
syn,grid_c100_b2000_s11,adwin+hedge,80.44692737430168,18,2.2122905027932904,grid
syn,grid_c100_b2000_s11,ph,70.78212290502795,34,-7.452513966480446,grid
syn,grid_c100_b2000_s11,ph+half,78.48044692737432,17,0.24581005586592486,grid
syn,grid_c100_b2000_s11,ph+hedge,80.53631284916203,17,2.301675977653639,grid
syn,grid_c100_b2000_s11,kswin,80.28491620111731,12,2.0502793296089283,grid
syn,grid_c100_b2000_s11,kswin+half,79.26256983240224,10,1.0279329608938403,grid
syn,grid_c100_b2000_s11,kswin+hedge,80.24022346368717,13,2.0055865921787763,grid
