group,stream,pol,acc,resets,d_acc,src
real,covertype,none,94.28952635090059,0,0.0,covertype
real,covertype,ddmM,93.37024683122083,47,-0.919279519679761,covertype
real,covertype,ddm,93.36357571714477,45,-0.9259506337558232,covertype
real,covertype,ddm+half,94.28885923949298,264,-0.0006671114076040041,covertype
real,covertype,ddm+hedge,94.04002668445631,152,-0.24949966644427501,covertype
real,covertype,eddm,87.8825883922615,258,-6.406937958639092,covertype
real,covertype,eddm+half,94.2868579052702,159,-0.002668445630393812,covertype
real,covertype,eddm+hedge,94.25950633755838,103,-0.030020013342213492,covertype
real,covertype,fhddm,90.9733155436958,107,-3.316210807204789,covertype
real,covertype,fhddm+half,94.25617078052035,21,-0.03335557038023351,covertype
real,covertype,fhddm+hedge,94.30220146764509,19,0.012675116744498283,covertype
real,covertype,hddma,82.44963308872583,515,-11.839893262174762,covertype
real,covertype,hddma+half,94.30887258172115,106,0.019346230820560528,covertype
real,covertype,hddma+hedge,94.26150767178119,111,-0.02801867911940148,covertype
real,covertype,hddmw,89.1454302868579,181,-5.14409606404268,covertype
real,covertype,hddmw+half,94.26617745163443,57,-0.023348899266151246,covertype
real,covertype,hddmw+hedge,94.33088725817211,57,0.04136090727152597,covertype
real,covertype,adwin,82.8405603735824,319,-11.448965977318181,covertype
real,covertype,adwin+half,94.2648432288192,44,-0.02468312208138146,covertype
real,covertype,adwin+hedge,94.27751834556372,43,-0.012008005336872074,covertype
real,covertype,ph,88.76050700466978,132,-5.529019346230813,covertype
real,covertype,ph+half,94.28885923949301,28,-0.0006671114075817997,covertype
real,covertype,ph+hedge,94.27218145430287,29,-0.01734489659772631,covertype
real,covertype,kswin,86.99399599733155,237,-7.295530353569035,covertype
real,covertype,kswin+half,94.26284189459639,38,-0.02668445630419347,covertype
real,covertype,kswin+hedge,94.3275517011341,39,0.03802535023350595,covertype
real,insects_abrupt_imbalanced,none,79.86390927284857,0,0.0,insects
real,insects_abrupt_imbalanced,ddmM,80.03135423615745,8,0.1674449633088715,insects
real,insects_abrupt_imbalanced,ddm,80.03202134756505,6,0.1681120747164755,insects
real,insects_abrupt_imbalanced,ddm+half,79.90060040026685,5,0.03669112741827574,insects
real,insects_abrupt_imbalanced,ddm+hedge,80.05003335557038,6,0.1861240827218058,insects
real,insects_abrupt_imbalanced,eddm,79.81187458305537,7,-0.05203468979320114,insects
real,insects_abrupt_imbalanced,eddm+half,79.84989993328885,71,-0.014009339559728495,insects
real,insects_abrupt_imbalanced,eddm+hedge,79.85923949299534,16,-0.004669779853239131,insects
real,insects_abrupt_imbalanced,fhddm,79.90527018012008,11,0.041360907271503766,insects
real,insects_abrupt_imbalanced,fhddm+half,79.91794529686457,10,0.05403602401600205,insects
real,insects_abrupt_imbalanced,fhddm+hedge,79.93795863909273,10,0.07404936624415548,insects
real,insects_abrupt_imbalanced,hddma,80.15076717811876,6,0.28685790527017696,insects
real,insects_abrupt_imbalanced,hddma+half,79.9466310873916,6,0.08272181454301863,insects
real,insects_abrupt_imbalanced,hddma+hedge,80.15343562374917,8,0.289526350900593,insects
real,insects_abrupt_imbalanced,hddmw,80.09539693128752,20,0.2314876584389447,insects
real,insects_abrupt_imbalanced,hddmw+half,79.93128752501669,20,0.06737825216810434,insects
real,insects_abrupt_imbalanced,hddmw+hedge,80.1987991994663,20,0.33488992661772077,insects
real,insects_abrupt_imbalanced,adwin,80.21214142761842,7,0.34823215476984526,insects
real,insects_abrupt_imbalanced,adwin+half,80.00800533689127,9,0.14409606404269804,insects
real,insects_abrupt_imbalanced,adwin+hedge,80.2081387591728,8,0.34422948632422123,insects
real,insects_abrupt_imbalanced,ph,80.12875250166779,16,0.2648432288192115,insects
real,insects_abrupt_imbalanced,ph+half,79.9733155436958,17,0.10940627084723431,insects
real,insects_abrupt_imbalanced,ph+hedge,80.18145430286859,17,0.31754503002000556,insects
real,insects_abrupt_imbalanced,kswin,80.24549699799867,8,0.381587725150101,insects
real,insects_abrupt_imbalanced,kswin+half,79.95330220146765,8,0.08939292861906978,insects
real,insects_abrupt_imbalanced,kswin+hedge,80.19946631087393,11,0.335557038025347,insects
real,insects_gradual_imbalanced,none,81.91061452513966,0,0.0,insects
real,insects_gradual_imbalanced,ddmM,81.87569832402235,7,-0.034916201117318746,insects
real,insects_gradual_imbalanced,ddm,81.87569832402235,7,-0.034916201117318746,insects
real,insects_gradual_imbalanced,ddm+half,81.91620111731844,9,0.00558659217876345,insects
real,insects_gradual_imbalanced,ddm+hedge,81.97346368715083,7,0.0628491620111582,insects
real,insects_gradual_imbalanced,eddm,81.76466480446926,37,-0.1459497206704019,insects
real,insects_gradual_imbalanced,eddm+half,81.93924581005587,17,0.028631284916191824,insects
real,insects_gradual_imbalanced,eddm+hedge,81.87988826815642,50,-0.030726256983248934,insects
real,insects_gradual_imbalanced,fhddm,81.86801675977654,8,-0.042597765363128204,insects
real,insects_gradual_imbalanced,fhddm+half,81.92527932960894,8,0.014664804469277648,insects
real,insects_gradual_imbalanced,fhddm+hedge,81.93086592178771,8,0.020251396648041098,insects
real,insects_gradual_imbalanced,hddma,81.98463687150837,7,0.0740223463687073,insects
real,insects_gradual_imbalanced,hddma+half,81.93016759776535,6,0.019553072625677625,insects
real,insects_gradual_imbalanced,hddma+hedge,82.02444134078212,8,0.11382681564244823,insects
real,insects_gradual_imbalanced,hddmw,81.92388268156425,14,0.01326815642458401,insects
real,insects_gradual_imbalanced,hddmw+half,81.92388268156425,14,0.01326815642458401,insects
real,insects_gradual_imbalanced,hddmw+hedge,82.02583798882682,14,0.11522346368715297,insects
real,insects_gradual_imbalanced,adwin,82.0076815642458,8,0.09706703910613568,insects
real,insects_gradual_imbalanced,adwin+half,81.93016759776538,10,0.01955307262569983,insects
real,insects_gradual_imbalanced,adwin+hedge,82.02653631284915,8,0.11592178770948314,insects
real,insects_gradual_imbalanced,ph,81.90013966480446,17,-0.010474860335207836,insects
real,insects_gradual_imbalanced,ph+half,81.92388268156425,15,0.01326815642458401,insects
real,insects_gradual_imbalanced,ph+hedge,82.00977653631284,13,0.09916201117317058,insects
real,insects_gradual_imbalanced,kswin,82.036312849162,5,0.1256983240223386,insects
real,insects_gradual_imbalanced,kswin+half,81.93645251396647,5,0.025837988826804548,insects
real,insects_gradual_imbalanced,kswin+hedge,82.03282122905028,6,0.12220670391061006,insects
real,insects_incremental_abrupt_balanced,none,77.06641604010025,0,0.0,insects
real,insects_incremental_abrupt_balanced,ddmM,77.59147869674187,7,0.5250626566416172,insects
real,insects_incremental_abrupt_balanced,ddm,77.59147869674187,7,0.5250626566416172,insects
real,insects_incremental_abrupt_balanced,ddm+half,77.32456140350877,15,0.2581453634085129,insects
real,insects_incremental_abrupt_balanced,ddm+hedge,77.95864661654136,19,0.8922305764411109,insects
real,insects_incremental_abrupt_balanced,eddm,77.77067669172934,88,0.704260651629085,insects
real,insects_incremental_abrupt_balanced,eddm+half,77.46491228070175,93,0.3984962406015091,insects
real,insects_incremental_abrupt_balanced,eddm+hedge,77.5563909774436,86,0.4899749373433515,insects
real,insects_incremental_abrupt_balanced,fhddm,77.22055137844612,25,0.15413533834587323,insects
real,insects_incremental_abrupt_balanced,fhddm+half,77.37844611528823,22,0.31203007518797454,insects
real,insects_incremental_abrupt_balanced,fhddm+hedge,77.5137844611529,22,0.44736842105264074,insects
real,insects_incremental_abrupt_balanced,hddma,78.90601503759399,19,1.839598997493741,insects
real,insects_incremental_abrupt_balanced,hddma+half,77.60275689223057,17,0.5363408521303237,insects
real,insects_incremental_abrupt_balanced,hddma+hedge,78.76441102756891,19,1.697994987468665,insects
real,insects_incremental_abrupt_balanced,hddmw,78.82330827067669,27,1.7568922305764456,insects
real,insects_incremental_abrupt_balanced,hddmw+half,77.55889724310778,22,0.4924812030075332,insects
real,insects_incremental_abrupt_balanced,hddmw+hedge,78.78320802005014,26,1.7167919799498832,insects
real,insects_incremental_abrupt_balanced,adwin,78.74937343358397,21,1.6829573934837194,insects
real,insects_incremental_abrupt_balanced,adwin+half,77.63533834586465,29,0.5689223057644077,insects
real,insects_incremental_abrupt_balanced,adwin+hedge,78.6842105263158,21,1.6177944862155513,insects
real,insects_incremental_abrupt_balanced,ph,78.12280701754388,27,1.056390977443622,insects
real,insects_incremental_abrupt_balanced,ph+half,77.531328320802,31,0.46491228070175694,insects
real,insects_incremental_abrupt_balanced,ph+hedge,78.35213032581454,25,1.28571428571429,insects
real,insects_incremental_abrupt_balanced,kswin,78.54887218045113,17,1.482456140350874,insects
real,insects_incremental_abrupt_balanced,kswin+half,77.56641604010025,18,0.5000000000000004,insects
real,insects_incremental_abrupt_balanced,kswin+hedge,78.47869674185463,20,1.412280701754387,insects
real,h2_airlines,none,69.04204204204204,0,0.0,airlines
real,h2_airlines,ddmM,69.03203203203203,1,-0.010010010010008674,airlines
real,h2_airlines,ddm,69.03203203203203,1,-0.010010010010008674,airlines
real,h2_airlines,ddm+half,69.02802802802802,1,-0.014014014014018805,airlines
real,h2_airlines,ddm+hedge,69.03203203203203,1,-0.010010010010008674,airlines
real,h2_airlines,eddm,68.95895895895897,20,-0.08308308308306867,airlines
real,h2_airlines,eddm+half,68.91091091091091,61,-0.13113113113112362,airlines
real,h2_airlines,eddm+hedge,69.01101101101102,20,-0.03103103103102578,airlines
real,h2_airlines,fhddm,68.77277277277277,22,-0.26926926926926775,airlines
real,h2_airlines,fhddm+half,69.01801801801801,18,-0.02402402402402748,airlines
real,h2_airlines,fhddm+hedge,68.95395395395396,19,-0.08808808808808966,airlines
real,h2_airlines,hddma,68.84284284284284,17,-0.19919919919919593,airlines
real,h2_airlines,hddma+half,69.001001001001,17,-0.041041041041034454,airlines
real,h2_airlines,hddma+hedge,68.97297297297297,16,-0.06906906906907206,airlines
real,h2_airlines,hddmw,67.67267267267268,80,-1.3693693693693665,airlines
real,h2_airlines,hddmw+half,68.73273273273273,73,-0.30930930930931355,airlines
real,h2_airlines,hddmw+hedge,68.71271271271272,78,-0.3293293293293198,airlines
real,h2_airlines,adwin,68.96296296296296,12,-0.07907907907908074,airlines
real,h2_airlines,adwin+half,69.02102102102103,13,-0.021021021021017106,airlines
real,h2_airlines,adwin+hedge,69.04004004004004,12,-0.0020020020019995144,airlines
real,h2_airlines,ph,68.70370370370371,28,-0.3383383383383287,airlines
real,h2_airlines,ph+half,68.98298298298297,22,-0.05905905905906339,airlines
real,h2_airlines,ph+hedge,69.01701701701703,22,-0.025025025025016134,airlines
real,h2_airlines,kswin,68.45845845845847,37,-0.5835835835835801,airlines
real,h2_airlines,kswin+half,68.96296296296298,31,-0.07907907907906964,airlines
real,h2_airlines,kswin+hedge,68.91591591591592,33,-0.12612612612612484,airlines
real,h2_phishing,none,95.04587155963303,0,0.0,phishing
real,h2_phishing,ddmM,95.04587155963303,0,0.0,phishing
real,h2_phishing,ddm,95.04587155963303,0,0.0,phishing
real,h2_phishing,ddm+half,95.04587155963303,0,0.0,phishing
real,h2_phishing,ddm+hedge,95.04587155963303,0,0.0,phishing
real,h2_phishing,eddm,94.8348623853211,3,-0.2110091743119158,phishing
real,h2_phishing,eddm+half,94.89908256880734,12,-0.14678899082567476,phishing
real,h2_phishing,eddm+hedge,95.04587155963303,3,1.1102230246251565e-14,phishing
real,h2_phishing,fhddm,95.04587155963303,0,0.0,phishing
real,h2_phishing,fhddm+half,95.04587155963303,0,0.0,phishing
real,h2_phishing,fhddm+hedge,95.04587155963303,0,0.0,phishing
real,h2_phishing,hddma,95.04587155963303,0,0.0,phishing
real,h2_phishing,hddma+half,95.04587155963303,0,0.0,phishing
real,h2_phishing,hddma+hedge,95.04587155963303,0,0.0,phishing
real,h2_phishing,hddmw,95.04587155963303,0,0.0,phishing
real,h2_phishing,hddmw+half,95.04587155963303,0,0.0,phishing
real,h2_phishing,hddmw+hedge,95.04587155963303,0,0.0,phishing
real,h2_phishing,adwin,95.04587155963303,0,0.0,phishing
real,h2_phishing,adwin+half,95.04587155963303,0,0.0,phishing
real,h2_phishing,adwin+hedge,95.04587155963303,0,0.0,phishing
real,h2_phishing,ph,95.04587155963303,0,0.0,phishing
real,h2_phishing,ph+half,95.04587155963303,0,0.0,phishing
real,h2_phishing,ph+hedge,95.04587155963303,0,0.0,phishing
real,h2_phishing,kswin,95.04587155963303,0,0.0,phishing
real,h2_phishing,kswin+half,95.04587155963303,0,0.0,phishing
real,h2_phishing,kswin+hedge,95.04587155963303,0,0.0,phishing
real,h2_poker,none,91.86386386386387,0,0.0,poker
real,h2_poker,ddmM,84.3953953953954,407,-7.46846846846847,poker
real,h2_poker,ddm,84.44344344344344,400,-7.420420420420426,poker
real,h2_poker,ddm+half,89.06606606606606,392,-2.7977977977978075,poker
real,h2_poker,ddm+hedge,91.4914914914915,287,-0.37237237237237597,poker
real,h2_poker,eddm,83.11911911911912,312,-8.744744744744748,poker
real,h2_poker,eddm+half,90.23723723723724,167,-1.626626626626626,poker
real,h2_poker,eddm+hedge,91.72372372372372,146,-0.14014014014015475,poker
real,h2_poker,fhddm,86.27927927927928,148,-5.584584584584595,poker
real,h2_poker,fhddm+half,90.75475475475476,104,-1.1091091091091076,poker
real,h2_poker,fhddm+hedge,91.94994994994995,87,0.08608608608607904,poker
real,h2_poker,hddma,82.43143143143143,507,-9.432432432432435,poker
real,h2_poker,hddma+half,89.69169169169169,290,-2.172172172172182,poker
real,h2_poker,hddma+hedge,91.64564564564564,242,-0.21821821821822462,poker
real,h2_poker,hddmw,85.03503503503504,262,-6.828828828828836,poker
real,h2_poker,hddmw+half,90.18718718718719,191,-1.6766766766766805,poker
real,h2_poker,hddmw+hedge,91.84084084084084,151,-0.023023023023027722,poker
real,h2_poker,adwin,85.27127127127127,201,-6.592592592592594,poker
real,h2_poker,adwin+half,90.34634634634634,163,-1.5175175175175304,poker
real,h2_poker,adwin+hedge,91.66966966966966,141,-0.19419419419420825,poker
real,h2_poker,ph,86.92292292292294,124,-4.940940940940941,poker
real,h2_poker,ph+half,91.18618618618619,83,-0.6776776776776794,poker
real,h2_poker,ph+hedge,91.87287287287288,80,0.009009009008997815,poker
real,h2_poker,kswin,86.70470470470471,189,-5.159159159159154,poker
real,h2_poker,kswin+half,90.95895895895896,141,-0.9049049049049129,poker
real,h2_poker,kswin+hedge,91.84884884884885,131,-0.015015015015029665,poker
real,h2_rialto,none,77.71254567600488,0,0.0,rialto
real,h2_rialto,ddmM,78.4080389768575,115,0.6954933008526232,rialto
real,h2_rialto,ddm,78.4080389768575,115,0.6954933008526232,rialto
real,h2_rialto,ddm+half,77.78197320341049,128,0.06942752740560776,rialto
real,h2_rialto,ddm+hedge,78.87697929354445,122,1.164433617539573,rialto
real,h2_rialto,eddm,78.68209500609014,256,0.969549330085262,rialto
real,h2_rialto,eddm+half,77.93300852618756,264,0.22046285018268996,rialto
real,h2_rialto,eddm+hedge,80.05602923264313,273,2.3434835566382484,rialto
real,h2_rialto,fhddm,78.46285018270403,96,0.7503045066991509,rialto
real,h2_rialto,fhddm+half,77.94884287454325,93,0.23629719853837106,rialto
real,h2_rialto,fhddm+hedge,79.41412911084043,87,1.701583434835563,rialto
real,h2_rialto,hddma,78.48355663824603,122,0.7710109622411587,rialto
real,h2_rialto,hddma+half,77.89768574908648,130,0.18514007308160219,rialto
real,h2_rialto,hddma+hedge,79.16321559074301,123,1.4506699147381341,rialto
real,h2_rialto,hddmw,78.48233861144945,149,0.7697929354445687,rialto
real,h2_rialto,hddmw+half,77.99269183922046,135,0.2801461632155777,rialto
real,h2_rialto,hddmw+hedge,79.35566382460414,143,1.6431181485992652,rialto
real,h2_rialto,adwin,77.89403166869671,122,0.1814859926918322,rialto
real,h2_rialto,adwin+half,77.71863580998783,122,0.006090133982949997,rialto
real,h2_rialto,adwin+hedge,79.29963459196102,115,1.5870889159561474,rialto
real,h2_rialto,ph,78.35200974421437,87,0.6394640682094943,rialto
real,h2_rialto,ph+half,77.76004872107187,88,0.04750304506699887,rialto
real,h2_rialto,ph+hedge,79.02314250913521,85,1.3105968331303397,rialto
real,h2_rialto,kswin,78.52862362971986,131,0.8160779537149887,rialto
real,h2_rialto,kswin+half,78.0596833130329,139,0.3471376370280277,rialto
real,h2_rialto,kswin+hedge,79.32643118148599,127,1.6138855054811163,rialto
real,h2_spam,none,93.01639344262294,0,0.0,spam
real,h2_spam,ddmM,91.2295081967213,6,-1.7868852459016482,spam
real,h2_spam,ddm,91.2295081967213,6,-1.7868852459016482,spam
real,h2_spam,ddm+half,92.54098360655738,9,-0.47540983606557674,spam
real,h2_spam,ddm+hedge,92.78688524590163,9,-0.2295081967213175,spam
real,h2_spam,eddm,86.78688524590163,13,-6.229508196721312,spam
real,h2_spam,eddm+half,92.26229508196721,9,-0.7540983606557417,spam
real,h2_spam,eddm+hedge,92.34426229508198,9,-0.6721311475409664,spam
real,h2_spam,fhddm,90.7049180327869,4,-2.311475409836039,spam
real,h2_spam,fhddm+half,92.86885245901638,3,-0.14754098360656442,spam
real,h2_spam,fhddm+hedge,93.1639344262295,2,0.14754098360655332,spam
real,h2_spam,hddma,91.98360655737703,6,-1.0327868852459177,spam
real,h2_spam,hddma+half,92.93442622950818,5,-0.08196721311476418,spam
real,h2_spam,hddma+hedge,92.98360655737706,7,-0.03278688524588347,spam
real,h2_spam,hddmw,92.85245901639342,3,-0.16393442622951726,spam
real,h2_spam,hddmw+half,93.26229508196721,3,0.24590163934427034,spam
real,h2_spam,hddmw+hedge,93.11475409836065,3,0.09836065573770592,spam
real,h2_spam,adwin,91.44262295081967,5,-1.5737704918032724,spam
real,h2_spam,adwin+half,93.26229508196721,3,0.24590163934427034,spam
real,h2_spam,adwin+hedge,92.86885245901638,4,-0.14754098360656442,spam
real,h2_spam,ph,92.45901639344261,3,-0.5573770491803409,spam
real,h2_spam,ph+half,92.96721311475409,2,-0.04918032786885851,spam
real,h2_spam,ph+hedge,92.60655737704917,2,-0.4098360655737765,spam
real,h2_spam,kswin,92.72131147540983,2,-0.29508196721311775,spam
real,h2_spam,kswin+half,93.26229508196721,3,0.24590163934427034,spam
real,h2_spam,kswin+hedge,92.78688524590163,3,-0.2295081967213175,spam
real,h2_weather,none,81.55,0,0.0,weather
real,h2_weather,ddmM,81.07777777777778,5,-0.4722222222222183,weather
real,h2_weather,ddm,81.07777777777778,5,-0.4722222222222183,weather
real,h2_weather,ddm+half,81.55,2,0.0,weather
real,h2_weather,ddm+hedge,81.47777777777777,2,-0.07222222222222907,weather
real,h2_weather,eddm,78.13333333333333,47,-3.416666666666679,weather
real,h2_weather,eddm+half,81.02222222222221,70,-0.5277777777777937,weather
real,h2_weather,eddm+hedge,80.61111111111111,71,-0.9388888888888891,weather
real,h2_weather,fhddm,80.45555555555555,13,-1.0944444444444534,weather
real,h2_weather,fhddm+half,81.46111111111111,8,-0.0888888888888939,weather
real,h2_weather,fhddm+hedge,81.36666666666667,9,-0.18333333333332424,weather
real,h2_weather,hddma,81.55,0,0.0,weather
real,h2_weather,hddma+half,81.55,0,0.0,weather
real,h2_weather,hddma+hedge,81.55,0,0.0,weather
real,h2_weather,hddmw,80.72222222222221,7,-0.8277777777777828,weather
real,h2_weather,hddmw+half,81.48333333333333,7,-0.06666666666667043,weather
real,h2_weather,hddmw+hedge,81.41666666666667,7,-0.13333333333332975,weather
real,h2_weather,adwin,81.55,0,0.0,weather
real,h2_weather,adwin+half,81.55,0,0.0,weather
real,h2_weather,adwin+hedge,81.55,0,0.0,weather
real,h2_weather,ph,81.02222222222221,4,-0.5277777777777937,weather
real,h2_weather,ph+half,81.51666666666665,3,-0.03333333333335187,weather
real,h2_weather,ph+hedge,81.50555555555555,3,-0.04444444444445805,weather
real,h2_weather,kswin,81.55,0,0.0,weather
real,h2_weather,kswin+half,81.55,0,0.0,weather
real,h2_weather,kswin+hedge,81.55,0,0.0,weather
real,h3_airlines_b,none,70.48048048048048,0,0.0,airlines
real,h3_airlines_b,ddmM,70.42242242242243,5,-0.05805805805805253,airlines
real,h3_airlines_b,ddm,70.42242242242243,5,-0.05805805805805253,airlines
real,h3_airlines_b,ddm+half,70.46846846846846,6,-0.01201201201201929,airlines
real,h3_airlines_b,ddm+hedge,70.46646646646646,6,-0.014014014014018805,airlines
real,h3_airlines_b,eddm,70.26526526526527,53,-0.21521521521521425,airlines
real,h3_airlines_b,eddm+half,70.42242242242244,65,-0.05805805805804143,airlines
real,h3_airlines_b,eddm+hedge,70.46146146146147,53,-0.01901901901900649,airlines
real,h3_airlines_b,fhddm,70.17817817817819,26,-0.30230230230229305,airlines
real,h3_airlines_b,fhddm+half,70.46046046046047,17,-0.02002002002001735,airlines
real,h3_airlines_b,fhddm+hedge,70.47147147147147,17,-0.009009009009008917,airlines
real,h3_airlines_b,hddma,70.37337337337337,14,-0.10710710710710725,airlines
real,h3_airlines_b,hddma+half,70.47347347347348,15,-0.007007007007009403,airlines
real,h3_airlines_b,hddma+hedge,70.47247247247248,18,-0.00800800800800916,airlines
real,h3_airlines_b,hddmw,69.5965965965966,74,-0.8838838838838847,airlines
real,h3_airlines_b,hddmw+half,70.25725725725725,79,-0.2232232232232234,airlines
real,h3_airlines_b,hddmw+hedge,70.27427427427429,80,-0.20620620620619423,airlines
real,h3_airlines_b,adwin,70.43443443443444,15,-0.04604604604604434,airlines
real,h3_airlines_b,adwin+half,70.47547547547546,15,-0.005005005005009888,airlines
real,h3_airlines_b,adwin+hedge,70.48248248248248,15,0.0020020020019995144,airlines
real,h3_airlines_b,ph,70.28328328328328,30,-0.19719719719719642,airlines
real,h3_airlines_b,ph+half,70.46246246246247,28,-0.018018018018006732,airlines
real,h3_airlines_b,ph+hedge,70.47547547547548,28,-0.005005005004998786,airlines
real,h3_airlines_b,kswin,70.21221221221221,27,-0.268268268268268,airlines
real,h3_airlines_b,kswin+half,70.41941941941941,28,-0.061061061061062905,airlines
real,h3_airlines_b,kswin+hedge,70.40140140140142,24,-0.07907907907906964,airlines
real,h3_airlines_c,none,65.24624624624624,0,0.0,airlines
real,h3_airlines_c,ddmM,65.16116116116116,3,-0.08508508508507928,airlines
real,h3_airlines_c,ddm,65.14714714714714,4,-0.09909909909909809,airlines
real,h3_airlines_c,ddm+half,65.22822822822822,3,-0.018018018018017834,airlines
real,h3_airlines_c,ddm+hedge,65.21821821821821,3,-0.028028028028026508,airlines
real,h3_airlines_c,eddm,64.84184184184184,42,-0.4044044044044015,airlines
real,h3_airlines_c,eddm+half,65.11011011011011,73,-0.1361361361361224,airlines
real,h3_airlines_c,eddm+hedge,65.22322322322321,41,-0.023023023023027722,airlines
real,h3_airlines_c,fhddm,64.62562562562563,45,-0.6206206206206155,airlines
real,h3_airlines_c,fhddm+half,65.15915915915915,33,-0.0870870870870899,airlines
real,h3_airlines_c,fhddm+hedge,65.11711711711713,31,-0.129129129129113,airlines
real,h3_airlines_c,hddma,65.04904904904905,13,-0.19719719719719642,airlines
real,h3_airlines_c,hddma+half,65.20620620620622,13,-0.040040040040023595,airlines
real,h3_airlines_c,hddma+hedge,65.21721721721721,12,-0.029029029029026265,airlines
real,h3_airlines_c,hddmw,63.63763763763763,120,-1.6086086086086082,airlines
real,h3_airlines_c,hddmw+half,65.0,127,-0.24624624624624003,airlines
real,h3_airlines_c,hddmw+hedge,64.96896896896898,131,-0.2772772772772658,airlines
real,h3_airlines_c,adwin,65.17717717717719,12,-0.06906906906906096,airlines
real,h3_airlines_c,adwin+half,65.2042042042042,12,-0.04204204204203421,airlines
real,h3_airlines_c,adwin+hedge,65.24224224224224,12,-0.004004004003999029,airlines
real,h3_airlines_c,ph,64.89289289289289,27,-0.3533533533533473,airlines
real,h3_airlines_c,ph+half,65.13813813813813,25,-0.108108108108107,airlines
real,h3_airlines_c,ph+hedge,65.1911911911912,22,-0.05505505505505326,airlines
real,h3_airlines_c,kswin,64.28428428428428,63,-0.9619619619619546,airlines
real,h3_airlines_c,kswin+half,65.07407407407408,81,-0.17217217217216918,airlines
real,h3_airlines_c,kswin+hedge,65.11911911911912,75,-0.1271271271271246,airlines
real,h3_covertype_b,none,96.15015015015015,0,0.0,covertype
real,h3_covertype_b,ddmM,95.25525525525526,13,-0.894894894894882,covertype
real,h3_covertype_b,ddm,95.25525525525526,13,-0.894894894894882,covertype
real,h3_covertype_b,ddm+half,96.17617617617617,20,0.026026026026026994,covertype
real,h3_covertype_b,ddm+hedge,96.0840840840841,66,-0.06606606606605059,covertype
real,h3_covertype_b,eddm,92.84584584584584,72,-3.3043043043043063,covertype
real,h3_covertype_b,eddm+half,96.13713713713715,100,-0.013013013013007946,covertype
real,h3_covertype_b,eddm+hedge,96.05105105105106,80,-0.09909909909908698,covertype
real,h3_covertype_b,fhddm,91.55155155155155,55,-4.598598598598591,covertype
real,h3_covertype_b,fhddm+half,96.15115115115115,4,0.0010010010010108594,covertype
real,h3_covertype_b,fhddm+hedge,96.13913913913915,4,-0.011011011011008431,covertype
real,h3_covertype_b,hddma,71.14714714714715,486,-25.003003003003,covertype
real,h3_covertype_b,hddma+half,96.10110110110111,86,-0.049049049049043614,covertype
real,h3_covertype_b,hddma+hedge,96.04204204204204,85,-0.108108108108107,covertype
real,h3_covertype_b,hddmw,84.62762762762762,147,-11.522522522522527,covertype
real,h3_covertype_b,hddmw+half,96.15415415415414,17,0.004004004003999029,covertype
real,h3_covertype_b,hddmw+hedge,96.15015015015015,17,0.0,covertype
real,h3_covertype_b,adwin,68.4854854854855,346,-27.664664664664652,covertype
real,h3_covertype_b,adwin+half,96.17317317317318,20,0.023023023023027722,covertype
real,h3_covertype_b,adwin+hedge,96.13913913913915,20,-0.011011011011008431,covertype
real,h3_covertype_b,ph,74.08808808808809,227,-22.06206206206206,covertype
real,h3_covertype_b,ph+half,96.17217217217218,11,0.022022022022027965,covertype
real,h3_covertype_b,ph+hedge,96.14014014014015,10,-0.010010010010008674,covertype
real,h3_covertype_b,kswin,94.57057057057057,37,-1.579579579579582,covertype
real,h3_covertype_b,kswin+half,96.15915915915916,7,0.009009009009008917,covertype
real,h3_covertype_b,kswin+hedge,96.16216216216216,7,0.01201201201201929,covertype
real,h3_covertype_c,none,95.36536536536538,0,0.0,covertype
real,h3_covertype_c,ddmM,91.71471471471472,67,-3.6506506506506553,covertype
real,h3_covertype_c,ddm,91.71471471471472,67,-3.6506506506506553,covertype
real,h3_covertype_c,ddm+half,94.81081081081082,83,-0.5545545545545538,covertype
real,h3_covertype_c,ddm+hedge,95.08508508508508,103,-0.2802802802802873,covertype
real,h3_covertype_c,eddm,67.24024024024024,435,-28.125125125125127,covertype
real,h3_covertype_c,eddm+half,94.97897897897897,40,-0.3863863863863948,covertype
real,h3_covertype_c,eddm+hedge,95.0840840840841,119,-0.28128128128127594,covertype
real,h3_covertype_c,fhddm,50.873873873873876,339,-44.491491491491495,covertype
real,h3_covertype_c,fhddm+half,95.25225225225226,5,-0.11311311311311689,covertype
real,h3_covertype_c,fhddm+hedge,95.33033033033034,4,-0.03503503503503591,covertype
real,h3_covertype_c,hddma,58.866866866866864,557,-36.49849849849851,covertype
real,h3_covertype_c,hddma+half,90.19919919919921,190,-5.166166166166164,covertype
real,h3_covertype_c,hddma+hedge,95.24924924924926,65,-0.11611611611611616,covertype
real,h3_covertype_c,hddmw,51.17617617617618,588,-44.18918918918919,covertype
real,h3_covertype_c,hddmw+half,94.4804804804805,40,-0.8848848848848845,covertype
real,h3_covertype_c,hddmw+hedge,95.31131131131131,29,-0.0540540540540535,covertype
real,h3_covertype_c,adwin,50.965965965965964,428,-44.39939939939941,covertype
real,h3_covertype_c,adwin+half,91.21221221221222,111,-4.153153153153156,covertype
real,h3_covertype_c,adwin+hedge,95.28828828828829,21,-0.07707707707708122,covertype
real,h3_covertype_c,ph,55.63463463463463,260,-39.73073073073075,covertype
real,h3_covertype_c,ph+half,92.62562562562562,59,-2.739739739739755,covertype
real,h3_covertype_c,ph+hedge,95.33033033033036,12,-0.03503503503502481,covertype
real,h3_covertype_c,kswin,48.48548548548548,538,-46.87987987987989,covertype
real,h3_covertype_c,kswin+half,94.01401401401401,43,-1.3513513513513598,covertype
real,h3_covertype_c,kswin+hedge,95.32432432432432,20,-0.04104104104105666,covertype
real,h3_insects_b,none,81.85785785785785,0,0.0,insects
real,h3_insects_b,ddmM,81.83683683683684,3,-0.021021021021017106,insects
real,h3_insects_b,ddm,81.83683683683684,3,-0.021021021021017106,insects
real,h3_insects_b,ddm+half,81.85385385385385,3,-0.004004004003999029,insects
real,h3_insects_b,ddm+hedge,81.85085085085085,3,-0.0070070070069983,insects
real,h3_insects_b,eddm,81.69069069069069,18,-0.1671671671671593,insects
real,h3_insects_b,eddm+half,81.62062062062063,112,-0.2372372372372311,insects
real,h3_insects_b,eddm+hedge,81.82682682682683,23,-0.03103103103102578,insects
real,h3_insects_b,fhddm,81.81181181181182,8,-0.04604604604603324,insects
real,h3_insects_b,fhddm+half,81.87187187187189,8,0.014014014014029907,insects
real,h3_insects_b,fhddm+hedge,81.88588588588588,8,0.028028028028026508,insects
real,h3_insects_b,hddma,81.95295295295296,3,0.09509509509511016,insects
real,h3_insects_b,hddma+half,81.90090090090091,3,0.04304304304305617,insects
real,h3_insects_b,hddma+hedge,81.96096096096096,3,0.10310310310310822,insects
real,h3_insects_b,hddmw,81.82282282282281,10,-0.03503503503503591,insects
real,h3_insects_b,hddmw+half,81.88688688688688,11,0.029029029029026265,insects
real,h3_insects_b,hddmw+hedge,81.92392392392392,10,0.06606606606607279,insects
real,h3_insects_b,adwin,81.93193193193193,6,0.07407407407408195,insects
real,h3_insects_b,adwin+half,81.88688688688688,7,0.029029029029026265,insects
real,h3_insects_b,adwin+hedge,81.95195195195195,6,0.0940940940940993,insects
real,h3_insects_b,ph,81.87887887887888,8,0.021021021021028208,insects
real,h3_insects_b,ph+half,81.89889889889889,9,0.041041041041045556,insects
real,h3_insects_b,ph+hedge,81.95295295295296,9,0.09509509509511016,insects
real,h3_insects_b,kswin,81.90390390390391,4,0.046046046046055444,insects
real,h3_insects_b,kswin+half,81.8938938938939,4,0.03603603603604677,insects
real,h3_insects_b,kswin+hedge,81.92092092092092,4,0.06306306306306242,insects
real,h3_insects_c,none,85.6786786786787,0,0.0,insects
real,h3_insects_c,ddmM,85.73373373373373,2,0.05505505505504216,insects
real,h3_insects_c,ddm,85.73373373373373,2,0.05505505505504216,insects
real,h3_insects_c,ddm+half,85.71871871871872,2,0.0400400400400347,insects
real,h3_insects_c,ddm+hedge,85.73273273273273,2,0.0540540540540424,insects
real,h3_insects_c,eddm,85.64164164164166,10,-0.037037037037035425,insects
real,h3_insects_c,eddm+half,85.65865865865867,31,-0.02002002002002845,insects
real,h3_insects_c,eddm+hedge,85.66866866866867,12,-0.010010010010019776,insects
real,h3_insects_c,fhddm,85.68168168168168,3,0.0030030030029992716,insects
real,h3_insects_c,fhddm+half,85.69469469469469,3,0.016016016016007217,insects
real,h3_insects_c,fhddm+hedge,85.6926926926927,3,0.014014014014007703,insects
real,h3_insects_c,hddma,85.74674674674675,3,0.0680680680680612,insects
real,h3_insects_c,hddma+half,85.72172172172172,3,0.04304304304303397,insects
real,h3_insects_c,hddma+hedge,85.75475475475476,3,0.07607607607607036,insects
real,h3_insects_c,hddmw,85.79879879879881,5,0.1201201201201263,insects
real,h3_insects_c,hddmw+half,85.75075075075075,4,0.07207207207207134,insects
real,h3_insects_c,hddmw+hedge,85.82482482482482,5,0.14614614614613108,insects
real,h3_insects_c,adwin,85.77677677677679,5,0.09809809809809833,insects
real,h3_insects_c,adwin+half,85.73973973973975,5,0.0610610610610518,insects
real,h3_insects_c,adwin+hedge,85.78678678678678,5,0.1081081081080959,insects
real,h3_insects_c,ph,85.78078078078079,7,0.10210210210209736,insects
real,h3_insects_c,ph+half,85.73173173173173,7,0.05305305305304264,insects
real,h3_insects_c,ph+hedge,85.77177177177178,7,0.09309309309308844,insects
real,h3_insects_c,kswin,85.83183183183183,2,0.1531531531531516,insects
real,h3_insects_c,kswin+half,85.74974974974975,2,0.07107107107107158,insects
real,h3_insects_c,kswin+hedge,85.81581581581581,2,0.13713713713712217,insects
real,h3_poker_b,none,93.4064064064064,0,0.0,poker
real,h3_poker_b,ddmM,83.01601601601602,432,-10.39039039039038,poker
real,h3_poker_b,ddm,83.14214214214215,425,-10.264264264264256,poker
real,h3_poker_b,ddm+half,90.90990990990991,299,-2.496496496496492,poker
real,h3_poker_b,ddm+hedge,92.72472472472472,235,-0.6816816816816784,poker
real,h3_poker_b,eddm,81.54754754754755,346,-11.858858858858856,poker
real,h3_poker_b,eddm+half,92.46546546546547,134,-0.9409409409409375,poker
real,h3_poker_b,eddm+hedge,93.1091091091091,118,-0.29729729729730536,poker
real,h3_poker_b,fhddm,87.25725725725725,149,-6.149149149149158,poker
real,h3_poker_b,fhddm+half,92.49249249249249,95,-0.9139139139139107,poker
real,h3_poker_b,fhddm+hedge,93.4084084084084,77,0.0020020020019995144,poker
real,h3_poker_b,hddma,81.75675675675676,468,-11.649649649649652,poker
real,h3_poker_b,hddma+half,91.9019019019019,200,-1.5045045045045113,poker
real,h3_poker_b,hddma+hedge,92.8938938938939,186,-0.5125125125125085,poker
real,h3_poker_b,hddmw,84.54954954954954,262,-8.856856856856865,poker
real,h3_poker_b,hddmw+half,92.53353353353353,132,-0.8728728728728763,poker
real,h3_poker_b,hddmw+hedge,93.08008008008008,125,-0.3263263263263205,poker
real,h3_poker_b,adwin,85.53453453453453,216,-7.871871871871871,poker
real,h3_poker_b,adwin+half,92.22822822822822,142,-1.1781781781781908,poker
real,h3_poker_b,adwin+hedge,93.04204204204204,135,-0.3643643643643668,poker
real,h3_poker_b,ph,88.56356356356356,117,-4.842842842842843,poker
real,h3_poker_b,ph+half,92.93593593593594,74,-0.4704704704704632,poker
real,h3_poker_b,ph+hedge,93.44644644644644,69,0.0400400400400347,poker
real,h3_poker_b,kswin,86.42442442442443,193,-6.981981981981978,poker
real,h3_poker_b,kswin+half,92.75075075075074,112,-0.6556556556556625,poker
real,h3_poker_b,kswin+hedge,93.35735735735736,106,-0.049049049049054716,poker
real,h3_poker_c,none,90.97697697697697,0,0.0,poker
real,h3_poker_c,ddmM,83.03803803803802,420,-7.938938938938945,poker
real,h3_poker_c,ddm,83.04604604604604,419,-7.930930930930935,poker
real,h3_poker_c,ddm+half,88.52352352352352,374,-2.453453453453447,poker
real,h3_poker_c,ddm+hedge,90.68168168168168,308,-0.29529529529529475,poker
real,h3_poker_c,eddm,81.94694694694695,329,-9.030030030030023,poker
real,h3_poker_c,eddm+half,89.56456456456456,186,-1.4124124124124116,poker
real,h3_poker_c,eddm+hedge,90.85885885885887,163,-0.11811811811811568,poker
real,h3_poker_c,fhddm,84.02302302302303,186,-6.95395395395394,poker
real,h3_poker_c,fhddm+half,89.75275275275277,117,-1.224224224224213,poker
real,h3_poker_c,fhddm+hedge,90.992992992993,104,0.01601601601601832,poker
real,h3_poker_c,hddma,81.65465465465466,459,-9.322322322322318,poker
real,h3_poker_c,hddma+half,88.8968968968969,278,-2.080080080080071,poker
real,h3_poker_c,hddma+hedge,90.63063063063062,251,-0.346346346346349,poker
real,h3_poker_c,hddmw,83.25825825825825,280,-7.71871871871872,poker
real,h3_poker_c,hddmw+half,89.62562562562562,186,-1.3513513513513598,poker
real,h3_poker_c,hddmw+hedge,90.81881881881881,156,-0.15815815815816148,poker
real,h3_poker_c,adwin,83.74874874874875,238,-7.228228228228217,poker
real,h3_poker_c,adwin+half,89.37537537537537,191,-1.6016016016015988,poker
real,h3_poker_c,adwin+hedge,90.57657657657656,163,-0.4004004004004136,poker
real,h3_poker_c,ph,86.66466466466466,126,-4.312312312312317,poker
real,h3_poker_c,ph+half,90.11811811811812,97,-0.8588588588588575,poker
real,h3_poker_c,ph+hedge,90.93993993993993,88,-0.037037037037035425,poker
real,h3_poker_c,kswin,84.04604604604604,258,-6.930930930930934,poker
real,h3_poker_c,kswin+half,89.77677677677679,170,-1.2002002002001966,poker
real,h3_poker_c,kswin+hedge,90.83483483483484,157,-0.14214214214214316,poker
real,h4_airlines_d,none,65.87287287287286,0,0.0,airlines
real,h4_airlines_d,ddmM,65.83383383383385,2,-0.03903903903902384,airlines
real,h4_airlines_d,ddm,65.83383383383385,2,-0.03903903903902384,airlines
real,h4_airlines_d,ddm+half,65.86686686686687,1,-0.006006006005998543,airlines
real,h4_airlines_d,ddm+hedge,65.84584584584584,4,-0.02702702702702675,airlines
real,h4_airlines_d,eddm,65.84784784784785,5,-0.025025025025027237,airlines
real,h4_airlines_d,eddm+half,65.69869869869869,85,-0.1741741741741798,airlines
real,h4_airlines_d,eddm+hedge,65.74574574574574,108,-0.1271271271271246,airlines
real,h4_airlines_d,fhddm,65.22922922922922,42,-0.6436436436436432,airlines
real,h4_airlines_d,fhddm+half,65.76876876876877,35,-0.10410410410409687,airlines
real,h4_airlines_d,fhddm+hedge,65.68968968968969,33,-0.1831831831831776,airlines
real,h4_airlines_d,hddma,65.56056056056056,17,-0.3123123123123128,airlines
real,h4_airlines_d,hddma+half,65.81781781781781,13,-0.05505505505505326,airlines
real,h4_airlines_d,hddma+hedge,65.83683683683684,15,-0.036036036036024566,airlines
real,h4_airlines_d,hddmw,63.28128128128129,138,-2.59159159159158,airlines
real,h4_airlines_d,hddmw+half,65.45645645645646,155,-0.4164164164163986,airlines
real,h4_airlines_d,hddmw+hedge,65.47347347347346,151,-0.3993993993994027,airlines
real,h4_airlines_d,adwin,65.74274274274275,9,-0.13013013013012387,airlines
real,h4_airlines_d,adwin+half,65.85485485485485,11,-0.018018018018017834,airlines
real,h4_airlines_d,adwin+hedge,65.82782782782782,10,-0.045045045045044585,airlines
real,h4_airlines_d,ph,65.42242242242241,30,-0.45045045045044585,airlines
real,h4_airlines_d,ph+half,65.88988988988989,28,0.017017017017018077,airlines
real,h4_airlines_d,ph+hedge,65.8088088088088,29,-0.06406406406406218,airlines
real,h4_airlines_d,kswin,64.30830830830831,100,-1.5645645645645523,airlines
real,h4_airlines_d,kswin+half,65.52152152152152,82,-0.35135135135134776,airlines
real,h4_airlines_d,kswin+hedge,65.52252252252252,90,-0.350350350350348,airlines
real,h4_airlines_e,none,65.43743743743744,0,0.0,airlines
real,h4_airlines_e,ddmM,65.42642642642643,1,-0.011011011011008431,airlines
real,h4_airlines_e,ddm,65.42642642642643,1,-0.011011011011008431,airlines
real,h4_airlines_e,ddm+half,65.43443443443444,1,-0.003003003003010374,airlines
real,h4_airlines_e,ddm+hedge,65.43943943943944,3,0.0020020020019995144,airlines
real,h4_airlines_e,eddm,65.21721721721721,45,-0.22022022022022414,airlines
real,h4_airlines_e,eddm+half,65.32932932932934,46,-0.108108108108107,airlines
real,h4_airlines_e,eddm+hedge,65.42642642642643,31,-0.011011011011008431,airlines
real,h4_airlines_e,fhddm,64.67567567567568,46,-0.76176176176177,airlines
real,h4_airlines_e,fhddm+half,65.36136136136136,33,-0.07607607607608147,airlines
real,h4_airlines_e,fhddm+hedge,65.34934934934935,34,-0.08808808808808966,airlines
real,h4_airlines_e,hddma,65.14614614614615,16,-0.2912912912912957,airlines
real,h4_airlines_e,hddma+half,65.36636636636636,16,-0.07107107107107158,airlines
real,h4_airlines_e,hddma+hedge,65.44244244244244,15,0.005005005004998786,airlines
real,h4_airlines_e,hddmw,63.5025025025025,121,-1.9349349349349398,airlines
real,h4_airlines_e,hddmw+half,65.12812812812813,113,-0.30930930930931355,airlines
real,h4_airlines_e,hddmw+hedge,65.23723723723724,117,-0.2002002002001957,airlines
real,h4_airlines_e,adwin,65.17117117117117,12,-0.2662662662662796,airlines
real,h4_airlines_e,adwin+half,65.37537537537538,11,-0.06206206206206266,airlines
real,h4_airlines_e,adwin+hedge,65.45145145145143,10,0.0140140140139966,airlines
real,h4_airlines_e,ph,64.92892892892893,28,-0.5085085085085095,airlines
real,h4_airlines_e,ph+half,65.36236236236236,25,-0.07507507507508171,airlines
real,h4_airlines_e,ph+hedge,65.35835835835834,25,-0.07907907907909184,airlines
real,h4_airlines_e,kswin,64.43243243243244,58,-1.0050050050050108,airlines
real,h4_airlines_e,kswin+half,65.29029029029027,60,-0.14714714714716415,airlines
real,h4_airlines_e,kswin+hedge,65.35435435435434,51,-0.08308308308309087,airlines
real,h4_covertype_d,none,95.81481481481482,0,0.0,covertype
real,h4_covertype_d,ddmM,91.04604604604607,71,-4.76876876876875,covertype
real,h4_covertype_d,ddm,91.04604604604607,71,-4.76876876876875,covertype
real,h4_covertype_d,ddm+half,95.01701701701703,34,-0.7977977977977946,covertype
real,h4_covertype_d,ddm+hedge,95.54954954954955,98,-0.2652652652652687,covertype
real,h4_covertype_d,eddm,52.707707707707705,717,-43.10710710710711,covertype
real,h4_covertype_d,eddm+half,94.3923923923924,31,-1.4224224224224202,covertype
real,h4_covertype_d,eddm+hedge,95.58558558558559,119,-0.22922922922923306,covertype
real,h4_covertype_d,fhddm,62.23823823823824,279,-33.57657657657658,covertype
real,h4_covertype_d,fhddm+half,91.57157157157158,71,-4.243243243243244,covertype
real,h4_covertype_d,fhddm+hedge,95.79979979979981,5,-0.01501501501500746,covertype
real,h4_covertype_d,hddma,57.38038038038038,652,-38.434434434434436,covertype
real,h4_covertype_d,hddma+half,82.17517517517517,343,-13.639639639639645,covertype
real,h4_covertype_d,hddma+hedge,95.56256256256258,106,-0.2522522522522497,covertype
real,h4_covertype_d,hddmw,56.243243243243235,588,-39.57157157157158,covertype
real,h4_covertype_d,hddmw+half,93.63163163163163,61,-2.1831831831831794,covertype
real,h4_covertype_d,hddmw+hedge,95.78878878878879,25,-0.026026026026026994,covertype
real,h4_covertype_d,adwin,56.55255255255256,432,-39.26226226226226,covertype
real,h4_covertype_d,adwin+half,90.60960960960962,117,-5.205205205205199,covertype
real,h4_covertype_d,adwin+hedge,95.7987987987988,19,-0.01601601601601832,covertype
real,h4_covertype_d,ph,60.35635635635636,246,-35.458458458458466,covertype
real,h4_covertype_d,ph+half,91.23223223223223,84,-4.582582582582583,covertype
real,h4_covertype_d,ph+hedge,95.6806806806807,11,-0.1341341341341229,covertype
real,h4_covertype_d,kswin,58.46746746746746,475,-37.34734734734736,covertype
real,h4_covertype_d,kswin+half,94.007007007007,48,-1.8078078078078152,covertype
real,h4_covertype_d,kswin+hedge,95.7917917917918,15,-0.023023023023027722,covertype
real,h4_covertype_e,none,96.85085085085086,0,0.0,covertype
real,h4_covertype_e,ddmM,91.25525525525526,94,-5.595595595595593,covertype
real,h4_covertype_e,ddm,91.25525525525526,93,-5.595595595595593,covertype
real,h4_covertype_e,ddm+half,96.8088088088088,56,-0.04204204204204531,covertype
real,h4_covertype_e,ddm+hedge,96.82782782782783,14,-0.02302302302301662,covertype
real,h4_covertype_e,eddm,87.86286286286287,154,-8.987987987987989,covertype
real,h4_covertype_e,eddm+half,96.75175175175175,30,-0.09909909909909809,covertype
real,h4_covertype_e,eddm+hedge,96.66566566566567,83,-0.18518518518518823,covertype
real,h4_covertype_e,fhddm,66.20920920920922,291,-30.641641641641638,covertype
real,h4_covertype_e,fhddm+half,96.85085085085086,1,0.0,covertype
real,h4_covertype_e,fhddm+hedge,96.85285285285286,1,0.0020020020019995144,covertype
real,h4_covertype_e,hddma,67.79379379379378,598,-29.05705705705707,covertype
real,h4_covertype_e,hddma+half,96.37937937937939,91,-0.47147147147147406,covertype
real,h4_covertype_e,hddma+hedge,96.5825825825826,96,-0.2682682682682569,covertype
real,h4_covertype_e,hddmw,73.52852852852853,350,-23.322322322322332,covertype
real,h4_covertype_e,hddmw+half,96.77877877877879,22,-0.07207207207207134,covertype
real,h4_covertype_e,hddmw+hedge,96.82182182182183,21,-0.029029029029026265,covertype
real,h4_covertype_e,adwin,62.37337337337336,390,-34.47747747747749,covertype
real,h4_covertype_e,adwin+half,96.76376376376376,23,-0.0870870870870899,covertype
real,h4_covertype_e,adwin+hedge,96.7947947947948,22,-0.056056056056053016,covertype
real,h4_covertype_e,ph,68.4064064064064,239,-28.44444444444445,covertype
real,h4_covertype_e,ph+half,96.83883883883885,9,-0.012012012012008189,covertype
real,h4_covertype_e,ph+hedge,96.82982982982983,9,-0.021021021021017106,covertype
real,h4_covertype_e,kswin,63.06906906906906,449,-33.781781781781795,covertype
real,h4_covertype_e,kswin+half,96.74174174174175,15,-0.10910910910910676,covertype
real,h4_covertype_e,kswin+hedge,96.84184184184184,13,-0.009009009009008917,covertype
real,h4_poker_d,none,93.98598598598599,0,0.0,poker
real,h4_poker_d,ddmM,84.34934934934934,398,-9.636636636636641,poker
real,h4_poker_d,ddm,84.35035035035034,396,-9.635635635635643,poker
real,h4_poker_d,ddm+half,91.32032032032032,321,-2.665665665665673,poker
real,h4_poker_d,ddm+hedge,93.48248248248248,227,-0.5035035035034996,poker
real,h4_poker_d,eddm,82.70870870870871,332,-11.277277277277275,poker
real,h4_poker_d,eddm+half,92.54554554554554,140,-1.4404404404404492,poker
real,h4_poker_d,eddm+hedge,93.73573573573574,117,-0.25025025025023906,poker
real,h4_poker_d,fhddm,87.007007007007,155,-6.978978978978978,poker
real,h4_poker_d,fhddm+half,92.65465465465465,83,-1.3313313313313313,poker
real,h4_poker_d,fhddm+hedge,93.63463463463462,71,-0.35135135135136997,poker
real,h4_poker_d,hddma,82.22422422422422,492,-11.761761761761768,poker
real,h4_poker_d,hddma+half,92.11411411411412,225,-1.8718718718718663,poker
real,h4_poker_d,hddma+hedge,93.58058058058059,166,-0.40540540540540126,poker
real,h4_poker_d,hddmw,85.65965965965965,249,-8.326326326326328,poker
real,h4_poker_d,hddmw+half,92.7027027027027,137,-1.2832832832832874,poker
real,h4_poker_d,hddmw+hedge,93.66166166166167,127,-0.324324324324321,poker
real,h4_poker_d,adwin,86.43743743743744,202,-7.548548548548551,poker
real,h4_poker_d,adwin+half,92.0850850850851,158,-1.9009009009008926,poker
real,h4_poker_d,adwin+hedge,93.54054054054053,122,-0.44544544544544706,poker
real,h4_poker_d,ph,88.74774774774775,121,-5.238238238238235,poker
real,h4_poker_d,ph+half,92.8988988988989,75,-1.0870870870870797,poker
real,h4_poker_d,ph+hedge,93.75175175175175,67,-0.23423423423423184,poker
real,h4_poker_d,kswin,88.011011011011,179,-5.9749749749749785,poker
real,h4_poker_d,kswin+half,92.90790790790791,114,-1.0780780780780819,poker
real,h4_poker_d,kswin+hedge,93.78078078078079,97,-0.20520520520520558,poker
real,h4_poker_e,none,92.01901901901903,0,0.0,poker
real,h4_poker_e,ddmM,82.35435435435436,449,-9.664664664664668,poker
real,h4_poker_e,ddm,82.49449449449449,438,-9.524524524524535,poker
real,h4_poker_e,ddm+half,90.04404404404404,305,-1.9749749749749856,poker
real,h4_poker_e,ddm+hedge,91.61761761761763,282,-0.40140140140140224,poker
real,h4_poker_e,eddm,81.68868868868869,339,-10.330330330330339,poker
real,h4_poker_e,eddm+half,90.69969969969969,169,-1.3193193193193342,poker
real,h4_poker_e,eddm+hedge,91.73673673673675,146,-0.2822822822822757,poker
real,h4_poker_e,fhddm,85.55455455455456,167,-6.464464464464459,poker
real,h4_poker_e,fhddm+half,91.04004004004004,105,-0.9789789789789838,poker
real,h4_poker_e,fhddm+hedge,91.77377377377377,94,-0.24524524524525138,poker
real,h4_poker_e,hddma,82.34834834834834,429,-9.670670670670678,poker
real,h4_poker_e,hddma+half,90.45845845845847,227,-1.5605605605605533,poker
real,h4_poker_e,hddma+hedge,91.6816816816817,205,-0.33733733733732896,poker
real,h4_poker_e,hddmw,83.3923923923924,276,-8.626626626626631,poker
real,h4_poker_e,hddmw+half,91.0830830830831,159,-0.9359359359359276,poker
real,h4_poker_e,hddmw+hedge,91.78878878878879,144,-0.2302302302302328,poker
real,h4_poker_e,adwin,83.06206206206205,255,-8.956956956956963,poker
real,h4_poker_e,adwin+half,90.72172172172172,174,-1.2972972972972951,poker
real,h4_poker_e,adwin+hedge,91.82382382382382,154,-0.195195195195208,poker
real,h4_poker_e,ph,86.78278278278279,134,-5.236236236236236,poker
real,h4_poker_e,ph+half,90.95095095095095,100,-1.0680680680680732,poker
real,h4_poker_e,ph+hedge,91.8088088088088,86,-0.21021021021021546,poker
real,h4_poker_e,kswin,82.93993993993993,257,-9.079079079079088,poker
real,h4_poker_e,kswin+half,91.14814814814815,143,-0.8708708708708657,poker
real,h4_poker_e,kswin+hedge,91.76176176176176,134,-0.25725725725725956,poker
real,elec2,none,79.87831858407081,0,0.0,elec2
real,elec2,ddmM,80.0,97,0.1216814159291979,elec2
real,elec2,ddm,79.75884955752213,118,-0.11946902654867975,elec2
real,elec2,ddm+half,80.38053097345133,201,0.5022123893805186,elec2
real,elec2,ddm+hedge,80.15044247787611,236,0.27212389380529833,elec2
real,elec2,eddm,79.16371681415929,203,-0.7146017699115159,elec2
real,elec2,eddm+half,80.08628318584071,191,0.2079646017699055,elec2
real,elec2,eddm+hedge,80.52433628318585,187,0.6460176991150424,elec2
real,elec2,fhddm,79.99336283185842,73,0.11504424778761013,elec2
real,elec2,fhddm+half,80.20353982300884,77,0.3252212389380338,elec2
real,elec2,fhddm+hedge,80.69026548672565,73,0.8119469026548476,elec2
real,elec2,hddma,78.79203539823008,206,-1.0862831858407196,elec2
real,elec2,hddma+half,80.15265486725663,212,0.2743362831858276,elec2
real,elec2,hddma+hedge,80.12610619469027,207,0.24778761061946541,elec2
real,elec2,hddmw,78.97345132743362,166,-0.9048672566371874,elec2
real,elec2,hddmw+half,80.23451327433627,150,0.3561946902654656,elec2
real,elec2,hddmw+hedge,80.13716814159292,153,0.2588495575221228,elec2
real,elec2,adwin,79.93584070796462,62,0.057522123893805066,elec2
real,elec2,adwin+half,80.19026548672565,60,0.31194690265484715,elec2
real,elec2,adwin+hedge,80.32300884955752,57,0.44469026548671353,elec2
real,elec2,ph,79.84513274336283,41,-0.03318584070798325,elec2
real,elec2,ph+half,79.82522123893804,47,-0.053097345132757656,elec2
real,elec2,ph+hedge,80.49778761061947,38,0.619469026548658,elec2
real,elec2,kswin,79.49557522123895,119,-0.38274336283186106,elec2
real,elec2,kswin+half,80.25884955752211,118,0.3805309734513096,elec2
real,elec2,kswin+hedge,80.26991150442477,120,0.391592920353967,elec2
real,insects_abrupt_balanced,none,77.01518026565465,0,0.0,insects
real,insects_abrupt_balanced,ddmM,77.33396584440227,4,0.3187855787476268,insects
real,insects_abrupt_balanced,ddm,77.33396584440227,4,0.3187855787476268,insects
real,insects_abrupt_balanced,ddm+half,77.49715370018976,9,0.4819734345351101,insects
real,insects_abrupt_balanced,ddm+hedge,78.13662239089184,12,1.121442125237193,insects
real,insects_abrupt_balanced,eddm,76.9089184060721,42,-0.10626185958254597,insects
real,insects_abrupt_balanced,eddm+half,77.33776091081593,114,0.3225806451612856,insects
real,insects_abrupt_balanced,eddm+hedge,77.51992409867172,57,0.5047438330170739,insects
real,insects_abrupt_balanced,fhddm,77.62428842504745,13,0.6091081593928016,insects
real,insects_abrupt_balanced,fhddm+half,77.41935483870968,13,0.40417457305502724,insects
real,insects_abrupt_balanced,fhddm+hedge,77.719165085389,13,0.703984819734349,insects
real,insects_abrupt_balanced,hddma,78.73434535104366,12,1.7191650853890073,insects
real,insects_abrupt_balanced,hddma+half,77.58823529411765,12,0.5730550284629987,insects
real,insects_abrupt_balanced,hddma+hedge,78.56546489563566,11,1.5502846299810136,insects
real,insects_abrupt_balanced,hddmw,78.6888045540797,15,1.6736242884250463,insects
real,insects_abrupt_balanced,hddmw+half,77.54459203036052,14,0.5294117647058783,insects
real,insects_abrupt_balanced,hddmw+hedge,78.68121442125236,13,1.6660341555977176,insects
real,insects_abrupt_balanced,adwin,78.65275142314991,12,1.6375711574952545,insects
real,insects_abrupt_balanced,adwin+half,77.63946869070209,17,0.6242884250474368,insects
real,insects_abrupt_balanced,adwin+hedge,78.55787476280834,12,1.542694497153696,insects
real,insects_abrupt_balanced,ph,78.34914611005694,14,1.333965844402285,insects
real,insects_abrupt_balanced,ph+half,77.59582542694497,20,0.5806451612903274,insects
real,insects_abrupt_balanced,ph+hedge,78.44212523719165,15,1.426944971537003,insects
real,insects_abrupt_balanced,kswin,78.72485768500948,10,1.709677419354838,insects
real,insects_abrupt_balanced,kswin+half,77.70588235294117,14,0.6907020872865322,insects
real,insects_abrupt_balanced,kswin+hedge,78.61100569259962,12,1.5958254269449745,insects
real,insects_gradual_balanced,none,79.45416666666667,0,0.0,insects
real,insects_gradual_balanced,ddmM,80.48750000000001,9,1.0333333333333417,insects
real,insects_gradual_balanced,ddm,80.48750000000001,9,1.0333333333333417,insects
real,insects_gradual_balanced,ddm+half,79.7625,8,0.3083333333333327,insects
real,insects_gradual_balanced,ddm+hedge,80.08749999999999,4,0.6333333333333191,insects
real,insects_gradual_balanced,eddm,79.94166666666668,24,0.48750000000000737,insects
real,insects_gradual_balanced,eddm+half,79.8625,36,0.40833333333333277,insects
real,insects_gradual_balanced,eddm+hedge,80.05416666666666,23,0.5999999999999894,insects
real,insects_gradual_balanced,fhddm,79.9125,8,0.45833333333332726,insects
real,insects_gradual_balanced,fhddm+half,79.92916666666666,7,0.4749999999999921,insects
real,insects_gradual_balanced,fhddm+hedge,80.13749999999999,8,0.6833333333333247,insects
real,insects_gradual_balanced,hddma,80.875,5,1.4208333333333267,insects
real,insects_gradual_balanced,hddma+half,79.74583333333332,5,0.29166666666665675,insects
real,insects_gradual_balanced,hddma+hedge,80.57916666666665,5,1.1249999999999871,insects
real,insects_gradual_balanced,hddmw,80.625,9,1.170833333333332,insects
real,insects_gradual_balanced,hddmw+half,79.68333333333334,9,0.22916666666666918,insects
real,insects_gradual_balanced,hddmw+hedge,80.83333333333333,9,1.3791666666666647,insects
real,insects_gradual_balanced,adwin,80.95833333333334,7,1.504166666666673,insects
real,insects_gradual_balanced,adwin+half,79.85,8,0.3958333333333286,insects
real,insects_gradual_balanced,adwin+hedge,80.82916666666668,7,1.375000000000004,insects
real,insects_gradual_balanced,ph,80.70833333333333,7,1.2541666666666562,insects
real,insects_gradual_balanced,ph+half,79.84166666666667,8,0.3874999999999962,insects
real,insects_gradual_balanced,ph+hedge,80.38333333333333,7,0.9291666666666587,insects
real,insects_gradual_balanced,kswin,81.16250000000001,6,1.708333333333334,insects
real,insects_gradual_balanced,kswin+half,79.84583333333333,7,0.39166666666665684,insects
real,insects_gradual_balanced,kswin+hedge,80.875,5,1.4208333333333267,insects
real,insects_incremental_balanced,none,68.10193321616872,0,0.0,insects
real,insects_incremental_balanced,ddmM,68.06678383128293,1,-0.03514938488577979,insects
real,insects_incremental_balanced,ddm,68.06678383128293,1,-0.03514938488577979,insects
real,insects_incremental_balanced,ddm+half,68.10896309314587,1,0.007029876977149296,insects
real,insects_incremental_balanced,ddm+hedge,68.11423550087873,3,0.012302284710008493,insects
real,insects_incremental_balanced,eddm,68.10193321616872,0,0.0,insects
real,insects_incremental_balanced,eddm+half,68.10193321616872,0,0.0,insects
real,insects_incremental_balanced,eddm+hedge,68.10193321616872,0,0.0,insects
real,insects_incremental_balanced,fhddm,67.75746924428823,11,-0.34446397188049316,insects
real,insects_incremental_balanced,fhddm+half,68.03866432337435,10,-0.06326889279437697,insects
real,insects_incremental_balanced,fhddm+hedge,68.06502636203867,10,-0.036906854130058786,insects
real,insects_incremental_balanced,hddma,68.04745166959579,1,-0.05448154657293758,insects
real,insects_incremental_balanced,hddma+half,68.07732864674868,1,-0.02460456942003919,insects
real,insects_incremental_balanced,hddma+hedge,68.0878734622144,1,-0.014059753954309695,insects
real,insects_incremental_balanced,hddmw,67.35500878734622,24,-0.746924428822493,insects
real,insects_incremental_balanced,hddmw+half,67.99297012302284,21,-0.10896309314587516,insects
real,insects_incremental_balanced,hddmw+hedge,68.09490333919156,21,-0.007029876977160399,insects
real,insects_incremental_balanced,adwin,67.91915641476274,4,-0.18277680140598163,insects
real,insects_incremental_balanced,adwin+half,68.1054481546573,3,0.003514938488569097,insects
real,insects_incremental_balanced,adwin+hedge,68.11072056239016,3,0.008787346221439396,insects
real,insects_incremental_balanced,ph,67.68892794376097,12,-0.41300527240774043,insects
real,insects_incremental_balanced,ph+half,68.04217926186291,9,-0.05975395430580788,insects
real,insects_incremental_balanced,ph+hedge,68.13532513181019,9,0.03339191564147859,insects
real,insects_incremental_balanced,kswin,67.95957820738137,4,-0.14235500878735374,insects
real,insects_incremental_balanced,kswin+half,68.103690685413,4,0.0017574692442789974,insects
real,insects_incremental_balanced,kswin+hedge,68.103690685413,4,0.0017574692442789974,insects
real,insects_incremental_reoccurring_balanced,none,79.5187969924812,0,0.0,insects
real,insects_incremental_reoccurring_balanced,ddmM,80.60401002506265,14,1.0852130325814557,insects
real,insects_incremental_reoccurring_balanced,ddm,80.60401002506265,14,1.0852130325814557,insects
real,insects_incremental_reoccurring_balanced,ddm+half,79.91604010025063,11,0.3972431077694294,insects
real,insects_incremental_reoccurring_balanced,ddm+hedge,80.59273182957394,14,1.0739348370927382,insects
real,insects_incremental_reoccurring_balanced,eddm,80.10651629072682,67,0.5877192982456148,insects
real,insects_incremental_reoccurring_balanced,eddm+half,79.64786967418546,69,0.12907268170425645,insects
real,insects_incremental_reoccurring_balanced,eddm+hedge,80.84085213032581,129,1.3220551378446133,insects
real,insects_incremental_reoccurring_balanced,fhddm,80.0639097744361,20,0.545112781954904,insects
real,insects_incremental_reoccurring_balanced,fhddm+half,79.95989974937345,19,0.4411027568922421,insects
real,insects_incremental_reoccurring_balanced,fhddm+hedge,80.09147869674186,21,0.572681704260658,insects
real,insects_incremental_reoccurring_balanced,hddma,81.14160401002506,15,1.6228070175438591,insects
real,insects_incremental_reoccurring_balanced,hddma+half,79.97869674185463,15,0.459899749373438,insects
real,insects_incremental_reoccurring_balanced,hddma+hedge,81.04135338345864,15,1.5225563909774475,insects
real,insects_incremental_reoccurring_balanced,hddmw,81.14536340852129,26,1.6265664160400983,insects
real,insects_incremental_reoccurring_balanced,hddmw+half,79.97994987468672,24,0.46115288220551776,insects
real,insects_incremental_reoccurring_balanced,hddmw+hedge,81.1654135338346,24,1.6466165413533962,insects
real,insects_incremental_reoccurring_balanced,adwin,80.86215538847118,20,1.3433583959899797,insects
real,insects_incremental_reoccurring_balanced,adwin+half,79.95238095238095,24,0.4335839598997526,insects
real,insects_incremental_reoccurring_balanced,adwin+hedge,80.85839598997494,18,1.3395989974937406,insects
real,insects_incremental_reoccurring_balanced,ph,80.76315789473685,22,1.2443609022556479,insects
real,insects_incremental_reoccurring_balanced,ph+half,79.96741854636593,27,0.44862155388473157,insects
real,insects_incremental_reoccurring_balanced,ph+hedge,80.86215538847118,22,1.3433583959899797,insects
real,insects_incremental_reoccurring_balanced,kswin,80.97117794486215,14,1.4523809523809494,insects
real,insects_incremental_reoccurring_balanced,kswin+half,80.06892230576442,14,0.5501253132832118,insects
real,insects_incremental_reoccurring_balanced,kswin+hedge,80.88095238095238,13,1.3621553884711868,insects
real,gas,none,89.02898550724636,0,0.0,gas
real,gas,ddmM,82.8623188405797,49,-6.166666666666654,gas
real,gas,ddm,82.8623188405797,49,-6.166666666666654,gas
real,gas,ddm+half,87.49275362318839,42,-1.5362318840579703,gas
real,gas,ddm+hedge,86.60869565217389,44,-2.420289855072466,gas
real,gas,eddm,84.1231884057971,34,-4.905797101449272,gas
real,gas,eddm+half,87.36231884057969,29,-1.6666666666666718,gas
real,gas,eddm+hedge,88.17391304347825,27,-0.8550724637681029,gas
real,gas,fhddm,84.67391304347825,23,-4.355072463768106,gas
real,gas,fhddm+half,88.9927536231884,18,-0.03623188405795785,gas
real,gas,fhddm+hedge,87.1159420289855,19,-1.9130434782608563,gas
real,gas,hddma,83.68840579710145,43,-5.34057971014491,gas
real,gas,hddma+half,86.92028985507245,37,-2.1086956521739086,gas
real,gas,hddma+hedge,87.34057971014492,36,-1.6884057971014332,gas
real,gas,hddmw,84.81159420289855,37,-4.217391304347817,gas
real,gas,hddmw+half,87.34057971014492,29,-1.6884057971014332,gas
real,gas,hddmw+hedge,87.68840579710144,29,-1.340579710144918,gas
real,gas,adwin,84.24637681159419,38,-4.7826086956521685,gas
real,gas,adwin+half,86.8695652173913,33,-2.159420289855063,gas
real,gas,adwin+hedge,86.7536231884058,33,-2.275362318840568,gas
real,gas,ph,84.92028985507247,18,-4.1086956521739,gas
real,gas,ph+half,89.02173913043477,15,-0.00724637681158713,gas
real,gas,ph+hedge,88.87681159420289,13,-0.15217391304347405,gas
real,gas,kswin,82.65217391304348,38,-6.376811594202881,gas
real,gas,kswin+half,87.53623188405797,33,-1.492753623188392,gas
real,gas,kswin+hedge,86.46376811594202,32,-2.565217391304342,gas
real,occupancy,none,96.72549019607843,0,0.0,occupancy
real,occupancy,ddmM,93.99019607843138,41,-2.735294117647047,occupancy
real,occupancy,ddm,94.00490196078431,39,-2.720588235294119,occupancy
real,occupancy,ddm+half,96.63235294117646,31,-0.09313725490195379,occupancy
real,occupancy,ddm+hedge,95.55392156862746,32,-1.1715686274509696,occupancy
real,occupancy,eddm,94.70588235294117,17,-2.01960784313725,occupancy
real,occupancy,eddm+half,96.5392156862745,12,-0.1862745098039187,occupancy
real,occupancy,eddm+hedge,96.03921568627452,12,-0.686274509803908,occupancy
real,occupancy,fhddm,92.83333333333333,18,-3.8921568627450887,occupancy
real,occupancy,fhddm+half,96.37254901960785,10,-0.3529411764705781,occupancy
real,occupancy,fhddm+hedge,93.55882352941177,17,-3.166666666666651,occupancy
real,occupancy,hddma,95.36274509803923,29,-1.3627450980391975,occupancy
real,occupancy,hddma+half,96.671568627451,18,-0.053921568627435246,occupancy
real,occupancy,hddma+hedge,96.19607843137256,21,-0.5294117647058671,occupancy
real,occupancy,hddmw,94.69607843137256,21,-2.0294117647058685,occupancy
real,occupancy,hddmw+half,96.5392156862745,14,-0.1862745098039187,occupancy
real,occupancy,hddmw+hedge,96.05392156862744,17,-0.6715686274509802,occupancy
real,occupancy,adwin,94.68627450980392,22,-2.039215686274498,occupancy
real,occupancy,adwin+half,96.64215686274508,15,-0.08333333333333526,occupancy
real,occupancy,adwin+hedge,96.24019607843137,18,-0.48529411764706154,occupancy
real,occupancy,ph,95.44117647058823,9,-1.2843137254901937,occupancy
real,occupancy,ph+half,96.2892156862745,10,-0.43627450980391336,occupancy
real,occupancy,ph+hedge,95.87254901960783,9,-0.8529411764705896,occupancy
real,occupancy,kswin,94.27941176470588,23,-2.4460784313725448,occupancy
real,occupancy,kswin+half,96.50980392156863,12,-0.2156862745097965,occupancy
real,occupancy,kswin+hedge,96.04901960784314,15,-0.6764705882352895,occupancy
real,room,none,95.05,0,0.0,room
real,room,ddmM,93.10000000000001,18,-1.9499999999999962,room
real,room,ddm,93.10000000000001,18,-1.9499999999999962,room
real,room,ddm+half,95.30000000000001,16,0.2500000000000058,room
real,room,ddm+hedge,93.13000000000001,18,-1.9199999999999884,room
real,room,eddm,92.99000000000001,11,-2.059999999999995,room
real,room,eddm+half,95.45,8,0.40000000000000036,room
real,room,eddm+hedge,93.31,11,-1.739999999999997,room
real,room,fhddm,93.53999999999999,5,-1.5100000000000113,room
real,room,fhddm+half,95.56,4,0.5099999999999993,room
real,room,fhddm+hedge,94.25999999999999,5,-0.7900000000000129,room
real,room,hddma,93.10000000000001,17,-1.9499999999999962,room
real,room,hddma+half,95.31,12,0.26000000000000467,room
real,room,hddma+hedge,93.13000000000001,17,-1.9199999999999884,room
real,room,hddmw,93.3,13,-1.750000000000007,room
real,room,hddmw+half,95.30000000000001,9,0.2500000000000058,room
real,room,hddmw+hedge,93.33,13,-1.7199999999999993,room
real,room,adwin,92.99000000000001,12,-2.059999999999995,room
real,room,adwin+half,95.39,9,0.33999999999999586,room
real,room,adwin+hedge,93.31,12,-1.739999999999997,room
real,room,ph,93.14999999999999,8,-1.9000000000000128,room
real,room,ph+half,95.00999999999999,5,-0.0400000000000067,room
real,room,ph+hedge,95.03,6,-0.019999999999997797,room
real,room,kswin,93.32,13,-1.7300000000000093,room
real,room,kswin+half,95.30000000000001,9,0.2500000000000058,room
real,room,kswin+hedge,93.32,13,-1.7300000000000093,room
real,bank,none,89.84146341463413,0,0.0,bank
real,bank,ddmM,89.86829268292682,9,0.02682926829268295,bank
real,bank,ddm,89.86829268292682,9,0.02682926829268295,bank
real,bank,ddm+half,89.82926829268291,9,-0.012195121951219523,bank
real,bank,ddm+hedge,89.80731707317072,10,-0.034146341463414664,bank
real,bank,eddm,89.54634146341463,86,-0.29512195121950136,bank
real,bank,eddm+half,89.82682926829267,48,-0.014634146341463428,bank
real,bank,eddm+hedge,89.77317073170732,51,-0.06829268292681823,bank
real,bank,fhddm,89.82195121951219,5,-0.019512195121951237,bank
real,bank,fhddm+half,89.84146341463413,5,0.0,bank
real,bank,fhddm+hedge,89.84146341463415,5,1.1102230246251565e-14,bank
real,bank,hddma,89.71951219512194,7,-0.12195121951219523,bank
real,bank,hddma+half,89.82195121951219,6,-0.019512195121951237,bank
real,bank,hddma+hedge,89.80243902439025,6,-0.03902439024389137,bank
real,bank,hddmw,89.69512195121952,9,-0.14634146341462317,bank
real,bank,hddmw+half,89.8,9,-0.04146341463414638,bank
real,bank,hddmw+hedge,89.78048780487805,8,-0.06097560975608651,bank
real,bank,adwin,89.78048780487804,10,-0.060975609756097615,bank
real,bank,adwin+half,89.83170731707317,9,-0.009756097560964516,bank
real,bank,adwin+hedge,89.84390243902438,9,0.0024390243902439046,bank
real,bank,ph,89.78048780487805,11,-0.06097560975608651,bank
real,bank,ph+half,89.88292682926829,11,0.04146341463414638,bank
real,bank,ph+hedge,89.85853658536584,11,0.017073170731707332,bank
real,bank,kswin,89.82195121951219,7,-0.019512195121951237,bank
real,bank,kswin+half,89.86341463414634,5,0.021951219512206244,bank
real,bank,kswin+hedge,89.85121951219513,6,0.00975609756098672,bank
real,kdd,none,98.85685685685685,0,0.0,kdd
real,kdd,ddmM,98.76076076076076,52,-0.09609609609608771,kdd
real,kdd,ddm,98.76476476476476,51,-0.09209209209207758,kdd
real,kdd,ddm+half,98.85885885885884,51,0.0020020020019995144,kdd
real,kdd,ddm+hedge,98.82382382382382,48,-0.033033033033025294,kdd
real,kdd,eddm,98.75375375375374,23,-0.10310310310309712,kdd
real,kdd,eddm+half,98.83983983983984,23,-0.017017017017006975,kdd
real,kdd,eddm+hedge,98.83483483483482,22,-0.022022022022016863,kdd
real,kdd,fhddm,98.63163163163162,18,-0.22522522522522292,kdd
real,kdd,fhddm+half,98.83483483483484,15,-0.02202202202200576,kdd
real,kdd,fhddm+hedge,98.6906906906907,17,-0.16616616616614843,kdd
real,kdd,hddma,98.76176176176176,39,-0.09509509509508796,kdd
real,kdd,hddma+half,98.85685685685685,34,0.0,kdd
real,kdd,hddma+hedge,98.84184184184184,36,-0.01501501501500746,kdd
real,kdd,hddmw,98.75775775775774,28,-0.09909909909909809,kdd
real,kdd,hddmw+half,98.85785785785785,26,0.0010010010009997572,kdd
real,kdd,hddmw+hedge,98.83183183183183,27,-0.025025025025016134,kdd
real,kdd,adwin,98.73973973973975,33,-0.11711711711710482,kdd
real,kdd,adwin+half,98.84084084084085,30,-0.016016016015996115,kdd
real,kdd,adwin+hedge,98.82682682682682,32,-0.030030030030026023,kdd
real,kdd,ph,98.91691691691692,12,0.06006006006007425,kdd
real,kdd,ph+half,98.87087087087086,12,0.014014014014018805,kdd
real,kdd,ph+hedge,98.88088088088087,12,0.02402402402402748,kdd
real,kdd,kswin,98.71871871871872,29,-0.13813813813812192,kdd
real,kdd,kswin+half,98.84084084084085,25,-0.016016016015996115,kdd
real,kdd,kswin+hedge,98.8048048048048,26,-0.052052052052042885,kdd
real,eeg,none,82.12837837837837,0,0.0,eeg
real,eeg,ddmM,89.28378378378378,33,7.155405405405402,eeg
real,eeg,ddm,89.28378378378378,33,7.155405405405402,eeg
real,eeg,ddm+half,83.37837837837839,65,1.2500000000000067,eeg
real,eeg,ddm+hedge,88.77027027027027,33,6.641891891891893,eeg
real,eeg,eddm,88.86486486486486,25,6.7364864864864815,eeg
real,eeg,eddm+half,82.93243243243244,39,0.8040540540540597,eeg
real,eeg,eddm+hedge,88.16891891891892,26,6.040540540540551,eeg
real,eeg,fhddm,85.3108108108108,18,3.182432432432425,eeg
real,eeg,fhddm+half,82.75,20,0.6216216216216264,eeg
real,eeg,fhddm+hedge,86.13513513513513,18,4.006756756756758,eeg
real,eeg,hddma,88.99324324324324,33,6.864864864864872,eeg
real,eeg,hddma+half,83.2972972972973,52,1.1689189189189264,eeg
real,eeg,hddma+hedge,88.51351351351352,31,6.385135135135133,eeg
real,eeg,hddmw,88.5472972972973,25,6.4189189189189255,eeg
real,eeg,hddmw+half,82.86486486486486,44,0.7364864864864762,eeg
real,eeg,hddmw+hedge,88.05405405405405,28,5.925675675675679,eeg
real,eeg,adwin,88.14864864864863,30,6.020270270270256,eeg
real,eeg,adwin+half,82.39189189189189,37,0.2635135135135136,eeg
real,eeg,adwin+hedge,87.35810810810813,30,5.2297297297297485,eeg
real,eeg,ph,88.5472972972973,18,6.4189189189189255,eeg
real,eeg,ph+half,83.54729729729729,22,1.418918918918921,eeg
real,eeg,ph+hedge,87.62162162162163,18,5.493243243243251,eeg
real,eeg,kswin,88.33783783783782,28,6.209459459459454,eeg
real,eeg,kswin+half,82.68243243243244,34,0.554054054054065,eeg
real,eeg,kswin+hedge,87.47972972972973,28,5.351351351351353,eeg
real,news,none,66.18227848101264,0,0.0,news
real,news,ddmM,66.18227848101264,0,0.0,news
real,news,ddm,66.18227848101264,0,0.0,news
real,news,ddm+half,66.18227848101264,0,0.0,news
real,news,ddm+hedge,66.18227848101264,0,0.0,news
real,news,eddm,66.18227848101264,0,0.0,news
real,news,eddm+half,66.18227848101264,0,0.0,news
real,news,eddm+hedge,66.18227848101264,0,0.0,news
real,news,fhddm,65.7012658227848,18,-0.4810126582278418,news
real,news,fhddm+half,66.13924050632912,16,-0.04303797468353521,news
real,news,fhddm+hedge,66.0632911392405,13,-0.11898734177214765,news
real,news,hddma,66.10126582278481,1,-0.08101265822783033,news
real,news,hddma+half,66.14177215189873,2,-0.04050632911390961,news
real,news,hddma+hedge,66.12151898734177,3,-0.06075949367086997,news
real,news,hddmw,65.16455696202532,29,-1.0177215189873356,news
real,news,hddmw+half,66.0379746835443,35,-0.144303797468337,news
real,news,hddmw+hedge,65.97974683544304,31,-0.20253164556960357,news
real,news,adwin,66.0227848101266,3,-0.15949367088605726,news
real,news,adwin+half,66.18481012658226,3,0.0025316455696144935,news
real,news,adwin+hedge,66.21012658227848,3,0.027848101265826042,news
real,news,ph,65.96962025316456,7,-0.21265822784808375,news
real,news,ph+half,66.14683544303797,6,-0.035443037974680625,news
real,news,ph+hedge,66.15443037974683,6,-0.02784810126581494,news
real,news,kswin,65.8126582278481,11,-0.3696202531645376,news
real,news,kswin+half,66.12658227848101,15,-0.05569620253164098,news
real,news,kswin+hedge,66.09113924050632,14,-0.0911392405063216,news
real,home,none,97.38138138138137,0,0.0,home
real,home,ddmM,98.46346346346347,33,1.082082082082103,home
real,home,ddm,98.46346346346347,33,1.082082082082103,home
real,home,ddm+half,97.86086086086088,41,0.4794794794795054,home
real,home,ddm+hedge,98.36236236236238,35,0.9809809809810055,home
real,home,eddm,98.36736736736738,25,0.9859859859860043,home
real,home,eddm+half,97.64064064064065,34,0.2592592592592813,home
real,home,eddm+hedge,98.22722722722722,25,0.8458458458458495,home
real,home,fhddm,98.0950950950951,20,0.7137137137137262,home
real,home,fhddm+half,97.76076076076076,25,0.3793793793793854,home
real,home,fhddm+hedge,98.0950950950951,20,0.7137137137137262,home
real,home,hddma,98.45745745745747,29,1.0760760760760935,home
real,home,hddma+half,97.72172172172172,39,0.34034034034035043,home
real,home,hddma+hedge,98.2882882882883,31,0.9069069069069235,home
real,home,hddmw,98.3953953953954,29,1.0140140140140308,home
real,home,hddmw+half,97.70470470470471,34,0.32332332332333236,home
real,home,hddmw+hedge,98.26126126126125,29,0.8798798798798857,home
real,home,adwin,98.3953953953954,29,1.0140140140140308,home
real,home,adwin+half,97.66866866866867,33,0.2872872872872967,home
real,home,adwin+hedge,98.16916916916917,30,0.787787787787797,home
real,home,ph,98.12912912912913,21,0.7477477477477512,home
real,home,ph+half,97.70970970970971,24,0.32832832832834224,home
real,home,ph+hedge,98.05105105105105,23,0.6696696696696813,home
real,home,kswin,98.35935935935937,29,0.9779779779780062,home
real,home,kswin+half,97.70370370370371,33,0.3223223223223326,home
real,home,kswin+hedge,98.11011011011011,30,0.7287287287287447,home
real,wall,none,86.9811320754717,0,0.0,wall
real,wall,ddmM,57.547169811320764,20,-29.433962264150935,wall
real,wall,ddm,57.547169811320764,20,-29.433962264150935,wall
real,wall,ddm+half,76.0377358490566,26,-10.943396226415093,wall
real,wall,ddm+hedge,86.22641509433963,16,-0.7547169811320753,wall
real,wall,eddm,50.226415094339615,44,-36.754716981132084,wall
real,wall,eddm+half,72.0943396226415,29,-14.8867924528302,wall
real,wall,eddm+hedge,85.30188679245282,17,-1.679245283018882,wall
real,wall,fhddm,59.11320754716981,18,-27.86792452830189,wall
real,wall,fhddm+half,75.96226415094338,12,-11.018867924528319,wall
real,wall,fhddm+hedge,86.88679245283019,5,-0.09433962264151496,wall
real,wall,hddma,51.67924528301887,40,-35.301886792452834,wall
real,wall,hddma+half,71.52830188679245,38,-15.452830188679256,wall
real,wall,hddma+hedge,85.00000000000001,22,-1.9811320754716921,wall
real,wall,hddmw,55.339622641509436,29,-31.641509433962266,wall
real,wall,hddmw+half,72.64150943396224,26,-14.339622641509454,wall
real,wall,hddmw+hedge,85.58490566037737,12,-1.396226415094326,wall
real,wall,adwin,63.01886792452829,17,-23.962264150943412,wall
real,wall,adwin+half,75.32075471698113,17,-11.660377358490571,wall
real,wall,adwin+hedge,86.8301886792453,6,-0.15094339622641062,wall
real,wall,ph,66.49056603773585,10,-20.490566037735856,wall
real,wall,ph+half,74.81132075471699,10,-12.16981132075471,wall
real,wall,ph+hedge,86.81132075471699,3,-0.16981132075470917,wall
real,wall,kswin,56.867924528301884,26,-30.113207547169818,wall
real,wall,kswin+half,73.54716981132074,24,-13.433962264150956,wall
real,wall,kswin+hedge,85.66037735849056,8,-1.3207547169811429,wall
real,chest,none,97.07207207207207,0,0.0,chest
real,chest,ddmM,99.04004004004004,11,1.9679679679679651,chest
real,chest,ddm,99.04004004004004,11,1.9679679679679651,chest
real,chest,ddm+half,97.67767767767768,13,0.605605605605608,chest
real,chest,ddm+hedge,98.8028028028028,10,1.730730730730734,chest
real,chest,eddm,99.11411411411412,10,2.042042042042047,chest
real,chest,eddm+half,97.7987987987988,17,0.7267267267267341,chest
real,chest,eddm+hedge,99.01301301301301,11,1.9409409409409384,chest
real,chest,fhddm,97.7947947947948,8,0.722722722722724,chest
real,chest,fhddm+half,97.4044044044044,11,0.3323323323323413,chest
real,chest,fhddm+hedge,97.7947947947948,8,0.722722722722724,chest
real,chest,hddma,99.00800800800799,10,1.9359359359359285,chest
real,chest,hddma+half,97.66266266266265,12,0.5905905905905895,chest
real,chest,hddma+hedge,98.78178178178177,9,1.7097097097097058,chest
real,chest,hddmw,99.03303303303302,11,1.9609609609609557,chest
real,chest,hddmw+half,97.69869869869869,16,0.6266266266266252,chest
real,chest,hddmw+hedge,98.8028028028028,10,1.730730730730734,chest
real,chest,adwin,99.07707707707706,12,2.0050050050050006,chest
real,chest,adwin+half,97.72172172172172,19,0.6496496496496529,chest
real,chest,adwin+hedge,98.97197197197197,12,1.899899899899904,chest
real,chest,ph,99.08508508508508,10,2.0130130130130097,chest
real,chest,ph+half,97.6846846846847,16,0.6126126126126286,chest
real,chest,ph+hedge,98.998998998999,10,1.9269269269269307,chest
real,chest,kswin,99.05305305305305,12,1.9809809809809842,chest
real,chest,kswin+half,97.72072072072072,20,0.6486486486486531,chest
real,chest,kswin+hedge,98.94594594594595,13,1.873873873873877,chest
syn,agrawal_s10,none,86.17573221757323,0,0.0,agrawal
syn,agrawal_s10,ddmM,96.163179916318,16,9.987447698744777,agrawal
syn,agrawal_s10,ddm,96.163179916318,16,9.987447698744777,agrawal
syn,agrawal_s10,ddm+half,88.35564853556485,11,2.179916317991637,agrawal
syn,agrawal_s10,ddm+hedge,95.92050209205021,11,9.744769874476988,agrawal
syn,agrawal_s10,eddm,95.96234309623432,15,9.786610878661095,agrawal
syn,agrawal_s10,eddm+half,90.84518828451883,29,4.66945606694561,agrawal
syn,agrawal_s10,eddm+hedge,95.6234309623431,14,9.447698744769873,agrawal
syn,agrawal_s10,fhddm,86.4518828451883,11,0.27615062761506826,agrawal
syn,agrawal_s10,fhddm+half,86.90376569037657,11,0.7280334728033577,agrawal
syn,agrawal_s10,fhddm+hedge,86.51046025104603,11,0.33472803347280866,agrawal
syn,agrawal_s10,hddma,96.30962343096235,11,10.133891213389123,agrawal
syn,agrawal_s10,hddma+half,88.20083682008368,11,2.0251046025104635,agrawal
syn,agrawal_s10,hddma+hedge,95.92050209205021,11,9.744769874476988,agrawal
syn,agrawal_s10,hddmw,96.30962343096235,11,10.133891213389123,agrawal
syn,agrawal_s10,hddmw+half,88.20083682008368,11,2.0251046025104635,agrawal
syn,agrawal_s10,hddmw+hedge,95.92050209205021,11,9.744769874476988,agrawal
syn,agrawal_s10,adwin,95.85355648535565,14,9.67782426778243,agrawal
syn,agrawal_s10,adwin+half,88.40167364016737,22,2.2259414225941576,agrawal
syn,agrawal_s10,adwin+hedge,95.7154811715481,19,9.539748953974891,agrawal
syn,agrawal_s10,ph,93.98744769874477,14,7.8117154811715555,agrawal
syn,agrawal_s10,ph+half,89.63598326359833,22,3.460251046025109,agrawal
syn,agrawal_s10,ph+hedge,94.41004184100419,14,8.234309623430969,agrawal
syn,agrawal_s10,kswin,95.40167364016736,11,9.225941422594142,agrawal
syn,agrawal_s10,kswin+half,88.39748953974896,14,2.2217573221757436,agrawal
syn,agrawal_s10,kswin+hedge,95.0836820083682,11,8.907949790794978,agrawal
syn,agrawal_s11,none,86.14644351464435,0,0.0,agrawal
syn,agrawal_s11,ddmM,96.25941422594141,22,10.112970711297075,agrawal
syn,agrawal_s11,ddm,96.25941422594141,22,10.112970711297075,agrawal
syn,agrawal_s11,ddm+half,88.23012552301256,11,2.083682008368215,agrawal
syn,agrawal_s11,ddm+hedge,95.77824267782427,15,9.631799163179922,agrawal
syn,agrawal_s11,eddm,95.92468619246861,14,9.778242677824267,agrawal
syn,agrawal_s11,eddm+half,90.01255230125523,25,3.866108786610889,agrawal
syn,agrawal_s11,eddm+hedge,95.51464435146444,15,9.368200836820096,agrawal
syn,agrawal_s11,fhddm,86.04184100418409,12,-0.10460251046024993,agrawal
syn,agrawal_s11,fhddm+half,86.70711297071131,11,0.5606694560669645,agrawal
syn,agrawal_s11,fhddm+hedge,86.43096234309623,11,0.28451882845188514,agrawal
syn,agrawal_s11,hddma,96.35983263598327,11,10.213389121338922,agrawal
syn,agrawal_s11,hddma+half,88.14225941422595,11,1.9958158995815989,agrawal
syn,agrawal_s11,hddma+hedge,95.8744769874477,11,9.728033472803343,agrawal
syn,agrawal_s11,hddmw,96.35983263598327,11,10.213389121338922,agrawal
syn,agrawal_s11,hddmw+half,88.48535564853556,12,2.3389121338912133,agrawal
syn,agrawal_s11,hddmw+hedge,95.8744769874477,11,9.728033472803343,agrawal
syn,agrawal_s11,adwin,95.47698744769875,14,9.330543933054402,agrawal
syn,agrawal_s11,adwin+half,88.43933054393305,22,2.292887029288715,agrawal
syn,agrawal_s11,adwin+hedge,95.53974895397491,19,9.393305439330558,agrawal
syn,agrawal_s11,ph,94.44351464435148,14,8.297071129707135,agrawal
syn,agrawal_s11,ph+half,89.14644351464436,22,3.0000000000000138,agrawal
syn,agrawal_s11,ph+hedge,94.42259414225941,14,8.276150627615076,agrawal
syn,agrawal_s11,kswin,95.44769874476987,10,9.301255230125527,agrawal
syn,agrawal_s11,kswin+half,88.31380753138075,12,2.167364016736406,agrawal
syn,agrawal_s11,kswin+hedge,94.86610878661088,11,8.719665271966537,agrawal
syn,agrawal_s12,none,86.36401673640168,0,0.0,agrawal
syn,agrawal_s12,ddmM,96.14225941422593,14,9.778242677824245,agrawal
syn,agrawal_s12,ddm,96.14225941422593,14,9.778242677824245,agrawal
syn,agrawal_s12,ddm+half,88.63179916317992,12,2.267782426778231,agrawal
syn,agrawal_s12,ddm+hedge,95.60669456066945,14,9.242677824267776,agrawal
syn,agrawal_s12,eddm,96.17991631799163,11,9.81589958158995,agrawal
syn,agrawal_s12,eddm+half,90.31799163179916,24,3.953974895397483,agrawal
syn,agrawal_s12,eddm+hedge,95.61506276150628,11,9.251046025104593,agrawal
syn,agrawal_s12,fhddm,86.43096234309624,11,0.06694560669455729,agrawal
syn,agrawal_s12,fhddm+half,87.11297071129707,11,0.7489539748953833,agrawal
syn,agrawal_s12,fhddm+hedge,86.65690376569039,11,0.292887029288702,agrawal
syn,agrawal_s12,hddma,96.17991631799163,11,9.81589958158995,agrawal
syn,agrawal_s12,hddma+half,88.40585774058579,11,2.0418410041840973,agrawal
syn,agrawal_s12,hddma+hedge,95.61506276150628,11,9.251046025104593,agrawal
syn,agrawal_s12,hddmw,96.17991631799163,11,9.81589958158995,agrawal
syn,agrawal_s12,hddmw+half,88.40585774058579,11,2.0418410041840973,agrawal
syn,agrawal_s12,hddmw+hedge,95.61506276150628,11,9.251046025104593,agrawal
syn,agrawal_s12,adwin,95.66945606694561,13,9.30543933054393,agrawal
syn,agrawal_s12,adwin+half,88.66945606694561,22,2.3054393305439347,agrawal
syn,agrawal_s12,adwin+hedge,95.33891213389121,16,8.974895397489535,agrawal
syn,agrawal_s12,ph,94.99163179916317,12,8.627615062761496,agrawal
syn,agrawal_s12,ph+half,89.2050209205021,22,2.841004184100404,agrawal
syn,agrawal_s12,ph+hedge,94.28451882845187,14,7.920502092050185,agrawal
syn,agrawal_s12,kswin,96.17991631799163,11,9.81589958158995,agrawal
syn,agrawal_s12,kswin+half,88.48535564853557,13,2.1213389121338855,agrawal
syn,agrawal_s12,kswin+hedge,95.48535564853555,12,9.121338912133869,agrawal
syn,agrawal_s13,none,86.15481171548117,0,0.0,agrawal
syn,agrawal_s13,ddmM,96.11715481171548,17,9.962343096234305,agrawal
syn,agrawal_s13,ddm,96.11715481171548,17,9.962343096234305,agrawal
syn,agrawal_s13,ddm+half,88.47280334728033,11,2.3179916317991656,agrawal
syn,agrawal_s13,ddm+hedge,95.83682008368201,15,9.682008368200846,agrawal
syn,agrawal_s13,eddm,96.13807531380753,13,9.983263598326364,agrawal
syn,agrawal_s13,eddm+half,91.22175732217572,29,5.066945606694551,agrawal
syn,agrawal_s13,eddm+hedge,95.76569037656904,12,9.610878661087874,agrawal
syn,agrawal_s13,fhddm,86.20083682008367,11,0.04602510460249842,agrawal
syn,agrawal_s13,fhddm+half,86.73640167364017,11,0.5815899581590012,agrawal
syn,agrawal_s13,fhddm+hedge,86.418410041841,11,0.2635983263598263,agrawal
syn,agrawal_s13,hddma,96.3347280334728,11,10.179916317991633,agrawal
syn,agrawal_s13,hddma+half,88.25104602510461,11,2.096234309623435,agrawal
syn,agrawal_s13,hddma+hedge,95.88284518828452,11,9.728033472803354,agrawal
syn,agrawal_s13,hddmw,96.3347280334728,11,10.179916317991633,agrawal
syn,agrawal_s13,hddmw+half,88.25104602510461,11,2.096234309623435,agrawal
syn,agrawal_s13,hddmw+hedge,95.88284518828452,11,9.728033472803354,agrawal
syn,agrawal_s13,adwin,95.46861924686193,15,9.313807531380757,agrawal
syn,agrawal_s13,adwin+half,88.46443514644352,22,2.3096234309623487,agrawal
syn,agrawal_s13,adwin+hedge,95.59414225941423,20,9.439330543933055,agrawal
syn,agrawal_s13,ph,94.6652719665272,14,8.510460251046027,agrawal
syn,agrawal_s13,ph+half,89.22175732217573,22,3.06694560669456,agrawal
syn,agrawal_s13,ph+hedge,94.81171548117155,14,8.656903765690371,agrawal
syn,agrawal_s13,kswin,95.40585774058577,10,9.251046025104603,agrawal
syn,agrawal_s13,kswin+half,88.17573221757323,12,2.0209205020920495,agrawal
syn,agrawal_s13,kswin+hedge,95.01255230125524,10,8.857740585774065,agrawal
syn,agrawal_s14,none,85.99163179916319,0,0.0,agrawal
syn,agrawal_s14,ddmM,96.00836820083683,22,10.016736401673644,agrawal
syn,agrawal_s14,ddm,96.07112970711297,18,10.079497907949797,agrawal
syn,agrawal_s14,ddm+half,88.23849372384936,12,2.246861924686183,agrawal
syn,agrawal_s14,ddm+hedge,95.64435146443515,12,9.65271966527197,agrawal
syn,agrawal_s14,eddm,96.00836820083683,13,10.016736401673644,agrawal
syn,agrawal_s14,eddm+half,90.14644351464436,28,4.154811715481177,agrawal
syn,agrawal_s14,eddm+hedge,95.34728033472804,15,9.355648535564853,agrawal
syn,agrawal_s14,fhddm,86.15062761506275,11,0.15899581589956524,agrawal
syn,agrawal_s14,fhddm+half,86.74058577405857,11,0.7489539748953944,agrawal
syn,agrawal_s14,fhddm+hedge,86.36401673640167,11,0.3723849372384902,agrawal
syn,agrawal_s14,hddma,96.15899581589959,11,10.167364016736402,agrawal
syn,agrawal_s14,hddma+half,88.06694560669457,11,2.075313807531387,agrawal
syn,agrawal_s14,hddma+hedge,95.64435146443515,11,9.65271966527197,agrawal
syn,agrawal_s14,hddmw,96.15899581589959,11,10.167364016736402,agrawal
syn,agrawal_s14,hddmw+half,88.06694560669457,11,2.075313807531387,agrawal
syn,agrawal_s14,hddmw+hedge,95.64435146443515,11,9.65271966527197,agrawal
syn,agrawal_s14,adwin,95.75732217573221,14,9.765690376569037,agrawal
syn,agrawal_s14,adwin+half,88.41004184100417,22,2.4184100418409904,agrawal
syn,agrawal_s14,adwin+hedge,95.34309623430963,18,9.35146443514644,agrawal
syn,agrawal_s14,ph,94.63598326359833,13,8.644351464435152,agrawal
syn,agrawal_s14,ph+half,89.02928870292887,22,3.037656903765684,agrawal
syn,agrawal_s14,ph+hedge,94.5397489539749,15,8.548117154811708,agrawal
syn,agrawal_s14,kswin,95.28033472803348,10,9.288702928870297,agrawal
syn,agrawal_s14,kswin+half,88.33891213389121,14,2.34728033472803,agrawal
syn,agrawal_s14,kswin+hedge,94.68200836820083,11,8.69037656903765,agrawal
syn,hyperplane_s10,none,90.30726256983239,0,0.0,hyperplane
syn,hyperplane_s10,ddmM,91.46368715083798,9,1.1564245810055995,hyperplane
syn,hyperplane_s10,ddm,91.46368715083798,9,1.1564245810055995,hyperplane
syn,hyperplane_s10,ddm+half,90.82681564245809,6,0.5195530726257003,hyperplane
syn,hyperplane_s10,ddm+hedge,91.59217877094972,8,1.2849162011173254,hyperplane
syn,hyperplane_s10,eddm,91.13966480446926,19,0.8324022346368753,hyperplane
syn,hyperplane_s10,eddm+half,91.29050279329608,32,0.9832402234636994,hyperplane
syn,hyperplane_s10,eddm+hedge,91.79329608938548,15,1.4860335195530872,hyperplane
syn,hyperplane_s10,fhddm,90.13966480446925,3,-0.16759776536313664,hyperplane
syn,hyperplane_s10,fhddm+half,90.27374301675978,3,-0.033519553072614006,hyperplane
syn,hyperplane_s10,fhddm+hedge,90.268156424581,3,-0.03910614525139966,hyperplane
syn,hyperplane_s10,hddma,91.40782122905028,7,1.1005586592178873,hyperplane
syn,hyperplane_s10,hddma+half,90.76536312849161,6,0.4581005586592246,hyperplane
syn,hyperplane_s10,hddma+hedge,91.5195530726257,6,1.2122905027933006,hyperplane
syn,hyperplane_s10,hddmw,90.30726256983239,0,0.0,hyperplane
syn,hyperplane_s10,hddmw+half,90.30726256983239,0,0.0,hyperplane
syn,hyperplane_s10,hddmw+hedge,90.30726256983239,0,0.0,hyperplane
syn,hyperplane_s10,adwin,91.50837988826814,6,1.2011173184357515,hyperplane
syn,hyperplane_s10,adwin+half,90.81564245810057,9,0.5083798882681734,hyperplane
syn,hyperplane_s10,adwin+hedge,91.49162011173183,7,1.184357541899439,hyperplane
syn,hyperplane_s10,ph,90.72067039106146,6,0.4134078212290726,hyperplane
syn,hyperplane_s10,ph+half,90.9832402234637,6,0.6759776536312989,hyperplane
syn,hyperplane_s10,ph+hedge,90.91620111731844,6,0.6089385474860487,hyperplane
syn,hyperplane_s10,kswin,90.30726256983239,0,0.0,hyperplane
syn,hyperplane_s10,kswin+half,90.30726256983239,0,0.0,hyperplane
syn,hyperplane_s10,kswin+hedge,90.30726256983239,0,0.0,hyperplane
syn,hyperplane_s11,none,91.24022346368714,0,0.0,hyperplane
syn,hyperplane_s11,ddmM,91.93854748603351,10,0.6983240223463749,hyperplane
syn,hyperplane_s11,ddm,91.93854748603351,10,0.6983240223463749,hyperplane
syn,hyperplane_s11,ddm+half,91.77094972067039,10,0.5307262569832494,hyperplane
syn,hyperplane_s11,ddm+hedge,92.11731843575419,10,0.8770949720670385,hyperplane
syn,hyperplane_s11,eddm,91.79329608938548,19,0.5530726256983365,hyperplane
syn,hyperplane_s11,eddm+half,91.77094972067039,23,0.5307262569832383,hyperplane
syn,hyperplane_s11,eddm+hedge,92.39106145251397,23,1.150837988826825,hyperplane
syn,hyperplane_s11,fhddm,91.22346368715083,1,-0.016759776536323656,hyperplane
syn,hyperplane_s11,fhddm+half,91.24581005586592,1,0.005586592178774552,hyperplane
syn,hyperplane_s11,fhddm+hedge,91.25698324022346,1,0.016759776536323656,hyperplane
syn,hyperplane_s11,hddma,91.53072625698324,3,0.29050279329609907,hyperplane
syn,hyperplane_s11,hddma+half,91.41899441340782,2,0.17877094972067464,hyperplane
syn,hyperplane_s11,hddma+hedge,91.4804469273743,2,0.2402234636871614,hyperplane
syn,hyperplane_s11,hddmw,91.24022346368714,0,0.0,hyperplane
syn,hyperplane_s11,hddmw+half,91.24022346368714,0,0.0,hyperplane
syn,hyperplane_s11,hddmw+hedge,91.24022346368714,0,0.0,hyperplane
syn,hyperplane_s11,adwin,91.74860335195531,8,0.5083798882681623,hyperplane
syn,hyperplane_s11,adwin+half,91.75418994413407,8,0.5139664804469257,hyperplane
syn,hyperplane_s11,adwin+hedge,91.89944134078212,7,0.6592178770949753,hyperplane
syn,hyperplane_s11,ph,91.58659217877096,4,0.3463687150838113,hyperplane
syn,hyperplane_s11,ph+half,91.536312849162,5,0.2960893854748625,hyperplane
syn,hyperplane_s11,ph+hedge,91.50837988826817,4,0.26815642458102307,hyperplane
syn,hyperplane_s11,kswin,91.24022346368714,0,0.0,hyperplane
syn,hyperplane_s11,kswin+half,91.24022346368714,0,0.0,hyperplane
syn,hyperplane_s11,kswin+hedge,91.24022346368714,0,0.0,hyperplane
syn,hyperplane_s12,none,90.26256983240224,0,0.0,hyperplane
syn,hyperplane_s12,ddmM,91.66480446927373,19,1.4022346368715022,hyperplane
syn,hyperplane_s12,ddm,91.66480446927373,19,1.4022346368715022,hyperplane
syn,hyperplane_s12,ddm+half,90.88268156424581,11,0.6201117318435867,hyperplane
syn,hyperplane_s12,ddm+hedge,91.79329608938545,12,1.530726256983228,hyperplane
syn,hyperplane_s12,eddm,91.03351955307262,22,0.7709497206703886,hyperplane
syn,hyperplane_s12,eddm+half,91.25698324022346,33,0.9944134078212374,hyperplane
syn,hyperplane_s12,eddm+hedge,91.75418994413408,25,1.4916201117318506,hyperplane
syn,hyperplane_s12,fhddm,89.89385474860333,4,-0.3687150837988984,hyperplane
syn,hyperplane_s12,fhddm+half,90.2290502793296,4,-0.03351955307262511,hyperplane
syn,hyperplane_s12,fhddm+hedge,90.27374301675977,4,0.011173184357538002,hyperplane
syn,hyperplane_s12,hddma,91.42458100558657,6,1.1620111731843519,hyperplane
syn,hyperplane_s12,hddma+half,90.64245810055866,5,0.3798882681564253,hyperplane
syn,hyperplane_s12,hddma+hedge,91.536312849162,6,1.2737430167597763,hyperplane
syn,hyperplane_s12,hddmw,90.68715083798881,2,0.4245810055865884,hyperplane
syn,hyperplane_s12,hddmw+half,90.70949720670392,2,0.4469273743016866,hyperplane
syn,hyperplane_s12,hddmw+hedge,90.65921787709496,2,0.39664804469272674,hyperplane
syn,hyperplane_s12,adwin,91.47486033519554,7,1.2122905027933117,hyperplane
syn,hyperplane_s12,adwin+half,90.65363128491619,9,0.3910614525139633,hyperplane
syn,hyperplane_s12,adwin+hedge,91.62569832402234,6,1.3631284916201136,hyperplane
syn,hyperplane_s12,ph,90.83240223463686,3,0.5698324022346268,hyperplane
syn,hyperplane_s12,ph+half,90.88268156424579,3,0.6201117318435645,hyperplane
syn,hyperplane_s12,ph+hedge,90.78212290502793,3,0.5195530726257003,hyperplane
syn,hyperplane_s12,kswin,90.26256983240224,0,0.0,hyperplane
syn,hyperplane_s12,kswin+half,90.26256983240224,0,0.0,hyperplane
syn,hyperplane_s12,kswin+hedge,90.26256983240224,0,0.0,hyperplane
syn,hyperplane_s13,none,88.62569832402234,0,0.0,hyperplane
syn,hyperplane_s13,ddmM,91.95530726256983,10,3.3296089385474903,hyperplane
syn,hyperplane_s13,ddm,91.95530726256983,10,3.3296089385474903,hyperplane
syn,hyperplane_s13,ddm+half,89.536312849162,11,0.9106145251396636,hyperplane
syn,hyperplane_s13,ddm+hedge,91.57541899441341,8,2.949720670391076,hyperplane
syn,hyperplane_s13,eddm,90.87709497206706,20,2.2513966480447123,hyperplane
syn,hyperplane_s13,eddm+half,89.82681564245809,27,1.2011173184357515,hyperplane
syn,hyperplane_s13,eddm+hedge,91.39664804469272,15,2.7709497206703904,hyperplane
syn,hyperplane_s13,fhddm,87.81564245810057,8,-0.8100558659217771,hyperplane
syn,hyperplane_s13,fhddm+half,88.58100558659217,8,-0.04469273743016311,hyperplane
syn,hyperplane_s13,fhddm+hedge,88.58100558659217,8,-0.04469273743016311,hyperplane
syn,hyperplane_s13,hddma,91.96089385474859,8,3.3351955307262537,hyperplane
syn,hyperplane_s13,hddma+half,89.28491620111731,7,0.6592178770949753,hyperplane
syn,hyperplane_s13,hddma+hedge,91.72625698324022,8,3.100558659217878,hyperplane
syn,hyperplane_s13,hddmw,91.25698324022346,6,2.6312849162011265,hyperplane
syn,hyperplane_s13,hddmw+half,89.34636871508378,6,0.7206703910614509,hyperplane
syn,hyperplane_s13,hddmw+hedge,91.0949720670391,6,2.4692737430167533,hyperplane
syn,hyperplane_s13,adwin,91.96089385474859,8,3.3351955307262537,hyperplane
syn,hyperplane_s13,adwin+half,89.32960893854748,13,0.7039106145251384,hyperplane
syn,hyperplane_s13,adwin+hedge,91.70949720670393,9,3.0837988826815876,hyperplane
syn,hyperplane_s13,ph,90.4413407821229,8,1.8156424581005526,hyperplane
syn,hyperplane_s13,ph+half,89.58100558659218,10,0.9553072625698378,hyperplane
syn,hyperplane_s13,ph+hedge,90.3463687150838,8,1.720670391061463,hyperplane
syn,hyperplane_s13,kswin,88.62569832402234,0,0.0,hyperplane
syn,hyperplane_s13,kswin+half,88.62569832402234,0,0.0,hyperplane
syn,hyperplane_s13,kswin+hedge,88.62569832402234,0,0.0,hyperplane
syn,hyperplane_s14,none,89.28491620111731,0,0.0,hyperplane
syn,hyperplane_s14,ddmM,91.86033519553072,17,2.5754189944134143,hyperplane
syn,hyperplane_s14,ddm,91.86033519553072,17,2.5754189944134143,hyperplane
syn,hyperplane_s14,ddm+half,90.02793296089384,8,0.7430167597765269,hyperplane
syn,hyperplane_s14,ddm+hedge,92.21787709497207,9,2.9329608938547524,hyperplane
syn,hyperplane_s14,eddm,91.45810055865921,22,2.1731843575418908,hyperplane
syn,hyperplane_s14,eddm+half,90.49720670391062,25,1.2122905027933006,hyperplane
syn,hyperplane_s14,eddm+hedge,91.97765363128491,19,2.692737430167591,hyperplane
syn,hyperplane_s14,fhddm,88.91061452513965,5,-0.37430167597766184,hyperplane
syn,hyperplane_s14,fhddm+half,89.21787709497207,5,-0.06703910614525022,hyperplane
syn,hyperplane_s14,fhddm+hedge,89.23463687150839,5,-0.05027932960892656,hyperplane
syn,hyperplane_s14,hddma,92.1731843575419,8,2.8882681564245893,hyperplane
syn,hyperplane_s14,hddma+half,90.07262569832403,8,0.7877094972067122,hyperplane
syn,hyperplane_s14,hddma+hedge,92.07821229050279,8,2.7932960893854775,hyperplane
syn,hyperplane_s14,hddmw,90.70949720670392,4,1.4245810055866004,hyperplane
syn,hyperplane_s14,hddmw+half,89.78212290502792,4,0.49720670391060207,hyperplane
syn,hyperplane_s14,hddmw+hedge,90.7877094972067,4,1.5027932960893886,hyperplane
syn,hyperplane_s14,adwin,92.1731843575419,8,2.8882681564245893,hyperplane
syn,hyperplane_s14,adwin+half,90.15642458100558,12,0.8715083798882639,hyperplane
syn,hyperplane_s14,adwin+hedge,92.05027932960893,9,2.765363128491616,hyperplane
syn,hyperplane_s14,ph,90.52513966480447,8,1.2402234636871512,hyperplane
syn,hyperplane_s14,ph+half,90.31843575418995,9,1.033519553072637,hyperplane
syn,hyperplane_s14,ph+hedge,90.71508379888267,8,1.4301675977653638,hyperplane
syn,hyperplane_s14,kswin,89.28491620111731,0,0.0,hyperplane
syn,hyperplane_s14,kswin+half,89.28491620111731,0,0.0,hyperplane
syn,hyperplane_s14,kswin+hedge,89.28491620111731,0,0.0,hyperplane
syn,rbf_s10,none,91.9832402234637,0,0.0,rbf
syn,rbf_s10,ddmM,92.53072625698324,17,0.5474860335195508,rbf
syn,rbf_s10,ddm,92.53072625698324,17,0.5474860335195508,rbf
syn,rbf_s10,ddm+half,92.22346368715083,18,0.2402234636871392,rbf
syn,rbf_s10,ddm+hedge,92.5418994413408,19,0.558659217877111,rbf
syn,rbf_s10,eddm,92.52513966480447,18,0.5418994413407763,rbf
syn,rbf_s10,eddm+half,92.20111731843573,22,0.217877094972041,rbf
syn,rbf_s10,eddm+hedge,92.463687150838,20,0.4804469273743117,rbf
syn,rbf_s10,fhddm,92.35754189944134,8,0.37430167597765074,rbf
syn,rbf_s10,fhddm+half,92.10614525139665,8,0.12290502793296243,rbf
syn,rbf_s10,fhddm+hedge,92.31843575418995,8,0.3351955307262511,rbf
syn,rbf_s10,hddma,92.78770949720672,8,0.8044692737430248,rbf
syn,rbf_s10,hddma+half,92.11173184357541,8,0.12849162011172588,rbf
syn,rbf_s10,hddma+hedge,92.60335195530726,8,0.6201117318435645,rbf
syn,rbf_s10,hddmw,92.78770949720672,8,0.8044692737430248,rbf
syn,rbf_s10,hddmw+half,92.11173184357541,8,0.12849162011172588,rbf
syn,rbf_s10,hddmw+hedge,92.60335195530726,8,0.6201117318435645,rbf
syn,rbf_s10,adwin,92.78770949720672,8,0.8044692737430248,rbf
syn,rbf_s10,adwin+half,92.11173184357541,8,0.12849162011172588,rbf
syn,rbf_s10,adwin+hedge,92.60335195530726,8,0.6201117318435645,rbf
syn,rbf_s10,ph,92.78770949720672,8,0.8044692737430248,rbf
syn,rbf_s10,ph+half,92.11173184357541,8,0.12849162011172588,rbf
syn,rbf_s10,ph+hedge,92.60335195530726,8,0.6201117318435645,rbf
syn,rbf_s10,kswin,92.78770949720672,8,0.8044692737430248,rbf
syn,rbf_s10,kswin+half,92.11173184357541,8,0.12849162011172588,rbf
syn,rbf_s10,kswin+hedge,92.60335195530726,8,0.6201117318435645,rbf
syn,rbf_s11,none,91.6368715083799,0,0.0,rbf
syn,rbf_s11,ddmM,92.24581005586593,17,0.6089385474860376,rbf
syn,rbf_s11,ddm,92.24581005586593,17,0.6089385474860376,rbf
syn,rbf_s11,ddm+half,91.90502793296089,14,0.26815642458100086,rbf
syn,rbf_s11,ddm+hedge,92.18435754189943,16,0.5474860335195397,rbf
syn,rbf_s11,eddm,92.1173184357542,17,0.4804469273743117,rbf
syn,rbf_s11,eddm+half,91.98882681564248,19,0.35195530726258584,rbf
syn,rbf_s11,eddm+hedge,92.26256983240225,19,0.6256983240223613,rbf
syn,rbf_s11,fhddm,92.05027932960894,8,0.4134078212290504,rbf
syn,rbf_s11,fhddm+half,91.82122905027934,8,0.1843575418994492,rbf
syn,rbf_s11,fhddm+hedge,91.98882681564248,8,0.35195530726258584,rbf
syn,rbf_s11,hddma,92.39106145251397,8,0.754189944134076,rbf
syn,rbf_s11,hddma+half,91.87709497206704,8,0.2402234636871503,rbf
syn,rbf_s11,hddma+hedge,92.27932960893855,8,0.6424581005586627,rbf
syn,rbf_s11,hddmw,92.39106145251397,8,0.754189944134076,rbf
syn,rbf_s11,hddmw+half,91.87709497206704,8,0.2402234636871503,rbf
syn,rbf_s11,hddmw+hedge,92.27932960893855,8,0.6424581005586627,rbf
syn,rbf_s11,adwin,92.39106145251397,8,0.754189944134076,rbf
syn,rbf_s11,adwin+half,91.87709497206704,8,0.2402234636871503,rbf
syn,rbf_s11,adwin+hedge,92.27932960893855,8,0.6424581005586627,rbf
syn,rbf_s11,ph,92.39106145251397,8,0.754189944134076,rbf
syn,rbf_s11,ph+half,91.87709497206704,8,0.2402234636871503,rbf
syn,rbf_s11,ph+hedge,92.27932960893855,8,0.6424581005586627,rbf
syn,rbf_s11,kswin,92.39106145251397,8,0.754189944134076,rbf
syn,rbf_s11,kswin+half,91.87709497206704,8,0.2402234636871503,rbf
syn,rbf_s11,kswin+hedge,92.27932960893855,8,0.6424581005586627,rbf
syn,rbf_s12,none,91.56424581005587,0,0.0,rbf
syn,rbf_s12,ddmM,92.06145251396649,11,0.49720670391061317,rbf
syn,rbf_s12,ddm,92.06145251396649,11,0.49720670391061317,rbf
syn,rbf_s12,ddm+half,91.75418994413408,13,0.18994413407821265,rbf
syn,rbf_s12,ddm+hedge,92.09497206703912,16,0.5307262569832494,rbf
syn,rbf_s12,eddm,91.62011173184358,19,0.055865921787712214,rbf
syn,rbf_s12,eddm+half,91.82122905027931,15,0.25698324022345176,rbf
syn,rbf_s12,eddm+hedge,91.99441340782124,20,0.43016759776537405,rbf
syn,rbf_s12,fhddm,91.82122905027934,8,0.25698324022347396,rbf
syn,rbf_s12,fhddm+half,91.73743016759775,8,0.173184357541889,rbf
syn,rbf_s12,fhddm+hedge,91.92178770949721,8,0.3575418994413493,rbf
syn,rbf_s12,hddma,92.15083798882681,8,0.5865921787709394,rbf
syn,rbf_s12,hddma+half,91.75977653631286,8,0.1955307262569872,rbf
syn,rbf_s12,hddma+hedge,92.12290502793297,8,0.5586592178770999,rbf
syn,rbf_s12,hddmw,92.15083798882681,8,0.5865921787709394,rbf
syn,rbf_s12,hddmw+half,91.75977653631286,8,0.1955307262569872,rbf
syn,rbf_s12,hddmw+hedge,92.12290502793297,8,0.5586592178770999,rbf
syn,rbf_s12,adwin,92.15083798882681,8,0.5865921787709394,rbf
syn,rbf_s12,adwin+half,91.75977653631286,8,0.1955307262569872,rbf
syn,rbf_s12,adwin+hedge,92.12290502793297,8,0.5586592178770999,rbf
syn,rbf_s12,ph,92.15083798882681,8,0.5865921787709394,rbf
syn,rbf_s12,ph+half,91.75977653631286,8,0.1955307262569872,rbf
syn,rbf_s12,ph+hedge,92.12290502793297,8,0.5586592178770999,rbf
syn,rbf_s12,kswin,92.15083798882681,8,0.5865921787709394,rbf
syn,rbf_s12,kswin+half,91.75977653631286,8,0.1955307262569872,rbf
syn,rbf_s12,kswin+hedge,92.12290502793297,8,0.5586592178770999,rbf
syn,rbf_s13,none,89.99441340782121,0,0.0,rbf
syn,rbf_s13,ddmM,90.70391061452513,12,0.7094972067039129,rbf
syn,rbf_s13,ddm,90.7877094972067,10,0.7932960893854868,rbf
syn,rbf_s13,ddm+half,90.23463687150837,14,0.2402234636871503,rbf
syn,rbf_s13,ddm+hedge,90.6368715083799,11,0.6424581005586738,rbf
syn,rbf_s13,eddm,90.10614525139663,22,0.11173184357541333,rbf
syn,rbf_s13,eddm+half,90.39106145251395,23,0.39664804469273784,rbf
syn,rbf_s13,eddm+hedge,90.53072625698326,23,0.536312849162035,rbf
syn,rbf_s13,fhddm,90.3798882681564,8,0.38547486033518874,rbf
syn,rbf_s13,fhddm+half,90.15642458100558,8,0.1620111731843621,rbf
syn,rbf_s13,fhddm+hedge,90.44692737430167,8,0.45251396648045006,rbf
syn,rbf_s13,hddma,90.84916201117316,8,0.8547486033519514,rbf
syn,rbf_s13,hddma+half,90.19553072625698,8,0.20111731843576175,rbf
syn,rbf_s13,hddma+hedge,90.72067039106145,8,0.7262569832402255,rbf
syn,rbf_s13,hddmw,90.84916201117316,8,0.8547486033519514,rbf
syn,rbf_s13,hddmw+half,90.19553072625698,8,0.20111731843576175,rbf
syn,rbf_s13,hddmw+hedge,90.72067039106145,8,0.7262569832402255,rbf
syn,rbf_s13,adwin,90.84916201117316,8,0.8547486033519514,rbf
syn,rbf_s13,adwin+half,90.19553072625698,8,0.20111731843576175,rbf
syn,rbf_s13,adwin+hedge,90.72067039106145,8,0.7262569832402255,rbf
syn,rbf_s13,ph,90.84916201117316,8,0.8547486033519514,rbf
syn,rbf_s13,ph+half,90.19553072625698,8,0.20111731843576175,rbf
syn,rbf_s13,ph+hedge,90.72067039106145,8,0.7262569832402255,rbf
syn,rbf_s13,kswin,90.84916201117316,8,0.8547486033519514,rbf
syn,rbf_s13,kswin+half,90.19553072625698,8,0.20111731843576175,rbf
syn,rbf_s13,kswin+hedge,90.72067039106145,8,0.7262569832402255,rbf
syn,rbf_s14,none,91.45810055865921,0,0.0,rbf
syn,rbf_s14,ddmM,92.32402234636871,10,0.8659217877095005,rbf
syn,rbf_s14,ddm,92.32402234636871,10,0.8659217877095005,rbf
syn,rbf_s14,ddm+half,91.59217877094972,8,0.13407821229051153,rbf
syn,rbf_s14,ddm+hedge,92.23463687150839,8,0.7765363128491853,rbf
syn,rbf_s14,eddm,92.20670391061452,17,0.7486033519553126,rbf
syn,rbf_s14,eddm+half,91.63128491620111,13,0.1731843575419001,rbf
syn,rbf_s14,eddm+hedge,92.2290502793296,14,0.7709497206703886,rbf
syn,rbf_s14,fhddm,91.84916201117318,8,0.3910614525139744,rbf
syn,rbf_s14,fhddm+half,91.6145251396648,8,0.15642458100559864,rbf
syn,rbf_s14,fhddm+hedge,91.83798882681563,8,0.3798882681564253,rbf
syn,rbf_s14,hddma,92.39106145251397,8,0.9329608938547618,rbf
syn,rbf_s14,hddma+half,91.59217877094972,8,0.13407821229051153,rbf
syn,rbf_s14,hddma+hedge,92.23463687150839,8,0.7765363128491853,rbf
syn,rbf_s14,hddmw,92.39106145251397,8,0.9329608938547618,rbf
syn,rbf_s14,hddmw+half,91.59217877094972,8,0.13407821229051153,rbf
syn,rbf_s14,hddmw+hedge,92.23463687150839,8,0.7765363128491853,rbf
syn,rbf_s14,adwin,92.39106145251397,8,0.9329608938547618,rbf
syn,rbf_s14,adwin+half,91.58659217877096,9,0.12849162011174808,rbf
syn,rbf_s14,adwin+hedge,92.23463687150839,8,0.7765363128491853,rbf
syn,rbf_s14,ph,92.39106145251397,8,0.9329608938547618,rbf
syn,rbf_s14,ph+half,91.56983240223462,9,0.11173184357542443,rbf
syn,rbf_s14,ph+hedge,92.23463687150839,8,0.7765363128491853,rbf
syn,rbf_s14,kswin,92.39106145251397,8,0.9329608938547618,rbf
syn,rbf_s14,kswin+half,91.59217877094972,8,0.13407821229051153,rbf
syn,rbf_s14,kswin+hedge,92.23463687150839,8,0.7765363128491853,rbf
syn,sea_s10,none,97.03351955307262,0,0.0,sea
syn,sea_s10,ddmM,98.83798882681565,44,1.8044692737430257,sea
syn,sea_s10,ddm,98.84357541899442,42,1.8100558659218002,sea
syn,sea_s10,ddm+half,97.60335195530725,17,0.5698324022346268,sea
syn,sea_s10,ddm+hedge,98.85474860335195,12,1.8212290502793271,sea
syn,sea_s10,eddm,98.36871508379888,8,1.335195530726252,sea
syn,sea_s10,eddm+half,97.8659217877095,10,0.8324022346368753,sea
syn,sea_s10,eddm+hedge,98.4245810055866,8,1.3910614525139753,sea
syn,sea_s10,fhddm,97.03351955307262,0,0.0,sea
syn,sea_s10,fhddm+half,97.03351955307262,0,0.0,sea
syn,sea_s10,fhddm+hedge,97.03351955307262,0,0.0,sea
syn,sea_s10,hddma,97.77094972067039,3,0.7374301675977635,sea
syn,sea_s10,hddma+half,97.50837988826815,3,0.47486033519552606,sea
syn,sea_s10,hddma+hedge,97.76536312849163,3,0.731843575419,sea
syn,sea_s10,hddmw,97.03351955307262,0,0.0,sea
syn,sea_s10,hddmw+half,97.03351955307262,0,0.0,sea
syn,sea_s10,hddmw+hedge,97.03351955307262,0,0.0,sea
syn,sea_s10,adwin,98.81564245810057,8,1.7821229050279497,sea
syn,sea_s10,adwin+half,97.6927374301676,11,0.6592178770949753,sea
syn,sea_s10,adwin+hedge,98.74301675977654,8,1.7094972067039138,sea
syn,sea_s10,ph,97.3854748603352,3,0.35195530726257473,sea
syn,sea_s10,ph+half,97.34078212290504,3,0.3072625698324116,sea
syn,sea_s10,ph+hedge,97.37988826815642,3,0.3463687150838002,sea
syn,sea_s10,kswin,97.03351955307262,0,0.0,sea
syn,sea_s10,kswin+half,97.03351955307262,0,0.0,sea
syn,sea_s10,kswin+hedge,97.03351955307262,0,0.0,sea
syn,sea_s11,none,97.14525139664806,0,0.0,sea
syn,sea_s11,ddmM,99.10055865921788,22,1.9553072625698165,sea
syn,sea_s11,ddm,99.10055865921788,22,1.9553072625698165,sea
syn,sea_s11,ddm+half,97.62569832402235,17,0.4804469273742895,sea
syn,sea_s11,ddm+hedge,99.05027932960894,16,1.90502793296089,sea
syn,sea_s11,eddm,98.35195530726257,8,1.206703910614515,sea
syn,sea_s11,eddm+half,97.82122905027934,9,0.6759776536312878,sea
syn,sea_s11,eddm+hedge,98.31843575418993,8,1.1731843575418788,sea
syn,sea_s11,fhddm,97.14525139664806,0,0.0,sea
syn,sea_s11,fhddm+half,97.14525139664806,0,0.0,sea
syn,sea_s11,fhddm+hedge,97.14525139664806,0,0.0,sea
syn,sea_s11,hddma,97.81005586592177,3,0.6648044692737165,sea
syn,sea_s11,hddma+half,97.53631284916203,3,0.3910614525139744,sea
syn,sea_s11,hddma+hedge,97.79888268156425,3,0.6536312849161896,sea
syn,sea_s11,hddmw,97.14525139664806,0,0.0,sea
syn,sea_s11,hddmw+half,97.14525139664806,0,0.0,sea
syn,sea_s11,hddmw+hedge,97.14525139664806,0,0.0,sea
syn,sea_s11,adwin,98.87709497206704,8,1.7318435754189898,sea
syn,sea_s11,adwin+half,97.60335195530728,10,0.4581005586592135,sea
syn,sea_s11,adwin+hedge,98.7486033519553,8,1.6033519553072417,sea
syn,sea_s11,ph,97.42458100558659,3,0.27932960893852776,sea
syn,sea_s11,ph+half,97.43575418994415,3,0.29050279329608797,sea
syn,sea_s11,ph+hedge,97.39106145251397,3,0.24581005586591376,sea
syn,sea_s11,kswin,97.14525139664806,0,0.0,sea
syn,sea_s11,kswin+half,97.14525139664806,0,0.0,sea
syn,sea_s11,kswin+hedge,97.14525139664806,0,0.0,sea
syn,sea_s12,none,96.88826815642459,0,0.0,sea
syn,sea_s12,ddmM,98.89944134078212,29,2.01117318435754,sea
syn,sea_s12,ddm,98.92737430167597,26,2.0391061452513792,sea
syn,sea_s12,ddm+half,97.7150837988827,15,0.8268156424581119,sea
syn,sea_s12,ddm+hedge,98.78212290502792,17,1.8938547486033408,sea
syn,sea_s12,eddm,98.36312849162012,8,1.474860335195527,sea
syn,sea_s12,eddm+half,97.73743016759776,10,0.8491620111731768,sea
syn,sea_s12,eddm+hedge,98.28491620111733,8,1.3966480446927387,sea
syn,sea_s12,fhddm,96.86033519553072,1,-0.027932960893861658,sea
syn,sea_s12,fhddm+half,96.88826815642459,1,0.0,sea
syn,sea_s12,fhddm+hedge,96.88826815642459,1,0.0,sea
syn,sea_s12,hddma,97.37430167597766,2,0.48603351955307517,sea
syn,sea_s12,hddma+half,97.26815642458101,2,0.3798882681564253,sea
syn,sea_s12,hddma+hedge,97.35195530726256,2,0.46368715083797696,sea
syn,sea_s12,hddmw,96.88826815642459,0,0.0,sea
syn,sea_s12,hddmw+half,96.88826815642459,0,0.0,sea
syn,sea_s12,hddmw+hedge,96.88826815642459,0,0.0,sea
syn,sea_s12,adwin,98.75418994413408,8,1.8659217877095013,sea
syn,sea_s12,adwin+half,97.53631284916202,11,0.6480446927374262,sea
syn,sea_s12,adwin+hedge,98.62011173184358,8,1.7318435754189898,sea
syn,sea_s12,ph,97.36312849162012,3,0.47486033519552606,sea
syn,sea_s12,ph+half,97.31284916201118,3,0.4245810055865884,sea
syn,sea_s12,ph+hedge,97.35754189944133,3,0.4692737430167515,sea
syn,sea_s12,kswin,96.88826815642459,0,0.0,sea
syn,sea_s12,kswin+half,96.88826815642459,0,0.0,sea
syn,sea_s12,kswin+hedge,96.88826815642459,0,0.0,sea
syn,sea_s13,none,97.12290502793294,0,0.0,sea
syn,sea_s13,ddmM,98.72067039106146,31,1.5977653631285227,sea
syn,sea_s13,ddm,98.72067039106146,31,1.5977653631285227,sea
syn,sea_s13,ddm+half,97.7094972067039,18,0.5865921787709616,sea
syn,sea_s13,ddm+hedge,98.62011173184356,22,1.4972067039106252,sea
syn,sea_s13,eddm,98.34078212290503,8,1.2178770949720863,sea
syn,sea_s13,eddm+half,97.68156424581007,8,0.5586592178771332,sea
syn,sea_s13,eddm+hedge,98.37988826815642,8,1.256983240223486,sea
syn,sea_s13,fhddm,97.12290502793294,0,0.0,sea
syn,sea_s13,fhddm+half,97.12290502793294,0,0.0,sea
syn,sea_s13,fhddm+hedge,97.12290502793294,0,0.0,sea
syn,sea_s13,hddma,97.82122905027933,3,0.698324022346386,sea
syn,sea_s13,hddma+half,97.48603351955308,3,0.36312849162013494,sea
syn,sea_s13,hddma+hedge,97.81005586592177,3,0.6871508379888369,sea
syn,sea_s13,hddmw,97.12290502793294,0,0.0,sea
syn,sea_s13,hddmw+half,97.12290502793294,0,0.0,sea
syn,sea_s13,hddmw+hedge,97.12290502793294,0,0.0,sea
syn,sea_s13,adwin,98.72625698324022,8,1.6033519553072861,sea
syn,sea_s13,adwin+half,97.65921787709497,11,0.536312849162035,sea
syn,sea_s13,adwin+hedge,98.53631284916202,8,1.4134078212290735,sea
syn,sea_s13,ph,97.40223463687151,3,0.27932960893857217,sea
syn,sea_s13,ph+half,97.31843575418993,3,0.1955307262569983,sea
syn,sea_s13,ph+hedge,97.37430167597766,3,0.2513966480447216,sea
syn,sea_s13,kswin,97.12290502793294,0,0.0,sea
syn,sea_s13,kswin+half,97.12290502793294,0,0.0,sea
syn,sea_s13,kswin+hedge,97.12290502793294,0,0.0,sea
syn,sea_s14,none,97.16201117318435,0,0.0,sea
syn,sea_s14,ddmM,98.7709497206704,44,1.6089385474860496,sea
syn,sea_s14,ddm,98.79888268156427,39,1.6368715083799112,sea
syn,sea_s14,ddm+half,97.67597765363128,18,0.5139664804469257,sea
syn,sea_s14,ddm+hedge,98.87709497206704,18,1.7150837988826995,sea
syn,sea_s14,eddm,98.3463687150838,8,1.18435754189945,sea
syn,sea_s14,eddm+half,97.86033519553072,8,0.6983240223463749,sea
syn,sea_s14,eddm+hedge,98.26256983240222,8,1.1005586592178762,sea
syn,sea_s14,fhddm,97.16201117318435,0,0.0,sea
syn,sea_s14,fhddm+half,97.16201117318435,0,0.0,sea
syn,sea_s14,fhddm+hedge,97.16201117318435,0,0.0,sea
syn,sea_s14,hddma,98.07821229050279,3,0.9162011173184492,sea
syn,sea_s14,hddma+half,97.48603351955308,3,0.3240223463687242,sea
syn,sea_s14,hddma+hedge,98.03351955307262,3,0.871508379888275,sea
syn,sea_s14,hddmw,97.16201117318435,0,0.0,sea
syn,sea_s14,hddmw+half,97.16201117318435,0,0.0,sea
syn,sea_s14,hddmw+hedge,97.16201117318435,0,0.0,sea
syn,sea_s14,adwin,98.9050279329609,8,1.7430167597765611,sea
syn,sea_s14,adwin+half,97.68156424581007,11,0.5195530726257225,sea
syn,sea_s14,adwin+hedge,98.79888268156427,8,1.6368715083799112,sea
syn,sea_s14,ph,97.48603351955308,3,0.3240223463687242,sea
syn,sea_s14,ph+half,97.49162011173183,3,0.32960893854748763,sea
syn,sea_s14,ph+hedge,97.51396648044694,3,0.35195530726258584,sea
syn,sea_s14,kswin,97.16201117318435,0,0.0,sea
syn,sea_s14,kswin+half,97.16201117318435,0,0.0,sea
syn,sea_s14,kswin+hedge,97.16201117318435,0,0.0,sea
syn,sine_s10,none,77.61087866108785,0,0.0,sine
syn,sine_s10,ddmM,95.04602510460252,25,17.43514644351466,sine
syn,sine_s10,ddm,95.04602510460252,25,17.43514644351466,sine
syn,sine_s10,ddm+half,81.3682008368201,11,3.757322175732236,sine
syn,sine_s10,ddm+hedge,94.88284518828453,17,17.271966527196682,sine
syn,sine_s10,eddm,95.2133891213389,11,17.602510460251054,sine
syn,sine_s10,eddm+half,84.27615062761505,21,6.6652719665271976,sine
syn,sine_s10,eddm+hedge,94.96652719665273,11,17.35564853556487,sine
syn,sine_s10,fhddm,78.52719665271967,11,0.9163179916318098,sine
syn,sine_s10,fhddm+half,78.7866108786611,11,1.1757322175732332,sine
syn,sine_s10,fhddm+hedge,78.58158995815899,11,0.9707112970711362,sine
syn,sine_s10,hddma,95.2133891213389,11,17.602510460251054,sine
syn,sine_s10,hddma+half,81.3682008368201,11,3.757322175732236,sine
syn,sine_s10,hddma+hedge,94.96652719665273,11,17.35564853556487,sine
syn,sine_s10,hddmw,95.2133891213389,11,17.602510460251054,sine
syn,sine_s10,hddmw+half,81.3682008368201,11,3.757322175732236,sine
syn,sine_s10,hddmw+hedge,94.96652719665273,11,17.35564853556487,sine
syn,sine_s10,adwin,95.2133891213389,11,17.602510460251054,sine
syn,sine_s10,adwin+half,83.25523012552301,22,5.64435146443516,sine
syn,sine_s10,adwin+hedge,94.94560669456068,12,17.334728033472825,sine
syn,sine_s10,ph,95.2133891213389,11,17.602510460251054,sine
syn,sine_s10,ph+half,82.87447698744771,22,5.263598326359853,sine
syn,sine_s10,ph+hedge,94.96652719665273,11,17.35564853556487,sine
syn,sine_s10,kswin,95.2133891213389,11,17.602510460251054,sine
syn,sine_s10,kswin+half,82.56903765690376,17,4.958158995815909,sine
syn,sine_s10,kswin+hedge,94.96652719665273,11,17.35564853556487,sine
syn,sine_s11,none,77.30125523012552,0,0.0,sine
syn,sine_s11,ddmM,95.0794979079498,28,17.778242677824274,sine
syn,sine_s11,ddm,95.08786610878661,27,17.78661087866109,sine
syn,sine_s11,ddm+half,80.7071129707113,14,3.4058577405857715,sine
syn,sine_s11,ddm+hedge,94.73221757322176,14,17.430962343096247,sine
syn,sine_s11,eddm,95.18828451882845,11,17.887029288702937,sine
syn,sine_s11,eddm+half,83.78661087866108,23,6.485355648535562,sine
syn,sine_s11,eddm+hedge,94.80334728033473,11,17.502092050209217,sine
syn,sine_s11,fhddm,77.94979079497908,11,0.6485355648535585,sine
syn,sine_s11,fhddm+half,78.1213389121339,11,0.8200836820083768,sine
syn,sine_s11,fhddm+hedge,77.9581589958159,11,0.6569037656903753,sine
syn,sine_s11,hddma,95.18828451882845,11,17.887029288702937,sine
syn,sine_s11,hddma+half,80.7112970711297,11,3.4100418410041855,sine
syn,sine_s11,hddma+hedge,94.80334728033473,11,17.502092050209217,sine
syn,sine_s11,hddmw,95.18828451882845,11,17.887029288702937,sine
syn,sine_s11,hddmw+half,80.7112970711297,11,3.4100418410041855,sine
syn,sine_s11,hddmw+hedge,94.80334728033473,11,17.502092050209217,sine
syn,sine_s11,adwin,95.18828451882845,11,17.887029288702937,sine
syn,sine_s11,adwin+half,82.38493723849373,22,5.083682008368207,sine
syn,sine_s11,adwin+hedge,94.79079497907951,14,17.489539748953987,sine
syn,sine_s11,ph,95.18828451882845,11,17.887029288702937,sine
syn,sine_s11,ph+half,81.79916317991632,22,4.497907949790802,sine
syn,sine_s11,ph+hedge,94.79916317991632,13,17.497907949790804,sine
syn,sine_s11,kswin,95.18828451882845,11,17.887029288702937,sine
syn,sine_s11,kswin+half,81.86610878661088,18,4.56485355648536,sine
syn,sine_s11,kswin+hedge,94.80334728033473,11,17.502092050209217,sine
syn,sine_s12,none,77.73640167364017,0,0.0,sine
syn,sine_s12,ddmM,94.75732217573223,28,17.020920502092054,sine
syn,sine_s12,ddm,94.75732217573223,28,17.020920502092054,sine
syn,sine_s12,ddm+half,81.03347280334728,11,3.2970711297070965,sine
syn,sine_s12,ddm+hedge,94.86610878661088,22,17.129707112970706,sine
syn,sine_s12,eddm,95.17573221757323,11,17.439330543933053,sine
syn,sine_s12,eddm+half,84.88702928870293,25,7.150627615062755,sine
syn,sine_s12,eddm+hedge,94.96652719665272,11,17.23012552301254,sine
syn,sine_s12,fhddm,78.35983263598327,11,0.6234309623430967,sine
syn,sine_s12,fhddm+half,78.65690376569037,11,0.9205020920501905,sine
syn,sine_s12,fhddm+hedge,78.4644351464435,11,0.7280334728033355,sine
syn,sine_s12,hddma,95.17573221757323,11,17.439330543933053,sine
syn,sine_s12,hddma+half,81.03347280334728,11,3.2970711297070965,sine
syn,sine_s12,hddma+hedge,94.96652719665272,11,17.23012552301254,sine
syn,sine_s12,hddmw,95.17573221757323,11,17.439330543933053,sine
syn,sine_s12,hddmw+half,81.03347280334728,11,3.2970711297070965,sine
syn,sine_s12,hddmw+hedge,94.96652719665272,11,17.23012552301254,sine
syn,sine_s12,adwin,95.17573221757323,11,17.439330543933053,sine
syn,sine_s12,adwin+half,82.85355648535565,22,5.117154811715475,sine
syn,sine_s12,adwin+hedge,94.89539748953976,13,17.15899581589958,sine
syn,sine_s12,ph,95.17573221757323,11,17.439330543933053,sine
syn,sine_s12,ph+half,82.05439330543933,22,4.317991631799156,sine
syn,sine_s12,ph+hedge,94.97071129707115,12,17.234309623430967,sine
syn,sine_s12,kswin,95.17573221757323,11,17.439330543933053,sine
syn,sine_s12,kswin+half,82.64016736401673,19,4.90376569037656,sine
syn,sine_s12,kswin+hedge,94.96652719665272,11,17.23012552301254,sine
syn,sine_s13,none,77.49372384937237,0,0.0,sine
syn,sine_s13,ddmM,95.13389121338912,23,17.640167364016747,sine
syn,sine_s13,ddm,95.13389121338912,23,17.640167364016747,sine
syn,sine_s13,ddm+half,80.88284518828452,12,3.389121338912149,sine
syn,sine_s13,ddm+hedge,94.80753138075315,21,17.313807531380775,sine
syn,sine_s13,eddm,95.26778242677825,11,17.77405857740588,sine
syn,sine_s13,eddm+half,83.2510460251046,18,5.757322175732227,sine
syn,sine_s13,eddm+hedge,94.836820083682,12,17.34309623430963,sine
syn,sine_s13,fhddm,78.15481171548116,11,0.6610878661087893,sine
syn,sine_s13,fhddm+half,78.40167364016736,11,0.9079497907949818,sine
syn,sine_s13,fhddm+hedge,78.19665271966528,11,0.7029288702929071,sine
syn,sine_s13,hddma,95.26778242677825,11,17.77405857740588,sine
syn,sine_s13,hddma+half,80.88284518828452,11,3.389121338912149,sine
syn,sine_s13,hddma+hedge,94.8744769874477,11,17.38075313807532,sine
syn,sine_s13,hddmw,95.26778242677825,11,17.77405857740588,sine
syn,sine_s13,hddmw+half,81.13389121338912,12,3.6401673640167442,sine
syn,sine_s13,hddmw+hedge,94.8744769874477,11,17.38075313807532,sine
syn,sine_s13,adwin,95.26778242677825,11,17.77405857740588,sine
syn,sine_s13,adwin+half,82.76987447698745,22,5.276150627615084,sine
syn,sine_s13,adwin+hedge,94.8284518828452,14,17.334728033472825,sine
syn,sine_s13,ph,95.26778242677825,11,17.77405857740588,sine
syn,sine_s13,ph+half,82.33472803347281,22,4.84100418410044,sine
syn,sine_s13,ph+hedge,94.80753138075315,13,17.313807531380764,sine
syn,sine_s13,kswin,95.26778242677825,11,17.77405857740588,sine
syn,sine_s13,kswin+half,81.5439330543933,16,4.050209205020938,sine
syn,sine_s13,kswin+hedge,94.8702928870293,12,17.37656903765692,sine
syn,sine_s14,none,77.50627615062761,0,0.0,sine
syn,sine_s14,ddmM,95.07112970711297,28,17.56485355648536,sine
syn,sine_s14,ddm,95.07112970711297,28,17.56485355648536,sine
syn,sine_s14,ddm+half,81.10878661087865,16,3.6025104602510405,sine
syn,sine_s14,ddm+hedge,94.71548117154813,31,17.209205020920514,sine
syn,sine_s14,eddm,95.19665271966528,11,17.690376569037667,sine
syn,sine_s14,eddm+half,82.97071129707113,16,5.464435146443513,sine
syn,sine_s14,eddm+hedge,94.8326359832636,12,17.326359832635983,sine
syn,sine_s14,fhddm,78.27615062761507,11,0.7698744769874533,sine
syn,sine_s14,fhddm+half,78.57322175732217,11,1.0669456066945582,sine
syn,sine_s14,fhddm+hedge,78.28033472803348,11,0.7740585774058562,sine
syn,sine_s14,hddma,95.19665271966528,11,17.690376569037667,sine
syn,sine_s14,hddma+half,81.11297071129707,11,3.6066945606694545,sine
syn,sine_s14,hddma+hedge,94.84937238493725,11,17.34309623430963,sine
syn,sine_s14,hddmw,95.19665271966528,11,17.690376569037667,sine
syn,sine_s14,hddmw+half,81.11297071129707,11,3.6066945606694545,sine
syn,sine_s14,hddmw+hedge,94.84937238493725,11,17.34309623430963,sine
syn,sine_s14,adwin,95.19665271966528,11,17.690376569037667,sine
syn,sine_s14,adwin+half,83.17991631799163,22,5.673640167364013,sine
syn,sine_s14,adwin+hedge,94.84937238493724,12,17.34309623430962,sine
syn,sine_s14,ph,95.19665271966528,11,17.690376569037667,sine
syn,sine_s14,ph+half,82.41841004184101,22,4.912133891213399,sine
syn,sine_s14,ph+hedge,94.83263598326361,12,17.326359832635994,sine
syn,sine_s14,kswin,95.19665271966528,11,17.690376569037667,sine
syn,sine_s14,kswin+half,82.84100418410041,19,5.334728033472802,sine
syn,sine_s14,kswin+hedge,94.85774058577407,12,17.351464435146447,sine
syn,stagger_s10,none,85.54189944134079,0,0.0,stagger
syn,stagger_s10,ddmM,97.32402234636872,8,11.782122905027936,stagger
syn,stagger_s10,ddm,97.32402234636872,8,11.782122905027936,stagger
syn,stagger_s10,ddm+half,88.21229050279328,8,2.670391061452493,stagger
syn,stagger_s10,ddm+hedge,97.32402234636872,8,11.782122905027936,stagger
syn,stagger_s10,eddm,97.32402234636872,8,11.782122905027936,stagger
syn,stagger_s10,eddm+half,90.2122905027933,14,4.670391061452506,stagger
syn,stagger_s10,eddm+hedge,97.32402234636872,8,11.782122905027936,stagger
syn,stagger_s10,fhddm,85.68156424581007,8,0.13966480446927498,stagger
syn,stagger_s10,fhddm+half,85.68156424581007,8,0.13966480446927498,stagger
syn,stagger_s10,fhddm+hedge,85.68156424581007,8,0.13966480446927498,stagger
syn,stagger_s10,hddma,97.32402234636872,8,11.782122905027936,stagger
syn,stagger_s10,hddma+half,88.21229050279328,8,2.670391061452493,stagger
syn,stagger_s10,hddma+hedge,97.32402234636872,8,11.782122905027936,stagger
syn,stagger_s10,hddmw,97.32402234636872,8,11.782122905027936,stagger
syn,stagger_s10,hddmw+half,88.21229050279328,8,2.670391061452493,stagger
syn,stagger_s10,hddmw+hedge,97.32402234636872,8,11.782122905027936,stagger
syn,stagger_s10,adwin,97.32402234636872,8,11.782122905027936,stagger
syn,stagger_s10,adwin+half,88.28491620111731,16,2.7430167597765287,stagger
syn,stagger_s10,adwin+hedge,97.32402234636872,8,11.782122905027936,stagger
syn,stagger_s10,ph,96.8268156424581,8,11.284916201117312,stagger
syn,stagger_s10,ph+half,88.8268156424581,16,3.284916201117316,stagger
syn,stagger_s10,ph+hedge,96.8268156424581,8,11.284916201117312,stagger
syn,stagger_s10,kswin,96.28491620111733,8,10.743016759776546,stagger
syn,stagger_s10,kswin+half,88.11173184357541,12,2.5698324022346286,stagger
syn,stagger_s10,kswin+hedge,96.28491620111733,8,10.743016759776546,stagger
syn,stagger_s11,none,85.51396648044692,0,0.0,stagger
syn,stagger_s11,ddmM,97.41899441340782,8,11.905027932960898,stagger
syn,stagger_s11,ddm,97.41899441340782,8,11.905027932960898,stagger
syn,stagger_s11,ddm+half,88.06145251396647,8,2.5474860335195526,stagger
syn,stagger_s11,ddm+hedge,97.41899441340782,8,11.905027932960898,stagger
syn,stagger_s11,eddm,97.41899441340782,8,11.905027932960898,stagger
syn,stagger_s11,eddm+half,90.8100558659218,15,5.2960893854748665,stagger
syn,stagger_s11,eddm+hedge,97.41899441340782,8,11.905027932960898,stagger
syn,stagger_s11,fhddm,85.60893854748603,8,0.09497206703911187,stagger
syn,stagger_s11,fhddm+half,85.60893854748603,8,0.09497206703911187,stagger
syn,stagger_s11,fhddm+hedge,85.60893854748603,8,0.09497206703911187,stagger
syn,stagger_s11,hddma,97.41899441340782,8,11.905027932960898,stagger
syn,stagger_s11,hddma+half,88.06145251396647,8,2.5474860335195526,stagger
syn,stagger_s11,hddma+hedge,97.41899441340782,8,11.905027932960898,stagger
syn,stagger_s11,hddmw,97.41899441340782,8,11.905027932960898,stagger
syn,stagger_s11,hddmw+half,88.26256983240224,9,2.7486033519553144,stagger
syn,stagger_s11,hddmw+hedge,97.41899441340782,8,11.905027932960898,stagger
syn,stagger_s11,adwin,97.41899441340782,8,11.905027932960898,stagger
syn,stagger_s11,adwin+half,88.39664804469275,16,2.882681564245826,stagger
syn,stagger_s11,adwin+hedge,97.41899441340782,8,11.905027932960898,stagger
syn,stagger_s11,ph,96.51955307262571,8,11.005586592178783,stagger
syn,stagger_s11,ph+half,89.1173184357542,16,3.603351955307277,stagger
syn,stagger_s11,ph+hedge,96.51955307262571,8,11.005586592178783,stagger
syn,stagger_s11,kswin,97.41899441340782,8,11.905027932960898,stagger
syn,stagger_s11,kswin+half,88.76536312849161,11,3.251396648044691,stagger
syn,stagger_s11,kswin+hedge,97.41899441340782,8,11.905027932960898,stagger
syn,stagger_s12,none,85.77653631284917,0,0.0,stagger
syn,stagger_s12,ddmM,97.33519553072625,8,11.558659217877077,stagger
syn,stagger_s12,ddm,97.33519553072625,8,11.558659217877077,stagger
syn,stagger_s12,ddm+half,88.26815642458101,8,2.4916201117318293,stagger
syn,stagger_s12,ddm+hedge,97.33519553072625,8,11.558659217877077,stagger
syn,stagger_s12,eddm,97.33519553072625,8,11.558659217877077,stagger
syn,stagger_s12,eddm+half,90.54748603351956,15,4.770949720670393,stagger
syn,stagger_s12,eddm+hedge,97.33519553072625,8,11.558659217877077,stagger
syn,stagger_s12,fhddm,85.84916201117319,8,0.07262569832402477,stagger
syn,stagger_s12,fhddm+half,85.84916201117319,8,0.07262569832402477,stagger
syn,stagger_s12,fhddm+hedge,85.84916201117319,8,0.07262569832402477,stagger
syn,stagger_s12,hddma,97.33519553072625,8,11.558659217877077,stagger
syn,stagger_s12,hddma+half,88.26815642458101,8,2.4916201117318293,stagger
syn,stagger_s12,hddma+hedge,97.33519553072625,8,11.558659217877077,stagger
syn,stagger_s12,hddmw,97.33519553072625,8,11.558659217877077,stagger
syn,stagger_s12,hddmw+half,88.26815642458101,8,2.4916201117318293,stagger
syn,stagger_s12,hddmw+hedge,97.33519553072625,8,11.558659217877077,stagger
syn,stagger_s12,adwin,97.33519553072625,8,11.558659217877077,stagger
syn,stagger_s12,adwin+half,88.41340782122904,16,2.6368715083798677,stagger
syn,stagger_s12,adwin+hedge,97.33519553072625,8,11.558659217877077,stagger
syn,stagger_s12,ph,96.43016759776536,8,10.653631284916187,stagger
syn,stagger_s12,ph+half,89.30167597765364,16,3.5251396648044775,stagger
syn,stagger_s12,ph+hedge,96.43016759776536,8,10.653631284916187,stagger
syn,stagger_s12,kswin,97.33519553072625,8,11.558659217877077,stagger
syn,stagger_s12,kswin+half,88.34078212290503,10,2.564245810055854,stagger
syn,stagger_s12,kswin+hedge,97.33519553072625,8,11.558659217877077,stagger
syn,stagger_s13,none,85.7262569832402,0,0.0,stagger
syn,stagger_s13,ddmM,97.32402234636872,8,11.59776536312851,stagger
syn,stagger_s13,ddm,97.32402234636872,8,11.59776536312851,stagger
syn,stagger_s13,ddm+half,88.64245810055866,9,2.916201117318451,stagger
syn,stagger_s13,ddm+hedge,97.32402234636872,8,11.59776536312851,stagger
syn,stagger_s13,eddm,97.32402234636872,8,11.59776536312851,stagger
syn,stagger_s13,eddm+half,91.59776536312847,22,5.871508379888269,stagger
syn,stagger_s13,eddm+hedge,97.32402234636872,8,11.59776536312851,stagger
syn,stagger_s13,fhddm,85.93296089385476,8,0.2067039106145363,stagger
syn,stagger_s13,fhddm+half,85.93296089385476,8,0.2067039106145363,stagger
syn,stagger_s13,fhddm+hedge,85.93296089385476,8,0.2067039106145363,stagger
syn,stagger_s13,hddma,97.32402234636872,8,11.59776536312851,stagger
syn,stagger_s13,hddma+half,88.5586592178771,9,2.8324022346368882,stagger
syn,stagger_s13,hddma+hedge,97.32402234636872,8,11.59776536312851,stagger
syn,stagger_s13,hddmw,97.32402234636872,8,11.59776536312851,stagger
syn,stagger_s13,hddmw+half,88.23463687150837,8,2.508379888268164,stagger
syn,stagger_s13,hddmw+hedge,97.32402234636872,8,11.59776536312851,stagger
syn,stagger_s13,adwin,97.32402234636872,8,11.59776536312851,stagger
syn,stagger_s13,adwin+half,88.33519553072627,16,2.6089385474860505,stagger
syn,stagger_s13,adwin+hedge,97.32402234636872,8,11.59776536312851,stagger
syn,stagger_s13,ph,96.7877094972067,8,11.061452513966497,stagger
syn,stagger_s13,ph+half,88.78770949720672,16,3.0614525139665005,stagger
syn,stagger_s13,ph+hedge,96.7877094972067,8,11.061452513966497,stagger
syn,stagger_s13,kswin,97.32402234636872,8,11.59776536312851,stagger
syn,stagger_s13,kswin+half,88.55307262569832,13,2.8268156424581026,stagger
syn,stagger_s13,kswin+hedge,97.32402234636872,8,11.59776536312851,stagger
syn,stagger_s14,none,85.82122905027933,0,0.0,stagger
syn,stagger_s14,ddmM,97.36312849162012,8,11.541899441340775,stagger
syn,stagger_s14,ddm,97.36312849162012,8,11.541899441340775,stagger
syn,stagger_s14,ddm+half,88.41340782122904,8,2.5921787709497046,stagger
syn,stagger_s14,ddm+hedge,97.36312849162012,8,11.541899441340775,stagger
syn,stagger_s14,eddm,97.36312849162012,8,11.541899441340775,stagger
syn,stagger_s14,eddm+half,90.68156424581005,19,4.860335195530718,stagger
syn,stagger_s14,eddm+hedge,97.36312849162012,8,11.541899441340775,stagger
syn,stagger_s14,fhddm,85.93296089385476,8,0.11173184357541333,stagger
syn,stagger_s14,fhddm+half,85.93296089385476,8,0.11173184357541333,stagger
syn,stagger_s14,fhddm+hedge,85.93296089385476,8,0.11173184357541333,stagger
syn,stagger_s14,hddma,97.36312849162012,8,11.541899441340775,stagger
syn,stagger_s14,hddma+half,88.19553072625699,8,2.3743016759776525,stagger
syn,stagger_s14,hddma+hedge,97.36312849162012,8,11.541899441340775,stagger
syn,stagger_s14,hddmw,97.36312849162012,8,11.541899441340775,stagger
syn,stagger_s14,hddmw+half,88.19553072625699,8,2.3743016759776525,stagger
syn,stagger_s14,hddmw+hedge,97.36312849162012,8,11.541899441340775,stagger
syn,stagger_s14,adwin,97.36312849162012,8,11.541899441340775,stagger
syn,stagger_s14,adwin+half,88.36871508379889,16,2.5474860335195526,stagger
syn,stagger_s14,adwin+hedge,97.36312849162012,8,11.541899441340775,stagger
syn,stagger_s14,ph,96.52513966480447,8,10.703910614525135,stagger
syn,stagger_s14,ph+half,89.31843575418993,16,3.4972067039106047,stagger
syn,stagger_s14,ph+hedge,96.52513966480447,8,10.703910614525135,stagger
syn,stagger_s14,kswin,96.22905027932961,8,10.407821229050274,stagger
syn,stagger_s14,kswin+half,88.12849162011173,12,2.307262569832391,stagger
syn,stagger_s14,kswin+hedge,96.22905027932961,8,10.407821229050274,stagger
syn,grid_c5_b500_s10,none,49.97727272727273,0,0.0,grid
syn,grid_c5_b500_s10,ddmM,87.36363636363636,8,37.386363636363626,grid
syn,grid_c5_b500_s10,ddm,87.36363636363636,8,37.386363636363626,grid
syn,grid_c5_b500_s10,ddm+half,51.72727272727272,3,1.749999999999996,grid
syn,grid_c5_b500_s10,ddm+hedge,87.36363636363636,8,37.386363636363626,grid
syn,grid_c5_b500_s10,eddm,87.36363636363636,8,37.386363636363626,grid
syn,grid_c5_b500_s10,eddm+half,56.454545454545446,11,6.47727272727272,grid
syn,grid_c5_b500_s10,eddm+hedge,87.36363636363636,8,37.386363636363626,grid
syn,grid_c5_b500_s10,fhddm,61.090909090909086,5,11.11363636363636,grid
syn,grid_c5_b500_s10,fhddm+half,50.43181818181819,6,0.454545454545463,grid
syn,grid_c5_b500_s10,fhddm+hedge,62.38636363636364,5,12.409090909090914,grid
syn,grid_c5_b500_s10,hddma,87.36363636363636,8,37.386363636363626,grid
syn,grid_c5_b500_s10,hddma+half,51.25000000000001,4,1.272727272727281,grid
syn,grid_c5_b500_s10,hddma+hedge,87.36363636363636,8,37.386363636363626,grid
syn,grid_c5_b500_s10,hddmw,87.36363636363636,8,37.386363636363626,grid
syn,grid_c5_b500_s10,hddmw+half,46.09090909090909,6,-3.8863636363636322,grid
syn,grid_c5_b500_s10,hddmw+hedge,87.36363636363636,8,37.386363636363626,grid
syn,grid_c5_b500_s10,adwin,87.36363636363636,8,37.386363636363626,grid
syn,grid_c5_b500_s10,adwin+half,50.15909090909091,4,0.181818181818183,grid
syn,grid_c5_b500_s10,adwin+hedge,87.36363636363636,8,37.386363636363626,grid
syn,grid_c5_b500_s10,ph,85.0,8,35.02272727272727,grid
syn,grid_c5_b500_s10,ph+half,48.06818181818181,8,-1.9090909090909103,grid
syn,grid_c5_b500_s10,ph+hedge,85.54545454545455,8,35.56818181818182,grid
syn,grid_c5_b500_s10,kswin,87.36363636363636,8,37.386363636363626,grid
syn,grid_c5_b500_s10,kswin+half,52.25000000000001,7,2.272727272727282,grid
syn,grid_c5_b500_s10,kswin+hedge,87.36363636363636,8,37.386363636363626,grid
syn,grid_c5_b500_s11,none,38.68181818181818,0,0.0,grid
syn,grid_c5_b500_s11,ddmM,84.81818181818181,13,46.13636363636363,grid
syn,grid_c5_b500_s11,ddm,82.38636363636364,11,43.70454545454546,grid
syn,grid_c5_b500_s11,ddm+half,43.25000000000001,5,4.568181818181827,grid
syn,grid_c5_b500_s11,ddm+hedge,80.04545454545455,12,41.36363636363637,grid
syn,grid_c5_b500_s11,eddm,86.18181818181819,8,47.5,grid
syn,grid_c5_b500_s11,eddm+half,48.45454545454545,9,9.772727272727277,grid
syn,grid_c5_b500_s11,eddm+hedge,86.18181818181819,8,47.5,grid
syn,grid_c5_b500_s11,fhddm,55.84090909090909,3,17.159090909090917,grid
syn,grid_c5_b500_s11,fhddm+half,38.81818181818183,6,0.13636363636364557,grid
syn,grid_c5_b500_s11,fhddm+hedge,55.727272727272734,3,17.045454545454557,grid
syn,grid_c5_b500_s11,hddma,86.18181818181819,8,47.5,grid
syn,grid_c5_b500_s11,hddma+half,42.25,3,3.56818181818182,grid
syn,grid_c5_b500_s11,hddma+hedge,86.18181818181819,8,47.5,grid
syn,grid_c5_b500_s11,hddmw,84.22727272727273,8,45.54545454545455,grid
syn,grid_c5_b500_s11,hddmw+half,40.47727272727272,5,1.7954545454545445,grid
syn,grid_c5_b500_s11,hddmw+hedge,85.45454545454547,8,46.77272727272728,grid
syn,grid_c5_b500_s11,adwin,86.18181818181819,8,47.5,grid
syn,grid_c5_b500_s11,adwin+half,38.65909090909092,8,-0.022727272727257608,grid
syn,grid_c5_b500_s11,adwin+hedge,86.18181818181819,8,47.5,grid
syn,grid_c5_b500_s11,ph,83.45454545454547,8,44.772727272727295,grid
syn,grid_c5_b500_s11,ph+half,43.727272727272734,8,5.045454545454553,grid
syn,grid_c5_b500_s11,ph+hedge,83.45454545454547,8,44.772727272727295,grid
syn,grid_c5_b500_s11,kswin,83.22727272727273,7,44.54545454545456,grid
syn,grid_c5_b500_s11,kswin+half,39.65909090909091,8,0.9772727272727266,grid
syn,grid_c5_b500_s11,kswin+hedge,83.22727272727273,7,44.54545454545456,grid
syn,grid_c5_b2000_s10,none,83.56983240223464,0,0.0,grid
syn,grid_c5_b2000_s10,ddmM,96.96648044692738,11,13.39664804469274,grid
syn,grid_c5_b2000_s10,ddm,96.96648044692738,11,13.39664804469274,grid
syn,grid_c5_b2000_s10,ddm+half,86.82122905027934,9,3.251396648044713,grid
syn,grid_c5_b2000_s10,ddm+hedge,96.70949720670392,11,13.139664804469287,grid
syn,grid_c5_b2000_s10,eddm,96.97206703910614,8,13.402234636871501,grid
syn,grid_c5_b2000_s10,eddm+half,89.35195530726257,17,5.782122905027931,grid
syn,grid_c5_b2000_s10,eddm+hedge,96.97206703910614,8,13.402234636871501,grid
syn,grid_c5_b2000_s10,fhddm,83.57541899441341,8,0.005586592178774552,grid
syn,grid_c5_b2000_s10,fhddm+half,83.57541899441341,8,0.005586592178774552,grid
syn,grid_c5_b2000_s10,fhddm+hedge,83.57541899441341,8,0.005586592178774552,grid
syn,grid_c5_b2000_s10,hddma,96.97206703910614,8,13.402234636871501,grid
syn,grid_c5_b2000_s10,hddma+half,86.82122905027934,8,3.251396648044713,grid
syn,grid_c5_b2000_s10,hddma+hedge,96.97206703910614,8,13.402234636871501,grid
syn,grid_c5_b2000_s10,hddmw,96.97206703910614,8,13.402234636871501,grid
syn,grid_c5_b2000_s10,hddmw+half,87.03351955307264,10,3.463687150838002,grid
syn,grid_c5_b2000_s10,hddmw+hedge,96.97206703910614,8,13.402234636871501,grid
syn,grid_c5_b2000_s10,adwin,96.97206703910614,8,13.402234636871501,grid
syn,grid_c5_b2000_s10,adwin+half,86.82681564245812,16,3.2569832402234766,grid
syn,grid_c5_b2000_s10,adwin+hedge,96.97206703910614,8,13.402234636871501,grid
syn,grid_c5_b2000_s10,ph,96.97206703910614,8,13.402234636871501,grid
syn,grid_c5_b2000_s10,ph+half,86.82681564245812,16,3.2569832402234766,grid
syn,grid_c5_b2000_s10,ph+hedge,96.97206703910614,8,13.402234636871501,grid
syn,grid_c5_b2000_s10,kswin,96.97206703910614,8,13.402234636871501,grid
syn,grid_c5_b2000_s10,kswin+half,86.82122905027934,14,3.251396648044713,grid
syn,grid_c5_b2000_s10,kswin+hedge,96.97206703910614,8,13.402234636871501,grid
syn,grid_c5_b2000_s11,none,81.82122905027931,0,0.0,grid
syn,grid_c5_b2000_s11,ddmM,96.4245810055866,27,14.603351955307286,grid
syn,grid_c5_b2000_s11,ddm,96.4245810055866,27,14.603351955307286,grid
syn,grid_c5_b2000_s11,ddm+half,85.44692737430168,12,3.625698324022364,grid
syn,grid_c5_b2000_s11,ddm+hedge,96.4413407821229,29,14.620111731843577,grid
syn,grid_c5_b2000_s11,eddm,96.53631284916202,8,14.7150837988827,grid
syn,grid_c5_b2000_s11,eddm+half,88.02793296089385,15,6.2067039106145305,grid
syn,grid_c5_b2000_s11,eddm+hedge,96.48603351955308,8,14.66480446927375,grid
syn,grid_c5_b2000_s11,fhddm,81.87150837988827,8,0.050279329608948764,grid
syn,grid_c5_b2000_s11,fhddm+half,81.96089385474859,8,0.13966480446927498,grid
syn,grid_c5_b2000_s11,fhddm+hedge,81.91620111731844,8,0.09497206703911187,grid
syn,grid_c5_b2000_s11,hddma,96.53631284916202,8,14.7150837988827,grid
syn,grid_c5_b2000_s11,hddma+half,85.4245810055866,8,3.603351955307288,grid
syn,grid_c5_b2000_s11,hddma+hedge,96.48603351955308,8,14.66480446927375,grid
syn,grid_c5_b2000_s11,hddmw,96.19553072625699,8,14.374301675977662,grid
syn,grid_c5_b2000_s11,hddmw+half,85.18435754189944,8,3.3631284916201265,grid
syn,grid_c5_b2000_s11,hddmw+hedge,96.12849162011173,8,14.307262569832414,grid
syn,grid_c5_b2000_s11,adwin,96.53631284916202,8,14.7150837988827,grid
syn,grid_c5_b2000_s11,adwin+half,85.49162011173182,16,3.670391061452505,grid
syn,grid_c5_b2000_s11,adwin+hedge,96.48603351955308,8,14.66480446927375,grid
syn,grid_c5_b2000_s11,ph,95.98882681564245,8,14.167597765363137,grid
syn,grid_c5_b2000_s11,ph+half,85.6536312849162,16,3.832402234636878,grid
syn,grid_c5_b2000_s11,ph+hedge,95.95530726256982,8,14.134078212290502,grid
syn,grid_c5_b2000_s11,kswin,94.81564245810057,6,12.994413407821249,grid
syn,grid_c5_b2000_s11,kswin+half,84.69832402234637,9,2.8770949720670513,grid
syn,grid_c5_b2000_s11,kswin+hedge,94.80446927374301,6,12.983240223463689,grid
syn,grid_c30_b500_s10,none,50.61363636363635,0,0.0,grid
syn,grid_c30_b500_s10,ddmM,83.27272727272728,10,32.65909090909093,grid
syn,grid_c30_b500_s10,ddm,83.27272727272728,10,32.65909090909093,grid
syn,grid_c30_b500_s10,ddm+half,51.15909090909091,1,0.5454545454545601,grid
syn,grid_c30_b500_s10,ddm+hedge,83.06818181818181,8,32.45454545454546,grid
syn,grid_c30_b500_s10,eddm,83.70454545454547,8,33.090909090909115,grid
syn,grid_c30_b500_s10,eddm+half,55.47727272727272,9,4.86363636363637,grid
syn,grid_c30_b500_s10,eddm+hedge,83.06818181818181,8,32.45454545454546,grid
syn,grid_c30_b500_s10,fhddm,61.59090909090911,6,10.977272727272759,grid
syn,grid_c30_b500_s10,fhddm+half,51.56818181818183,4,0.9545454545454746,grid
syn,grid_c30_b500_s10,fhddm+hedge,60.90909090909092,6,10.295454545454575,grid
syn,grid_c30_b500_s10,hddma,83.70454545454547,8,33.090909090909115,grid
syn,grid_c30_b500_s10,hddma+half,52.022727272727266,3,1.4090909090909154,grid
syn,grid_c30_b500_s10,hddma+hedge,83.06818181818181,8,32.45454545454546,grid
syn,grid_c30_b500_s10,hddmw,83.70454545454547,8,33.090909090909115,grid
syn,grid_c30_b500_s10,hddmw+half,53.704545454545446,8,3.0909090909090997,grid
syn,grid_c30_b500_s10,hddmw+hedge,83.06818181818181,8,32.45454545454546,grid
syn,grid_c30_b500_s10,adwin,83.70454545454547,8,33.090909090909115,grid
syn,grid_c30_b500_s10,adwin+half,53.36363636363637,4,2.750000000000019,grid
syn,grid_c30_b500_s10,adwin+hedge,83.06818181818181,8,32.45454545454546,grid
syn,grid_c30_b500_s10,ph,80.6590909090909,8,30.045454545454554,grid
syn,grid_c30_b500_s10,ph+half,51.15909090909091,1,0.5454545454545601,grid
syn,grid_c30_b500_s10,ph+hedge,79.97727272727272,8,29.36363636363637,grid
syn,grid_c30_b500_s10,kswin,83.70454545454547,8,33.090909090909115,grid
syn,grid_c30_b500_s10,kswin+half,51.97727272727272,2,1.3636363636363669,grid
syn,grid_c30_b500_s10,kswin+hedge,83.06818181818181,8,32.45454545454546,grid
syn,grid_c30_b500_s11,none,33.38636363636364,0,0.0,grid
syn,grid_c30_b500_s11,ddmM,79.5,12,46.11363636363635,grid
syn,grid_c30_b500_s11,ddm,79.45454545454545,13,46.06818181818181,grid
syn,grid_c30_b500_s11,ddm+half,40.27272727272726,6,6.886363636363618,grid
syn,grid_c30_b500_s11,ddm+hedge,77.43181818181817,12,44.04545454545454,grid
syn,grid_c30_b500_s11,eddm,81.15909090909089,8,47.77272727272725,grid
syn,grid_c30_b500_s11,eddm+half,51.86363636363636,21,18.477272727272716,grid
syn,grid_c30_b500_s11,eddm+hedge,80.09090909090908,8,46.70454545454544,grid
syn,grid_c30_b500_s11,fhddm,56.93181818181817,8,23.54545454545453,grid
syn,grid_c30_b500_s11,fhddm+half,33.61363636363636,6,0.2272727272727204,grid
syn,grid_c30_b500_s11,fhddm+hedge,53.590909090909086,8,20.204545454545446,grid
syn,grid_c30_b500_s11,hddma,81.15909090909089,8,47.77272727272725,grid
syn,grid_c30_b500_s11,hddma+half,39.86363636363635,6,6.477272727272709,grid
syn,grid_c30_b500_s11,hddma+hedge,80.09090909090908,8,46.70454545454544,grid
syn,grid_c30_b500_s11,hddmw,81.15909090909089,8,47.77272727272725,grid
syn,grid_c30_b500_s11,hddmw+half,40.72727272727272,9,7.340909090909076,grid
syn,grid_c30_b500_s11,hddmw+hedge,80.09090909090908,8,46.70454545454544,grid
syn,grid_c30_b500_s11,adwin,81.15909090909089,8,47.77272727272725,grid
syn,grid_c30_b500_s11,adwin+half,33.54545454545455,6,0.15909090909090318,grid
syn,grid_c30_b500_s11,adwin+hedge,78.15909090909089,9,44.772727272727245,grid
syn,grid_c30_b500_s11,ph,81.15909090909089,8,47.77272727272725,grid
syn,grid_c30_b500_s11,ph+half,44.59090909090907,7,11.204545454545434,grid
syn,grid_c30_b500_s11,ph+hedge,80.09090909090908,8,46.70454545454544,grid
syn,grid_c30_b500_s11,kswin,81.15909090909089,8,47.77272727272725,grid
syn,grid_c30_b500_s11,kswin+half,40.36363636363635,9,6.97727272727271,grid
syn,grid_c30_b500_s11,kswin+hedge,80.09090909090908,8,46.70454545454544,grid
syn,grid_c30_b2000_s10,none,83.13966480446928,0,0.0,grid
syn,grid_c30_b2000_s10,ddmM,94.69273743016758,12,11.553072625698313,grid
syn,grid_c30_b2000_s10,ddm,94.69273743016758,12,11.553072625698313,grid
syn,grid_c30_b2000_s10,ddm+half,85.66480446927372,8,2.5251396648044544,grid
syn,grid_c30_b2000_s10,ddm+hedge,94.12290502793296,8,10.983240223463685,grid
syn,grid_c30_b2000_s10,eddm,94.66480446927373,9,11.525139664804463,grid
syn,grid_c30_b2000_s10,eddm+half,88.39664804469271,19,5.256983240223445,grid
syn,grid_c30_b2000_s10,eddm+hedge,93.85474860335195,11,10.715083798882684,grid
syn,grid_c30_b2000_s10,fhddm,83.64804469273743,8,0.5083798882681512,grid
syn,grid_c30_b2000_s10,fhddm+half,84.32960893854748,8,1.1899441340782135,grid
syn,grid_c30_b2000_s10,fhddm+hedge,84.0558659217877,8,0.916201117318427,grid
syn,grid_c30_b2000_s10,hddma,94.92737430167595,8,11.787709497206688,grid
syn,grid_c30_b2000_s10,hddma+half,85.66480446927372,8,2.5251396648044544,grid
syn,grid_c30_b2000_s10,hddma+hedge,94.12290502793296,8,10.983240223463685,grid
syn,grid_c30_b2000_s10,hddmw,94.92737430167595,8,11.787709497206688,grid
syn,grid_c30_b2000_s10,hddmw+half,85.66480446927372,8,2.5251396648044544,grid
syn,grid_c30_b2000_s10,hddmw+hedge,94.12290502793296,8,10.983240223463685,grid
syn,grid_c30_b2000_s10,adwin,94.92737430167595,8,11.787709497206688,grid
syn,grid_c30_b2000_s10,adwin+half,86.31284916201118,16,3.1731843575419028,grid
syn,grid_c30_b2000_s10,adwin+hedge,93.82122905027933,16,10.68156424581006,grid
syn,grid_c30_b2000_s10,ph,94.59217877094972,8,11.45251396648045,grid
syn,grid_c30_b2000_s10,ph+half,86.37430167597765,16,3.2346368715083784,grid
syn,grid_c30_b2000_s10,ph+hedge,93.5027932960894,13,10.363128491620122,grid
syn,grid_c30_b2000_s10,kswin,94.92737430167595,8,11.787709497206688,grid
syn,grid_c30_b2000_s10,kswin+half,85.93296089385476,9,2.7932960893854775,grid
syn,grid_c30_b2000_s10,kswin+hedge,94.06703910614524,9,10.927374301675973,grid
syn,grid_c30_b2000_s11,none,78.64804469273741,0,0.0,grid
syn,grid_c30_b2000_s11,ddmM,93.73184357541899,15,15.083798882681576,grid
syn,grid_c30_b2000_s11,ddm,93.73184357541899,15,15.083798882681576,grid
syn,grid_c30_b2000_s11,ddm+half,81.6536312849162,14,3.005586592178777,grid
syn,grid_c30_b2000_s11,ddm+hedge,93.11731843575419,13,14.469273743016775,grid
syn,grid_c30_b2000_s11,eddm,93.6145251396648,12,14.966480446927388,grid
syn,grid_c30_b2000_s11,eddm+half,84.53072625698324,18,5.8826815642458286,grid
syn,grid_c30_b2000_s11,eddm+hedge,93.13407821229049,10,14.486033519553077,grid
syn,grid_c30_b2000_s11,fhddm,79.48044692737429,8,0.8324022346368753,grid
syn,grid_c30_b2000_s11,fhddm+half,79.93296089385474,8,1.2849162011173254,grid
syn,grid_c30_b2000_s11,fhddm+hedge,79.70949720670392,8,1.0614525139664988,grid
syn,grid_c30_b2000_s11,hddma,93.88826815642459,8,15.240223463687164,grid
syn,grid_c30_b2000_s11,hddma+half,81.68715083798884,8,3.0391061452514134,grid
syn,grid_c30_b2000_s11,hddma+hedge,93.2122905027933,8,14.564245810055876,grid
syn,grid_c30_b2000_s11,hddmw,93.88826815642459,8,15.240223463687164,grid
syn,grid_c30_b2000_s11,hddmw+half,81.68715083798884,8,3.0391061452514134,grid
syn,grid_c30_b2000_s11,hddmw+hedge,93.2122905027933,8,14.564245810055876,grid
syn,grid_c30_b2000_s11,adwin,93.88826815642459,8,15.240223463687164,grid
syn,grid_c30_b2000_s11,adwin+half,83.07262569832402,16,4.424581005586603,grid
syn,grid_c30_b2000_s11,adwin+hedge,92.98324022346368,16,14.335195530726264,grid
syn,grid_c30_b2000_s11,ph,93.88826815642459,8,15.240223463687164,grid
syn,grid_c30_b2000_s11,ph+half,82.92178770949721,16,4.27374301675979,grid
syn,grid_c30_b2000_s11,ph+hedge,92.88826815642457,14,14.240223463687151,grid
syn,grid_c30_b2000_s11,kswin,93.88826815642459,8,15.240223463687164,grid
syn,grid_c30_b2000_s11,kswin+half,82.13407821229049,10,3.486033519553078,grid
syn,grid_c30_b2000_s11,kswin+hedge,93.2122905027933,8,14.564245810055876,grid
syn,grid_c100_b500_s10,none,44.272727272727266,0,0.0,grid
syn,grid_c100_b500_s10,ddmM,67.45454545454547,8,23.181818181818205,grid
syn,grid_c100_b500_s10,ddm,67.45454545454547,8,23.181818181818205,grid
syn,grid_c100_b500_s10,ddm+half,49.11363636363637,8,4.8409090909091015,grid
syn,grid_c100_b500_s10,ddm+hedge,65.6818181818182,8,21.409090909090935,grid
syn,grid_c100_b500_s10,eddm,62.81818181818183,18,18.545454545454565,grid
syn,grid_c100_b500_s10,eddm+half,50.88636363636364,18,6.6136363636363775,grid
syn,grid_c100_b500_s10,eddm+hedge,63.613636363636374,13,19.340909090909108,grid
syn,grid_c100_b500_s10,fhddm,54.77272727272726,9,10.499999999999998,grid
syn,grid_c100_b500_s10,fhddm+half,47.06818181818181,7,2.795454545454551,grid
syn,grid_c100_b500_s10,fhddm+hedge,53.022727272727266,8,8.750000000000002,grid
syn,grid_c100_b500_s10,hddma,67.45454545454547,8,23.181818181818205,grid
syn,grid_c100_b500_s10,hddma+half,48.50000000000001,8,4.227272727272746,grid
syn,grid_c100_b500_s10,hddma+hedge,65.6818181818182,8,21.409090909090935,grid
syn,grid_c100_b500_s10,hddmw,67.45454545454547,8,23.181818181818205,grid
syn,grid_c100_b500_s10,hddmw+half,48.47727272727273,8,4.204545454545467,grid
syn,grid_c100_b500_s10,hddmw+hedge,65.6818181818182,8,21.409090909090935,grid
syn,grid_c100_b500_s10,adwin,67.45454545454547,8,23.181818181818205,grid
syn,grid_c100_b500_s10,adwin+half,44.54545454545455,1,0.2727272727272856,grid
syn,grid_c100_b500_s10,adwin+hedge,65.13636363636365,10,20.863636363636385,grid
syn,grid_c100_b500_s10,ph,57.13636363636364,8,12.863636363636378,grid
syn,grid_c100_b500_s10,ph+half,49.61363636363636,7,5.340909090909096,grid
syn,grid_c100_b500_s10,ph+hedge,56.15909090909091,8,11.88636363636364,grid
syn,grid_c100_b500_s10,kswin,67.45454545454547,8,23.181818181818205,grid
syn,grid_c100_b500_s10,kswin+half,45.02272727272727,3,0.7500000000000118,grid
syn,grid_c100_b500_s10,kswin+hedge,65.13636363636365,9,20.863636363636385,grid
syn,grid_c100_b500_s11,none,40.20454545454546,0,0.0,grid
syn,grid_c100_b500_s11,ddmM,66.70454545454547,8,26.5,grid
syn,grid_c100_b500_s11,ddm,66.70454545454547,8,26.5,grid
syn,grid_c100_b500_s11,ddm+half,46.159090909090914,8,5.954545454545457,grid
syn,grid_c100_b500_s11,ddm+hedge,64.88636363636364,8,24.681818181818183,grid
syn,grid_c100_b500_s11,eddm,59.04545454545455,25,18.840909090909086,grid
syn,grid_c100_b500_s11,eddm+half,48.840909090909086,19,8.636363636363626,grid
syn,grid_c100_b500_s11,eddm+hedge,61.9318181818182,13,21.72727272727274,grid
syn,grid_c100_b500_s11,fhddm,50.99999999999999,9,10.79545454545453,grid
syn,grid_c100_b500_s11,fhddm+half,43.95454545454545,6,3.749999999999992,grid
syn,grid_c100_b500_s11,fhddm+hedge,50.31818181818183,10,10.113636363636369,grid
syn,grid_c100_b500_s11,hddma,66.70454545454547,8,26.5,grid
syn,grid_c100_b500_s11,hddma+half,45.818181818181806,8,5.613636363636348,grid
syn,grid_c100_b500_s11,hddma+hedge,64.88636363636364,8,24.681818181818183,grid
syn,grid_c100_b500_s11,hddmw,66.70454545454547,8,26.5,grid
syn,grid_c100_b500_s11,hddmw+half,45.36363636363635,8,5.159090909090897,grid
syn,grid_c100_b500_s11,hddmw+hedge,64.88636363636364,8,24.681818181818183,grid
syn,grid_c100_b500_s11,adwin,62.04545454545456,8,21.8409090909091,grid
syn,grid_c100_b500_s11,adwin+half,40.68181818181818,1,0.47727272727272063,grid
syn,grid_c100_b500_s11,adwin+hedge,55.00000000000001,9,14.795454545454545,grid
syn,grid_c100_b500_s11,ph,58.04545454545455,8,17.840909090909086,grid
syn,grid_c100_b500_s11,ph+half,40.68181818181818,1,0.47727272727272063,grid
syn,grid_c100_b500_s11,ph+hedge,56.72727272727273,9,16.522727272727266,grid
syn,grid_c100_b500_s11,kswin,66.06818181818181,9,25.863636363636356,grid
syn,grid_c100_b500_s11,kswin+half,44.54545454545454,7,4.340909090909078,grid
syn,grid_c100_b500_s11,kswin+hedge,64.09090909090911,9,23.88636363636365,grid
syn,grid_c100_b2000_s10,none,75.79888268156425,0,0.0,grid
syn,grid_c100_b2000_s10,ddmM,85.6536312849162,9,9.854748603351949,grid
syn,grid_c100_b2000_s10,ddm,85.6536312849162,9,9.854748603351949,grid
syn,grid_c100_b2000_s10,ddm+half,77.66480446927375,8,1.8659217877095013,grid
syn,grid_c100_b2000_s10,ddm+hedge,84.69273743016761,8,8.893854748603358,grid
syn,grid_c100_b2000_s10,eddm,83.67597765363128,18,7.877094972067022,grid
syn,grid_c100_b2000_s10,eddm+half,79.56983240223464,30,3.7709497206703912,grid
syn,grid_c100_b2000_s10,eddm+hedge,81.51955307262571,29,5.720670391061455,grid
syn,grid_c100_b2000_s10,fhddm,72.15083798882682,34,-3.648044692737429,grid
syn,grid_c100_b2000_s10,fhddm+half,78.18994413407822,9,2.391061452513965,grid
syn,grid_c100_b2000_s10,fhddm+hedge,76.87709497206706,12,1.0782122905028002,grid
syn,grid_c100_b2000_s10,hddma,85.83798882681565,8,10.039106145251397,grid
syn,grid_c100_b2000_s10,hddma+half,77.55865921787709,8,1.7597765363128404,grid
syn,grid_c100_b2000_s10,hddma+hedge,84.69273743016761,8,8.893854748603358,grid
syn,grid_c100_b2000_s10,hddmw,85.83798882681565,8,10.039106145251397,grid
syn,grid_c100_b2000_s10,hddmw+half,77.55865921787709,8,1.7597765363128404,grid
syn,grid_c100_b2000_s10,hddmw+hedge,84.69273743016761,8,8.893854748603358,grid
syn,grid_c100_b2000_s10,adwin,79.02234636871508,25,3.2234636871508293,grid
syn,grid_c100_b2000_s10,adwin+half,78.1731843575419,17,2.3743016759776525,grid
syn,grid_c100_b2000_s10,adwin+hedge,82.9608938547486,24,7.162011173184357,grid
syn,grid_c100_b2000_s10,ph,78.51396648044692,26,2.715083798882678,grid
syn,grid_c100_b2000_s10,ph+half,78.62569832402235,17,2.8268156424581026,grid
syn,grid_c100_b2000_s10,ph+hedge,83.09497206703911,25,7.296089385474858,grid
syn,grid_c100_b2000_s10,kswin,85.60893854748603,9,9.810055865921786,grid
syn,grid_c100_b2000_s10,kswin+half,77.55865921787709,9,1.7597765363128404,grid
syn,grid_c100_b2000_s10,kswin+hedge,83.45251396648045,14,7.653631284916196,grid
syn,grid_c100_b2000_s11,none,74.18435754189943,0,0.0,grid
syn,grid_c100_b2000_s11,ddmM,84.8659217877095,8,10.68156424581006,grid
syn,grid_c100_b2000_s11,ddm,84.8659217877095,8,10.68156424581006,grid
syn,grid_c100_b2000_s11,ddm+half,76.06145251396649,8,1.8770949720670504,grid
syn,grid_c100_b2000_s11,ddm+hedge,83.77653631284915,8,9.592178770949712,grid
syn,grid_c100_b2000_s11,eddm,81.10614525139665,29,6.921787709497218,grid
syn,grid_c100_b2000_s11,eddm+half,77.75977653631286,26,3.575418994413415,grid
syn,grid_c100_b2000_s11,eddm+hedge,81.59776536312849,19,7.413407821229057,grid
syn,grid_c100_b2000_s11,fhddm,71.7262569832402,31,-2.4581005586592264,grid
syn,grid_c100_b2000_s11,fhddm+half,77.1340782122905,10,2.949720670391065,grid
syn,grid_c100_b2000_s11,fhddm+hedge,75.77653631284917,16,1.592178770949737,grid
syn,grid_c100_b2000_s11,hddma,84.8659217877095,8,10.68156424581006,grid
syn,grid_c100_b2000_s11,hddma+half,76.06145251396649,8,1.8770949720670504,grid
syn,grid_c100_b2000_s11,hddma+hedge,83.77653631284915,8,9.592178770949712,grid
syn,grid_c100_b2000_s11,hddmw,84.8659217877095,8,10.68156424581006,grid
syn,grid_c100_b2000_s11,hddmw+half,76.49162011173185,9,2.3072625698324134,grid
syn,grid_c100_b2000_s11,hddmw+hedge,83.77653631284915,8,9.592178770949712,grid
syn,grid_c100_b2000_s11,adwin,78.08938547486032,24,3.9050279329608806,grid
syn,grid_c100_b2000_s11,adwin+half,76.71508379888269,17,2.530726256983251,grid
syn,grid_c100_b2000_s11,adwin+hedge,81.72067039106146,24,7.53631284916203,grid
syn,grid_c100_b2000_s11,ph,76.54748603351955,27,2.3631284916201034,grid
syn,grid_c100_b2000_s11,ph+half,77.43016759776538,17,3.2458100558659386,grid
syn,grid_c100_b2000_s11,ph+hedge,81.77653631284917,25,7.592178770949742,grid
syn,grid_c100_b2000_s11,kswin,84.8659217877095,8,10.68156424581006,grid
syn,grid_c100_b2000_s11,kswin+half,76.43016759776536,9,2.2458100558659266,grid
syn,grid_c100_b2000_s11,kswin+hedge,82.1340782122905,15,7.94972067039107,grid
