group,stream,pol,acc,resets,d_acc,src
real,covertype,none,94.75183455637091,0,0.0,covertype
real,covertype,ddmM,94.18012008005337,48,-0.5717144763175419,covertype
real,covertype,ddm,94.1827885256838,45,-0.5690460306871037,covertype
real,covertype,ddm+half,94.711140760507,175,-0.04069379586389976,covertype
real,covertype,ddm+hedge,94.78452301534357,70,0.032688458972662815,covertype
real,covertype,eddm,88.84723148765845,269,-5.904603068712455,covertype
real,covertype,eddm+half,94.76384256170782,180,0.012008005336916483,covertype
real,covertype,eddm+hedge,94.82054703135422,186,0.06871247498332345,covertype
real,covertype,fhddm,90.98465643762509,110,-3.7671781187458175,covertype
real,covertype,fhddm+half,94.75983989326218,21,0.008005336891270254,covertype
real,covertype,fhddm+hedge,94.78652434956636,20,0.034689793195463725,covertype
real,covertype,hddma,80.47831887925283,587,-14.273515677118077,covertype
real,covertype,hddma+half,94.75316877918611,88,0.0013342228152080082,covertype
real,covertype,hddma+hedge,94.7484989993329,95,-0.0033355570380089183,covertype
real,covertype,hddmw,91.78519012675117,125,-2.966644429619736,covertype
real,covertype,hddmw+half,94.75783855903937,43,0.0060040026684582415,covertype
real,covertype,hddmw+hedge,94.80787191460975,41,0.056037358238836266,covertype
real,covertype,adwin,87.73849232821883,198,-7.013342228152086,covertype
real,covertype,adwin+half,94.70647098065378,33,-0.04536357571712779,covertype
real,covertype,adwin+hedge,94.71380920613743,37,-0.038025350233483746,covertype
real,covertype,ph,88.98198799199467,141,-5.769846564376236,covertype
real,covertype,ph+half,94.71847898599066,26,-0.03335557038025572,covertype
real,covertype,ph+hedge,94.77985323549034,25,0.028018679119423684,covertype
real,covertype,kswin,92.16877918612407,96,-2.583055370246834,covertype
real,covertype,kswin+half,94.70780520346896,34,-0.04402935290194199,covertype
real,covertype,kswin+hedge,94.77184789859908,32,0.020013342228164532,covertype
real,insects_abrupt_imbalanced,none,79.40293529019347,0,0.0,insects
real,insects_abrupt_imbalanced,ddmM,79.64843228819213,5,0.2454969979986621,insects
real,insects_abrupt_imbalanced,ddm,79.64843228819213,5,0.2454969979986621,insects
real,insects_abrupt_imbalanced,ddm+half,79.4849899933289,5,0.08205470313542573,insects
real,insects_abrupt_imbalanced,ddm+hedge,79.65443629086057,5,0.25150100066710923,insects
real,insects_abrupt_imbalanced,eddm,79.31087391594396,15,-0.092061374249508,insects
real,insects_abrupt_imbalanced,eddm+half,79.3955970647098,15,-0.0073382254836551475,insects
real,insects_abrupt_imbalanced,eddm+hedge,79.37224816544362,32,-0.0306871247498397,insects
real,insects_abrupt_imbalanced,fhddm,79.4849899933289,9,0.08205470313542573,insects
real,insects_abrupt_imbalanced,fhddm+half,79.50967311541027,10,0.10673782521679609,insects
real,insects_abrupt_imbalanced,fhddm+hedge,79.52368245496999,9,0.12074716477651348,insects
real,insects_abrupt_imbalanced,hddma,79.70446964643095,6,0.30153435623748726,insects
real,insects_abrupt_imbalanced,hddma+half,79.51634422948632,6,0.11340893929285834,insects
real,insects_abrupt_imbalanced,hddma+hedge,79.71581054036024,6,0.31287525016677753,insects
real,insects_abrupt_imbalanced,hddmw,79.70980653769179,17,0.3068712474983193,insects
real,insects_abrupt_imbalanced,hddmw+half,79.46430953969313,16,0.0613742494996683,insects
real,insects_abrupt_imbalanced,hddmw+hedge,79.77518345563709,17,0.3722481654436227,insects
real,insects_abrupt_imbalanced,adwin,79.78785857238158,7,0.384923282188121,insects
real,insects_abrupt_imbalanced,adwin+half,79.5150100066711,9,0.11207471647763922,insects
real,insects_abrupt_imbalanced,adwin+hedge,79.765176784523,8,0.36224149432954045,insects
real,insects_abrupt_imbalanced,ph,79.58639092728485,19,0.1834556370913898,insects
real,insects_abrupt_imbalanced,ph+half,79.48032021347565,18,0.0773849232821866,insects
real,insects_abrupt_imbalanced,ph+hedge,79.71380920613743,17,0.3108739159439655,insects
real,insects_abrupt_imbalanced,kswin,79.74116077384924,11,0.3382254836557741,insects
real,insects_abrupt_imbalanced,kswin+half,79.48899266177452,11,0.08605737158104976,insects
real,insects_abrupt_imbalanced,kswin+hedge,79.74783188792527,13,0.34489659773180303,insects
real,insects_gradual_imbalanced,none,81.60265363128492,0,0.0,insects
real,insects_gradual_imbalanced,ddmM,81.6201117318436,4,0.017458100558664924,insects
real,insects_gradual_imbalanced,ddm,81.6201117318436,4,0.017458100558664924,insects
real,insects_gradual_imbalanced,ddm+half,81.62290502793297,8,0.020251396648041098,insects
real,insects_gradual_imbalanced,ddm+hedge,81.65013966480447,9,0.047486033519539284,insects
real,insects_gradual_imbalanced,eddm,81.61382681564247,10,0.011173184357538002,insects
real,insects_gradual_imbalanced,eddm+half,81.5754189944134,48,-0.027234636871531492,insects
real,insects_gradual_imbalanced,eddm+hedge,81.5209497206704,103,-0.08170391061452786,insects
real,insects_gradual_imbalanced,fhddm,81.59217877094973,8,-0.010474860335196734,insects
real,insects_gradual_imbalanced,fhddm+half,81.6277932960894,7,0.02513966480446328,insects
real,insects_gradual_imbalanced,fhddm+hedge,81.6263966480447,7,0.023743016759769642,insects
real,insects_gradual_imbalanced,hddma,81.62918994413408,6,0.026536312849156918,insects
real,insects_gradual_imbalanced,hddma+half,81.63198324022346,7,0.02932960893853309,insects
real,insects_gradual_imbalanced,hddma+hedge,81.66899441340783,6,0.06634078212289785,insects
real,insects_gradual_imbalanced,hddmw,81.66480446927375,12,0.06215083798881693,insects
real,insects_gradual_imbalanced,hddmw+half,81.62011173184356,13,0.01745810055864272,insects
real,insects_gradual_imbalanced,hddmw+hedge,81.71368715083798,13,0.11103351955304985,insects
real,insects_gradual_imbalanced,adwin,81.71298882681563,8,0.11033519553070859,insects
real,insects_gradual_imbalanced,adwin+half,81.63687150837988,10,0.034217877094955274,insects
real,insects_gradual_imbalanced,adwin+hedge,81.73882681564247,8,0.13617318435753534,insects
real,insects_gradual_imbalanced,ph,81.59706703910615,15,-0.005586592178774552,insects
real,insects_gradual_imbalanced,ph+half,81.63896648044694,15,0.036312849162012384,insects
real,insects_gradual_imbalanced,ph+hedge,81.69622905027933,14,0.09357541899439603,insects
real,insects_gradual_imbalanced,kswin,81.74790502793297,3,0.14525139664803843,insects
real,insects_gradual_imbalanced,kswin+half,81.63966480446928,5,0.03701117318435365,insects
real,insects_gradual_imbalanced,kswin+hedge,81.73044692737432,3,0.1277932960893846,insects
real,insects_incremental_abrupt_balanced,none,76.66290726817041,0,0.0,insects
real,insects_incremental_abrupt_balanced,ddmM,77.68170426065164,19,1.018796992481219,insects
real,insects_incremental_abrupt_balanced,ddm,77.68170426065164,19,1.018796992481219,insects
real,insects_incremental_abrupt_balanced,ddm+half,76.93233082706767,14,0.26942355889725267,insects
real,insects_incremental_abrupt_balanced,ddm+hedge,77.40852130325815,11,0.7456140350877272,insects
real,insects_incremental_abrupt_balanced,eddm,77.26315789473684,46,0.600250626566412,insects
real,insects_incremental_abrupt_balanced,eddm+half,76.83333333333331,122,0.1704260651628986,insects
real,insects_incremental_abrupt_balanced,eddm+hedge,77.33959899749374,76,0.6766917293233199,insects
real,insects_incremental_abrupt_balanced,fhddm,76.88220551378447,25,0.21929824561404132,insects
real,insects_incremental_abrupt_balanced,fhddm+half,76.94486215538848,23,0.28195488721806106,insects
real,insects_incremental_abrupt_balanced,fhddm+hedge,77.03508771929825,22,0.3721804511278237,insects
real,insects_incremental_abrupt_balanced,hddma,78.55889724310778,21,1.895989974937362,insects
real,insects_incremental_abrupt_balanced,hddma+half,77.15037593984964,18,0.48746867167921426,insects
real,insects_incremental_abrupt_balanced,hddma+hedge,78.49248120300753,21,1.8295739348371032,insects
real,insects_incremental_abrupt_balanced,hddmw,78.53132832080199,27,1.8684210526315748,insects
real,insects_incremental_abrupt_balanced,hddmw+half,77.09273182957394,26,0.42982456140351344,insects
real,insects_incremental_abrupt_balanced,hddmw+hedge,78.47493734335839,29,1.8120300751879759,insects
real,insects_incremental_abrupt_balanced,adwin,78.47493734335839,21,1.8120300751879759,insects
real,insects_incremental_abrupt_balanced,adwin+half,77.17418546365916,26,0.5112781954887291,insects
real,insects_incremental_abrupt_balanced,adwin+hedge,78.45112781954889,21,1.788220551378461,insects
real,insects_incremental_abrupt_balanced,ph,77.88095238095238,24,1.2180451127819625,insects
real,insects_incremental_abrupt_balanced,ph+half,77.08395989974937,31,0.42105263157895534,insects
real,insects_incremental_abrupt_balanced,ph+hedge,78.07769423558896,26,1.4147869674185465,insects
real,insects_incremental_abrupt_balanced,kswin,78.0889724310777,16,1.4260651629072862,insects
real,insects_incremental_abrupt_balanced,kswin+half,77.1002506265664,17,0.4373433583959918,insects
real,insects_incremental_abrupt_balanced,kswin+hedge,78.04511278195488,15,1.3822055137844624,insects
real,h2_airlines,none,69.06806806806807,0,0.0,airlines
real,h2_airlines,ddmM,69.05505505505505,3,-0.013013013013019048,airlines
real,h2_airlines,ddm,69.05505505505505,3,-0.013013013013019048,airlines
real,h2_airlines,ddm+half,69.04304304304304,6,-0.025025025025027237,airlines
real,h2_airlines,ddm+hedge,69.05705705705707,3,-0.011011011011008431,airlines
real,h2_airlines,eddm,69.02902902902902,23,-0.03903903903904604,airlines
real,h2_airlines,eddm+half,69.05005005005005,20,-0.018018018018017834,airlines
real,h2_airlines,eddm+hedge,69.03903903903904,19,-0.029029029029026265,airlines
real,h2_airlines,fhddm,68.84684684684684,23,-0.2212212212212239,airlines
real,h2_airlines,fhddm+half,69.06306306306307,19,-0.005005005004998786,airlines
real,h2_airlines,fhddm+hedge,69.03703703703704,20,-0.03103103103102578,airlines
real,h2_airlines,hddma,69.006006006006,12,-0.06206206206206266,airlines
real,h2_airlines,hddma+half,69.1051051051051,9,0.037037037037035425,airlines
real,h2_airlines,hddma+hedge,69.06706706706707,10,-0.0010010010009997572,airlines
real,h2_airlines,hddmw,68.02002002002003,73,-1.0480480480480447,airlines
real,h2_airlines,hddmw+half,68.90690690690691,72,-0.16116116116114965,airlines
real,h2_airlines,hddmw+hedge,68.8788788788789,82,-0.18918918918917615,airlines
real,h2_airlines,adwin,69.02702702702703,12,-0.041041041041034454,airlines
real,h2_airlines,adwin+half,69.06006006006005,12,-0.00800800800800916,airlines
real,h2_airlines,adwin+hedge,69.05605605605606,12,-0.012012012012008189,airlines
real,h2_airlines,ph,68.98098098098097,24,-0.0870870870870899,airlines
real,h2_airlines,ph+half,69.10910910910913,22,0.04104104104105666,airlines
real,h2_airlines,ph+hedge,69.02402402402402,22,-0.04404404404404483,airlines
real,h2_airlines,kswin,68.83483483483484,28,-0.23323323323323208,airlines
real,h2_airlines,kswin+half,69.04004004004004,26,-0.028028028028026508,airlines
real,h2_airlines,kswin+hedge,69.02702702702703,26,-0.041041041041034454,airlines
real,h2_phishing,none,94.66055045871558,0,0.0,phishing
real,h2_phishing,ddmM,94.66055045871558,0,0.0,phishing
real,h2_phishing,ddm,94.66055045871558,0,0.0,phishing
real,h2_phishing,ddm+half,94.66055045871558,0,0.0,phishing
real,h2_phishing,ddm+hedge,94.66055045871558,0,0.0,phishing
real,h2_phishing,eddm,94.66055045871558,0,0.0,phishing
real,h2_phishing,eddm+half,94.66055045871558,0,0.0,phishing
real,h2_phishing,eddm+hedge,94.66055045871558,0,0.0,phishing
real,h2_phishing,fhddm,94.66055045871558,0,0.0,phishing
real,h2_phishing,fhddm+half,94.66055045871558,0,0.0,phishing
real,h2_phishing,fhddm+hedge,94.66055045871558,0,0.0,phishing
real,h2_phishing,hddma,94.66055045871558,0,0.0,phishing
real,h2_phishing,hddma+half,94.66055045871558,0,0.0,phishing
real,h2_phishing,hddma+hedge,94.66055045871558,0,0.0,phishing
real,h2_phishing,hddmw,94.66055045871558,0,0.0,phishing
real,h2_phishing,hddmw+half,94.66055045871558,0,0.0,phishing
real,h2_phishing,hddmw+hedge,94.66055045871558,0,0.0,phishing
real,h2_phishing,adwin,94.66055045871558,0,0.0,phishing
real,h2_phishing,adwin+half,94.66055045871558,0,0.0,phishing
real,h2_phishing,adwin+hedge,94.66055045871558,0,0.0,phishing
real,h2_phishing,ph,94.66055045871558,0,0.0,phishing
real,h2_phishing,ph+half,94.66055045871558,0,0.0,phishing
real,h2_phishing,ph+hedge,94.66055045871558,0,0.0,phishing
real,h2_phishing,kswin,94.66055045871558,0,0.0,phishing
real,h2_phishing,kswin+half,94.66055045871558,0,0.0,phishing
real,h2_phishing,kswin+hedge,94.66055045871558,0,0.0,phishing
real,h2_poker,none,92.81681681681681,0,0.0,poker
real,h2_poker,ddmM,84.71671671671672,481,-8.100100100100093,poker
real,h2_poker,ddm,84.78478478478479,472,-8.032032032032033,poker
real,h2_poker,ddm+half,89.57457457457457,379,-3.2422422422422437,poker
real,h2_poker,ddm+hedge,91.61261261261262,290,-1.2042042042041956,poker
real,h2_poker,eddm,84.18118118118119,297,-8.63563563563563,poker
real,h2_poker,eddm+half,91.68868868868869,146,-1.1281281281281252,poker
real,h2_poker,eddm+hedge,92.34334334334335,131,-0.47347347347347357,poker
real,h2_poker,fhddm,86.72872872872873,140,-6.088088088088083,poker
real,h2_poker,fhddm+half,92.01801801801803,86,-0.7987987987987943,poker
real,h2_poker,fhddm+hedge,92.42542542542542,81,-0.39139139139139356,poker
real,h2_poker,hddma,83.04604604604604,535,-9.770770770770776,poker
real,h2_poker,hddma+half,90.44744744744744,283,-2.3693693693693785,poker
real,h2_poker,hddma+hedge,91.28328328328328,280,-1.5335335335335376,poker
real,h2_poker,hddmw,84.98298298298297,268,-7.833833833833836,poker
real,h2_poker,hddmw+half,91.75375375375377,149,-1.0630630630630522,poker
real,h2_poker,hddmw+hedge,92.42642642642643,137,-0.3903903903903827,poker
real,h2_poker,adwin,85.81581581581582,204,-7.001001001000995,poker
real,h2_poker,adwin+half,91.52652652652652,150,-1.2902902902902857,poker
real,h2_poker,adwin+hedge,92.3903903903904,136,-0.4264264264264295,poker
real,h2_poker,ph,88.65065065065065,106,-4.166166166166163,poker
real,h2_poker,ph+half,92.07007007007006,79,-0.7467467467467515,poker
real,h2_poker,ph+hedge,92.6106106106106,70,-0.20620620620620533,poker
real,h2_poker,kswin,87.25925925925925,185,-5.5575575575575575,poker
real,h2_poker,kswin+half,92.15215215215215,118,-0.6646646646646603,poker
real,h2_poker,kswin+hedge,92.57957957957959,117,-0.2372372372372311,poker
real,h2_rialto,none,77.49573690621195,0,0.0,rialto
real,h2_rialto,ddmM,78.1851400730816,149,0.6894031668696621,rialto
real,h2_rialto,ddm,78.04019488428746,127,0.5444579780755188,rialto
real,h2_rialto,ddm+half,77.73690621193666,113,0.24116930572471995,rialto
real,h2_rialto,ddm+hedge,78.88306942752742,185,1.3873325213154764,rialto
real,h2_rialto,eddm,78.9646772228989,256,1.4689403166869508,rialto
real,h2_rialto,eddm+half,78.25822168087699,298,0.7624847746650398,rialto
real,h2_rialto,eddm+hedge,79.85261875761267,248,2.3568818514007273,rialto
real,h2_rialto,fhddm,78.56516443361754,95,1.0694275274055975,rialto
real,h2_rialto,fhddm+half,77.79780755176614,100,0.3020706455541977,rialto
real,h2_rialto,fhddm+hedge,79.29719853836784,87,1.8014616321558985,rialto
real,h2_rialto,hddma,78.19975639464069,122,0.7040194884287421,rialto
real,h2_rialto,hddma+half,77.9293544457978,128,0.43361753958586213,rialto
real,h2_rialto,hddma+hedge,78.98172959805116,126,1.4859926918392108,rialto
real,h2_rialto,hddmw,78.49451887941535,147,0.9987819732034109,rialto
real,h2_rialto,hddmw+half,78.02679658952498,146,0.5310596833130288,rialto
real,h2_rialto,hddmw+hedge,79.34713763702801,144,1.8514007308160663,rialto
real,h2_rialto,adwin,77.92082825822169,122,0.42509135200974324,rialto
real,h2_rialto,adwin+half,77.82095006090135,122,0.3252131546894077,rialto
real,h2_rialto,adwin+hedge,79.06820950060902,115,1.5724725943970674,rialto
real,h2_rialto,ph,78.17174177831912,89,0.6760048721071721,rialto
real,h2_rialto,ph+half,77.90012180267966,92,0.40438489646772435,rialto
real,h2_rialto,ph+hedge,78.84287454323996,85,1.3471376370280175,rialto
real,h2_rialto,kswin,78.60901339829476,143,1.1132764920828153,rialto
real,h2_rialto,kswin+half,77.96833130328868,145,0.472594397076731,rialto
real,h2_rialto,kswin+hedge,79.41656516443362,134,1.920828258221674,rialto
real,h2_spam,none,94.34426229508198,0,0.0,spam
real,h2_spam,ddmM,92.04918032786885,11,-2.2950819672131195,spam
real,h2_spam,ddm,92.04918032786885,11,-2.2950819672131195,spam
real,h2_spam,ddm+half,94.18032786885246,4,-0.16393442622950616,spam
real,h2_spam,ddm+hedge,94.1639344262295,4,-0.1803278688524701,spam
real,h2_spam,eddm,91.91803278688526,10,-2.426229508196709,spam
real,h2_spam,eddm+half,94.08196721311475,7,-0.2622950819672232,spam
real,h2_spam,eddm+hedge,94.31147540983606,7,-0.03278688524590567,spam
real,h2_spam,fhddm,93.91803278688525,2,-0.42622950819672933,spam
real,h2_spam,fhddm+half,94.47540983606557,1,0.13114754098360049,spam
real,h2_spam,fhddm+hedge,94.21311475409836,2,-0.1311475409836116,spam
real,h2_spam,hddma,93.50819672131148,7,-0.8360655737704947,spam
real,h2_spam,hddma+half,94.21311475409836,6,-0.1311475409836116,spam
real,h2_spam,hddma+hedge,94.08196721311477,6,-0.2622950819672121,spam
real,h2_spam,hddmw,93.55737704918032,3,-0.7868852459016473,spam
real,h2_spam,hddmw+half,94.29508196721312,2,-0.04918032786884741,spam
real,h2_spam,hddmw+hedge,93.88524590163935,3,-0.4590163934426239,spam
real,h2_spam,adwin,93.72131147540983,2,-0.6229508196721301,spam
real,h2_spam,adwin+half,94.29508196721312,2,-0.04918032786884741,spam
real,h2_spam,adwin+hedge,94.14754098360658,2,-0.19672131147540073,spam
real,h2_spam,ph,93.68852459016394,2,-0.6557377049180357,spam
real,h2_spam,ph+half,94.1967213114754,2,-0.14754098360657553,spam
real,h2_spam,ph+hedge,94.09836065573771,2,-0.24590163934425924,spam
real,h2_spam,kswin,93.44262295081968,3,-0.901639344262295,spam
real,h2_spam,kswin+half,94.29508196721312,2,-0.04918032786884741,spam
real,h2_spam,kswin+hedge,93.67213114754098,3,-0.6721311475409886,spam
real,h2_weather,none,81.15555555555555,0,0.0,weather
real,h2_weather,ddmM,80.74444444444447,4,-0.41111111111108434,weather
real,h2_weather,ddm,80.74444444444447,4,-0.41111111111108434,weather
real,h2_weather,ddm+half,81.16111111111111,1,0.005555555555569747,weather
real,h2_weather,ddm+hedge,81.11111111111111,1,-0.04444444444443585,weather
real,h2_weather,eddm,73.74999999999999,85,-7.405555555555566,weather
real,h2_weather,eddm+half,80.74444444444447,46,-0.41111111111108434,weather
real,h2_weather,eddm+hedge,80.62222222222223,25,-0.533333333333319,weather
real,h2_weather,fhddm,79.74444444444445,15,-1.4111111111110963,weather
real,h2_weather,fhddm+half,81.04444444444444,7,-0.11111111111110628,weather
real,h2_weather,fhddm+hedge,80.88333333333334,9,-0.27222222222220704,weather
real,h2_weather,hddma,80.88333333333334,1,-0.27222222222220704,weather
real,h2_weather,hddma+half,81.15,1,-0.005555555555547542,weather
real,h2_weather,hddma+hedge,81.12222222222223,1,-0.03333333333331856,weather
real,h2_weather,hddmw,79.41666666666666,10,-1.7388888888888898,weather
real,h2_weather,hddmw+half,81.18888888888888,9,0.03333333333332966,weather
real,h2_weather,hddmw+hedge,80.99444444444444,9,-0.16111111111111187,weather
real,h2_weather,adwin,81.15555555555555,0,0.0,weather
real,h2_weather,adwin+half,81.15555555555555,0,0.0,weather
real,h2_weather,adwin+hedge,81.15555555555555,0,0.0,weather
real,h2_weather,ph,80.78333333333333,3,-0.37222222222221824,weather
real,h2_weather,ph+half,81.1222222222222,4,-0.033333333333340764,weather
real,h2_weather,ph+hedge,81.08888888888889,4,-0.06666666666665932,weather
real,h2_weather,kswin,81.15555555555555,0,0.0,weather
real,h2_weather,kswin+half,81.15555555555555,0,0.0,weather
real,h2_weather,kswin+hedge,81.15555555555555,0,0.0,weather
real,h3_airlines_b,none,70.63563563563562,0,0.0,airlines
real,h3_airlines_b,ddmM,70.62562562562562,3,-0.010010010010008674,airlines
real,h3_airlines_b,ddm,70.62562562562562,3,-0.010010010010008674,airlines
real,h3_airlines_b,ddm+half,70.5895895895896,12,-0.04604604604603324,airlines
real,h3_airlines_b,ddm+hedge,70.63263263263262,4,-0.003003003003010374,airlines
real,h3_airlines_b,eddm,70.18818818818818,49,-0.4474474474474466,airlines
real,h3_airlines_b,eddm+half,70.60160160160159,12,-0.034034034034036154,airlines
real,h3_airlines_b,eddm+hedge,70.61561561561561,6,-0.02002002002001735,airlines
real,h3_airlines_b,fhddm,70.41441441441441,25,-0.2212212212212239,airlines
real,h3_airlines_b,fhddm+half,70.56156156156155,22,-0.07407407407408195,airlines
real,h3_airlines_b,fhddm+hedge,70.58558558558559,24,-0.05005005005004337,airlines
real,h3_airlines_b,hddma,70.4914914914915,17,-0.14414414414413157,airlines
real,h3_airlines_b,hddma+half,70.62062062062063,16,-0.01501501501500746,airlines
real,h3_airlines_b,hddma+hedge,70.60360360360359,16,-0.03203203203203664,airlines
real,h3_airlines_b,hddmw,69.57757757757757,81,-1.0580580580580645,airlines
real,h3_airlines_b,hddmw+half,70.47347347347348,88,-0.1621621621621605,airlines
real,h3_airlines_b,hddmw+hedge,70.46546546546546,87,-0.17017017017016967,airlines
real,h3_airlines_b,adwin,70.56356356356356,16,-0.07207207207207134,airlines
real,h3_airlines_b,adwin+half,70.64164164164166,15,0.006006006006020748,airlines
real,h3_airlines_b,adwin+hedge,70.62762762762762,15,-0.00800800800800916,airlines
real,h3_airlines_b,ph,70.38838838838839,29,-0.2472472472472398,airlines
real,h3_airlines_b,ph+half,70.5965965965966,28,-0.03903903903903494,airlines
real,h3_airlines_b,ph+hedge,70.60360360360359,28,-0.03203203203203664,airlines
real,h3_airlines_b,kswin,70.18318318318319,37,-0.45245245245244536,airlines
real,h3_airlines_b,kswin+half,70.56656656656656,32,-0.06906906906906096,airlines
real,h3_airlines_b,kswin+hedge,70.5945945945946,29,-0.041041041041034454,airlines
real,h3_airlines_c,none,65.33633633633634,0,0.0,airlines
real,h3_airlines_c,ddmM,65.25325325325325,6,-0.08308308308309087,airlines
real,h3_airlines_c,ddm,65.25325325325325,6,-0.08308308308309087,airlines
real,h3_airlines_c,ddm+half,65.30030030030031,4,-0.03603603603603567,airlines
real,h3_airlines_c,ddm+hedge,65.30630630630631,5,-0.030030030030026023,airlines
real,h3_airlines_c,eddm,65.30330330330331,3,-0.033033033033036396,airlines
real,h3_airlines_c,eddm+half,65.18818818818819,77,-0.1481481481481528,airlines
real,h3_airlines_c,eddm+hedge,65.32432432432431,4,-0.012012012012030393,airlines
real,h3_airlines_c,fhddm,64.92992992992994,38,-0.406406406406401,airlines
real,h3_airlines_c,fhddm+half,65.22422422422422,34,-0.11211211211212824,airlines
real,h3_airlines_c,fhddm+hedge,65.24724724724724,32,-0.08908908908910051,airlines
real,h3_airlines_c,hddma,65.21321321321322,12,-0.12312312312312557,airlines
real,h3_airlines_c,hddma+half,65.34434434434434,14,0.008008008007998058,airlines
real,h3_airlines_c,hddma+hedge,65.29629629629629,15,-0.0400400400400458,airlines
real,h3_airlines_c,hddmw,63.70870870870872,131,-1.6276276276276258,airlines
real,h3_airlines_c,hddmw+half,64.93993993993993,136,-0.39639639639640345,airlines
real,h3_airlines_c,hddmw+hedge,64.91691691691692,130,-0.41941941941943117,airlines
real,h3_airlines_c,adwin,65.25925925925927,13,-0.07707707707708122,airlines
real,h3_airlines_c,adwin+half,65.30230230230231,12,-0.034034034034036154,airlines
real,h3_airlines_c,adwin+hedge,65.33433433433434,12,-0.0020020020019995144,airlines
real,h3_airlines_c,ph,65.10610610610611,25,-0.2302302302302328,airlines
real,h3_airlines_c,ph+half,65.32532532532532,22,-0.011011011011019534,airlines
real,h3_airlines_c,ph+hedge,65.32932932932934,23,-0.007007007007009403,airlines
real,h3_airlines_c,kswin,64.70970970970971,65,-0.6266266266266252,airlines
real,h3_airlines_c,kswin+half,65.12412412412412,65,-0.21221221221221498,airlines
real,h3_airlines_c,kswin+hedge,65.13513513513513,63,-0.20120120120120655,airlines
real,h3_covertype_b,none,96.61061061061062,0,0.0,covertype
real,h3_covertype_b,ddmM,95.63063063063065,24,-0.9799799799799835,covertype
real,h3_covertype_b,ddm,95.63063063063065,24,-0.9799799799799835,covertype
real,h3_covertype_b,ddm+half,96.5955955955956,105,-0.015015015015029665,covertype
real,h3_covertype_b,ddm+hedge,96.54254254254255,78,-0.06806806806808341,covertype
real,h3_covertype_b,eddm,90.41341341341341,121,-6.197197197197212,covertype
real,h3_covertype_b,eddm+half,96.52652652652652,62,-0.08408408408410173,covertype
real,h3_covertype_b,eddm+hedge,96.61161161161162,39,0.0010010010009997572,covertype
real,h3_covertype_b,fhddm,95.61061061061062,22,-1.0000000000000009,covertype
real,h3_covertype_b,fhddm+half,96.61061061061062,1,0.0,covertype
real,h3_covertype_b,fhddm+hedge,96.61061061061062,1,0.0,covertype
real,h3_covertype_b,hddma,73.54754754754755,467,-23.063063063063073,covertype
real,h3_covertype_b,hddma+half,96.51751751751753,75,-0.09309309309309954,covertype
real,h3_covertype_b,hddma+hedge,96.54654654654654,68,-0.06406406406408438,covertype
real,h3_covertype_b,hddmw,84.06706706706706,175,-12.543543543543567,covertype
real,h3_covertype_b,hddmw+half,96.5915915915916,16,-0.019019019019028693,covertype
real,h3_covertype_b,hddmw+hedge,96.5975975975976,16,-0.01301301301303015,covertype
real,h3_covertype_b,adwin,67.22822822822823,366,-29.3823823823824,covertype
real,h3_covertype_b,adwin+half,96.58758758758759,21,-0.023023023023027722,covertype
real,h3_covertype_b,adwin+hedge,96.58858858858859,19,-0.022022022022027965,covertype
real,h3_covertype_b,ph,73.33233233233234,246,-23.278278278278286,covertype
real,h3_covertype_b,ph+half,96.60660660660662,10,-0.004004004004010131,covertype
real,h3_covertype_b,ph+hedge,96.5925925925926,9,-0.018018018018028936,covertype
real,h3_covertype_b,kswin,93.5965965965966,63,-3.0140140140140215,covertype
real,h3_covertype_b,kswin+half,96.61661661661662,8,0.006006006005998543,covertype
real,h3_covertype_b,kswin+hedge,96.6056056056056,8,-0.0050050050050209904,covertype
real,h3_covertype_c,none,95.76976976976978,0,0.0,covertype
real,h3_covertype_c,ddmM,92.11511511511512,58,-3.6546546546546543,covertype
real,h3_covertype_c,ddm,92.11511511511512,58,-3.6546546546546543,covertype
real,h3_covertype_c,ddm+half,95.5905905905906,75,-0.17917917917917858,covertype
real,h3_covertype_c,ddm+hedge,95.66966966966966,77,-0.10010010010010895,covertype
real,h3_covertype_c,eddm,46.98198198198199,765,-48.78778778778779,covertype
real,h3_covertype_c,eddm+half,95.39839839839841,27,-0.3713713713713651,covertype
real,h3_covertype_c,eddm+hedge,95.72372372372374,20,-0.04604604604604434,covertype
real,h3_covertype_c,fhddm,49.81381381381381,331,-45.955955955955964,covertype
real,h3_covertype_c,fhddm+half,94.90590590590591,16,-0.8638638638638674,covertype
real,h3_covertype_c,fhddm+hedge,95.74874874874875,5,-0.021021021021017106,covertype
real,h3_covertype_c,hddma,54.83383383383384,634,-40.93593593593593,covertype
real,h3_covertype_c,hddma+half,95.20920920920922,31,-0.5605605605605524,covertype
real,h3_covertype_c,hddma+hedge,95.72172172172172,24,-0.04804804804805496,covertype
real,h3_covertype_c,hddmw,50.848848848848846,590,-44.92092092092093,covertype
real,h3_covertype_c,hddmw+half,94.2842842842843,51,-1.4854854854854826,covertype
real,h3_covertype_c,hddmw+hedge,95.73573573573574,24,-0.03403403403402505,covertype
real,h3_covertype_c,adwin,49.83983983983984,426,-45.92992992992993,covertype
real,h3_covertype_c,adwin+half,92.29329329329329,86,-3.4764764764764866,covertype
real,h3_covertype_c,adwin+hedge,95.67967967967968,23,-0.09009009009008917,covertype
real,h3_covertype_c,ph,54.29429429429429,247,-41.475475475475484,covertype
real,h3_covertype_c,ph+half,93.04104104104104,55,-2.7287287287287354,covertype
real,h3_covertype_c,ph+hedge,95.77077077077078,9,0.0010010010009997572,covertype
real,h3_covertype_c,kswin,47.654654654654664,540,-48.11511511511512,covertype
real,h3_covertype_c,kswin+half,94.42642642642643,39,-1.3433433433433395,covertype
real,h3_covertype_c,kswin+hedge,95.73773773773775,12,-0.03203203203202554,covertype
real,h3_insects_b,none,81.44644644644644,0,0.0,insects
real,h3_insects_b,ddmM,81.42742742742743,3,-0.01901901901900649,insects
real,h3_insects_b,ddm,81.42742742742743,3,-0.01901901901900649,insects
real,h3_insects_b,ddm+half,81.43443443443444,3,-0.012012012012008189,insects
real,h3_insects_b,ddm+hedge,81.45145145145145,3,0.005005005005009888,insects
real,h3_insects_b,eddm,81.16416416416415,34,-0.2822822822822868,insects
real,h3_insects_b,eddm+half,81.43043043043043,15,-0.016016016016007217,insects
real,h3_insects_b,eddm+hedge,81.3943943943944,42,-0.052052052052042885,insects
real,h3_insects_b,fhddm,81.44144144144144,6,-0.005005005004998786,insects
real,h3_insects_b,fhddm+half,81.46846846846847,7,0.022022022022027965,insects
real,h3_insects_b,fhddm+hedge,81.46346346346346,6,0.017017017017018077,insects
real,h3_insects_b,hddma,81.56256256256256,4,0.11611611611611616,insects
real,h3_insects_b,hddma+half,81.48548548548548,4,0.03903903903904604,insects
real,h3_insects_b,hddma+hedge,81.58058058058059,4,0.1341341341341451,insects
real,h3_insects_b,hddmw,81.44844844844845,11,0.0020020020020106166,insects
real,h3_insects_b,hddmw+half,81.44444444444444,11,-0.0020020020019995144,insects
real,h3_insects_b,hddmw+hedge,81.54454454454455,11,0.09809809809810943,insects
real,h3_insects_b,adwin,81.5085085085085,6,0.06206206206206266,insects
real,h3_insects_b,adwin+half,81.47347347347348,7,0.027027027027037853,insects
real,h3_insects_b,adwin+hedge,81.56656656656656,6,0.1201201201201263,insects
real,h3_insects_b,ph,81.43643643643644,10,-0.010010010009997572,insects
real,h3_insects_b,ph+half,81.49549549549549,10,0.049049049049054716,insects
real,h3_insects_b,ph+hedge,81.55555555555556,8,0.10910910910911786,insects
real,h3_insects_b,kswin,81.48648648648648,8,0.0400400400400458,insects
real,h3_insects_b,kswin+half,81.47447447447448,8,0.02802802802803761,insects
real,h3_insects_b,kswin+hedge,81.54254254254255,8,0.09609609609610992,insects
real,h3_insects_c,none,85.3923923923924,0,0.0,insects
real,h3_insects_c,ddmM,85.45145145145145,2,0.05905905905905229,insects
real,h3_insects_c,ddm,85.45145145145145,2,0.05905905905905229,insects
real,h3_insects_c,ddm+half,85.41541541541542,3,0.02302302302301662,insects
real,h3_insects_c,ddm+hedge,85.43743743743745,2,0.045045045045044585,insects
real,h3_insects_c,eddm,85.30830830830831,23,-0.08408408408409063,insects
real,h3_insects_c,eddm+half,85.3943943943944,12,0.0020020020019995144,insects
real,h3_insects_c,eddm+hedge,85.4844844844845,48,0.09209209209208868,insects
real,h3_insects_c,fhddm,85.38038038038039,3,-0.01201201201201929,insects
real,h3_insects_c,fhddm+half,85.4084084084084,3,0.016016016016007217,insects
real,h3_insects_c,fhddm+hedge,85.4094094094094,3,0.017017017017006975,insects
real,h3_insects_c,hddma,85.47847847847848,3,0.08608608608607904,insects
real,h3_insects_c,hddma+half,85.42542542542544,3,0.033033033033036396,insects
real,h3_insects_c,hddma+hedge,85.45445445445446,3,0.06206206206206266,insects
real,h3_insects_c,hddmw,85.52552552552554,4,0.13313313313313424,insects
real,h3_insects_c,hddmw+half,85.46046046046047,4,0.0680680680680612,insects
real,h3_insects_c,hddmw+hedge,85.52052052052052,4,0.12812812812812435,insects
real,h3_insects_c,adwin,85.47247247247248,5,0.0800800800800694,insects
real,h3_insects_c,adwin+half,85.44744744744746,5,0.05505505505505326,insects
real,h3_insects_c,adwin+hedge,85.47247247247248,5,0.0800800800800694,insects
real,h3_insects_c,ph,85.41141141141141,9,0.01901901901900649,insects
real,h3_insects_c,ph+half,85.45645645645646,9,0.06406406406406218,insects
real,h3_insects_c,ph+hedge,85.50950950950951,8,0.11711711711710482,insects
real,h3_insects_c,kswin,85.53553553553553,2,0.1431431431431318,insects
real,h3_insects_c,kswin+half,85.46746746746747,2,0.07507507507507061,insects
real,h3_insects_c,kswin+hedge,85.51651651651653,2,0.12412412412412532,insects
real,h3_poker_b,none,93.27127127127127,0,0.0,poker
real,h3_poker_b,ddmM,84.30930930930931,410,-8.961961961961961,poker
real,h3_poker_b,ddm,84.5005005005005,393,-8.770770770770774,poker
real,h3_poker_b,ddm+half,91.26426426426426,299,-2.007007007007011,poker
real,h3_poker_b,ddm+hedge,92.62762762762763,206,-0.6436436436436432,poker
real,h3_poker_b,eddm,81.84884884884886,330,-11.422422422422418,poker
real,h3_poker_b,eddm+half,92.30030030030031,132,-0.9709709709709635,poker
real,h3_poker_b,eddm+hedge,92.93793793793795,123,-0.33333333333332993,poker
real,h3_poker_b,fhddm,86.40440440440442,146,-6.866866866866861,poker
real,h3_poker_b,fhddm+half,92.5945945945946,92,-0.6766766766766796,poker
real,h3_poker_b,fhddm+hedge,93.04004004004004,85,-0.23123123123123257,poker
real,h3_poker_b,hddma,81.4014014014014,518,-11.869869869869865,poker
real,h3_poker_b,hddma+half,92.29629629629629,200,-0.9749749749749848,poker
real,h3_poker_b,hddma+hedge,92.41641641641641,205,-0.8548548548548585,poker
real,h3_poker_b,hddmw,84.83183183183183,254,-8.439439439439433,poker
real,h3_poker_b,hddmw+half,92.38438438438439,135,-0.886886886886884,poker
real,h3_poker_b,hddmw+hedge,92.94094094094095,120,-0.33033033033033066,poker
real,h3_poker_b,adwin,84.64164164164164,227,-8.629629629629632,poker
real,h3_poker_b,adwin+half,91.88288288288288,143,-1.3883883883883952,poker
real,h3_poker_b,adwin+hedge,93.02602602602603,134,-0.24524524524524027,poker
real,h3_poker_b,ph,87.58558558558559,121,-5.685685685685682,poker
real,h3_poker_b,ph+half,92.76176176176176,81,-0.5095095095095092,poker
real,h3_poker_b,ph+hedge,93.30730730730733,75,0.03603603603604677,poker
real,h3_poker_b,kswin,84.77377377377377,224,-8.497497497497497,poker
real,h3_poker_b,kswin+half,92.61661661661662,118,-0.6546546546546517,poker
real,h3_poker_b,kswin+hedge,93.15015015015014,106,-0.12112112112112605,poker
real,h3_poker_c,none,90.8028028028028,0,0.0,poker
real,h3_poker_c,ddmM,83.20720720720722,455,-7.5955955955955945,poker
real,h3_poker_c,ddm,83.03103103103103,455,-7.771771771771774,poker
real,h3_poker_c,ddm+half,88.91391391391392,356,-1.8888888888888955,poker
real,h3_poker_c,ddm+hedge,89.9069069069069,300,-0.895895895895904,poker
real,h3_poker_c,eddm,81.93493493493493,330,-8.867867867867874,poker
real,h3_poker_c,eddm+half,89.84284284284286,185,-0.9599599599599551,poker
real,h3_poker_c,eddm+hedge,90.46946946946946,167,-0.33333333333334103,poker
real,h3_poker_c,fhddm,84.94294294294295,163,-5.859859859859862,poker
real,h3_poker_c,fhddm+half,89.71271271271272,116,-1.09009009009009,poker
real,h3_poker_c,fhddm+hedge,90.66366366366367,102,-0.13913913913914389,poker
real,h3_poker_c,hddma,82.33233233233234,457,-8.47047047047047,poker
real,h3_poker_c,hddma+half,88.93593593593594,303,-1.8668668668668675,poker
real,h3_poker_c,hddma+hedge,89.90290290290291,282,-0.899899899899903,poker
real,h3_poker_c,hddmw,84.22222222222221,261,-6.580580580580586,poker
real,h3_poker_c,hddmw+half,90.02002002002003,172,-0.782782782782776,poker
real,h3_poker_c,hddmw+hedge,90.49049049049049,158,-0.3123123123123128,poker
real,h3_poker_c,adwin,83.5995995995996,233,-7.203203203203201,poker
real,h3_poker_c,adwin+half,90.15115115115115,165,-0.6516516516516524,poker
real,h3_poker_c,adwin+hedge,90.38838838838839,162,-0.4144144144144213,poker
real,h3_poker_c,ph,86.06906906906906,129,-4.733733733733747,poker
real,h3_poker_c,ph+half,90.33833833833835,101,-0.46446446446446465,poker
real,h3_poker_c,ph+hedge,90.87387387387388,88,0.07107107107107158,poker
real,h3_poker_c,kswin,83.81581581581582,255,-6.986986986986987,poker
real,h3_poker_c,kswin+half,90.02202202202203,166,-0.7807807807807765,poker
real,h3_poker_c,kswin+hedge,90.5985985985986,158,-0.20420420420420582,poker
real,h4_airlines_d,none,65.85185185185185,0,0.0,airlines
real,h4_airlines_d,ddmM,65.76176176176176,4,-0.09009009009008917,airlines
real,h4_airlines_d,ddm,65.76176176176176,4,-0.09009009009008917,airlines
real,h4_airlines_d,ddm+half,65.84784784784785,4,-0.004004004004010131,airlines
real,h4_airlines_d,ddm+hedge,65.84784784784785,3,-0.004004004004010131,airlines
real,h4_airlines_d,eddm,64.994994994995,114,-0.856856856856858,airlines
real,h4_airlines_d,eddm+half,65.62962962962963,112,-0.22222222222222365,airlines
real,h4_airlines_d,eddm+hedge,65.71471471471472,102,-0.13713713713713327,airlines
real,h4_airlines_d,fhddm,65.48248248248248,33,-0.3693693693693656,airlines
real,h4_airlines_d,fhddm+half,65.77177177177177,30,-0.0800800800800805,airlines
real,h4_airlines_d,fhddm+hedge,65.75675675675676,31,-0.09509509509509906,airlines
real,h4_airlines_d,hddma,65.58658658658658,13,-0.2652652652652687,airlines
real,h4_airlines_d,hddma+half,65.86286286286287,2,0.011011011011019534,airlines
real,h4_airlines_d,hddma+hedge,65.85285285285285,2,0.0010010010009997572,airlines
real,h4_airlines_d,hddmw,63.353353353353356,150,-2.4984984984984915,airlines
real,h4_airlines_d,hddmw+half,65.42142142142141,153,-0.4304304304304396,airlines
real,h4_airlines_d,hddmw+hedge,65.41441441441441,159,-0.4374374374374379,airlines
real,h4_airlines_d,adwin,65.75875875875876,10,-0.09309309309308844,airlines
real,h4_airlines_d,adwin+half,65.83183183183183,10,-0.02002002002001735,airlines
real,h4_airlines_d,adwin+hedge,65.85885885885887,9,0.007007007007009403,airlines
real,h4_airlines_d,ph,65.4054054054054,25,-0.4464464464464468,airlines
real,h4_airlines_d,ph+half,65.77077077077077,24,-0.08108108108108025,airlines
real,h4_airlines_d,ph+hedge,65.77777777777779,26,-0.07407407407405975,airlines
real,h4_airlines_d,kswin,64.29029029029029,101,-1.5615615615615641,airlines
real,h4_airlines_d,kswin+half,65.63263263263264,72,-0.21921921921921328,airlines
real,h4_airlines_d,kswin+hedge,65.58258258258259,75,-0.26926926926926775,airlines
real,h4_airlines_e,none,65.47347347347346,0,0.0,airlines
real,h4_airlines_e,ddmM,65.42142142142141,4,-0.05205205205205399,airlines
real,h4_airlines_e,ddm,65.42142142142141,4,-0.05205205205205399,airlines
real,h4_airlines_e,ddm+half,65.45845845845845,4,-0.01501501501500746,airlines
real,h4_airlines_e,ddm+hedge,65.46446446446447,4,-0.009009009008997815,airlines
real,h4_airlines_e,eddm,64.77977977977977,78,-0.6936936936936866,airlines
real,h4_airlines_e,eddm+half,65.41641641641641,38,-0.057057057057052774,airlines
real,h4_airlines_e,eddm+hedge,65.37937937937937,100,-0.0940940940940882,airlines
real,h4_airlines_e,fhddm,64.83983983983984,40,-0.6336336336336235,airlines
real,h4_airlines_e,fhddm+half,65.45245245245248,27,-0.0210210210209949,airlines
real,h4_airlines_e,fhddm+hedge,65.44244244244244,26,-0.03103103103102578,airlines
real,h4_airlines_e,hddma,65.24324324324324,13,-0.2302302302302217,airlines
real,h4_airlines_e,hddma+half,65.42042042042041,9,-0.053053053053053745,airlines
real,h4_airlines_e,hddma+hedge,65.45145145145145,7,-0.022022022022016863,airlines
real,h4_airlines_e,hddmw,63.45145145145145,125,-2.0220220220220186,airlines
real,h4_airlines_e,hddmw+half,65.17017017017017,114,-0.3033033033033039,airlines
real,h4_airlines_e,hddmw+hedge,65.14714714714714,107,-0.3263263263263205,airlines
real,h4_airlines_e,adwin,65.35835835835836,12,-0.1151151151151053,airlines
real,h4_airlines_e,adwin+half,65.46046046046047,10,-0.013013013012996844,airlines
real,h4_airlines_e,adwin+hedge,65.44844844844843,10,-0.025025025025027237,airlines
real,h4_airlines_e,ph,65.04304304304304,29,-0.4304304304304174,airlines
real,h4_airlines_e,ph+half,65.42442442442443,22,-0.04904904904903251,airlines
real,h4_airlines_e,ph+hedge,65.43243243243244,23,-0.041041041041034454,airlines
real,h4_airlines_e,kswin,64.71971971971972,49,-0.7537537537537498,airlines
real,h4_airlines_e,kswin+half,65.25225225225225,49,-0.2212212212212128,airlines
real,h4_airlines_e,kswin+hedge,65.29929929929929,39,-0.1741741741741687,airlines
real,h4_covertype_d,none,96.1961961961962,0,0.0,covertype
real,h4_covertype_d,ddmM,92.01901901901903,58,-4.177177177177171,covertype
real,h4_covertype_d,ddm,92.01901901901903,58,-4.177177177177171,covertype
real,h4_covertype_d,ddm+half,94.78278278278279,35,-1.4134134134134113,covertype
real,h4_covertype_d,ddm+hedge,96.12812812812813,42,-0.0680680680680612,covertype
real,h4_covertype_d,eddm,51.54354354354355,727,-44.65265265265265,covertype
real,h4_covertype_d,eddm+half,95.93993993993995,7,-0.2562562562562487,covertype
real,h4_covertype_d,eddm+hedge,96.01701701701703,110,-0.17917917917916748,covertype
real,h4_covertype_d,fhddm,62.34834834834834,281,-33.84784784784786,covertype
real,h4_covertype_d,fhddm+half,95.70770770770773,13,-0.48848848848846993,covertype
real,h4_covertype_d,fhddm+hedge,96.15315315315316,4,-0.04304304304303397,covertype
real,h4_covertype_d,hddma,56.68168168168168,661,-39.51451451451451,covertype
real,h4_covertype_d,hddma+half,83.0780780780781,320,-13.118118118118105,covertype
real,h4_covertype_d,hddma+hedge,96.005005005005,76,-0.19119119119118677,covertype
real,h4_covertype_d,hddmw,55.24524524524526,590,-40.95095095095094,covertype
real,h4_covertype_d,hddmw+half,91.36736736736736,99,-4.828828828828824,covertype
real,h4_covertype_d,hddmw+hedge,96.16916916916917,20,-0.02702702702702675,covertype
real,h4_covertype_d,adwin,55.016016016016025,457,-41.18018018018017,covertype
real,h4_covertype_d,adwin+half,86.10710710710711,178,-10.089089089089088,covertype
real,h4_covertype_d,adwin+hedge,96.17117117117118,19,-0.025025025025005032,covertype
real,h4_covertype_d,ph,62.85885885885886,215,-33.33733733733734,covertype
real,h4_covertype_d,ph+half,93.17517517517518,53,-3.0210210210210087,covertype
real,h4_covertype_d,ph+hedge,96.1811811811812,7,-0.015015015014996358,covertype
real,h4_covertype_d,kswin,60.52452452452452,445,-35.67167167167167,covertype
real,h4_covertype_d,kswin+half,91.07907907907908,88,-5.117117117117109,covertype
real,h4_covertype_d,kswin+hedge,96.17117117117117,11,-0.025025025025027237,covertype
real,h4_covertype_e,none,97.20120120120119,0,0.0,covertype
real,h4_covertype_e,ddmM,96.75775775775776,7,-0.44344344344343645,covertype
real,h4_covertype_e,ddm,96.75775775775776,7,-0.44344344344343645,covertype
real,h4_covertype_e,ddm+half,97.17417417417418,20,-0.02702702702701565,covertype
real,h4_covertype_e,ddm+hedge,97.13713713713713,64,-0.06406406406406218,covertype
real,h4_covertype_e,eddm,60.85885885885885,643,-36.342342342342334,covertype
real,h4_covertype_e,eddm+half,97.1021021021021,40,-0.09909909909909809,covertype
real,h4_covertype_e,eddm+hedge,97.15215215215215,49,-0.04904904904903251,covertype
real,h4_covertype_e,fhddm,66.74474474474475,273,-30.45645645645645,covertype
real,h4_covertype_e,fhddm+half,97.20120120120119,1,0.0,covertype
real,h4_covertype_e,fhddm+hedge,97.20220220220219,1,0.0010010010009997572,covertype
real,h4_covertype_e,hddma,66.74474474474475,618,-30.45645645645645,covertype
real,h4_covertype_e,hddma+half,96.86586586586587,73,-0.33533533533531834,covertype
real,h4_covertype_e,hddma+hedge,97.12412412412414,62,-0.07707707707705902,covertype
real,h4_covertype_e,hddmw,73.46846846846847,353,-23.73273273273272,covertype
real,h4_covertype_e,hddmw+half,97.16316316316316,16,-0.03803803803802408,covertype
real,h4_covertype_e,hddmw+hedge,97.18618618618619,15,-0.015015015014996358,covertype
real,h4_covertype_e,adwin,62.466466466466464,389,-34.73473473473473,covertype
real,h4_covertype_e,adwin+half,97.06406406406407,26,-0.13713713713712217,covertype
real,h4_covertype_e,adwin+hedge,97.15515515515516,21,-0.04604604604603324,covertype
real,h4_covertype_e,ph,68.23723723723725,233,-28.963963963963945,covertype
real,h4_covertype_e,ph+half,97.1891891891892,7,-0.012012012011997086,covertype
real,h4_covertype_e,ph+hedge,97.12112112112112,9,-0.0800800800800694,covertype
real,h4_covertype_e,kswin,75.1911911911912,279,-22.010010010009996,covertype
real,h4_covertype_e,kswin+half,97.2012012012012,7,1.1102230246251565e-14,covertype
real,h4_covertype_e,kswin+hedge,97.1971971971972,7,-0.004004004003999029,covertype
real,h4_poker_d,none,94.24624624624624,0,0.0,poker
real,h4_poker_d,ddmM,85.08908908908909,441,-9.157157157157158,poker
real,h4_poker_d,ddm,85.1091091091091,438,-9.137137137137142,poker
real,h4_poker_d,ddm+half,91.4844844844845,302,-2.7617617617617496,poker
real,h4_poker_d,ddm+hedge,93.04104104104104,236,-1.2052052052052065,poker
real,h4_poker_d,eddm,82.50050050050051,326,-11.74574574574574,poker
real,h4_poker_d,eddm+half,93.11911911911912,125,-1.1271271271271255,poker
real,h4_poker_d,eddm+hedge,93.79979979979981,115,-0.4464464464464357,poker
real,h4_poker_d,fhddm,87.15615615615616,143,-7.090090090090085,poker
real,h4_poker_d,fhddm+half,93.41841841841841,82,-0.8278278278278317,poker
real,h4_poker_d,fhddm+hedge,93.7927927927928,79,-0.4534534534534562,poker
real,h4_poker_d,hddma,82.58058058058059,496,-11.665665665665658,poker
real,h4_poker_d,hddma+half,92.05505505505506,223,-2.1911911911911774,poker
real,h4_poker_d,hddma+hedge,93.20420420420422,188,-1.042042042042024,poker
real,h4_poker_d,hddmw,85.67867867867868,246,-8.567567567567568,poker
real,h4_poker_d,hddmw+half,93.17617617617617,133,-1.0700700700700727,poker
real,h4_poker_d,hddmw+hedge,93.6866866866867,121,-0.5595595595595526,poker
real,h4_poker_d,adwin,85.88988988988989,208,-8.356356356356365,poker
real,h4_poker_d,adwin+half,92.94094094094095,135,-1.3053053053053043,poker
real,h4_poker_d,adwin+hedge,93.71471471471472,119,-0.5315315315315261,poker
real,h4_poker_d,ph,88.52952952952954,113,-5.716716716716707,poker
real,h4_poker_d,ph+half,93.41941941941941,74,-0.826826826826832,poker
real,h4_poker_d,ph+hedge,94.16116116116116,63,-0.08508508508507928,poker
real,h4_poker_d,kswin,86.62762762762762,195,-7.618618618618623,poker
real,h4_poker_d,kswin+half,93.4864864864865,106,-0.7597597597597483,poker
real,h4_poker_d,kswin+hedge,93.87587587587586,96,-0.37037037037037646,poker
real,h4_poker_e,none,91.69969969969969,0,0.0,poker
real,h4_poker_e,ddmM,83.68068068068068,393,-8.019019019019002,poker
real,h4_poker_e,ddm,83.57057057057057,389,-8.12912912912912,poker
real,h4_poker_e,ddm+half,89.58258258258259,308,-2.1171171171170955,poker
real,h4_poker_e,ddm+hedge,90.6976976976977,308,-1.0020020020019893,poker
real,h4_poker_e,eddm,80.9099099099099,364,-10.789789789789783,poker
real,h4_poker_e,eddm+half,90.31131131131131,169,-1.388388388388373,poker
real,h4_poker_e,eddm+hedge,91.42142142142141,161,-0.27827827827827667,poker
real,h4_poker_e,fhddm,83.67767767767768,190,-8.022022022022012,poker
real,h4_poker_e,fhddm+half,90.31731731731732,115,-1.3823823823823744,poker
real,h4_poker_e,fhddm+hedge,91.34334334334334,105,-0.35635635635634655,poker
real,h4_poker_e,hddma,81.44744744744744,467,-10.252252252252237,poker
real,h4_poker_e,hddma+half,89.53853853853853,269,-2.1611611611611514,poker
real,h4_poker_e,hddma+hedge,90.95395395395397,252,-0.7457457457457184,poker
real,h4_poker_e,hddmw,83.03103103103103,288,-8.668668668668655,poker
real,h4_poker_e,hddmw+half,90.53253253253254,167,-1.167167167167149,poker
real,h4_poker_e,hddmw+hedge,91.35635635635636,161,-0.3433433433433275,poker
real,h4_poker_e,adwin,82.81681681681681,255,-8.882882882882882,poker
real,h4_poker_e,adwin+half,89.89589589589589,180,-1.803803803803794,poker
real,h4_poker_e,adwin+hedge,91.5055055055055,162,-0.19419419419418604,poker
real,h4_poker_e,ph,85.71771771771772,138,-5.981981981981976,poker
real,h4_poker_e,ph+half,90.64964964964966,99,-1.0500500500500332,poker
real,h4_poker_e,ph+hedge,91.64364364364364,93,-0.056056056056041914,poker
real,h4_poker_e,kswin,83.50350350350351,253,-8.196196196196182,poker
real,h4_poker_e,kswin+half,90.61861861861861,153,-1.08108108108107,poker
real,h4_poker_e,kswin+hedge,91.6066066066066,136,-0.09309309309308844,poker
real,elec2,none,80.99778761061948,0,0.0,elec2
real,elec2,ddmM,79.43584070796459,230,-1.5619469026548871,elec2
real,elec2,ddm,79.86946902654867,205,-1.1283185840708088,elec2
real,elec2,ddm+half,81.10176991150443,183,0.10398230088495275,elec2
real,elec2,ddm+hedge,80.5,232,-0.4977876106194712,elec2
real,elec2,eddm,79.13495575221239,203,-1.862831858407088,elec2
real,elec2,eddm+half,80.78318584070796,189,-0.21460176991151547,elec2
real,elec2,eddm+hedge,80.53539823008849,189,-0.4623893805309809,elec2
real,elec2,fhddm,80.03318584070797,72,-0.9646017699115106,elec2
real,elec2,fhddm+half,80.85398230088495,66,-0.14380530973452377,elec2
real,elec2,fhddm+hedge,80.95575221238938,67,-0.04203539823008917,elec2
real,elec2,hddma,79.15707964601769,218,-1.8407079646017843,elec2
real,elec2,hddma+half,80.73008849557522,207,-0.267699115044262,elec2
real,elec2,hddma+hedge,80.37831858407081,219,-0.6194690265486691,elec2
real,elec2,hddmw,79.10619469026547,163,-1.8915929203540016,elec2
real,elec2,hddmw+half,80.76106194690266,146,-0.23672566371681913,elec2
real,elec2,hddmw+hedge,80.76991150442478,147,-0.227876106194691,elec2
real,elec2,adwin,79.70353982300885,60,-1.294247787610625,elec2
real,elec2,adwin+half,80.78539823008849,54,-0.21238938053098622,elec2
real,elec2,adwin+hedge,81.0420353982301,54,0.04424778761061843,elec2
real,elec2,ph,80.19469026548674,38,-0.8030973451327417,elec2
real,elec2,ph+half,80.82300884955752,35,-0.17477876106195556,elec2
real,elec2,ph+hedge,80.97345132743364,40,-0.02433628318584402,elec2
real,elec2,kswin,79.5641592920354,123,-1.4336283185840792,elec2
real,elec2,kswin+half,80.82522123893806,113,-0.1725663716814263,elec2
real,elec2,kswin+hedge,80.67477876106194,118,-0.32300884955753784,elec2
real,insects_abrupt_balanced,none,76.48007590132828,0,0.0,insects
real,insects_abrupt_balanced,ddmM,77.75711574952561,10,1.2770398481973366,insects
real,insects_abrupt_balanced,ddm,77.75711574952561,10,1.2770398481973366,insects
real,insects_abrupt_balanced,ddm+half,76.94686907020872,8,0.46679316888045275,insects
real,insects_abrupt_balanced,ddm+hedge,77.74573055028463,10,1.2656546489563603,insects
real,insects_abrupt_balanced,eddm,76.41935483870968,39,-0.06072106261858501,insects
real,insects_abrupt_balanced,eddm+half,76.43074003795067,87,-0.049335863377597544,insects
real,insects_abrupt_balanced,eddm+hedge,77.01328273244782,65,0.5332068311195481,insects
real,insects_abrupt_balanced,fhddm,76.97533206831119,15,0.49525616698291586,insects
real,insects_abrupt_balanced,fhddm+half,76.88804554079697,15,0.40796963946869713,insects
real,insects_abrupt_balanced,fhddm+hedge,77.15559772296015,14,0.6755218216318859,insects
real,insects_abrupt_balanced,hddma,78.35104364326376,10,1.870967741935492,insects
real,insects_abrupt_balanced,hddma+half,77.0550284629981,10,0.5749525616698281,insects
real,insects_abrupt_balanced,hddma+hedge,78.20493358633776,10,1.7248576850094843,insects
real,insects_abrupt_balanced,hddmw,78.22390891840607,17,1.7438330170778005,insects
real,insects_abrupt_balanced,hddmw+half,77.02087286527515,16,0.5407969639468768,insects
real,insects_abrupt_balanced,hddmw+hedge,78.20872865275142,16,1.7286527514231542,insects
real,insects_abrupt_balanced,adwin,78.31309297912713,13,1.8330170777988708,insects
real,insects_abrupt_balanced,adwin+half,77.11574952561669,18,0.6356736242884242,insects
real,insects_abrupt_balanced,adwin+hedge,78.12713472485768,12,1.6470588235294126,insects
real,insects_abrupt_balanced,ph,77.7628083491461,17,1.2827324478178248,insects
real,insects_abrupt_balanced,ph+half,77.04174573055028,21,0.5616698292220113,insects
real,insects_abrupt_balanced,ph+hedge,77.9753320683112,16,1.4952561669829278,insects
real,insects_abrupt_balanced,kswin,78.32827324478178,11,1.848197343453517,insects
real,insects_abrupt_balanced,kswin+half,77.22580645161291,17,0.7457305502846401,insects
real,insects_abrupt_balanced,kswin+hedge,78.19924098671727,12,1.7191650853889962,insects
real,insects_gradual_balanced,none,79.13333333333331,0,0.0,insects
real,insects_gradual_balanced,ddmM,80.0,4,0.8666666666666933,insects
real,insects_gradual_balanced,ddm,80.0,4,0.8666666666666933,insects
real,insects_gradual_balanced,ddm+half,79.47916666666667,11,0.3458333333333563,insects
real,insects_gradual_balanced,ddm+hedge,79.75416666666665,4,0.6208333333333371,insects
real,insects_gradual_balanced,eddm,79.33749999999998,15,0.20416666666667194,insects
real,insects_gradual_balanced,eddm+half,79.37916666666666,20,0.24583333333335622,insects
real,insects_gradual_balanced,eddm+hedge,79.8,18,0.6666666666666821,insects
real,insects_gradual_balanced,fhddm,79.87916666666666,7,0.7458333333333456,insects
real,insects_gradual_balanced,fhddm+half,79.54583333333332,7,0.41250000000001563,insects
real,insects_gradual_balanced,fhddm+hedge,79.80833333333332,7,0.6750000000000145,insects
real,insects_gradual_balanced,hddma,80.62499999999999,5,1.49166666666668,insects
real,insects_gradual_balanced,hddma+half,79.45416666666664,5,0.32083333333332575,insects
real,insects_gradual_balanced,hddma+hedge,80.29583333333332,5,1.1625000000000107,insects
real,insects_gradual_balanced,hddmw,80.39166666666667,10,1.2583333333333502,insects
real,insects_gradual_balanced,hddmw+half,79.39166666666665,9,0.2583333333333382,insects
real,insects_gradual_balanced,hddmw+hedge,80.46249999999999,10,1.3291666666666813,insects
real,insects_gradual_balanced,adwin,80.51666666666667,7,1.3833333333333586,insects
real,insects_gradual_balanced,adwin+half,79.50833333333333,8,0.3750000000000142,insects
real,insects_gradual_balanced,adwin+hedge,80.30833333333334,7,1.175000000000026,insects
real,insects_gradual_balanced,ph,80.16666666666666,7,1.0333333333333417,insects
real,insects_gradual_balanced,ph+half,79.5375,8,0.4041666666666832,insects
real,insects_gradual_balanced,ph+hedge,80.16666666666666,8,1.0333333333333417,insects
real,insects_gradual_balanced,kswin,80.925,6,1.7916666666666803,insects
real,insects_gradual_balanced,kswin+half,79.41666666666667,7,0.28333333333335764,insects
real,insects_gradual_balanced,kswin+hedge,80.61249999999998,6,1.4791666666666758,insects
real,insects_incremental_balanced,none,67.38137082601054,0,0.0,insects
real,insects_incremental_balanced,ddmM,67.38312829525482,2,0.0017574692442789974,insects
real,insects_incremental_balanced,ddm,67.38312829525482,2,0.0017574692442789974,insects
real,insects_incremental_balanced,ddm+half,67.34973637961336,2,-0.03163444639718849,insects
real,insects_incremental_balanced,ddm+hedge,67.45694200351492,2,0.07557117750438547,insects
real,insects_incremental_balanced,eddm,67.28646748681898,5,-0.09490333919156546,insects
real,insects_incremental_balanced,eddm+half,67.21441124780316,25,-0.16695957820738183,insects
real,insects_incremental_balanced,eddm+hedge,67.31458699472759,44,-0.06678383128295717,insects
real,insects_incremental_balanced,fhddm,66.95079086115992,13,-0.4305799648506303,insects
real,insects_incremental_balanced,fhddm+half,67.29525483304042,12,-0.08611599297012607,insects
real,insects_incremental_balanced,fhddm+hedge,67.33567662565905,12,-0.04569420035149818,insects
real,insects_incremental_balanced,hddma,67.33216168717048,3,-0.04920913884006728,insects
real,insects_incremental_balanced,hddma+half,67.45166959578206,3,0.07029876977152627,insects
real,insects_incremental_balanced,hddma+hedge,67.40421792618628,3,0.02284710017573799,insects
real,insects_incremental_balanced,hddmw,66.52899824253075,27,-0.852372583479799,insects
real,insects_incremental_balanced,hddmw+half,67.27592267135324,31,-0.10544815465730606,insects
real,insects_incremental_balanced,hddmw+hedge,67.40949033391914,28,0.028119507908597186,insects
real,insects_incremental_balanced,adwin,67.31458699472759,4,-0.06678383128295717,insects
real,insects_incremental_balanced,adwin+half,67.40597539543057,4,0.02460456942002809,insects
real,insects_incremental_balanced,adwin+hedge,67.39718804920915,4,0.015817223198599795,insects
real,insects_incremental_balanced,ph,67.01933216168717,11,-0.36203866432337195,insects
real,insects_incremental_balanced,ph+half,67.31634446397187,10,-0.06502636203866707,insects
real,insects_incremental_balanced,ph+hedge,67.37082601054483,10,-0.010544815465718393,insects
real,insects_incremental_balanced,kswin,67.04745166959579,11,-0.33391915641476366,insects
real,insects_incremental_balanced,kswin+half,67.33919156414763,7,-0.04217926186291798,insects
real,insects_incremental_balanced,kswin+hedge,67.34622144112478,7,-0.035149384885768686,insects
real,insects_incremental_reoccurring_balanced,none,79.18796992481204,0,0.0,insects
real,insects_incremental_reoccurring_balanced,ddmM,80.35714285714286,15,1.1691729323308198,insects
real,insects_incremental_reoccurring_balanced,ddm,80.35714285714286,15,1.1691729323308198,insects
real,insects_incremental_reoccurring_balanced,ddm+half,79.61654135338345,14,0.4285714285714115,insects
real,insects_incremental_reoccurring_balanced,ddm+hedge,80.00125313283209,13,0.8132832080200547,insects
real,insects_incremental_reoccurring_balanced,eddm,79.39724310776943,23,0.2092731829573924,insects
real,insects_incremental_reoccurring_balanced,eddm+half,79.40225563909775,77,0.2142857142857002,insects
real,insects_incremental_reoccurring_balanced,eddm+hedge,80.51879699248121,146,1.3308270676691714,insects
real,insects_incremental_reoccurring_balanced,fhddm,79.85087719298247,19,0.6629072681704207,insects
real,insects_incremental_reoccurring_balanced,fhddm+half,79.6390977443609,19,0.4511278195488577,insects
real,insects_incremental_reoccurring_balanced,fhddm+hedge,79.79824561403508,20,0.6102756892230388,insects
real,insects_incremental_reoccurring_balanced,hddma,80.86215538847118,16,1.6741854636591391,insects
real,insects_incremental_reoccurring_balanced,hddma+half,79.56641604010026,14,0.37844611528822236,insects
real,insects_incremental_reoccurring_balanced,hddma+hedge,80.77318295739347,16,1.585213032581434,insects
real,insects_incremental_reoccurring_balanced,hddmw,80.72681704260653,27,1.538847117794484,insects
real,insects_incremental_reoccurring_balanced,hddmw+half,79.61152882205513,27,0.4235588972430926,insects
real,insects_incremental_reoccurring_balanced,hddmw+hedge,80.8421052631579,24,1.6541353383458635,insects
real,insects_incremental_reoccurring_balanced,adwin,80.67919799498746,20,1.491228070175421,insects
real,insects_incremental_reoccurring_balanced,adwin+half,79.66416040100252,24,0.4761904761904745,insects
real,insects_incremental_reoccurring_balanced,adwin+hedge,80.59649122807016,18,1.4085213032581256,insects
real,insects_incremental_reoccurring_balanced,ph,80.51629072681705,22,1.3283208020050008,insects
real,insects_incremental_reoccurring_balanced,ph+half,79.63408521303258,27,0.4461152882205388,insects
real,insects_incremental_reoccurring_balanced,ph+hedge,80.41979949874687,25,1.2318295739348284,insects
real,insects_incremental_reoccurring_balanced,kswin,80.34085213032581,10,1.1528822055137722,insects
real,insects_incremental_reoccurring_balanced,kswin+half,79.56892230576442,12,0.3809523809523707,insects
real,insects_incremental_reoccurring_balanced,kswin+hedge,80.26942355889723,10,1.0814536340851943,insects
real,gas,none,87.5144927536232,0,0.0,gas
real,gas,ddmM,81.56521739130434,52,-5.949275362318851,gas
real,gas,ddm,81.56521739130434,52,-5.949275362318851,gas
real,gas,ddm+half,85.60869565217392,47,-1.9057971014492692,gas
real,gas,ddm+hedge,85.6231884057971,44,-1.891304347826095,gas
real,gas,eddm,80.9927536231884,41,-6.521739130434789,gas
real,gas,eddm+half,85.47101449275361,32,-2.04347826086958,gas
real,gas,eddm+hedge,86.20289855072464,31,-1.3115942028985583,gas
real,gas,fhddm,79.81884057971016,28,-7.695652173913048,gas
real,gas,fhddm+half,87.1159420289855,20,-0.3985507246376918,gas
real,gas,fhddm+hedge,85.88405797101449,22,-1.630434782608714,gas
real,gas,hddma,82.67391304347827,47,-4.840579710144932,gas
real,gas,hddma+half,85.52898550724638,39,-1.9855072463768164,gas
real,gas,hddma+hedge,85.10144927536233,39,-2.413043478260868,gas
real,gas,hddmw,82.35507246376811,39,-5.159420289855088,gas
real,gas,hddmw+half,86.0072463768116,34,-1.5072463768115996,gas
real,gas,hddmw+hedge,86.10144927536231,35,-1.413043478260878,gas
real,gas,adwin,81.65217391304348,39,-5.862318840579716,gas
real,gas,adwin+half,86.05797101449275,34,-1.4565217391304452,gas
real,gas,adwin+hedge,85.98550724637681,33,-1.5289855072463832,gas
real,gas,ph,81.06521739130434,20,-6.4492753623188515,gas
real,gas,ph+half,87.5144927536232,14,0.0,gas
real,gas,ph+hedge,86.82608695652173,14,-0.6884057971014657,gas
real,gas,kswin,81.6086956521739,40,-5.905797101449284,gas
real,gas,kswin+half,85.43478260869566,35,-2.079710144927538,gas
real,gas,kswin+hedge,86.23188405797102,34,-1.2826086956521876,gas
real,occupancy,none,96.12254901960783,0,0.0,occupancy
real,occupancy,ddmM,94.85294117647058,29,-1.2696078431372437,occupancy
real,occupancy,ddm,94.85294117647058,29,-1.2696078431372437,occupancy
real,occupancy,ddm+half,95.09803921568627,35,-1.0245098039215583,occupancy
real,occupancy,ddm+hedge,94.94117647058825,37,-1.181372549019588,occupancy
real,occupancy,eddm,95.5735294117647,16,-0.5490196078431264,occupancy
real,occupancy,eddm+half,96.45098039215686,14,0.32843137254903176,occupancy
real,occupancy,eddm+hedge,95.67156862745098,16,-0.45098039215684116,occupancy
real,occupancy,fhddm,93.20588235294117,17,-2.9166666666666563,occupancy
real,occupancy,fhddm+half,95.72549019607844,13,-0.3970588235293948,occupancy
real,occupancy,fhddm+hedge,94.70098039215686,15,-1.4215686274509642,occupancy
real,occupancy,hddma,95.5,25,-0.622549019607832,occupancy
real,occupancy,hddma+half,95.92156862745098,26,-0.2009803921568465,occupancy
real,occupancy,hddma+hedge,96.00980392156863,23,-0.11274509803919086,occupancy
real,occupancy,hddmw,95.1127450980392,20,-1.0098039215686305,occupancy
real,occupancy,hddmw+half,96.16666666666666,18,0.044117647058827814,occupancy
real,occupancy,hddmw+hedge,95.74019607843137,18,-0.3823529411764559,occupancy
real,occupancy,adwin,95.01470588235293,20,-1.1078431372548936,occupancy
real,occupancy,adwin+half,95.91666666666667,19,-0.20588235294115576,occupancy
real,occupancy,adwin+hedge,95.6813725490196,17,-0.4411764705882226,occupancy
real,occupancy,ph,95.7549019607843,11,-0.3676470588235281,occupancy
real,occupancy,ph+half,95.64705882352942,10,-0.4754901960784097,occupancy
real,occupancy,ph+hedge,96.02450980392157,9,-0.09803921568625196,occupancy
real,occupancy,kswin,94.52450980392156,24,-1.5980392156862644,occupancy
real,occupancy,kswin+half,95.9313725490196,20,-0.19117647058822795,occupancy
real,occupancy,kswin+hedge,95.38725490196079,19,-0.7352941176470451,occupancy
real,room,none,96.1,0,0.0,room
real,room,ddmM,92.76,18,-3.3399999999999874,room
real,room,ddm,92.76,18,-3.3399999999999874,room
real,room,ddm+half,96.14,16,0.0400000000000067,room
real,room,ddm+hedge,94.11,18,-1.9899999999999918,room
real,room,eddm,93.47,11,-2.629999999999999,room
real,room,eddm+half,96.16999999999999,7,0.06999999999999229,room
real,room,eddm+hedge,94.61,10,-1.4900000000000024,room
real,room,fhddm,93.69999999999999,5,-2.4000000000000132,room
real,room,fhddm+half,96.08000000000001,3,-0.019999999999986695,room
real,room,fhddm+hedge,94.74000000000001,5,-1.3599999999999834,room
real,room,hddma,92.76,17,-3.3399999999999874,room
real,room,hddma+half,96.16,11,0.060000000000004494,room
real,room,hddma+hedge,94.12,16,-1.9799999999999929,room
real,room,hddmw,93.35,13,-2.749999999999997,room
real,room,hddmw+half,96.16999999999999,8,0.06999999999999229,room
real,room,hddmw+hedge,94.6,12,-1.5000000000000013,room
real,room,adwin,93.47,11,-2.629999999999999,room
real,room,adwin+half,96.16999999999999,7,0.06999999999999229,room
real,room,adwin+hedge,94.6,10,-1.5000000000000013,room
real,room,ph,93.31,8,-2.7899999999999925,room
real,room,ph+half,96.16,5,0.060000000000004494,room
real,room,ph+hedge,95.30000000000001,6,-0.7999999999999896,room
real,room,kswin,93.37,13,-2.729999999999988,room
real,room,kswin+half,96.16999999999999,8,0.06999999999999229,room
real,room,kswin+hedge,94.61,12,-1.4900000000000024,room
real,bank,none,89.84390243902439,0,0.0,bank
real,bank,ddmM,89.87317073170732,10,0.029268292682926855,bank
real,bank,ddm,89.87317073170732,10,0.029268292682926855,bank
real,bank,ddm+half,89.85853658536584,10,0.014634146341452325,bank
real,bank,ddm+hedge,89.87073170731706,10,0.02682926829267185,bank
real,bank,eddm,89.81463414634146,48,-0.029268292682937957,bank
real,bank,eddm+half,89.80975609756096,47,-0.03414634146342577,bank
real,bank,eddm+hedge,89.8951219512195,59,0.05121951219509979,bank
real,bank,fhddm,89.79024390243903,6,-0.0536585365853659,bank
real,bank,fhddm+half,89.84390243902439,6,0.0,bank
real,bank,fhddm+hedge,89.82682926829267,6,-0.017073170731718434,bank
real,bank,hddma,89.8780487804878,6,0.034146341463414664,bank
real,bank,hddma+half,89.88048780487804,6,0.03658536585365857,bank
real,bank,hddma+hedge,89.8658536585366,9,0.02195121951219514,bank
real,bank,hddmw,89.84390243902438,10,-1.1102230246251565e-14,bank
real,bank,hddmw+half,89.84390243902438,12,-1.1102230246251565e-14,bank
real,bank,hddmw+hedge,89.89999999999999,10,0.056097560975598704,bank
real,bank,adwin,89.92682926829266,9,0.08292682926827055,bank
real,bank,adwin+half,89.88536585365853,9,0.041463414634135276,bank
real,bank,adwin+hedge,89.92195121951218,9,0.07804878048779385,bank
real,bank,ph,89.90243902439023,12,0.05853658536584261,bank
real,bank,ph+half,89.84634146341463,11,0.0024390243902439046,bank
real,bank,ph+hedge,89.91219512195123,12,0.06829268292682933,bank
real,bank,kswin,89.88780487804877,6,0.04390243902437918,bank
real,bank,kswin+half,89.85853658536584,5,0.014634146341452325,bank
real,bank,kswin+hedge,89.88292682926829,5,0.03902439024389137,bank
real,kdd,none,98.94994994994994,0,0.0,kdd
real,kdd,ddmM,98.65765765765767,60,-0.2922922922922844,kdd
real,kdd,ddm,98.66066066066065,59,-0.2892892892892851,kdd
real,kdd,ddm+half,98.87387387387388,53,-0.07607607607607036,kdd
real,kdd,ddm+hedge,98.85385385385385,54,-0.09609609609609882,kdd
real,kdd,eddm,98.76576576576578,22,-0.18418418418416627,kdd
real,kdd,eddm+half,98.87987987987988,21,-0.07007007007006072,kdd
real,kdd,eddm+hedge,98.92792792792793,21,-0.022022022022016863,kdd
real,kdd,fhddm,98.64764764764764,18,-0.30230230230229305,kdd
real,kdd,fhddm+half,98.92692692692692,15,-0.02302302302301662,kdd
real,kdd,fhddm+hedge,98.72272272272272,17,-0.22722722722722244,kdd
real,kdd,hddma,98.8018018018018,35,-0.1481481481481417,kdd
real,kdd,hddma+half,98.87887887887888,33,-0.07107107107106048,kdd
real,kdd,hddma+hedge,98.93493493493494,32,-0.01501501501500746,kdd
real,kdd,hddmw,98.7957957957958,26,-0.15415415415415135,kdd
real,kdd,hddmw+half,98.87987987987988,24,-0.07007007007006072,kdd
real,kdd,hddmw+hedge,98.93493493493494,24,-0.01501501501500746,kdd
real,kdd,adwin,98.78878878878878,31,-0.16116116116116075,kdd
real,kdd,adwin+half,98.87987987987988,29,-0.07007007007006072,kdd
real,kdd,adwin+hedge,98.93493493493494,28,-0.01501501501500746,kdd
real,kdd,ph,98.96196196196196,11,0.01201201201201929,kdd
real,kdd,ph+half,98.92792792792793,11,-0.022022022022016863,kdd
real,kdd,ph+hedge,98.97997997997997,11,0.030030030030026023,kdd
real,kdd,kswin,98.77077077077078,25,-0.17917917917916748,kdd
real,kdd,kswin+half,98.88088088088088,22,-0.06906906906906096,kdd
real,kdd,kswin+hedge,98.93293293293294,22,-0.017017017017006975,kdd
real,eeg,none,81.91216216216215,0,0.0,eeg
real,eeg,ddmM,88.86486486486486,33,6.952702702702707,eeg
real,eeg,ddm,88.94594594594594,32,7.033783783783787,eeg
real,eeg,ddm+half,83.18243243243244,68,1.2702702702702795,eeg
real,eeg,ddm+hedge,88.7972972972973,35,6.885135135135156,eeg
real,eeg,eddm,88.76351351351352,25,6.851351351351365,eeg
real,eeg,eddm+half,82.55405405405408,42,0.6418918918919214,eeg
real,eeg,eddm+hedge,88.43918918918918,25,6.5270270270270325,eeg
real,eeg,fhddm,85.12837837837839,18,3.216216216216239,eeg
real,eeg,fhddm+half,82.10135135135135,21,0.18918918918920946,eeg
real,eeg,fhddm+hedge,86.04054054054055,18,4.128378378378395,eeg
real,eeg,hddma,88.6554054054054,33,6.743243243243258,eeg
real,eeg,hddma+half,82.53378378378379,54,0.6216216216216375,eeg
real,eeg,hddma+hedge,88.44594594594592,32,6.533783783783775,eeg
real,eeg,hddmw,88.43243243243244,26,6.520270270270279,eeg
real,eeg,hddmw+half,82.14864864864866,48,0.23648648648650905,eeg
real,eeg,hddmw+hedge,87.59459459459458,27,5.682432432432439,eeg
real,eeg,adwin,88.08783783783784,29,6.175675675675696,eeg
real,eeg,adwin+half,82.2972972972973,39,0.38513513513515063,eeg
real,eeg,adwin+hedge,87.88513513513513,29,5.972972972972979,eeg
real,eeg,ph,88.37162162162161,19,6.459459459459471,eeg
real,eeg,ph+half,82.25675675675677,26,0.34459459459461605,eeg
real,eeg,ph+hedge,87.97972972972971,18,6.067567567567567,eeg
real,eeg,kswin,88.39189189189189,28,6.479729729729733,eeg
real,eeg,kswin+half,82.27027027027027,40,0.3581081081081239,eeg
real,eeg,kswin+hedge,87.9189189189189,29,6.006756756756748,eeg
real,news,none,66.0354430379747,0,0.0,news
real,news,ddmM,66.0354430379747,0,0.0,news
real,news,ddm,66.0354430379747,0,0.0,news
real,news,ddm+half,66.0354430379747,0,0.0,news
real,news,ddm+hedge,66.0354430379747,0,0.0,news
real,news,eddm,65.60759493670886,47,-0.4278481012658264,news
real,news,eddm+half,65.89113924050632,24,-0.1443037974683703,news
real,news,eddm+hedge,66.05822784810127,64,0.02278481012657485,news
real,news,fhddm,65.40253164556962,23,-0.6329113924050667,news
real,news,fhddm+half,65.90379746835443,16,-0.13164556962026452,news
real,news,fhddm+hedge,65.9746835443038,18,-0.06075949367089217,news
real,news,hddma,65.87594936708861,3,-0.15949367088609057,news
real,news,hddma+half,66.06075949367087,5,0.02531645569617824,news
real,news,hddma+hedge,65.9974683544304,4,-0.03797468354430622,news
real,news,hddmw,64.45316455696202,35,-1.5822784810126778,news
real,news,hddmw+half,65.70379746835442,33,-0.3316455696202758,news
real,news,hddmw+hedge,65.7746835443038,34,-0.26075949367089235,news
real,news,adwin,65.86835443037975,4,-0.16708860759494515,news
real,news,adwin+half,65.95696202531647,4,-0.07848101265822693,news
real,news,adwin+hedge,66.07848101265823,3,0.04303797468353521,news
real,news,ph,65.76708860759493,10,-0.26835443037976914,news
real,news,ph+half,65.99240506329114,8,-0.04303797468354631,news
real,news,ph+hedge,66.0227848101266,8,-0.012658227848105774,news
real,news,kswin,65.61265822784809,10,-0.4227848101266085,news
real,news,kswin+half,65.99240506329114,12,-0.04303797468354631,news
real,news,kswin+hedge,65.91392405063291,10,-0.12151898734178435,news
real,home,none,96.92892892892893,0,0.0,home
real,home,ddmM,98.24324324324326,33,1.3143143143143243,home
real,home,ddm,98.24324324324326,33,1.3143143143143243,home
real,home,ddm+half,97.67267267267268,41,0.7437437437437522,home
real,home,ddm+hedge,98.04604604604604,36,1.1171171171171168,home
real,home,eddm,98.25825825825825,24,1.3293293293293207,home
real,home,eddm+half,97.42442442442443,37,0.49549549549550154,home
real,home,eddm+hedge,98.1931931931932,26,1.2642642642642699,home
real,home,fhddm,97.85885885885885,20,0.9299299299299291,home
real,home,fhddm+half,97.34634634634635,27,0.41741741741742056,home
real,home,fhddm+hedge,97.85885885885885,20,0.9299299299299291,home
real,home,hddma,98.41941941941941,29,1.4904904904904925,home
real,home,hddma+half,97.62562562562562,42,0.696696696696697,home
real,home,hddma+hedge,98.21821821821823,32,1.289289289289297,home
real,home,hddmw,98.2972972972973,28,1.3683683683683778,home
real,home,hddmw+half,97.52852852852853,38,0.5995995995995984,home
real,home,hddmw+hedge,98.21121121121121,29,1.2822822822822877,home
real,home,adwin,98.34934934934935,28,1.4204204204204207,home
real,home,adwin+half,97.43643643643644,38,0.5075075075075097,home
real,home,adwin+hedge,98.26326326326325,29,1.3343343343343306,home
real,home,ph,98.08308308308308,22,1.1541541541541522,home
real,home,ph+half,97.56956956956957,28,0.640640640640644,home
real,home,ph+hedge,98.01901901901901,23,1.09009009009009,home
real,home,kswin,98.25025025025025,28,1.3213213213213226,home
real,home,kswin+half,97.54254254254255,38,0.6136136136136172,home
real,home,kswin+hedge,98.0920920920921,29,1.1631631631631723,home
real,wall,none,93.15094339622642,0,0.0,wall
real,wall,ddmM,89.94339622641509,2,-3.207547169811331,wall
real,wall,ddm,89.94339622641509,2,-3.207547169811331,wall
real,wall,ddm+half,87.28301886792454,20,-5.867924528301893,wall
real,wall,ddm+hedge,91.07547169811319,17,-2.0754716981132293,wall
real,wall,eddm,61.056603773584904,38,-32.09433962264152,wall
real,wall,eddm+half,86.67924528301887,15,-6.471698113207558,wall
real,wall,eddm+hedge,92.0754716981132,10,-1.0754716981132284,wall
real,wall,fhddm,90.9245283018868,3,-2.226415094339629,wall
real,wall,fhddm+half,92.79245283018868,3,-0.3584905660377502,wall
real,wall,fhddm+hedge,93.18867924528303,2,0.037735849056597104,wall
real,wall,hddma,58.18867924528301,45,-34.96226415094341,wall
real,wall,hddma+half,85.39622641509435,24,-7.7547169811320815,wall
real,wall,hddma+hedge,91.62264150943398,17,-1.5283018867924492,wall
real,wall,hddmw,66.84905660377358,24,-26.301886792452844,wall
real,wall,hddmw+half,92.75471698113208,4,-0.3962264150943473,wall
real,wall,hddmw+hedge,91.9622641509434,4,-1.1886792452830308,wall
real,wall,adwin,74.84905660377356,13,-18.30188679245287,wall
real,wall,adwin+half,89.98113207547169,8,-3.169811320754734,wall
real,wall,adwin+hedge,92.66037735849056,4,-0.49056603773586227,wall
real,wall,ph,80.94339622641508,7,-12.20754716981135,wall
real,wall,ph+half,88.77358490566039,6,-4.377358490566041,wall
real,wall,ph+hedge,92.67924528301886,3,-0.4716981132075637,wall
real,wall,kswin,68.88679245283016,24,-24.264150943396256,wall
real,wall,kswin+half,92.75471698113208,4,-0.3962264150943473,wall
real,wall,kswin+hedge,92.73584905660377,3,-0.41509433962265696,wall
real,chest,none,97.01401401401401,0,0.0,chest
real,chest,ddmM,99.03003003003003,9,2.01601601601602,chest
real,chest,ddm,99.03003003003003,9,2.01601601601602,chest
real,chest,ddm+half,97.64464464464466,15,0.6306306306306353,chest
real,chest,ddm+hedge,98.77477477477477,10,1.76076076076076,chest
real,chest,eddm,99.12912912912914,10,2.115115115115118,chest
real,chest,eddm+half,97.75175175175175,16,0.7377377377377314,chest
real,chest,eddm+hedge,99.01501501501501,10,2.0010010010009904,chest
real,chest,fhddm,97.74074074074075,8,0.7267267267267341,chest
real,chest,fhddm+half,97.37037037037038,11,0.35635635635635765,chest
real,chest,fhddm+hedge,97.74074074074075,8,0.7267267267267341,chest
real,chest,hddma,99.02402402402403,11,2.0100100100100105,chest
real,chest,hddma+half,97.6066066066066,12,0.592592592592589,chest
real,chest,hddma+hedge,98.75375375375374,10,1.7397397397397318,chest
real,chest,hddmw,99.07107107107107,12,2.0570570570570545,chest
real,chest,hddmw+half,97.61161161161162,15,0.59759759759761,chest
real,chest,hddmw+hedge,98.77777777777777,10,1.7637637637637593,chest
real,chest,adwin,99.08608608608608,12,2.072072072072073,chest
real,chest,adwin+half,97.67967967967968,19,0.6656656656656601,chest
real,chest,adwin+hedge,98.95895895895896,12,1.9449449449449374,chest
real,chest,ph,99.09909909909909,10,2.085085085085081,chest
real,chest,ph+half,97.61561561561562,16,0.601601601601609,chest
real,chest,ph+hedge,98.997997997998,10,1.9839839839839835,chest
real,chest,kswin,99.06706706706706,12,2.0530530530530444,chest
real,chest,kswin+half,97.67867867867868,20,0.6646646646646603,chest
real,chest,kswin+hedge,98.93993993993995,13,1.925925925925931,chest
syn,agrawal_s10,none,86.19665271966527,0,0.0,agrawal
syn,agrawal_s10,ddmM,96.42259414225943,14,10.225941422594154,agrawal
syn,agrawal_s10,ddm,96.42259414225943,14,10.225941422594154,agrawal
syn,agrawal_s10,ddm+half,88.46443514644352,11,2.267782426778253,agrawal
syn,agrawal_s10,ddm+hedge,96.00418410041843,11,9.807531380753154,agrawal
syn,agrawal_s10,eddm,96.48117154811716,12,10.284518828451894,agrawal
syn,agrawal_s10,eddm+half,91.45188284518828,32,5.255230125523013,agrawal
syn,agrawal_s10,eddm+hedge,95.99163179916319,12,9.794979079497923,agrawal
syn,agrawal_s10,fhddm,86.54811715481172,11,0.35146443514645354,agrawal
syn,agrawal_s10,fhddm+half,87.0,11,0.8033472803347319,agrawal
syn,agrawal_s10,fhddm+hedge,86.66527196652719,11,0.46861924686192324,agrawal
syn,agrawal_s10,hddma,96.5774058577406,11,10.380753138075328,agrawal
syn,agrawal_s10,hddma+half,88.32217573221757,11,2.1255230125523106,agrawal
syn,agrawal_s10,hddma+hedge,96.00418410041843,11,9.807531380753154,agrawal
syn,agrawal_s10,hddmw,96.5774058577406,11,10.380753138075328,agrawal
syn,agrawal_s10,hddmw+half,88.32217573221757,11,2.1255230125523106,agrawal
syn,agrawal_s10,hddmw+hedge,96.00418410041843,11,9.807531380753154,agrawal
syn,agrawal_s10,adwin,96.2050209205021,14,10.008368200836825,agrawal
syn,agrawal_s10,adwin+half,88.61087866108788,22,2.4142259414226097,agrawal
syn,agrawal_s10,adwin+hedge,95.82426778242679,18,9.62761506276152,agrawal
syn,agrawal_s10,ph,94.64435146443513,13,8.447698744769871,agrawal
syn,agrawal_s10,ph+half,89.89539748953976,22,3.6987447698744957,agrawal
syn,agrawal_s10,ph+hedge,94.68200836820084,14,8.485355648535576,agrawal
syn,agrawal_s10,kswin,95.6192468619247,11,9.422594142259433,agrawal
syn,agrawal_s10,kswin+half,88.19665271966528,13,2.000000000000013,agrawal
syn,agrawal_s10,kswin+hedge,95.10041841004185,12,8.903765690376586,agrawal
syn,agrawal_s11,none,86.38075313807532,0,0.0,agrawal
syn,agrawal_s11,ddmM,96.35146443514645,22,9.970711297071144,agrawal
syn,agrawal_s11,ddm,96.35146443514645,22,9.970711297071144,agrawal
syn,agrawal_s11,ddm+half,88.3765690376569,11,1.9958158995815878,agrawal
syn,agrawal_s11,ddm+hedge,95.99163179916319,15,9.610878661087874,agrawal
syn,agrawal_s11,eddm,96.5355648535565,11,10.154811715481182,agrawal
syn,agrawal_s11,eddm+half,90.24267782426779,23,3.861924686192464,agrawal
syn,agrawal_s11,eddm+hedge,95.68200836820085,14,9.301255230125538,agrawal
syn,agrawal_s11,fhddm,86.48117154811715,11,0.10041841004183594,agrawal
syn,agrawal_s11,fhddm+half,86.98744769874477,11,0.6066945606694518,agrawal
syn,agrawal_s11,fhddm+hedge,86.69456066945607,11,0.3138075313807498,agrawal
syn,agrawal_s11,hddma,96.5355648535565,11,10.154811715481182,agrawal
syn,agrawal_s11,hddma+half,88.21338912133892,11,1.8326359832635974,agrawal
syn,agrawal_s11,hddma+hedge,96.03347280334728,11,9.65271966527197,agrawal
syn,agrawal_s11,hddmw,96.5355648535565,11,10.154811715481182,agrawal
syn,agrawal_s11,hddmw+half,88.5355648535565,12,2.1548117154811752,agrawal
syn,agrawal_s11,hddmw+hedge,96.03347280334728,11,9.65271966527197,agrawal
syn,agrawal_s11,adwin,96.2928870292887,13,9.912133891213394,agrawal
syn,agrawal_s11,adwin+half,88.52719665271968,22,2.1464435146443583,agrawal
syn,agrawal_s11,adwin+hedge,95.66945606694561,19,9.288702928870297,agrawal
syn,agrawal_s11,ph,94.94560669456068,12,8.564853556485364,agrawal
syn,agrawal_s11,ph+half,89.26778242677825,22,2.887029288702936,agrawal
syn,agrawal_s11,ph+hedge,94.75313807531383,14,8.372384937238508,agrawal
syn,agrawal_s11,kswin,94.73221757322176,9,8.351464435146438,agrawal
syn,agrawal_s11,kswin+half,88.1673640167364,10,1.786610878661088,agrawal
syn,agrawal_s11,kswin+hedge,94.35146443514645,9,7.970711297071132,agrawal
syn,agrawal_s12,none,86.63598326359832,0,0.0,agrawal
syn,agrawal_s12,ddmM,96.43514644351465,14,9.799163179916325,agrawal
syn,agrawal_s12,ddm,96.43514644351465,14,9.799163179916325,agrawal
syn,agrawal_s12,ddm+half,88.65690376569039,13,2.0209205020920606,agrawal
syn,agrawal_s12,ddm+hedge,95.84100418410043,13,9.205020920502093,agrawal
syn,agrawal_s12,eddm,96.50627615062763,11,9.870292887029308,agrawal
syn,agrawal_s12,eddm+half,90.92050209205021,26,4.284518828451889,agrawal
syn,agrawal_s12,eddm+hedge,95.80334728033473,12,9.167364016736412,agrawal
syn,agrawal_s12,fhddm,86.82426778242677,11,0.1882845188284521,agrawal
syn,agrawal_s12,fhddm+half,87.3723849372385,11,0.7364016736401635,agrawal
syn,agrawal_s12,fhddm+hedge,87.02510460251047,11,0.3891213389121351,agrawal
syn,agrawal_s12,hddma,96.50627615062763,11,9.870292887029308,agrawal
syn,agrawal_s12,hddma+half,88.42677824267784,11,1.790794979079513,agrawal
syn,agrawal_s12,hddma+hedge,95.85774058577407,11,9.221757322175739,agrawal
syn,agrawal_s12,hddmw,96.50627615062763,11,9.870292887029308,agrawal
syn,agrawal_s12,hddmw+half,88.42677824267784,11,1.790794979079513,agrawal
syn,agrawal_s12,hddmw+hedge,95.85774058577407,11,9.221757322175739,agrawal
syn,agrawal_s12,adwin,96.39748953974896,12,9.761506276150634,agrawal
syn,agrawal_s12,adwin+half,88.70292887029288,22,2.066945606694559,agrawal
syn,agrawal_s12,adwin+hedge,95.35564853556485,21,8.719665271966527,agrawal
syn,agrawal_s12,ph,95.66527196652719,11,9.029288702928861,agrawal
syn,agrawal_s12,ph+half,89.23430962343096,22,2.5983263598326367,agrawal
syn,agrawal_s12,ph+hedge,95.0,13,8.36401673640168,agrawal
syn,agrawal_s12,kswin,95.7154811715481,10,9.079497907949785,agrawal
syn,agrawal_s12,kswin+half,88.36820083682008,12,1.7322175732217504,agrawal
syn,agrawal_s12,kswin+hedge,94.9623430962343,11,8.326359832635976,agrawal
syn,agrawal_s13,none,86.2050209205021,0,0.0,agrawal
syn,agrawal_s13,ddmM,96.35146443514645,13,10.146443514644366,agrawal
syn,agrawal_s13,ddm,96.44351464435148,12,10.238493723849384,agrawal
syn,agrawal_s13,ddm+half,88.58995815899581,11,2.384937238493723,agrawal
syn,agrawal_s13,ddm+hedge,95.94560669456067,15,9.740585774058575,agrawal
syn,agrawal_s13,eddm,96.56066945606696,11,10.355648535564866,agrawal
syn,agrawal_s13,eddm+half,91.16736401673641,30,4.962343096234312,agrawal
syn,agrawal_s13,eddm+hedge,95.94142259414227,12,9.736401673640172,agrawal
syn,agrawal_s13,fhddm,86.31799163179916,11,0.11297071129706682,agrawal
syn,agrawal_s13,fhddm+half,86.87866108786612,11,0.6736401673640202,agrawal
syn,agrawal_s13,fhddm+hedge,86.59832635983264,11,0.39330543933053796,agrawal
syn,agrawal_s13,hddma,96.56066945606696,11,10.355648535564866,agrawal
syn,agrawal_s13,hddma+half,88.28451882845188,11,2.07949790794979,agrawal
syn,agrawal_s13,hddma+hedge,96.06694560669456,11,9.86192468619247,agrawal
syn,agrawal_s13,hddmw,96.56066945606696,11,10.355648535564866,agrawal
syn,agrawal_s13,hddmw+half,88.28451882845188,11,2.07949790794979,agrawal
syn,agrawal_s13,hddmw+hedge,96.06694560669456,11,9.86192468619247,agrawal
syn,agrawal_s13,adwin,96.10878661087867,14,9.903765690376565,agrawal
syn,agrawal_s13,adwin+half,88.65271966527196,22,2.447698744769866,agrawal
syn,agrawal_s13,adwin+hedge,95.82426778242679,18,9.61924686192469,agrawal
syn,agrawal_s13,ph,95.25523012552301,13,9.05020920502092,agrawal
syn,agrawal_s13,ph+half,89.38493723849372,22,3.1799163179916268,agrawal
syn,agrawal_s13,ph+hedge,95.02092050209204,14,8.815899581589948,agrawal
syn,agrawal_s13,kswin,95.63598326359832,10,9.430962343096228,agrawal
syn,agrawal_s13,kswin+half,88.10041841004185,10,1.8953974895397518,agrawal
syn,agrawal_s13,kswin+hedge,95.05857740585773,11,8.85355648535564,agrawal
syn,agrawal_s14,none,86.23430962343097,0,0.0,agrawal
syn,agrawal_s14,ddmM,96.30962343096235,17,10.075313807531373,agrawal
syn,agrawal_s14,ddm,96.34728033472804,14,10.112970711297065,agrawal
syn,agrawal_s14,ddm+half,88.56903765690377,12,2.3347280334727993,agrawal
syn,agrawal_s14,ddm+hedge,95.93723849372385,15,9.702928870292881,agrawal
syn,agrawal_s14,eddm,96.53974895397491,11,10.30543933054393,agrawal
syn,agrawal_s14,eddm+half,90.08786610878661,24,3.853556485355636,agrawal
syn,agrawal_s14,eddm+hedge,95.67782426778243,14,9.443514644351458,agrawal
syn,agrawal_s14,fhddm,86.418410041841,11,0.184100418410027,agrawal
syn,agrawal_s14,fhddm+half,87.02092050209205,11,0.7866108786610759,agrawal
syn,agrawal_s14,fhddm+hedge,86.66945606694561,11,0.4351464435146446,agrawal
syn,agrawal_s14,hddma,96.53974895397491,11,10.30543933054393,agrawal
syn,agrawal_s14,hddma+half,88.38493723849373,11,2.1506276150627612,agrawal
syn,agrawal_s14,hddma+hedge,96.00836820083683,11,9.774058577405853,agrawal
syn,agrawal_s14,hddmw,96.53974895397491,11,10.30543933054393,agrawal
syn,agrawal_s14,hddmw+half,88.38493723849373,11,2.1506276150627612,agrawal
syn,agrawal_s14,hddmw+hedge,96.00836820083683,11,9.774058577405853,agrawal
syn,agrawal_s14,adwin,95.46861924686193,15,9.234309623430958,agrawal
syn,agrawal_s14,adwin+half,88.63598326359833,22,2.4016736401673566,agrawal
syn,agrawal_s14,adwin+hedge,95.6610878661088,19,9.426778242677825,agrawal
syn,agrawal_s14,ph,95.1673640167364,12,8.93305439330543,agrawal
syn,agrawal_s14,ph+half,89.39748953974896,22,3.163179916317993,agrawal
syn,agrawal_s14,ph+hedge,94.90376569037656,14,8.66945606694559,agrawal
syn,agrawal_s14,kswin,95.69874476987448,10,9.464435146443506,agrawal
syn,agrawal_s14,kswin+half,88.56903765690376,13,2.3347280334727882,agrawal
syn,agrawal_s14,kswin+hedge,95.05439330543933,11,8.820083682008361,agrawal
syn,hyperplane_s10,none,89.96648044692735,0,0.0,hyperplane
syn,hyperplane_s10,ddmM,91.11731843575417,10,1.1508379888268139,hyperplane
syn,hyperplane_s10,ddm,91.11731843575417,10,1.1508379888268139,hyperplane
syn,hyperplane_s10,ddm+half,90.44692737430167,10,0.4804469273743117,hyperplane
syn,hyperplane_s10,ddm+hedge,91.03910614525141,11,1.0726256983240479,hyperplane
syn,hyperplane_s10,eddm,89.91061452513968,27,-0.05586592178767891,hyperplane
syn,hyperplane_s10,eddm+half,90.0558659217877,10,0.08938547486034842,hyperplane
syn,hyperplane_s10,eddm+hedge,90.99441340782123,27,1.0279329608938736,hyperplane
syn,hyperplane_s10,fhddm,89.81564245810056,2,-0.15083798882680188,hyperplane
syn,hyperplane_s10,fhddm+half,89.94972067039106,2,-0.01675977653630145,hyperplane
syn,hyperplane_s10,fhddm+hedge,89.95530726256982,2,-0.011173184357538002,hyperplane
syn,hyperplane_s10,hddma,91.12849162011173,6,1.162011173184374,hyperplane
syn,hyperplane_s10,hddma+half,90.3296089385475,5,0.36312849162013494,hyperplane
syn,hyperplane_s10,hddma+hedge,91.13966480446926,6,1.173184357541912,hyperplane
syn,hyperplane_s10,hddmw,89.96648044692735,0,0.0,hyperplane
syn,hyperplane_s10,hddmw+half,89.96648044692735,0,0.0,hyperplane
syn,hyperplane_s10,hddmw+hedge,89.96648044692735,0,0.0,hyperplane
syn,hyperplane_s10,adwin,91.1117318435754,6,1.1452513966480504,hyperplane
syn,hyperplane_s10,adwin+half,90.36871508379888,9,0.4022346368715235,hyperplane
syn,hyperplane_s10,adwin+hedge,91.02234636871506,6,1.055865921787713,hyperplane
syn,hyperplane_s10,ph,90.26256983240224,5,0.2960893854748736,hyperplane
syn,hyperplane_s10,ph+half,90.43575418994413,5,0.4692737430167737,hyperplane
syn,hyperplane_s10,ph+hedge,90.5027932960894,5,0.536312849162035,hyperplane
syn,hyperplane_s10,kswin,89.96648044692735,0,0.0,hyperplane
syn,hyperplane_s10,kswin+half,89.96648044692735,0,0.0,hyperplane
syn,hyperplane_s10,kswin+hedge,89.96648044692735,0,0.0,hyperplane
syn,hyperplane_s11,none,90.93854748603351,0,0.0,hyperplane
syn,hyperplane_s11,ddmM,91.16759776536313,2,0.2290502793296123,hyperplane
syn,hyperplane_s11,ddm,91.16759776536313,2,0.2290502793296123,hyperplane
syn,hyperplane_s11,ddm+half,91.18994413407823,8,0.2513966480447105,hyperplane
syn,hyperplane_s11,ddm+hedge,91.56424581005587,10,0.6256983240223501,hyperplane
syn,hyperplane_s11,eddm,91.05586592178771,19,0.11731843575419898,hyperplane
syn,hyperplane_s11,eddm+half,91.29608938547486,25,0.3575418994413382,hyperplane
syn,hyperplane_s11,eddm+hedge,91.30167597765364,11,0.36312849162012384,hyperplane
syn,hyperplane_s11,fhddm,90.8100558659218,2,-0.12849162011172588,hyperplane
syn,hyperplane_s11,fhddm+half,90.90502793296088,2,-0.03351955307263621,hyperplane
syn,hyperplane_s11,fhddm+hedge,90.90502793296088,2,-0.03351955307263621,hyperplane
syn,hyperplane_s11,hddma,91.40782122905028,2,0.4692737430167626,hyperplane
syn,hyperplane_s11,hddma+half,91.10055865921788,3,0.1620111731843621,hyperplane
syn,hyperplane_s11,hddma+hedge,91.29050279329608,3,0.35195530726257473,hyperplane
syn,hyperplane_s11,hddmw,90.93854748603351,0,0.0,hyperplane
syn,hyperplane_s11,hddmw+half,90.93854748603351,0,0.0,hyperplane
syn,hyperplane_s11,hddmw+hedge,90.93854748603351,0,0.0,hyperplane
syn,hyperplane_s11,adwin,91.54189944134079,6,0.6033519553072741,hyperplane
syn,hyperplane_s11,adwin+half,91.24022346368714,6,0.30167597765362597,hyperplane
syn,hyperplane_s11,adwin+hedge,91.46927374301676,6,0.5307262569832383,hyperplane
syn,hyperplane_s11,ph,91.15642458100558,3,0.2178770949720632,hyperplane
syn,hyperplane_s11,ph+half,91.08379888268158,4,0.14525139664806064,hyperplane
syn,hyperplane_s11,ph+hedge,91.22905027932961,3,0.29050279329609907,hyperplane
syn,hyperplane_s11,kswin,90.93854748603351,0,0.0,hyperplane
syn,hyperplane_s11,kswin+half,90.93854748603351,0,0.0,hyperplane
syn,hyperplane_s11,kswin+hedge,90.93854748603351,0,0.0,hyperplane
syn,hyperplane_s12,none,89.76536312849163,0,0.0,hyperplane
syn,hyperplane_s12,ddmM,90.86033519553074,15,1.0949720670391128,hyperplane
syn,hyperplane_s12,ddm,90.86033519553074,15,1.0949720670391128,hyperplane
syn,hyperplane_s12,ddm+half,90.34636871508381,6,0.581005586592187,hyperplane
syn,hyperplane_s12,ddm+hedge,91.0,9,1.2346368715083766,hyperplane
syn,hyperplane_s12,eddm,90.38547486033521,23,0.6201117318435756,hyperplane
syn,hyperplane_s12,eddm+half,90.75977653631284,29,0.9944134078212152,hyperplane
syn,hyperplane_s12,eddm+hedge,91.02234636871509,25,1.2569832402234637,hyperplane
syn,hyperplane_s12,fhddm,89.48603351955308,3,-0.27932960893854997,hyperplane
syn,hyperplane_s12,fhddm+half,89.6703910614525,3,-0.09497206703912298,hyperplane
syn,hyperplane_s12,fhddm+hedge,89.6703910614525,4,-0.09497206703912298,hyperplane
syn,hyperplane_s12,hddma,90.7932960893855,5,1.0279329608938736,hyperplane
syn,hyperplane_s12,hddma+half,90.2513966480447,5,0.48603351955307517,hyperplane
syn,hyperplane_s12,hddma+hedge,90.75977653631284,5,0.9944134078212152,hyperplane
syn,hyperplane_s12,hddmw,89.9217877094972,1,0.15642458100556533,hyperplane
syn,hyperplane_s12,hddmw+half,89.92737430167597,1,0.16201117318433989,hyperplane
syn,hyperplane_s12,hddmw+hedge,89.93854748603353,1,0.1731843575419001,hyperplane
syn,hyperplane_s12,adwin,91.15083798882682,6,1.3854748603352007,hyperplane
syn,hyperplane_s12,adwin+half,90.16201117318437,9,0.39664804469273784,hyperplane
syn,hyperplane_s12,adwin+hedge,91.08379888268158,6,1.3184357541899505,hyperplane
syn,hyperplane_s12,ph,90.3296089385475,3,0.5642458100558634,hyperplane
syn,hyperplane_s12,ph+half,90.27932960893857,3,0.5139664804469368,hyperplane
syn,hyperplane_s12,ph+hedge,90.21229050279331,3,0.4469273743016755,hyperplane
syn,hyperplane_s12,kswin,89.76536312849163,0,0.0,hyperplane
syn,hyperplane_s12,kswin+half,89.76536312849163,0,0.0,hyperplane
syn,hyperplane_s12,kswin+hedge,89.76536312849163,0,0.0,hyperplane
syn,hyperplane_s13,none,88.15083798882682,0,0.0,hyperplane
syn,hyperplane_s13,ddmM,90.17318435754191,8,2.022346368715089,hyperplane
syn,hyperplane_s13,ddm,90.22346368715084,7,2.0726256983240154,hyperplane
syn,hyperplane_s13,ddm+half,89.00558659217876,12,0.8547486033519403,hyperplane
syn,hyperplane_s13,ddm+hedge,90.83240223463687,10,2.681564245810053,hyperplane
syn,hyperplane_s13,eddm,89.93854748603353,22,1.787709497206702,hyperplane
syn,hyperplane_s13,eddm+half,89.35195530726257,33,1.2011173184357404,hyperplane
syn,hyperplane_s13,eddm+hedge,90.46927374301676,20,2.318435754189929,hyperplane
syn,hyperplane_s13,fhddm,87.36312849162012,8,-0.7877094972067122,hyperplane
syn,hyperplane_s13,fhddm+half,88.18435754189944,8,0.033519553072614006,hyperplane
syn,hyperplane_s13,fhddm+hedge,88.16201117318437,8,0.011173184357538002,hyperplane
syn,hyperplane_s13,hddma,91.42458100558657,8,3.273743016759756,hyperplane
syn,hyperplane_s13,hddma+half,88.72067039106145,7,0.5698324022346268,hyperplane
syn,hyperplane_s13,hddma+hedge,90.95530726256983,8,2.8044692737430044,hyperplane
syn,hyperplane_s13,hddmw,90.88826815642457,7,2.737430167597754,hyperplane
syn,hyperplane_s13,hddmw+half,88.72067039106145,7,0.5698324022346268,hyperplane
syn,hyperplane_s13,hddmw+hedge,90.65363128491619,7,2.5027932960893673,hyperplane
syn,hyperplane_s13,adwin,91.42458100558657,8,3.273743016759756,hyperplane
syn,hyperplane_s13,adwin+half,88.64804469273741,14,0.49720670391059096,hyperplane
syn,hyperplane_s13,adwin+hedge,90.92737430167597,9,2.7765363128491427,hyperplane
syn,hyperplane_s13,ph,89.74301675977652,8,1.5921787709497037,hyperplane
syn,hyperplane_s13,ph+half,88.8826815642458,9,0.7318435754189778,hyperplane
syn,hyperplane_s13,ph+hedge,89.51396648044694,8,1.3631284916201136,hyperplane
syn,hyperplane_s13,kswin,88.15083798882682,0,0.0,hyperplane
syn,hyperplane_s13,kswin+half,88.15083798882682,0,0.0,hyperplane
syn,hyperplane_s13,kswin+hedge,88.15083798882682,0,0.0,hyperplane
syn,hyperplane_s14,none,88.88826815642457,0,0.0,hyperplane
syn,hyperplane_s14,ddmM,91.24022346368714,13,2.3519553072625654,hyperplane
syn,hyperplane_s14,ddm,91.24022346368714,13,2.3519553072625654,hyperplane
syn,hyperplane_s14,ddm+half,89.77653631284916,10,0.8882681564245765,hyperplane
syn,hyperplane_s14,ddm+hedge,91.01675977653633,10,2.12849162011175,hyperplane
syn,hyperplane_s14,eddm,90.4022346368715,26,1.5139664804469266,hyperplane
syn,hyperplane_s14,eddm+half,90.20111731843573,36,1.3128491620111649,hyperplane
syn,hyperplane_s14,eddm+hedge,90.99441340782123,23,2.1061452513966517,hyperplane
syn,hyperplane_s14,fhddm,88.55307262569832,5,-0.3351955307262622,hyperplane
syn,hyperplane_s14,fhddm+half,88.84916201117316,5,-0.03910614525141076,hyperplane
syn,hyperplane_s14,fhddm+hedge,88.8826815642458,5,-0.005586592178774552,hyperplane
syn,hyperplane_s14,hddma,91.26815642458101,8,2.379888268156427,hyperplane
syn,hyperplane_s14,hddma+half,89.57541899441341,7,0.6871508379888369,hyperplane
syn,hyperplane_s14,hddma+hedge,90.75977653631286,8,1.871508379888276,hyperplane
syn,hyperplane_s14,hddmw,89.80446927374301,3,0.9162011173184381,hyperplane
syn,hyperplane_s14,hddmw+half,89.28491620111731,3,0.39664804469273784,hyperplane
syn,hyperplane_s14,hddmw+hedge,89.77653631284916,3,0.8882681564245765,hyperplane
syn,hyperplane_s14,adwin,91.35754189944133,8,2.4692737430167533,hyperplane
syn,hyperplane_s14,adwin+half,89.54748603351956,12,0.6592178770949864,hyperplane
syn,hyperplane_s14,adwin+hedge,91.10055865921788,9,2.2122905027933015,hyperplane
syn,hyperplane_s14,ph,90.06145251396647,8,1.1731843575418899,hyperplane
syn,hyperplane_s14,ph+half,89.80446927374301,8,0.9162011173184381,hyperplane
syn,hyperplane_s14,ph+hedge,89.94972067039106,8,1.0614525139664766,hyperplane
syn,hyperplane_s14,kswin,88.88826815642457,0,0.0,hyperplane
syn,hyperplane_s14,kswin+half,88.88826815642457,0,0.0,hyperplane
syn,hyperplane_s14,kswin+hedge,88.88826815642457,0,0.0,hyperplane
syn,rbf_s10,none,90.5977653631285,0,0.0,rbf
syn,rbf_s10,ddmM,91.34078212290503,15,0.7430167597765269,rbf
syn,rbf_s10,ddm,91.34078212290503,15,0.7430167597765269,rbf
syn,rbf_s10,ddm+half,90.84357541899442,12,0.24581005586591376,rbf
syn,rbf_s10,ddm+hedge,91.29050279329608,15,0.6927374301675893,rbf
syn,rbf_s10,eddm,90.93296089385476,24,0.3351955307262511,rbf
syn,rbf_s10,eddm+half,90.67039106145252,21,0.07262569832401367,rbf
syn,rbf_s10,eddm+hedge,91.45251396648044,17,0.8547486033519403,rbf
syn,rbf_s10,fhddm,90.94413407821229,8,0.3463687150837891,rbf
syn,rbf_s10,fhddm+half,90.8100558659218,8,0.21229050279328865,rbf
syn,rbf_s10,fhddm+hedge,91.03351955307262,8,0.4357541899441153,rbf
syn,rbf_s10,hddma,91.54748603351955,8,0.9497206703910521,rbf
syn,rbf_s10,hddma+half,90.83798882681565,8,0.2402234636871503,rbf
syn,rbf_s10,hddma+hedge,91.43575418994413,8,0.8379888268156388,rbf
syn,rbf_s10,hddmw,91.54748603351955,8,0.9497206703910521,rbf
syn,rbf_s10,hddmw+half,90.83798882681565,8,0.2402234636871503,rbf
syn,rbf_s10,hddmw+hedge,91.43575418994413,8,0.8379888268156388,rbf
syn,rbf_s10,adwin,91.54748603351955,8,0.9497206703910521,rbf
syn,rbf_s10,adwin+half,90.83798882681565,8,0.2402234636871503,rbf
syn,rbf_s10,adwin+hedge,91.43575418994413,8,0.8379888268156388,rbf
syn,rbf_s10,ph,91.54748603351955,8,0.9497206703910521,rbf
syn,rbf_s10,ph+half,90.83798882681565,8,0.2402234636871503,rbf
syn,rbf_s10,ph+hedge,91.43575418994413,8,0.8379888268156388,rbf
syn,rbf_s10,kswin,91.54748603351955,8,0.9497206703910521,rbf
syn,rbf_s10,kswin+half,90.83798882681565,8,0.2402234636871503,rbf
syn,rbf_s10,kswin+hedge,91.43575418994413,8,0.8379888268156388,rbf
syn,rbf_s11,none,90.50837988826815,0,0.0,rbf
syn,rbf_s11,ddmM,91.43016759776536,12,0.9217877094972127,rbf
syn,rbf_s11,ddm,91.43016759776536,12,0.9217877094972127,rbf
syn,rbf_s11,ddm+half,90.90502793296089,13,0.39664804469273784,rbf
syn,rbf_s11,ddm+hedge,91.40223463687151,10,0.8938547486033621,rbf
syn,rbf_s11,eddm,90.68156424581005,19,0.1731843575419001,rbf
syn,rbf_s11,eddm+half,90.77653631284916,17,0.26815642458101197,rbf
syn,rbf_s11,eddm+hedge,91.05027932960895,24,0.5418994413407985,rbf
syn,rbf_s11,fhddm,90.9832402234637,8,0.47486033519553716,rbf
syn,rbf_s11,fhddm+half,90.83798882681565,8,0.32960893854748763,rbf
syn,rbf_s11,fhddm+hedge,91.10614525139664,8,0.5977653631284885,rbf
syn,rbf_s11,hddma,91.50837988826817,8,1.000000000000012,rbf
syn,rbf_s11,hddma+half,90.82122905027933,8,0.3128491620111751,rbf
syn,rbf_s11,hddma+hedge,91.42458100558659,8,0.9162011173184381,rbf
syn,rbf_s11,hddmw,91.50837988826817,8,1.000000000000012,rbf
syn,rbf_s11,hddmw+half,90.82122905027933,8,0.3128491620111751,rbf
syn,rbf_s11,hddmw+hedge,91.42458100558659,8,0.9162011173184381,rbf
syn,rbf_s11,adwin,91.50837988826817,8,1.000000000000012,rbf
syn,rbf_s11,adwin+half,90.82122905027933,8,0.3128491620111751,rbf
syn,rbf_s11,adwin+hedge,91.42458100558659,8,0.9162011173184381,rbf
syn,rbf_s11,ph,91.50837988826817,8,1.000000000000012,rbf
syn,rbf_s11,ph+half,90.8100558659218,9,0.3016759776536371,rbf
syn,rbf_s11,ph+hedge,91.42458100558659,8,0.9162011173184381,rbf
syn,rbf_s11,kswin,91.50837988826817,8,1.000000000000012,rbf
syn,rbf_s11,kswin+half,90.82122905027933,8,0.3128491620111751,rbf
syn,rbf_s11,kswin+hedge,91.42458100558659,8,0.9162011173184381,rbf
syn,rbf_s12,none,90.06145251396649,0,0.0,rbf
syn,rbf_s12,ddmM,90.8100558659218,11,0.7486033519553015,rbf
syn,rbf_s12,ddm,90.8100558659218,11,0.7486033519553015,rbf
syn,rbf_s12,ddm+half,90.1731843575419,8,0.11173184357541333,rbf
syn,rbf_s12,ddm+hedge,90.85474860335195,10,0.7932960893854646,rbf
syn,rbf_s12,eddm,90.13966480446929,19,0.07821229050279932,rbf
syn,rbf_s12,eddm+half,90.3463687150838,16,0.2849162011173134,rbf
syn,rbf_s12,eddm+hedge,90.91061452513968,15,0.8491620111731879,rbf
syn,rbf_s12,fhddm,90.58100558659218,8,0.5195530726257003,rbf
syn,rbf_s12,fhddm+half,90.25139664804468,8,0.18994413407819044,rbf
syn,rbf_s12,fhddm+hedge,90.65921787709499,8,0.5977653631284996,rbf
syn,rbf_s12,hddma,90.92178770949721,8,0.8603351955307148,rbf
syn,rbf_s12,hddma+half,90.1731843575419,8,0.11173184357541333,rbf
syn,rbf_s12,hddma+hedge,90.89385474860335,8,0.8324022346368531,rbf
syn,rbf_s12,hddmw,90.92178770949721,8,0.8603351955307148,rbf
syn,rbf_s12,hddmw+half,90.1731843575419,8,0.11173184357541333,rbf
syn,rbf_s12,hddmw+hedge,90.89385474860335,8,0.8324022346368531,rbf
syn,rbf_s12,adwin,90.92178770949721,8,0.8603351955307148,rbf
syn,rbf_s12,adwin+half,90.16759776536311,10,0.10614525139662767,rbf
syn,rbf_s12,adwin+hedge,90.89385474860335,8,0.8324022346368531,rbf
syn,rbf_s12,ph,90.83798882681565,8,0.776536312849152,rbf
syn,rbf_s12,ph+half,90.22346368715084,9,0.162011173184351,rbf
syn,rbf_s12,ph+hedge,90.84916201117319,8,0.7877094972067011,rbf
syn,rbf_s12,kswin,90.92178770949721,8,0.8603351955307148,rbf
syn,rbf_s12,kswin+half,90.1731843575419,8,0.11173184357541333,rbf
syn,rbf_s12,kswin+hedge,90.89385474860335,8,0.8324022346368531,rbf
syn,rbf_s13,none,88.3854748603352,0,0.0,rbf
syn,rbf_s13,ddmM,89.26256983240222,11,0.8770949720670163,rbf
syn,rbf_s13,ddm,89.26256983240222,11,0.8770949720670163,rbf
syn,rbf_s13,ddm+half,88.51396648044692,9,0.12849162011172588,rbf
syn,rbf_s13,ddm+hedge,89.32960893854748,10,0.9441340782122776,rbf
syn,rbf_s13,eddm,88.15642458100558,24,-0.2290502793296234,rbf
syn,rbf_s13,eddm+half,88.5027932960894,23,0.11731843575419898,rbf
syn,rbf_s13,eddm+hedge,89.0558659217877,24,0.6703910614525022,rbf
syn,rbf_s13,fhddm,88.71508379888269,8,0.32960893854748763,rbf
syn,rbf_s13,fhddm+half,88.67039106145252,8,0.2849162011173134,rbf
syn,rbf_s13,fhddm+hedge,89.0,8,0.614525139664801,rbf
syn,rbf_s13,hddma,89.30726256983239,8,0.9217877094971905,rbf
syn,rbf_s13,hddma+half,88.51396648044692,8,0.12849162011172588,rbf
syn,rbf_s13,hddma+hedge,89.32960893854748,8,0.9441340782122776,rbf
syn,rbf_s13,hddmw,89.30726256983239,8,0.9217877094971905,rbf
syn,rbf_s13,hddmw+half,88.51396648044692,8,0.12849162011172588,rbf
syn,rbf_s13,hddmw+hedge,89.32960893854748,8,0.9441340782122776,rbf
syn,rbf_s13,adwin,89.30726256983239,8,0.9217877094971905,rbf
syn,rbf_s13,adwin+half,88.51396648044692,8,0.12849162011172588,rbf
syn,rbf_s13,adwin+hedge,89.32960893854748,8,0.9441340782122776,rbf
syn,rbf_s13,ph,89.30726256983239,8,0.9217877094971905,rbf
syn,rbf_s13,ph+half,88.53072625698324,10,0.14525139664803843,rbf
syn,rbf_s13,ph+hedge,89.32960893854748,8,0.9441340782122776,rbf
syn,rbf_s13,kswin,89.30726256983239,8,0.9217877094971905,rbf
syn,rbf_s13,kswin+half,88.51396648044692,8,0.12849162011172588,rbf
syn,rbf_s13,kswin+hedge,89.32960893854748,8,0.9441340782122776,rbf
syn,rbf_s14,none,90.13407821229049,0,0.0,rbf
syn,rbf_s14,ddmM,91.3296089385475,10,1.1955307262569992,rbf
syn,rbf_s14,ddm,91.3296089385475,10,1.1955307262569992,rbf
syn,rbf_s14,ddm+half,90.4804469273743,8,0.3463687150838113,rbf
syn,rbf_s14,ddm+hedge,91.18435754189943,14,1.0502793296089385,rbf
syn,rbf_s14,eddm,90.83240223463687,18,0.698324022346386,rbf
syn,rbf_s14,eddm+half,90.45810055865921,20,0.3240223463687242,rbf
syn,rbf_s14,eddm+hedge,91.06703910614524,20,0.9329608938547507,rbf
syn,rbf_s14,fhddm,90.78212290502793,8,0.6480446927374373,rbf
syn,rbf_s14,fhddm+half,90.43016759776536,8,0.2960893854748736,rbf
syn,rbf_s14,fhddm+hedge,90.89385474860335,8,0.7597765363128506,rbf
syn,rbf_s14,hddma,91.40782122905028,8,1.2737430167597874,rbf
syn,rbf_s14,hddma+half,90.4804469273743,8,0.3463687150838113,rbf
syn,rbf_s14,hddma+hedge,91.21229050279328,8,1.078212290502789,rbf
syn,rbf_s14,hddmw,91.40782122905028,8,1.2737430167597874,rbf
syn,rbf_s14,hddmw+half,90.4804469273743,8,0.3463687150838113,rbf
syn,rbf_s14,hddmw+hedge,91.21229050279328,8,1.078212290502789,rbf
syn,rbf_s14,adwin,91.40782122905028,8,1.2737430167597874,rbf
syn,rbf_s14,adwin+half,90.39106145251398,10,0.25698324022348507,rbf
syn,rbf_s14,adwin+hedge,91.21229050279328,8,1.078212290502789,rbf
syn,rbf_s14,ph,91.40782122905028,8,1.2737430167597874,rbf
syn,rbf_s14,ph+half,90.46368715083798,11,0.32960893854749873,rbf
syn,rbf_s14,ph+hedge,91.21229050279328,8,1.078212290502789,rbf
syn,rbf_s14,kswin,91.40782122905028,8,1.2737430167597874,rbf
syn,rbf_s14,kswin+half,90.4804469273743,8,0.3463687150838113,rbf
syn,rbf_s14,kswin+hedge,91.21229050279328,8,1.078212290502789,rbf
syn,sea_s10,none,97.03910614525138,0,0.0,sea
syn,sea_s10,ddmM,98.75418994413407,41,1.7150837988826773,sea
syn,sea_s10,ddm,98.7486033519553,38,1.7094972067039138,sea
syn,sea_s10,ddm+half,97.4804469273743,16,0.44134078212292316,sea
syn,sea_s10,ddm+hedge,98.49162011173185,28,1.452513966480462,sea
syn,sea_s10,eddm,98.39106145251397,8,1.3519553072625867,sea
syn,sea_s10,eddm+half,97.5195530726257,9,0.4804469273743117,sea
syn,sea_s10,eddm+hedge,98.31843575418995,8,1.279329608938562,sea
syn,sea_s10,fhddm,97.03910614525138,0,0.0,sea
syn,sea_s10,fhddm+half,97.03910614525138,0,0.0,sea
syn,sea_s10,fhddm+hedge,97.03910614525138,0,0.0,sea
syn,sea_s10,hddma,97.31284916201118,2,0.2737430167597865,sea
syn,sea_s10,hddma+half,97.23463687150839,2,0.1955307262569983,sea
syn,sea_s10,hddma+hedge,97.27932960893855,2,0.2402234636871614,sea
syn,sea_s10,hddmw,97.03910614525138,0,0.0,sea
syn,sea_s10,hddmw+half,97.03910614525138,0,0.0,sea
syn,sea_s10,hddmw+hedge,97.03910614525138,0,0.0,sea
syn,sea_s10,adwin,98.68156424581005,8,1.6424581005586636,sea
syn,sea_s10,adwin+half,97.46927374301677,10,0.43016759776538516,sea
syn,sea_s10,adwin+hedge,98.56983240223464,8,1.5307262569832503,sea
syn,sea_s10,ph,97.37430167597766,3,0.3351955307262733,sea
syn,sea_s10,ph+half,97.27374301675977,3,0.23463687150837576,sea
syn,sea_s10,ph+hedge,97.27374301675978,3,0.23463687150839796,sea
syn,sea_s10,kswin,97.03910614525138,0,0.0,sea
syn,sea_s10,kswin+half,97.03910614525138,0,0.0,sea
syn,sea_s10,kswin+hedge,97.03910614525138,0,0.0,sea
syn,sea_s11,none,97.05027932960895,0,0.0,sea
syn,sea_s11,ddmM,98.98324022346368,21,1.9329608938547294,sea
syn,sea_s11,ddm,98.98324022346368,21,1.9329608938547294,sea
syn,sea_s11,ddm+half,97.55307262569832,15,0.5027932960893655,sea
syn,sea_s11,ddm+hedge,98.9217877094972,13,1.8715083798882426,sea
syn,sea_s11,eddm,98.3463687150838,8,1.2960893854748412,sea
syn,sea_s11,eddm+half,97.65921787709497,10,0.6089385474860154,sea
syn,sea_s11,eddm+hedge,98.34078212290503,8,1.2905027932960667,sea
syn,sea_s11,fhddm,97.05027932960895,0,0.0,sea
syn,sea_s11,fhddm+half,97.05027932960895,0,0.0,sea
syn,sea_s11,fhddm+hedge,97.05027932960895,0,0.0,sea
syn,sea_s11,hddma,97.30167597765364,1,0.2513966480446883,sea
syn,sea_s11,hddma+half,97.30167597765364,2,0.2513966480446883,sea
syn,sea_s11,hddma+hedge,97.58659217877096,2,0.5363128491620017,sea
syn,sea_s11,hddmw,97.05027932960895,0,0.0,sea
syn,sea_s11,hddmw+half,97.05027932960895,0,0.0,sea
syn,sea_s11,hddmw+hedge,97.05027932960895,0,0.0,sea
syn,sea_s11,adwin,98.7709497206704,8,1.7206703910614407,sea
syn,sea_s11,adwin+half,97.44692737430168,10,0.39664804469272674,sea
syn,sea_s11,adwin+hedge,98.65363128491622,8,1.603351955307264,sea
syn,sea_s11,ph,97.3240223463687,3,0.2737430167597421,sea
syn,sea_s11,ph+half,97.3463687150838,3,0.2960893854748403,sea
syn,sea_s11,ph+hedge,97.35754189944134,3,0.3072625698323894,sea
syn,sea_s11,kswin,97.05027932960895,0,0.0,sea
syn,sea_s11,kswin+half,97.05027932960895,0,0.0,sea
syn,sea_s11,kswin+hedge,97.05027932960895,0,0.0,sea
syn,sea_s12,none,96.85474860335196,0,0.0,sea
syn,sea_s12,ddmM,98.83240223463689,30,1.9776536312849258,sea
syn,sea_s12,ddm,98.83240223463689,30,1.9776536312849258,sea
syn,sea_s12,ddm+half,97.67597765363128,40,0.8212290502793151,sea
syn,sea_s12,ddm+hedge,98.56424581005587,23,1.7094972067039138,sea
syn,sea_s12,eddm,98.34078212290503,8,1.486033519553065,sea
syn,sea_s12,eddm+half,97.59217877094972,11,0.7374301675977635,sea
syn,sea_s12,eddm+hedge,98.22346368715084,8,1.368715083798877,sea
syn,sea_s12,fhddm,96.83798882681562,1,-0.01675977653633476,sea
syn,sea_s12,fhddm+half,96.84916201117318,1,-0.005586592178785654,sea
syn,sea_s12,fhddm+hedge,96.86033519553072,1,0.00558659217876345,sea
syn,sea_s12,hddma,97.29608938547484,2,0.44134078212287875,sea
syn,sea_s12,hddma+half,97.14525139664804,2,0.29050279329607687,sea
syn,sea_s12,hddma+hedge,97.268156424581,2,0.4134078212290393,sea
syn,sea_s12,hddmw,96.85474860335196,0,0.0,sea
syn,sea_s12,hddmw+half,96.85474860335196,0,0.0,sea
syn,sea_s12,hddmw+hedge,96.85474860335196,0,0.0,sea
syn,sea_s12,adwin,98.63687150837988,8,1.7821229050279275,sea
syn,sea_s12,adwin+half,97.37988826815642,9,0.5251396648044637,sea
syn,sea_s12,adwin+hedge,98.35754189944134,8,1.5027932960893886,sea
syn,sea_s12,ph,97.3072625698324,3,0.45251396648045006,sea
syn,sea_s12,ph+half,97.21229050279328,3,0.3575418994413271,sea
syn,sea_s12,ph+hedge,97.3072625698324,3,0.45251396648045006,sea
syn,sea_s12,kswin,96.85474860335196,0,0.0,sea
syn,sea_s12,kswin+half,96.85474860335196,0,0.0,sea
syn,sea_s12,kswin+hedge,96.85474860335196,0,0.0,sea
syn,sea_s13,none,97.12290502793296,0,0.0,sea
syn,sea_s13,ddmM,98.76536312849163,21,1.6424581005586747,sea
syn,sea_s13,ddm,98.76536312849163,21,1.6424581005586747,sea
syn,sea_s13,ddm+half,97.57541899441341,13,0.45251396648045006,sea
syn,sea_s13,ddm+hedge,98.58100558659217,11,1.4581005586592033,sea
syn,sea_s13,eddm,98.2513966480447,8,1.1284916201117379,sea
syn,sea_s13,eddm+half,97.47486033519553,8,0.35195530726256363,sea
syn,sea_s13,eddm+hedge,98.27932960893855,8,1.1564245810055995,sea
syn,sea_s13,fhddm,97.12290502793296,0,0.0,sea
syn,sea_s13,fhddm+half,97.12290502793296,0,0.0,sea
syn,sea_s13,fhddm+hedge,97.12290502793296,0,0.0,sea
syn,sea_s13,hddma,97.74860335195531,3,0.6256983240223501,sea
syn,sea_s13,hddma+half,97.37430167597766,3,0.2513966480446994,sea
syn,sea_s13,hddma+hedge,97.73743016759776,3,0.614525139664801,sea
syn,sea_s13,hddmw,97.12290502793296,0,0.0,sea
syn,sea_s13,hddmw+half,97.12290502793296,0,0.0,sea
syn,sea_s13,hddmw+hedge,97.12290502793296,0,0.0,sea
syn,sea_s13,adwin,98.52513966480447,8,1.4022346368715133,sea
syn,sea_s13,adwin+half,97.43575418994413,8,0.3128491620111751,sea
syn,sea_s13,adwin+hedge,98.33519553072627,8,1.2122905027933006,sea
syn,sea_s13,ph,97.26256983240224,2,0.13966480446927498,sea
syn,sea_s13,ph+half,97.2625698324022,2,0.13966480446925278,sea
syn,sea_s13,ph+hedge,97.25139664804469,2,0.12849162011172588,sea
syn,sea_s13,kswin,97.12290502793296,0,0.0,sea
syn,sea_s13,kswin+half,97.12290502793296,0,0.0,sea
syn,sea_s13,kswin+hedge,97.12290502793296,0,0.0,sea
syn,sea_s14,none,97.12849162011173,0,0.0,sea
syn,sea_s14,ddmM,98.75418994413407,21,1.6256983240223288,sea
syn,sea_s14,ddm,98.75418994413407,20,1.6256983240223288,sea
syn,sea_s14,ddm+half,97.45810055865923,10,0.32960893854748763,sea
syn,sea_s14,ddm+hedge,98.70949720670392,15,1.5810055865921768,sea
syn,sea_s14,eddm,98.30726256983242,8,1.1787709497206866,sea
syn,sea_s14,eddm+half,97.66480446927373,10,0.5363128491620017,sea
syn,sea_s14,eddm+hedge,98.23463687150839,8,1.1061452513966508,sea
syn,sea_s14,fhddm,97.12849162011173,0,0.0,sea
syn,sea_s14,fhddm+half,97.12849162011173,0,0.0,sea
syn,sea_s14,fhddm+hedge,97.12849162011173,0,0.0,sea
syn,sea_s14,hddma,97.96089385474862,3,0.8324022346368865,sea
syn,sea_s14,hddma+half,97.39106145251397,3,0.2625698324022374,sea
syn,sea_s14,hddma+hedge,97.84916201117319,3,0.7206703910614509,sea
syn,sea_s14,hddmw,97.12849162011173,0,0.0,sea
syn,sea_s14,hddmw+half,97.12849162011173,0,0.0,sea
syn,sea_s14,hddmw+hedge,97.12849162011173,0,0.0,sea
syn,sea_s14,adwin,98.75418994413407,8,1.6256983240223288,sea
syn,sea_s14,adwin+half,97.43016759776538,9,0.3016759776536371,sea
syn,sea_s14,adwin+hedge,98.51396648044692,8,1.3854748603351896,sea
syn,sea_s14,ph,97.28491620111733,2,0.15642458100558754,sea
syn,sea_s14,ph+half,97.33519553072627,2,0.2067039106145363,sea
syn,sea_s14,ph+hedge,97.27932960893855,2,0.15083798882681299,sea
syn,sea_s14,kswin,97.12849162011173,0,0.0,sea
syn,sea_s14,kswin+half,97.12849162011173,0,0.0,sea
syn,sea_s14,kswin+hedge,97.12849162011173,0,0.0,sea
syn,sine_s10,none,77.42259414225943,0,0.0,sine
syn,sine_s10,ddmM,94.84937238493724,27,17.42677824267781,sine
syn,sine_s10,ddm,94.69456066945607,23,17.271966527196636,sine
syn,sine_s10,ddm+half,81.163179916318,12,3.740585774058569,sine
syn,sine_s10,ddm+hedge,94.64435146443513,18,17.221757322175712,sine
syn,sine_s10,eddm,95.0376569037657,11,17.615062761506273,sine
syn,sine_s10,eddm+half,83.65271966527197,18,6.230125523012542,sine
syn,sine_s10,eddm+hedge,94.6987447698745,12,17.27615062761506,sine
syn,sine_s10,fhddm,77.90376569037657,11,0.481171548117143,sine
syn,sine_s10,fhddm+half,78.18828451882845,11,0.7656903765690282,sine
syn,sine_s10,fhddm+hedge,77.94979079497908,11,0.5271966527196525,sine
syn,sine_s10,hddma,95.0376569037657,11,17.615062761506273,sine
syn,sine_s10,hddma+half,81.163179916318,11,3.740585774058569,sine
syn,sine_s10,hddma+hedge,94.7029288702929,11,17.280334728033463,sine
syn,sine_s10,hddmw,95.0376569037657,11,17.615062761506273,sine
syn,sine_s10,hddmw+half,81.163179916318,11,3.740585774058569,sine
syn,sine_s10,hddmw+hedge,94.7029288702929,11,17.280334728033463,sine
syn,sine_s10,adwin,95.0376569037657,11,17.615062761506273,sine
syn,sine_s10,adwin+half,82.61087866108787,22,5.188284518828434,sine
syn,sine_s10,adwin+hedge,94.70292887029291,13,17.280334728033473,sine
syn,sine_s10,ph,95.0376569037657,11,17.615062761506273,sine
syn,sine_s10,ph+half,82.50627615062761,22,5.083682008368184,sine
syn,sine_s10,ph+hedge,94.7029288702929,11,17.280334728033463,sine
syn,sine_s10,kswin,95.0376569037657,11,17.615062761506273,sine
syn,sine_s10,kswin+half,81.91213389121337,16,4.489539748953952,sine
syn,sine_s10,kswin+hedge,94.7029288702929,11,17.280334728033463,sine
syn,sine_s11,none,77.23430962343097,0,0.0,sine
syn,sine_s11,ddmM,95.0,25,17.765690376569033,sine
syn,sine_s11,ddm,95.0,25,17.765690376569033,sine
syn,sine_s11,ddm+half,80.65690376569037,14,3.4225941422594053,sine
syn,sine_s11,ddm+hedge,94.57740585774059,17,17.34309623430962,sine
syn,sine_s11,eddm,95.09623430962344,11,17.861924686192467,sine
syn,sine_s11,eddm+half,84.44351464435145,24,7.209205020920484,sine
syn,sine_s11,eddm+hedge,94.67364016736403,11,17.439330543933053,sine
syn,sine_s11,fhddm,77.71548117154812,11,0.481171548117143,sine
syn,sine_s11,fhddm+half,77.90794979079499,11,0.6736401673640091,sine
syn,sine_s11,fhddm+hedge,77.73221757322177,11,0.497907949790799,sine
syn,sine_s11,hddma,95.09623430962344,11,17.861924686192467,sine
syn,sine_s11,hddma+half,80.66527196652721,11,3.4309623430962333,sine
syn,sine_s11,hddma+hedge,94.67364016736403,11,17.439330543933053,sine
syn,sine_s11,hddmw,95.09623430962344,11,17.861924686192467,sine
syn,sine_s11,hddmw+half,80.66527196652721,11,3.4309623430962333,sine
syn,sine_s11,hddmw+hedge,94.67364016736403,11,17.439330543933053,sine
syn,sine_s11,adwin,95.09623430962344,11,17.861924686192467,sine
syn,sine_s11,adwin+half,82.25523012552303,22,5.020920502092052,sine
syn,sine_s11,adwin+hedge,94.63598326359833,15,17.40167364016736,sine
syn,sine_s11,ph,95.09623430962344,11,17.861924686192467,sine
syn,sine_s11,ph+half,81.57322175732219,22,4.338912133891215,sine
syn,sine_s11,ph+hedge,94.65690376569039,13,17.422594142259406,sine
syn,sine_s11,kswin,95.09623430962344,11,17.861924686192467,sine
syn,sine_s11,kswin+half,81.30962343096235,18,4.075313807531378,sine
syn,sine_s11,kswin+hedge,94.67364016736403,11,17.439330543933053,sine
syn,sine_s12,none,77.44351464435147,0,0.0,sine
syn,sine_s12,ddmM,94.92050209205021,18,17.476987447698754,sine
syn,sine_s12,ddm,94.92050209205021,18,17.476987447698754,sine
syn,sine_s12,ddm+half,80.82008368200837,11,3.376569037656907,sine
syn,sine_s12,ddm+hedge,94.3807531380753,22,16.93723849372385,sine
syn,sine_s12,eddm,94.97907949790796,11,17.535564853556494,sine
syn,sine_s12,eddm+half,83.64016736401673,20,6.196652719665274,sine
syn,sine_s12,eddm+hedge,94.68200836820083,12,17.23849372384937,sine
syn,sine_s12,fhddm,77.74058577405857,11,0.297071129707116,sine
syn,sine_s12,fhddm+half,78.06694560669455,11,0.6234309623430856,sine
syn,sine_s12,fhddm+hedge,77.81171548117155,11,0.3682008368200873,sine
syn,sine_s12,hddma,94.97907949790796,11,17.535564853556494,sine
syn,sine_s12,hddma+half,80.82008368200837,11,3.376569037656907,sine
syn,sine_s12,hddma+hedge,94.69456066945607,11,17.2510460251046,sine
syn,sine_s12,hddmw,94.97907949790796,11,17.535564853556494,sine
syn,sine_s12,hddmw+half,80.82008368200837,11,3.376569037656907,sine
syn,sine_s12,hddmw+hedge,94.69456066945607,11,17.2510460251046,sine
syn,sine_s12,adwin,94.97907949790796,11,17.535564853556494,sine
syn,sine_s12,adwin+half,82.06694560669456,22,4.6234309623431,sine
syn,sine_s12,adwin+hedge,94.69456066945607,14,17.2510460251046,sine
syn,sine_s12,ph,94.97907949790796,11,17.535564853556494,sine
syn,sine_s12,ph+half,81.69456066945607,22,4.2510460251046105,sine
syn,sine_s12,ph+hedge,94.47698744769875,12,17.033472803347284,sine
syn,sine_s12,kswin,94.97907949790796,11,17.535564853556494,sine
syn,sine_s12,kswin+half,81.21338912133892,16,3.769874476987456,sine
syn,sine_s12,kswin+hedge,94.69456066945607,11,17.2510460251046,sine
syn,sine_s13,none,77.52719665271968,0,0.0,sine
syn,sine_s13,ddmM,95.05439330543933,21,17.527196652719656,sine
syn,sine_s13,ddm,95.05439330543933,21,17.527196652719656,sine
syn,sine_s13,ddm+half,80.88702928870293,17,3.359832635983251,sine
syn,sine_s13,ddm+hedge,94.71548117154812,19,17.188284518828446,sine
syn,sine_s13,eddm,95.19665271966528,11,17.66945606694561,sine
syn,sine_s13,eddm+half,84.21757322175732,24,6.690376569037648,sine
syn,sine_s13,eddm+hedge,94.72384937238496,12,17.196652719665284,sine
syn,sine_s13,fhddm,77.97907949790796,11,0.45188284518827837,sine
syn,sine_s13,fhddm+half,78.20083682008368,11,0.6736401673640091,sine
syn,sine_s13,fhddm+hedge,78.03347280334728,11,0.5062761506276048,sine
syn,sine_s13,hddma,95.19665271966528,11,17.66945606694561,sine
syn,sine_s13,hddma+half,80.88702928870293,11,3.359832635983251,sine
syn,sine_s13,hddma+hedge,94.7489539748954,11,17.221757322175723,sine
syn,sine_s13,hddmw,95.19665271966528,11,17.66945606694561,sine
syn,sine_s13,hddmw+half,80.88702928870293,11,3.359832635983251,sine
syn,sine_s13,hddmw+hedge,94.7489539748954,11,17.221757322175723,sine
syn,sine_s13,adwin,95.19665271966528,11,17.66945606694561,sine
syn,sine_s13,adwin+half,82.581589958159,22,5.054393305439319,sine
syn,sine_s13,adwin+hedge,94.67782426778244,14,17.150627615062763,sine
syn,sine_s13,ph,95.19665271966528,11,17.66945606694561,sine
syn,sine_s13,ph+half,82.12133891213388,22,4.594142259414202,sine
syn,sine_s13,ph+hedge,94.72384937238496,13,17.196652719665284,sine
syn,sine_s13,kswin,95.19665271966528,11,17.66945606694561,sine
syn,sine_s13,kswin+half,81.55648535564855,17,4.029288702928868,sine
syn,sine_s13,kswin+hedge,94.72803347280336,12,17.200836820083687,sine
syn,sine_s14,none,77.49790794979081,0,0.0,sine
syn,sine_s14,ddmM,94.88702928870293,24,17.389121338912126,sine
syn,sine_s14,ddm,94.88702928870293,24,17.389121338912126,sine
syn,sine_s14,ddm+half,80.9581589958159,14,3.460251046025087,sine
syn,sine_s14,ddm+hedge,94.47280334728035,22,16.974895397489533,sine
syn,sine_s14,eddm,95.02510460251047,11,17.527196652719656,sine
syn,sine_s14,eddm+half,83.57740585774059,17,6.079497907949771,sine
syn,sine_s14,eddm+hedge,94.57322175732219,12,17.07531380753138,sine
syn,sine_s14,fhddm,78.0418410041841,11,0.5439330543932974,sine
syn,sine_s14,fhddm+half,78.39330543933055,11,0.8953974895397399,sine
syn,sine_s14,fhddm+hedge,78.13389121338913,11,0.6359832635983165,sine
syn,sine_s14,hddma,95.02510460251047,11,17.527196652719656,sine
syn,sine_s14,hddma+half,80.9539748953975,11,3.456066945606684,sine
syn,sine_s14,hddma+hedge,94.60251046025105,11,17.104602510460243,sine
syn,sine_s14,hddmw,95.02510460251047,11,17.527196652719656,sine
syn,sine_s14,hddmw+half,80.9539748953975,11,3.456066945606684,sine
syn,sine_s14,hddmw+hedge,94.60251046025105,11,17.104602510460243,sine
syn,sine_s14,adwin,95.02510460251047,11,17.527196652719656,sine
syn,sine_s14,adwin+half,82.2970711297071,22,4.799163179916299,sine
syn,sine_s14,adwin+hedge,94.54811715481173,14,17.050209205020916,sine
syn,sine_s14,ph,95.02510460251047,11,17.527196652719656,sine
syn,sine_s14,ph+half,82.0,22,4.502092050209194,sine
syn,sine_s14,ph+hedge,94.57322175732219,12,17.07531380753138,sine
syn,sine_s14,kswin,95.02510460251047,11,17.527196652719656,sine
syn,sine_s14,kswin+half,81.92887029288704,19,4.430962343096223,sine
syn,sine_s14,kswin+hedge,94.57740585774059,12,17.07949790794978,sine
syn,stagger_s10,none,85.24581005586592,0,0.0,stagger
syn,stagger_s10,ddmM,97.32402234636872,8,12.0782122905028,stagger
syn,stagger_s10,ddm,97.32402234636872,8,12.0782122905028,stagger
syn,stagger_s10,ddm+half,87.94972067039105,8,2.703910614525129,stagger
syn,stagger_s10,ddm+hedge,97.3072625698324,9,12.061452513966486,stagger
syn,stagger_s10,eddm,97.32402234636872,8,12.0782122905028,stagger
syn,stagger_s10,eddm+half,89.98324022346368,15,4.737430167597756,stagger
syn,stagger_s10,eddm+hedge,97.3072625698324,8,12.061452513966486,stagger
syn,stagger_s10,fhddm,85.4245810055866,8,0.17877094972068575,stagger
syn,stagger_s10,fhddm+half,85.4245810055866,8,0.17877094972068575,stagger
syn,stagger_s10,fhddm+hedge,85.4245810055866,8,0.17877094972068575,stagger
syn,stagger_s10,hddma,97.32402234636872,8,12.0782122905028,stagger
syn,stagger_s10,hddma+half,87.7486033519553,8,2.5027932960893784,stagger
syn,stagger_s10,hddma+hedge,97.3072625698324,8,12.061452513966486,stagger
syn,stagger_s10,hddmw,97.32402234636872,8,12.0782122905028,stagger
syn,stagger_s10,hddmw+half,87.7486033519553,8,2.5027932960893784,stagger
syn,stagger_s10,hddmw+hedge,97.3072625698324,8,12.061452513966486,stagger
syn,stagger_s10,adwin,97.32402234636872,8,12.0782122905028,stagger
syn,stagger_s10,adwin+half,87.83798882681565,16,2.592178770949727,stagger
syn,stagger_s10,adwin+hedge,97.3072625698324,8,12.061452513966486,stagger
syn,stagger_s10,ph,96.8268156424581,8,11.581005586592175,stagger
syn,stagger_s10,ph+half,88.34636871508378,16,3.100558659217867,stagger
syn,stagger_s10,ph+hedge,96.8100558659218,8,11.564245810055873,stagger
syn,stagger_s10,kswin,96.25698324022348,8,11.011173184357547,stagger
syn,stagger_s10,kswin+half,87.69273743016758,13,2.446927374301655,stagger
syn,stagger_s10,kswin+hedge,96.24022346368716,8,10.994413407821234,stagger
syn,stagger_s11,none,85.34636871508378,0,0.0,stagger
syn,stagger_s11,ddmM,97.41899441340782,8,12.072625698324035,stagger
syn,stagger_s11,ddm,97.41899441340782,8,12.072625698324035,stagger
syn,stagger_s11,ddm+half,87.65363128491619,8,2.3072625698324023,stagger
syn,stagger_s11,ddm+hedge,97.35195530726259,9,12.005586592178796,stagger
syn,stagger_s11,eddm,97.41899441340782,8,12.072625698324035,stagger
syn,stagger_s11,eddm+half,90.5586592178771,15,5.212290502793316,stagger
syn,stagger_s11,eddm+hedge,97.35195530726259,8,12.005586592178796,stagger
syn,stagger_s11,fhddm,85.49162011173182,8,0.14525139664803843,stagger
syn,stagger_s11,fhddm+half,85.49162011173182,8,0.14525139664803843,stagger
syn,stagger_s11,fhddm+hedge,85.49162011173182,8,0.14525139664803843,stagger
syn,stagger_s11,hddma,97.41899441340782,8,12.072625698324035,stagger
syn,stagger_s11,hddma+half,87.65363128491619,8,2.3072625698324023,stagger
syn,stagger_s11,hddma+hedge,97.35195530726259,8,12.005586592178796,stagger
syn,stagger_s11,hddmw,97.41899441340782,8,12.072625698324035,stagger
syn,stagger_s11,hddmw+half,88.58100558659217,11,3.2346368715083895,stagger
syn,stagger_s11,hddmw+hedge,97.35195530726259,8,12.005586592178796,stagger
syn,stagger_s11,adwin,97.41899441340782,8,12.072625698324035,stagger
syn,stagger_s11,adwin+half,87.9608938547486,16,2.614525139664814,stagger
syn,stagger_s11,adwin+hedge,97.35195530726259,8,12.005586592178796,stagger
syn,stagger_s11,ph,96.51955307262571,8,11.17318435754192,stagger
syn,stagger_s11,ph+half,88.75418994413408,16,3.4078212290502896,stagger
syn,stagger_s11,ph+hedge,96.49720670391062,8,11.150837988826833,stagger
syn,stagger_s11,kswin,97.41899441340782,8,12.072625698324035,stagger
syn,stagger_s11,kswin+half,88.52513966480447,11,3.1787709497206884,stagger
syn,stagger_s11,kswin+hedge,97.35195530726259,8,12.005586592178796,stagger
syn,stagger_s12,none,85.60335195530726,0,0.0,stagger
syn,stagger_s12,ddmM,97.33519553072625,8,11.731843575418988,stagger
syn,stagger_s12,ddm,97.33519553072625,8,11.731843575418988,stagger
syn,stagger_s12,ddm+half,87.74301675977654,8,2.1396648044692768,stagger
syn,stagger_s12,ddm+hedge,97.3240223463687,9,11.72067039106144,stagger
syn,stagger_s12,eddm,97.33519553072625,8,11.731843575418988,stagger
syn,stagger_s12,eddm+half,90.36871508379888,16,4.765363128491618,stagger
syn,stagger_s12,eddm+hedge,97.3240223463687,8,11.72067039106144,stagger
syn,stagger_s12,fhddm,85.65921787709496,8,0.05586592178770111,stagger
syn,stagger_s12,fhddm+half,85.65921787709496,8,0.05586592178770111,stagger
syn,stagger_s12,fhddm+hedge,85.65921787709496,8,0.05586592178770111,stagger
syn,stagger_s12,hddma,97.33519553072625,8,11.731843575418988,stagger
syn,stagger_s12,hddma+half,87.74301675977654,8,2.1396648044692768,stagger
syn,stagger_s12,hddma+hedge,97.3240223463687,8,11.72067039106144,stagger
syn,stagger_s12,hddmw,97.33519553072625,8,11.731843575418988,stagger
syn,stagger_s12,hddmw+half,87.74301675977654,8,2.1396648044692768,stagger
syn,stagger_s12,hddmw+hedge,97.3240223463687,8,11.72067039106144,stagger
syn,stagger_s12,adwin,97.33519553072625,8,11.731843575418988,stagger
syn,stagger_s12,adwin+half,87.83798882681563,16,2.2346368715083775,stagger
syn,stagger_s12,adwin+hedge,97.3240223463687,8,11.72067039106144,stagger
syn,stagger_s12,ph,96.43016759776536,8,10.826815642458099,stagger
syn,stagger_s12,ph+half,88.47486033519554,16,2.871508379888277,stagger
syn,stagger_s12,ph+hedge,96.41899441340782,8,10.81564245810055,stagger
syn,stagger_s12,kswin,97.33519553072625,8,11.731843575418988,stagger
syn,stagger_s12,kswin+half,87.78212290502793,11,2.1787709497206653,stagger
syn,stagger_s12,kswin+hedge,97.3240223463687,8,11.72067039106144,stagger
syn,stagger_s13,none,85.62011173184358,0,0.0,stagger
syn,stagger_s13,ddmM,97.32402234636872,8,11.703910614525148,stagger
syn,stagger_s13,ddm,97.32402234636872,8,11.703910614525148,stagger
syn,stagger_s13,ddm+half,87.99999999999999,9,2.379888268156416,stagger
syn,stagger_s13,ddm+hedge,97.31843575418996,8,11.698324022346384,stagger
syn,stagger_s13,eddm,97.32402234636872,8,11.703910614525148,stagger
syn,stagger_s13,eddm+half,91.60335195530726,24,5.983240223463692,stagger
syn,stagger_s13,eddm+hedge,97.31843575418996,8,11.698324022346384,stagger
syn,stagger_s13,fhddm,85.68715083798882,8,0.06703910614525022,stagger
syn,stagger_s13,fhddm+half,85.68715083798882,8,0.06703910614525022,stagger
syn,stagger_s13,fhddm+hedge,85.68715083798882,8,0.06703910614525022,stagger
syn,stagger_s13,hddma,97.32402234636872,8,11.703910614525148,stagger
syn,stagger_s13,hddma+half,88.03351955307261,9,2.413407821229041,stagger
syn,stagger_s13,hddma+hedge,97.31843575418996,8,11.698324022346384,stagger
syn,stagger_s13,hddmw,97.32402234636872,8,11.703910614525148,stagger
syn,stagger_s13,hddmw+half,87.6536312849162,8,2.033519553072627,stagger
syn,stagger_s13,hddmw+hedge,97.31843575418996,8,11.698324022346384,stagger
syn,stagger_s13,adwin,97.32402234636872,8,11.703910614525148,stagger
syn,stagger_s13,adwin+half,87.88268156424581,16,2.262569832402239,stagger
syn,stagger_s13,adwin+hedge,97.31843575418996,8,11.698324022346384,stagger
syn,stagger_s13,ph,96.7877094972067,8,11.167597765363135,stagger
syn,stagger_s13,ph+half,88.08379888268155,16,2.4636871508379787,stagger
syn,stagger_s13,ph+hedge,96.78212290502793,8,11.16201117318436,stagger
syn,stagger_s13,kswin,97.32402234636872,8,11.703910614525148,stagger
syn,stagger_s13,kswin+half,87.89385474860335,13,2.273743016759766,stagger
syn,stagger_s13,kswin+hedge,97.31843575418996,8,11.698324022346384,stagger
syn,stagger_s14,none,85.56424581005585,0,0.0,stagger
syn,stagger_s14,ddmM,97.36312849162012,8,11.79888268156426,stagger
syn,stagger_s14,ddm,97.36312849162012,8,11.79888268156426,stagger
syn,stagger_s14,ddm+half,88.16759776536313,8,2.603351955307276,stagger
syn,stagger_s14,ddm+hedge,97.32402234636872,9,11.759776536312872,stagger
syn,stagger_s14,eddm,97.36312849162012,8,11.79888268156426,stagger
syn,stagger_s14,eddm+half,89.93296089385477,18,4.368715083798913,stagger
syn,stagger_s14,eddm+hedge,97.32402234636872,8,11.759776536312872,stagger
syn,stagger_s14,fhddm,85.73184357541899,8,0.16759776536314774,stagger
syn,stagger_s14,fhddm+half,85.73184357541899,8,0.16759776536314774,stagger
syn,stagger_s14,fhddm+hedge,85.73184357541899,8,0.16759776536314774,stagger
syn,stagger_s14,hddma,97.36312849162012,8,11.79888268156426,stagger
syn,stagger_s14,hddma+half,87.89944134078212,8,2.335195530726264,stagger
syn,stagger_s14,hddma+hedge,97.32402234636872,8,11.759776536312872,stagger
syn,stagger_s14,hddmw,97.36312849162012,8,11.79888268156426,stagger
syn,stagger_s14,hddmw+half,87.89944134078212,8,2.335195530726264,stagger
syn,stagger_s14,hddmw+hedge,97.32402234636872,8,11.759776536312872,stagger
syn,stagger_s14,adwin,97.36312849162012,8,11.79888268156426,stagger
syn,stagger_s14,adwin+half,88.06703910614524,16,2.5027932960893895,stagger
syn,stagger_s14,adwin+hedge,97.32402234636872,8,11.759776536312872,stagger
syn,stagger_s14,ph,96.52513966480447,8,10.96089385474862,stagger
syn,stagger_s14,ph+half,89.1173184357542,16,3.5530726256983503,stagger
syn,stagger_s14,ph+hedge,96.48603351955306,8,10.92178770949721,stagger
syn,stagger_s14,kswin,96.21787709497208,8,10.653631284916232,stagger
syn,stagger_s14,kswin+half,87.89385474860335,12,2.3296089385474894,stagger
syn,stagger_s14,kswin+hedge,96.17877094972069,8,10.614525139664831,stagger
syn,grid_c5_b500_s10,none,48.81818181818182,0,0.0,grid
syn,grid_c5_b500_s10,ddmM,87.36363636363636,8,38.54545454545453,grid
syn,grid_c5_b500_s10,ddm,87.36363636363636,8,38.54545454545453,grid
syn,grid_c5_b500_s10,ddm+half,50.63636363636363,3,1.8181818181818132,grid
syn,grid_c5_b500_s10,ddm+hedge,87.31818181818181,10,38.49999999999999,grid
syn,grid_c5_b500_s10,eddm,87.36363636363636,8,38.54545454545453,grid
syn,grid_c5_b500_s10,eddm+half,53.97727272727273,8,5.159090909090907,grid
syn,grid_c5_b500_s10,eddm+hedge,87.31818181818181,8,38.49999999999999,grid
syn,grid_c5_b500_s10,fhddm,61.727272727272734,6,12.909090909090908,grid
syn,grid_c5_b500_s10,fhddm+half,44.02272727272727,7,-4.795454545454547,grid
syn,grid_c5_b500_s10,fhddm+hedge,62.15909090909091,5,13.340909090909086,grid
syn,grid_c5_b500_s10,hddma,87.36363636363636,8,38.54545454545453,grid
syn,grid_c5_b500_s10,hddma+half,47.77272727272728,5,-1.0454545454545439,grid
syn,grid_c5_b500_s10,hddma+hedge,87.31818181818181,8,38.49999999999999,grid
syn,grid_c5_b500_s10,hddmw,87.36363636363636,8,38.54545454545453,grid
syn,grid_c5_b500_s10,hddmw+half,47.36363636363638,7,-1.4545454545454417,grid
syn,grid_c5_b500_s10,hddmw+hedge,87.31818181818181,8,38.49999999999999,grid
syn,grid_c5_b500_s10,adwin,87.36363636363636,8,38.54545454545453,grid
syn,grid_c5_b500_s10,adwin+half,50.84090909090909,4,2.0227272727272707,grid
syn,grid_c5_b500_s10,adwin+hedge,87.31818181818181,8,38.49999999999999,grid
syn,grid_c5_b500_s10,ph,85.0,8,36.18181818181817,grid
syn,grid_c5_b500_s10,ph+half,50.52272727272727,8,1.704545454545453,grid
syn,grid_c5_b500_s10,ph+hedge,85.22727272727273,8,36.40909090909091,grid
syn,grid_c5_b500_s10,kswin,87.36363636363636,8,38.54545454545453,grid
syn,grid_c5_b500_s10,kswin+half,52.06818181818181,9,3.249999999999992,grid
syn,grid_c5_b500_s10,kswin+hedge,87.31818181818181,8,38.49999999999999,grid
syn,grid_c5_b500_s11,none,38.31818181818182,0,0.0,grid
syn,grid_c5_b500_s11,ddmM,80.5,12,42.18181818181818,grid
syn,grid_c5_b500_s11,ddm,78.13636363636363,11,39.818181818181806,grid
syn,grid_c5_b500_s11,ddm+half,40.38636363636364,5,2.0681818181818135,grid
syn,grid_c5_b500_s11,ddm+hedge,80.13636363636363,13,41.818181818181806,grid
syn,grid_c5_b500_s11,eddm,86.18181818181817,8,47.863636363636346,grid
syn,grid_c5_b500_s11,eddm+half,47.75,8,9.43181818181818,grid
syn,grid_c5_b500_s11,eddm+hedge,86.22727272727272,8,47.90909090909089,grid
syn,grid_c5_b500_s11,fhddm,55.54545454545454,3,17.22727272727272,grid
syn,grid_c5_b500_s11,fhddm+half,38.31818181818182,6,-5.551115123125783e-15,grid
syn,grid_c5_b500_s11,fhddm+hedge,55.43181818181817,3,17.11363636363635,grid
syn,grid_c5_b500_s11,hddma,86.18181818181817,8,47.863636363636346,grid
syn,grid_c5_b500_s11,hddma+half,41.11363636363636,3,2.7954545454545396,grid
syn,grid_c5_b500_s11,hddma+hedge,86.22727272727272,8,47.90909090909089,grid
syn,grid_c5_b500_s11,hddmw,86.18181818181817,8,47.863636363636346,grid
syn,grid_c5_b500_s11,hddmw+half,39.49999999999999,5,1.1818181818181728,grid
syn,grid_c5_b500_s11,hddmw+hedge,85.5,8,47.18181818181817,grid
syn,grid_c5_b500_s11,adwin,86.18181818181817,8,47.863636363636346,grid
syn,grid_c5_b500_s11,adwin+half,37.99999999999999,8,-0.31818181818182856,grid
syn,grid_c5_b500_s11,adwin+hedge,86.22727272727272,8,47.90909090909089,grid
syn,grid_c5_b500_s11,ph,83.50000000000001,8,45.18181818181819,grid
syn,grid_c5_b500_s11,ph+half,46.25,7,7.931818181818179,grid
syn,grid_c5_b500_s11,ph+hedge,83.68181818181817,8,45.36363636363635,grid
syn,grid_c5_b500_s11,kswin,83.18181818181819,7,44.86363636363637,grid
syn,grid_c5_b500_s11,kswin+half,38.88636363636363,6,0.5681818181818121,grid
syn,grid_c5_b500_s11,kswin+hedge,83.22727272727272,7,44.90909090909089,grid
syn,grid_c5_b2000_s10,none,83.63128491620114,0,0.0,grid
syn,grid_c5_b2000_s10,ddmM,96.97206703910614,14,13.340782122905004,grid
syn,grid_c5_b2000_s10,ddm,96.97206703910614,14,13.340782122905004,grid
syn,grid_c5_b2000_s10,ddm+half,86.54748603351956,9,2.916201117318429,grid
syn,grid_c5_b2000_s10,ddm+hedge,96.96648044692738,15,13.33519553072624,grid
syn,grid_c5_b2000_s10,eddm,96.96648044692738,8,13.33519553072624,grid
syn,grid_c5_b2000_s10,eddm+half,89.92737430167598,18,6.296089385474857,grid
syn,grid_c5_b2000_s10,eddm+hedge,96.9608938547486,8,13.329608938547477,grid
syn,grid_c5_b2000_s10,fhddm,83.6536312849162,8,0.022346368715076004,grid
syn,grid_c5_b2000_s10,fhddm+half,83.64804469273744,8,0.016759776536312554,grid
syn,grid_c5_b2000_s10,fhddm+hedge,83.65921787709497,8,0.027932960893839454,grid
syn,grid_c5_b2000_s10,hddma,96.96648044692738,8,13.33519553072624,grid
syn,grid_c5_b2000_s10,hddma+half,86.54748603351956,8,2.916201117318429,grid
syn,grid_c5_b2000_s10,hddma+hedge,96.9608938547486,8,13.329608938547477,grid
syn,grid_c5_b2000_s10,hddmw,96.96648044692738,8,13.33519553072624,grid
syn,grid_c5_b2000_s10,hddmw+half,86.80446927374301,10,3.1731843575418806,grid
syn,grid_c5_b2000_s10,hddmw+hedge,96.9608938547486,8,13.329608938547477,grid
syn,grid_c5_b2000_s10,adwin,96.96648044692738,8,13.33519553072624,grid
syn,grid_c5_b2000_s10,adwin+half,86.64804469273744,16,3.016759776536315,grid
syn,grid_c5_b2000_s10,adwin+hedge,96.9608938547486,8,13.329608938547477,grid
syn,grid_c5_b2000_s10,ph,96.96648044692738,8,13.33519553072624,grid
syn,grid_c5_b2000_s10,ph+half,86.63687150837987,16,3.005586592178744,grid
syn,grid_c5_b2000_s10,ph+hedge,96.9608938547486,8,13.329608938547477,grid
syn,grid_c5_b2000_s10,kswin,96.96648044692738,8,13.33519553072624,grid
syn,grid_c5_b2000_s10,kswin+half,86.78212290502793,14,3.1508379888268045,grid
syn,grid_c5_b2000_s10,kswin+hedge,96.9608938547486,8,13.329608938547477,grid
syn,grid_c5_b2000_s11,none,81.88826815642459,0,0.0,grid
syn,grid_c5_b2000_s11,ddmM,96.15642458100558,28,14.26815642458099,grid
syn,grid_c5_b2000_s11,ddm,96.15642458100558,28,14.26815642458099,grid
syn,grid_c5_b2000_s11,ddm+half,85.62569832402234,10,3.737430167597744,grid
syn,grid_c5_b2000_s11,ddm+hedge,95.7486033519553,26,13.860335195530704,grid
syn,grid_c5_b2000_s11,eddm,96.54748603351955,8,14.659217877094955,grid
syn,grid_c5_b2000_s11,eddm+half,88.07262569832403,15,6.184357541899432,grid
syn,grid_c5_b2000_s11,eddm+hedge,96.51955307262571,8,14.631284916201114,grid
syn,grid_c5_b2000_s11,fhddm,81.89385474860333,8,0.005586592178741245,grid
syn,grid_c5_b2000_s11,fhddm+half,81.96648044692736,8,0.07821229050277712,grid
syn,grid_c5_b2000_s11,fhddm+hedge,81.91061452513966,8,0.022346368715076004,grid
syn,grid_c5_b2000_s11,hddma,96.54748603351955,8,14.659217877094955,grid
syn,grid_c5_b2000_s11,hddma+half,85.45810055865924,8,3.5698324022346406,grid
syn,grid_c5_b2000_s11,hddma+hedge,96.51955307262571,8,14.631284916201114,grid
syn,grid_c5_b2000_s11,hddmw,96.21229050279331,8,14.324022346368714,grid
syn,grid_c5_b2000_s11,hddmw+half,85.21787709497207,8,3.329608938547468,grid
syn,grid_c5_b2000_s11,hddmw+hedge,96.17877094972067,8,14.290502793296078,grid
syn,grid_c5_b2000_s11,adwin,96.54748603351955,8,14.659217877094955,grid
syn,grid_c5_b2000_s11,adwin+half,85.2905027932961,16,3.402234636871504,grid
syn,grid_c5_b2000_s11,adwin+hedge,96.51955307262571,8,14.631284916201114,grid
syn,grid_c5_b2000_s11,ph,96.00558659217879,8,14.11731843575419,grid
syn,grid_c5_b2000_s11,ph+half,85.44692737430168,16,3.5586592178770804,grid
syn,grid_c5_b2000_s11,ph+hedge,95.98324022346368,8,14.094972067039091,grid
syn,grid_c5_b2000_s11,kswin,94.81564245810057,6,12.927374301675975,grid
syn,grid_c5_b2000_s11,kswin+half,85.08938547486034,12,3.201117318435742,grid
syn,grid_c5_b2000_s11,kswin+hedge,94.79888268156425,6,12.910614525139652,grid
syn,grid_c30_b500_s10,none,51.590909090909086,0,0.0,grid
syn,grid_c30_b500_s10,ddmM,83.4090909090909,10,31.818181818181813,grid
syn,grid_c30_b500_s10,ddm,83.4090909090909,10,31.818181818181813,grid
syn,grid_c30_b500_s10,ddm+half,51.90909090909091,1,0.31818181818181746,grid
syn,grid_c30_b500_s10,ddm+hedge,82.34090909090907,9,30.74999999999998,grid
syn,grid_c30_b500_s10,eddm,83.77272727272728,8,32.18181818181819,grid
syn,grid_c30_b500_s10,eddm+half,60.43181818181819,20,8.840909090909099,grid
syn,grid_c30_b500_s10,eddm+hedge,82.5681818181818,8,30.97727272727271,grid
syn,grid_c30_b500_s10,fhddm,64.77272727272727,7,13.181818181818183,grid
syn,grid_c30_b500_s10,fhddm+half,53.56818181818181,5,1.9772727272727275,grid
syn,grid_c30_b500_s10,fhddm+hedge,61.65909090909092,6,10.06818181818183,grid
syn,grid_c30_b500_s10,hddma,83.77272727272728,8,32.18181818181819,grid
syn,grid_c30_b500_s10,hddma+half,54.31818181818181,5,2.7272727272727226,grid
syn,grid_c30_b500_s10,hddma+hedge,82.5681818181818,8,30.97727272727271,grid
syn,grid_c30_b500_s10,hddmw,83.77272727272728,8,32.18181818181819,grid
syn,grid_c30_b500_s10,hddmw+half,55.75,8,4.159090909090912,grid
syn,grid_c30_b500_s10,hddmw+hedge,82.5681818181818,8,30.97727272727271,grid
syn,grid_c30_b500_s10,adwin,83.77272727272728,8,32.18181818181819,grid
syn,grid_c30_b500_s10,adwin+half,54.81818181818181,5,3.227272727272723,grid
syn,grid_c30_b500_s10,adwin+hedge,82.5681818181818,8,30.97727272727271,grid
syn,grid_c30_b500_s10,ph,80.79545454545453,8,29.20454545454545,grid
syn,grid_c30_b500_s10,ph+half,54.11363636363637,4,2.5227272727272765,grid
syn,grid_c30_b500_s10,ph+hedge,79.31818181818181,8,27.727272727272723,grid
syn,grid_c30_b500_s10,kswin,83.77272727272728,8,32.18181818181819,grid
syn,grid_c30_b500_s10,kswin+half,52.72727272727272,2,1.1363636363636354,grid
syn,grid_c30_b500_s10,kswin+hedge,82.5681818181818,8,30.97727272727271,grid
syn,grid_c30_b500_s11,none,36.590909090909086,0,0.0,grid
syn,grid_c30_b500_s11,ddmM,80.20454545454544,15,43.61363636363635,grid
syn,grid_c30_b500_s11,ddm,80.20454545454544,15,43.61363636363635,grid
syn,grid_c30_b500_s11,ddm+half,42.04545454545455,6,5.454545454545462,grid
syn,grid_c30_b500_s11,ddm+hedge,78.61363636363635,13,42.022727272727266,grid
syn,grid_c30_b500_s11,eddm,80.93181818181816,8,44.34090909090907,grid
syn,grid_c30_b500_s11,eddm+half,51.27272727272728,22,14.681818181818196,grid
syn,grid_c30_b500_s11,eddm+hedge,78.6590909090909,9,42.06818181818183,grid
syn,grid_c30_b500_s11,fhddm,58.477272727272734,8,21.886363636363647,grid
syn,grid_c30_b500_s11,fhddm+half,38.88636363636364,7,2.295454545454556,grid
syn,grid_c30_b500_s11,fhddm+hedge,55.31818181818182,8,18.727272727272737,grid
syn,grid_c30_b500_s11,hddma,80.93181818181816,8,44.34090909090907,grid
syn,grid_c30_b500_s11,hddma+half,41.93181818181818,6,5.340909090909096,grid
syn,grid_c30_b500_s11,hddma+hedge,79.11363636363636,8,42.52272727272728,grid
syn,grid_c30_b500_s11,hddmw,80.93181818181816,8,44.34090909090907,grid
syn,grid_c30_b500_s11,hddmw+half,43.79545454545454,9,7.204545454545458,grid
syn,grid_c30_b500_s11,hddmw+hedge,79.11363636363636,8,42.52272727272728,grid
syn,grid_c30_b500_s11,adwin,80.93181818181816,8,44.34090909090907,grid
syn,grid_c30_b500_s11,adwin+half,43.43181818181819,7,6.840909090909103,grid
syn,grid_c30_b500_s11,adwin+hedge,78.45454545454544,9,41.86363636363636,grid
syn,grid_c30_b500_s11,ph,80.93181818181816,8,44.34090909090907,grid
syn,grid_c30_b500_s11,ph+half,42.31818181818182,7,5.727272727272736,grid
syn,grid_c30_b500_s11,ph+hedge,79.11363636363636,8,42.52272727272728,grid
syn,grid_c30_b500_s11,kswin,80.93181818181816,8,44.34090909090907,grid
syn,grid_c30_b500_s11,kswin+half,44.227272727272734,10,7.6363636363636465,grid
syn,grid_c30_b500_s11,kswin+hedge,79.11363636363636,8,42.52272727272728,grid
syn,grid_c30_b2000_s10,none,82.93854748603351,0,0.0,grid
syn,grid_c30_b2000_s10,ddmM,94.52513966480446,12,11.586592178770939,grid
syn,grid_c30_b2000_s10,ddm,94.52513966480446,12,11.586592178770939,grid
syn,grid_c30_b2000_s10,ddm+half,85.2122905027933,8,2.273743016759777,grid
syn,grid_c30_b2000_s10,ddm+hedge,93.72625698324025,9,10.787709497206722,grid
syn,grid_c30_b2000_s10,eddm,94.60893854748603,9,11.670391061452513,grid
syn,grid_c30_b2000_s10,eddm+half,87.74301675977654,21,4.804469273743017,grid
syn,grid_c30_b2000_s10,eddm+hedge,93.51396648044692,11,10.575418994413411,grid
syn,grid_c30_b2000_s10,fhddm,84.22346368715084,8,1.2849162011173143,grid
syn,grid_c30_b2000_s10,fhddm+half,84.77653631284916,8,1.8379888268156397,grid
syn,grid_c30_b2000_s10,fhddm+hedge,84.5586592178771,8,1.6201117318435876,grid
syn,grid_c30_b2000_s10,hddma,94.71508379888269,8,11.776536312849172,grid
syn,grid_c30_b2000_s10,hddma+half,85.2122905027933,8,2.273743016759777,grid
syn,grid_c30_b2000_s10,hddma+hedge,93.81564245810057,8,10.877094972067047,grid
syn,grid_c30_b2000_s10,hddmw,94.71508379888269,8,11.776536312849172,grid
syn,grid_c30_b2000_s10,hddmw+half,85.2122905027933,8,2.273743016759777,grid
syn,grid_c30_b2000_s10,hddmw+hedge,93.81564245810057,8,10.877094972067047,grid
syn,grid_c30_b2000_s10,adwin,94.71508379888269,8,11.776536312849172,grid
syn,grid_c30_b2000_s10,adwin+half,85.6536312849162,16,2.715083798882678,grid
syn,grid_c30_b2000_s10,adwin+hedge,93.45251396648044,16,10.513966480446923,grid
syn,grid_c30_b2000_s10,ph,94.40223463687151,8,11.463687150837998,grid
syn,grid_c30_b2000_s10,ph+half,86.02793296089386,16,3.08938547486034,grid
syn,grid_c30_b2000_s10,ph+hedge,93.35754189944134,15,10.418994413407823,grid
syn,grid_c30_b2000_s10,kswin,94.71508379888269,8,11.776536312849172,grid
syn,grid_c30_b2000_s10,kswin+half,85.2122905027933,8,2.273743016759777,grid
syn,grid_c30_b2000_s10,kswin+hedge,93.76536312849164,9,10.82681564245812,grid
syn,grid_c30_b2000_s11,none,78.4972067039106,0,0.0,grid
syn,grid_c30_b2000_s11,ddmM,93.39664804469272,14,14.899441340782115,grid
syn,grid_c30_b2000_s11,ddm,93.39664804469272,14,14.899441340782115,grid
syn,grid_c30_b2000_s11,ddm+half,81.33519553072624,10,2.8379888268156406,grid
syn,grid_c30_b2000_s11,ddm+hedge,92.42458100558659,12,13.927374301675988,grid
syn,grid_c30_b2000_s11,eddm,93.54189944134077,9,15.044692737430177,grid
syn,grid_c30_b2000_s11,eddm+half,84.01117318435753,19,5.51396648044693,grid
syn,grid_c30_b2000_s11,eddm+hedge,92.11173184357541,12,13.614525139664813,grid
syn,grid_c30_b2000_s11,fhddm,80.79888268156424,8,2.3016759776536277,grid
syn,grid_c30_b2000_s11,fhddm+half,81.28491620111731,8,2.787709497206714,grid
syn,grid_c30_b2000_s11,fhddm+hedge,80.98324022346367,8,2.486033519553066,grid
syn,grid_c30_b2000_s11,hddma,93.60335195530726,8,15.106145251396653,grid
syn,grid_c30_b2000_s11,hddma+half,81.33519553072624,8,2.8379888268156406,grid
syn,grid_c30_b2000_s11,hddma+hedge,92.62011173184355,8,14.122905027932953,grid
syn,grid_c30_b2000_s11,hddmw,93.60335195530726,8,15.106145251396653,grid
syn,grid_c30_b2000_s11,hddmw+half,81.33519553072624,8,2.8379888268156406,grid
syn,grid_c30_b2000_s11,hddmw+hedge,92.62011173184355,8,14.122905027932953,grid
syn,grid_c30_b2000_s11,adwin,93.60335195530726,8,15.106145251396653,grid
syn,grid_c30_b2000_s11,adwin+half,83.08379888268155,16,4.5865921787709425,grid
syn,grid_c30_b2000_s11,adwin+hedge,92.17877094972067,17,13.681564245810062,grid
syn,grid_c30_b2000_s11,ph,93.60335195530726,8,15.106145251396653,grid
syn,grid_c30_b2000_s11,ph+half,83.01117318435752,16,4.513966480446918,grid
syn,grid_c30_b2000_s11,ph+hedge,92.46927374301674,16,13.97206703910614,grid
syn,grid_c30_b2000_s11,kswin,93.60335195530726,8,15.106145251396653,grid
syn,grid_c30_b2000_s11,kswin+half,81.35754189944134,9,2.860335195530739,grid
syn,grid_c30_b2000_s11,kswin+hedge,92.50279329608938,9,14.005586592178776,grid
syn,grid_c100_b500_s10,none,44.25000000000001,0,0.0,grid
syn,grid_c100_b500_s10,ddmM,65.56818181818183,8,21.31818181818182,grid
syn,grid_c100_b500_s10,ddm,65.56818181818183,8,21.31818181818182,grid
syn,grid_c100_b500_s10,ddm+half,47.5909090909091,7,3.3409090909090944,grid
syn,grid_c100_b500_s10,ddm+hedge,64.3409090909091,8,20.090909090909086,grid
syn,grid_c100_b500_s10,eddm,58.81818181818183,19,14.568181818181818,grid
syn,grid_c100_b500_s10,eddm+half,51.45454545454545,22,7.204545454545447,grid
syn,grid_c100_b500_s10,eddm+hedge,61.56818181818182,14,17.318181818181817,grid
syn,grid_c100_b500_s10,fhddm,50.65909090909092,11,6.4090909090909145,grid
syn,grid_c100_b500_s10,fhddm+half,46.97727272727273,7,2.7272727272727226,grid
syn,grid_c100_b500_s10,fhddm+hedge,50.31818181818182,8,6.068181818181811,grid
syn,grid_c100_b500_s10,hddma,65.56818181818183,8,21.31818181818182,grid
syn,grid_c100_b500_s10,hddma+half,47.5909090909091,7,3.3409090909090944,grid
syn,grid_c100_b500_s10,hddma+hedge,64.3409090909091,8,20.090909090909086,grid
syn,grid_c100_b500_s10,hddmw,65.56818181818183,8,21.31818181818182,grid
syn,grid_c100_b500_s10,hddmw+half,47.340909090909086,8,3.090909090909083,grid
syn,grid_c100_b500_s10,hddmw+hedge,64.3409090909091,8,20.090909090909086,grid
syn,grid_c100_b500_s10,adwin,57.45454545454547,8,13.204545454545464,grid
syn,grid_c100_b500_s10,adwin+half,44.545454545454554,1,0.29545454545454874,grid
syn,grid_c100_b500_s10,adwin+hedge,51.77272727272727,5,7.5227272727272645,grid
syn,grid_c100_b500_s10,ph,52.38636363636364,6,8.136363636363637,grid
syn,grid_c100_b500_s10,ph+half,48.93181818181818,6,4.681818181818176,grid
syn,grid_c100_b500_s10,ph+hedge,53.0,7,8.749999999999996,grid
syn,grid_c100_b500_s10,kswin,65.56818181818183,8,21.31818181818182,grid
syn,grid_c100_b500_s10,kswin+half,45.97727272727273,5,1.7272727272727217,grid
syn,grid_c100_b500_s10,kswin+hedge,62.45454545454545,10,18.204545454545446,grid
syn,grid_c100_b500_s11,none,39.954545454545446,0,0.0,grid
syn,grid_c100_b500_s11,ddmM,63.409090909090914,8,23.454545454545467,grid
syn,grid_c100_b500_s11,ddm,63.409090909090914,8,23.454545454545467,grid
syn,grid_c100_b500_s11,ddm+half,46.13636363636363,8,6.181818181818189,grid
syn,grid_c100_b500_s11,ddm+hedge,61.43181818181819,8,21.47727272727274,grid
syn,grid_c100_b500_s11,eddm,58.13636363636363,17,18.181818181818183,grid
syn,grid_c100_b500_s11,eddm+half,44.93181818181818,11,4.97727272727273,grid
syn,grid_c100_b500_s11,eddm+hedge,55.159090909090914,17,15.204545454545466,grid
syn,grid_c100_b500_s11,fhddm,48.772727272727266,11,8.81818181818182,grid
syn,grid_c100_b500_s11,fhddm+half,43.45454545454545,8,3.500000000000003,grid
syn,grid_c100_b500_s11,fhddm+hedge,48.159090909090914,9,8.204545454545464,grid
syn,grid_c100_b500_s11,hddma,63.409090909090914,8,23.454545454545467,grid
syn,grid_c100_b500_s11,hddma+half,42.0,4,2.0454545454545503,grid
syn,grid_c100_b500_s11,hddma+hedge,61.43181818181819,8,21.47727272727274,grid
syn,grid_c100_b500_s11,hddmw,62.43181818181819,9,22.47727272727274,grid
syn,grid_c100_b500_s11,hddmw+half,43.59090909090908,7,3.6363636363636322,grid
syn,grid_c100_b500_s11,hddmw+hedge,60.65909090909092,9,20.70454545454547,grid
syn,grid_c100_b500_s11,adwin,49.68181818181818,4,9.727272727272734,grid
syn,grid_c100_b500_s11,adwin+half,40.04545454545454,1,0.0909090909090915,grid
syn,grid_c100_b500_s11,adwin+hedge,53.06818181818181,9,13.113636363636367,grid
syn,grid_c100_b500_s11,ph,55.25000000000001,8,15.295454545454563,grid
syn,grid_c100_b500_s11,ph+half,40.45454545454545,2,0.500000000000006,grid
syn,grid_c100_b500_s11,ph+hedge,51.11363636363636,7,11.159090909090914,grid
syn,grid_c100_b500_s11,kswin,62.43181818181819,9,22.47727272727274,grid
syn,grid_c100_b500_s11,kswin+half,42.88636363636364,5,2.931818181818191,grid
syn,grid_c100_b500_s11,kswin+hedge,58.77272727272727,11,18.818181818181827,grid
syn,grid_c100_b2000_s10,none,75.39106145251397,0,0.0,grid
syn,grid_c100_b2000_s10,ddmM,84.92737430167597,9,9.536312849162009,grid
syn,grid_c100_b2000_s10,ddm,84.92737430167597,9,9.536312849162009,grid
syn,grid_c100_b2000_s10,ddm+half,77.50279329608941,8,2.1117318435754373,grid
syn,grid_c100_b2000_s10,ddm+hedge,84.1340782122905,8,8.743016759776534,grid
syn,grid_c100_b2000_s10,eddm,79.23463687150837,31,3.843575418994405,grid
syn,grid_c100_b2000_s10,eddm+half,78.95530726256982,17,3.564245810055855,grid
syn,grid_c100_b2000_s10,eddm+hedge,80.66480446927373,27,5.273743016759768,grid
syn,grid_c100_b2000_s10,fhddm,65.79329608938548,57,-9.597765363128484,grid
syn,grid_c100_b2000_s10,fhddm+half,77.8659217877095,9,2.474860335195528,grid
syn,grid_c100_b2000_s10,fhddm+hedge,76.39106145251398,14,1.000000000000012,grid
syn,grid_c100_b2000_s10,hddma,84.96648044692736,9,9.575418994413399,grid
syn,grid_c100_b2000_s10,hddma+half,77.39664804469272,9,2.0055865921787652,grid
syn,grid_c100_b2000_s10,hddma+hedge,84.14525139664805,9,8.754189944134083,grid
syn,grid_c100_b2000_s10,hddmw,85.16201117318435,8,9.770949720670396,grid
syn,grid_c100_b2000_s10,hddmw+half,77.66480446927373,10,2.273743016759766,grid
syn,grid_c100_b2000_s10,hddmw+hedge,84.1340782122905,8,8.743016759776534,grid
syn,grid_c100_b2000_s10,adwin,72.43016759776535,35,-2.960893854748614,grid
syn,grid_c100_b2000_s10,adwin+half,78.19553072625698,17,2.8044692737430155,grid
syn,grid_c100_b2000_s10,adwin+hedge,81.81005586592178,25,6.41899441340782,grid
syn,grid_c100_b2000_s10,ph,72.27374301675978,34,-3.1173184357541794,grid
syn,grid_c100_b2000_s10,ph+half,78.53072625698324,17,3.1396648044692776,grid
syn,grid_c100_b2000_s10,ph+hedge,81.80446927374302,25,6.413407821229056,grid
syn,grid_c100_b2000_s10,kswin,84.60335195530726,10,9.212290502793296,grid
syn,grid_c100_b2000_s10,kswin+half,78.27932960893855,12,2.8882681564245893,grid
syn,grid_c100_b2000_s10,kswin+hedge,81.79329608938546,17,6.402234636871507,grid
syn,grid_c100_b2000_s11,none,74.35195530726256,0,0.0,grid
syn,grid_c100_b2000_s11,ddmM,84.36871508379888,8,10.016759776536322,grid
syn,grid_c100_b2000_s11,ddm,84.36871508379888,8,10.016759776536322,grid
syn,grid_c100_b2000_s11,ddm+half,76.22346368715084,8,1.871508379888287,grid
syn,grid_c100_b2000_s11,ddm+hedge,83.29608938547486,8,8.944134078212308,grid
syn,grid_c100_b2000_s11,eddm,81.87709497206704,20,7.525139664804492,grid
syn,grid_c100_b2000_s11,eddm+half,78.65363128491622,35,4.301675977653662,grid
syn,grid_c100_b2000_s11,eddm+hedge,79.87709497206701,28,5.525139664804469,grid
syn,grid_c100_b2000_s11,fhddm,64.94972067039106,53,-9.402234636871487,grid
syn,grid_c100_b2000_s11,fhddm+half,77.59217877094972,10,3.240223463687164,grid
syn,grid_c100_b2000_s11,fhddm+hedge,76.03351955307262,18,1.6815642458100744,grid
syn,grid_c100_b2000_s11,hddma,84.36871508379888,8,10.016759776536322,grid
syn,grid_c100_b2000_s11,hddma+half,76.22346368715084,8,1.871508379888287,grid
syn,grid_c100_b2000_s11,hddma+hedge,83.29608938547486,8,8.944134078212308,grid
syn,grid_c100_b2000_s11,hddmw,84.36871508379888,8,10.016759776536322,grid
syn,grid_c100_b2000_s11,hddmw+half,76.59217877094972,9,2.240223463687163,grid
syn,grid_c100_b2000_s11,hddmw+hedge,83.29608938547486,8,8.944134078212308,grid
syn,grid_c100_b2000_s11,adwin,72.03351955307265,34,-2.318435754189907,grid
syn,grid_c100_b2000_s11,adwin+half,77.02793296089385,17,2.6759776536313007,grid
syn,grid_c100_b2000_s11,adwin+hedge,80.46368715083797,26,6.111731843575418,grid
syn,grid_c100_b2000_s11,ph,69.3854748603352,33,-4.966480446927357,grid
syn,grid_c100_b2000_s11,ph+half,77.70949720670389,17,3.357541899441341,grid
syn,grid_c100_b2000_s11,ph+hedge,80.83240223463687,25,6.480446927374317,grid
syn,grid_c100_b2000_s11,kswin,83.73184357541899,10,9.379888268156444,grid
syn,grid_c100_b2000_s11,kswin+half,76.60893854748603,9,2.2569832402234757,grid
syn,grid_c100_b2000_s11,kswin+hedge,80.18435754189943,19,5.83240223463688,grid
