group,stream,pol,acc,resets,d_acc,src
real,covertype,none,94.79052701801203,0,0.0,covertype
real,covertype,ddmM,94.14276184122748,61,-0.6477651767845427,covertype
real,covertype,ddm,94.14342895263509,60,-0.6470980653769387,covertype
real,covertype,ddm+half,94.77718478985992,118,-0.013342228152113389,covertype
real,covertype,ddm+hedge,94.82254836557703,84,0.0320213475650144,covertype
real,covertype,eddm,89.24683122081387,256,-5.543695797198156,covertype
real,covertype,eddm+half,94.77384923282189,159,-0.016677785190144512,covertype
real,covertype,eddm+hedge,94.82188125416945,178,0.0313542361574215,covertype
real,covertype,fhddm,93.45697131420945,54,-1.3335557038025692,covertype
real,covertype,fhddm+half,94.73248832555036,20,-0.05803869246165938,covertype
real,covertype,fhddm+hedge,94.82254836557705,19,0.032021347565025504,covertype
real,covertype,hddma,80.01534356237492,593,-14.775183455637109,covertype
real,covertype,hddma+half,94.80720480320214,98,0.016677785190111205,covertype
real,covertype,hddma+hedge,94.83455637091396,93,0.044029352901930885,covertype
real,covertype,hddmw,92.99066044029354,94,-1.7998665777184897,covertype
real,covertype,hddmw+half,94.82121414276183,49,0.030687124749806394,covertype
real,covertype,hddmw+hedge,94.89059372915277,41,0.10006671114074495,covertype
real,covertype,adwin,84.64643095396931,265,-10.144096064042717,covertype
real,covertype,adwin+half,94.74049366244162,37,-0.05003335557041133,covertype
real,covertype,adwin+hedge,94.79586390927285,35,0.005336891260832033,covertype
real,covertype,ph,89.70847231487659,125,-5.082054703135441,covertype
real,covertype,ph+half,94.7645096731154,23,-0.026017344896622774,covertype
real,covertype,ph+hedge,94.82454969979987,25,0.03402268178784862,covertype
real,covertype,kswin,92.12675116744497,96,-2.663775850567063,covertype
real,covertype,kswin+half,94.75183455637091,31,-0.038692461641121056,covertype
real,covertype,kswin+hedge,94.83655770513676,31,0.04603068712472069,covertype
real,insects_abrupt_imbalanced,none,79.42961974649766,0,0.0,insects
real,insects_abrupt_imbalanced,ddmM,79.66110740493662,5,0.2314876584389558,insects
real,insects_abrupt_imbalanced,ddm,79.66110740493662,5,0.2314876584389558,insects
real,insects_abrupt_imbalanced,ddm+half,79.52901934623081,5,0.09939959973315204,insects
real,insects_abrupt_imbalanced,ddm+hedge,79.43295530353568,1,0.0033355570380200206,insects
real,insects_abrupt_imbalanced,eddm,79.40093395597063,4,-0.028685790527027688,insects
real,insects_abrupt_imbalanced,eddm+half,79.42361574382922,10,-0.006004002668447139,insects
real,insects_abrupt_imbalanced,eddm+hedge,79.37158105403603,38,-0.058038692461637176,insects
real,insects_abrupt_imbalanced,fhddm,79.45763842561708,11,0.02801867911941258,insects
real,insects_abrupt_imbalanced,fhddm+half,79.49499666444295,11,0.06537691794529232,insects
real,insects_abrupt_imbalanced,fhddm+hedge,79.51901267511674,11,0.08939292861908088,insects
real,insects_abrupt_imbalanced,hddma,79.76651100733821,7,0.336891260840555,insects
real,insects_abrupt_imbalanced,hddma+half,79.52835223482322,7,0.09873248832555914,insects
real,insects_abrupt_imbalanced,hddma+hedge,79.7645096731154,7,0.334889926617743,insects
real,insects_abrupt_imbalanced,hddmw,79.70913942628421,16,0.279519679786544,insects
real,insects_abrupt_imbalanced,hddmw+half,79.48965977318213,16,0.06004002668446029,insects
real,insects_abrupt_imbalanced,hddmw+hedge,79.76050700466978,17,0.33088725817211895,insects
real,insects_abrupt_imbalanced,adwin,79.80186791194129,7,0.3722481654436338,insects
real,insects_abrupt_imbalanced,adwin+half,79.54569713142095,9,0.11607738492329656,insects
real,insects_abrupt_imbalanced,adwin+hedge,79.78719146097397,8,0.3575717144763124,insects
real,insects_abrupt_imbalanced,ph,79.71714476317545,16,0.28752501667779207,insects
real,insects_abrupt_imbalanced,ph+half,79.57571714476317,19,0.14609739826551005,insects
real,insects_abrupt_imbalanced,ph+hedge,79.7758505670447,15,0.34623082054704435,insects
real,insects_abrupt_imbalanced,kswin,79.79986657771848,7,0.3702468312208107,insects
real,insects_abrupt_imbalanced,kswin+half,79.52168112074716,8,0.092061374249508,insects
real,insects_abrupt_imbalanced,kswin+hedge,79.77985323549032,9,0.3502334889926684,insects
real,insects_gradual_imbalanced,none,81.57053072625699,0,0.0,insects
real,insects_gradual_imbalanced,ddmM,81.606843575419,8,0.036312849162012384,insects
real,insects_gradual_imbalanced,ddm,81.606843575419,8,0.036312849162012384,insects
real,insects_gradual_imbalanced,ddm+half,81.60544692737429,9,0.03491620111729654,insects
real,insects_gradual_imbalanced,ddm+hedge,81.58868715083798,3,0.018156424580983987,insects
real,insects_gradual_imbalanced,eddm,81.4608938547486,21,-0.10963687150838952,insects
real,insects_gradual_imbalanced,eddm+half,81.52234636871509,66,-0.048184357541902756,insects
real,insects_gradual_imbalanced,eddm+hedge,81.51675977653633,86,-0.053770949720666206,insects
real,insects_gradual_imbalanced,fhddm,81.58030726256983,7,0.009776536312833262,insects
real,insects_gradual_imbalanced,fhddm+half,81.60405027932961,8,0.033519553072614006,insects
real,insects_gradual_imbalanced,fhddm+hedge,81.61522346368714,7,0.04469273743015201,insects
real,insects_gradual_imbalanced,hddma,81.60754189944134,6,0.03701117318434255,insects
real,insects_gradual_imbalanced,hddma+half,81.59008379888267,6,0.019553072625677625,insects
real,insects_gradual_imbalanced,hddma+hedge,81.64664804469272,6,0.07611731843573111,insects
real,insects_gradual_imbalanced,hddmw,81.61592178770948,14,0.04539106145248217,insects
real,insects_gradual_imbalanced,hddmw+half,81.57053072625699,16,0.0,insects
real,insects_gradual_imbalanced,hddmw+hedge,81.69203910614524,16,0.12150837988824659,insects
real,insects_gradual_imbalanced,adwin,81.68505586592178,8,0.1145251396647895,insects
real,insects_gradual_imbalanced,adwin+half,81.60125698324022,10,0.03072625698322673,insects
real,insects_gradual_imbalanced,adwin+hedge,81.69972067039106,8,0.12918994413406715,insects
real,insects_gradual_imbalanced,ph,81.59148044692736,16,0.020949720670371264,insects
real,insects_gradual_imbalanced,ph+half,81.58938547486034,17,0.01885474860334746,insects
real,insects_gradual_imbalanced,ph+hedge,81.68645251396647,15,0.11592178770948314,insects
real,insects_gradual_imbalanced,kswin,81.71368715083798,3,0.14315642458098132,insects
real,insects_gradual_imbalanced,kswin+half,81.606843575419,5,0.036312849162012384,insects
real,insects_gradual_imbalanced,kswin+hedge,81.70391061452514,3,0.13337988826814806,insects
real,insects_incremental_abrupt_balanced,none,76.62907268170426,0,0.0,insects
real,insects_incremental_abrupt_balanced,ddmM,77.56641604010025,20,0.9373433583959923,insects
real,insects_incremental_abrupt_balanced,ddm,77.56641604010025,20,0.9373433583959923,insects
real,insects_incremental_abrupt_balanced,ddm+half,76.95238095238093,17,0.323308270676681,insects
real,insects_incremental_abrupt_balanced,ddm+hedge,77.61654135338347,13,0.9874686716792147,insects
real,insects_incremental_abrupt_balanced,eddm,76.97869674185463,28,0.3496240601503775,insects
real,insects_incremental_abrupt_balanced,eddm+half,76.78571428571429,119,0.1566416040100327,insects
real,insects_incremental_abrupt_balanced,eddm+hedge,77.5375939849624,51,0.9085213032581474,insects
real,insects_incremental_abrupt_balanced,fhddm,76.79949874686717,24,0.1704260651629097,insects
real,insects_incremental_abrupt_balanced,fhddm+half,76.99749373433585,22,0.36842105263158453,insects
real,insects_incremental_abrupt_balanced,fhddm+hedge,77.20802005012531,23,0.5789473684210567,insects
real,insects_incremental_abrupt_balanced,hddma,78.49749373433585,19,1.868421052631597,insects
real,insects_incremental_abrupt_balanced,hddma+half,77.09899749373433,17,0.46992481203007586,insects
real,insects_incremental_abrupt_balanced,hddma+hedge,78.48872180451126,20,1.8596491228070056,insects
real,insects_incremental_abrupt_balanced,hddmw,78.31578947368422,32,1.6867167919799586,insects
real,insects_incremental_abrupt_balanced,hddmw+half,77.03634085213032,30,0.4072681704260672,insects
real,insects_incremental_abrupt_balanced,hddmw+hedge,78.38972431077693,31,1.7606516290726737,insects
real,insects_incremental_abrupt_balanced,adwin,78.27819548872182,21,1.6491228070175556,insects
real,insects_incremental_abrupt_balanced,adwin+half,77.14536340852132,27,0.5162907268170591,insects
real,insects_incremental_abrupt_balanced,adwin+hedge,78.24812030075189,22,1.619047619047631,insects
real,insects_incremental_abrupt_balanced,ph,78.01879699248121,25,1.389724310776963,insects
real,insects_incremental_abrupt_balanced,ph+half,77.03258145363408,33,0.40350877192982804,insects
real,insects_incremental_abrupt_balanced,ph+hedge,77.95112781954887,26,1.3220551378446133,insects
real,insects_incremental_abrupt_balanced,kswin,78.07268170426065,19,1.4436090225563913,insects
real,insects_incremental_abrupt_balanced,kswin+half,77.13533834586465,20,0.5062656641603991,insects
real,insects_incremental_abrupt_balanced,kswin+hedge,78.0952380952381,21,1.4661654135338487,insects
real,h2_airlines,none,69.06706706706707,0,0.0,airlines
real,h2_airlines,ddmM,69.06006006006007,3,-0.0070070070069983,airlines
real,h2_airlines,ddm,69.06006006006007,3,-0.0070070070069983,airlines
real,h2_airlines,ddm+half,69.05005005005005,7,-0.017017017017018077,airlines
real,h2_airlines,ddm+hedge,69.06006006006007,3,-0.0070070070069983,airlines
real,h2_airlines,eddm,69.03203203203203,20,-0.03503503503503591,airlines
real,h2_airlines,eddm+half,69.05305305305305,20,-0.014014014014018805,airlines
real,h2_airlines,eddm+hedge,69.04004004004004,20,-0.02702702702702675,airlines
real,h2_airlines,fhddm,68.6886886886887,31,-0.3783783783783745,airlines
real,h2_airlines,fhddm+half,69.01901901901903,21,-0.04804804804804386,airlines
real,h2_airlines,fhddm+hedge,69.01101101101102,24,-0.056056056056053016,airlines
real,h2_airlines,hddma,68.98998998999,17,-0.07707707707707012,airlines
real,h2_airlines,hddma+half,69.10710710710711,10,0.0400400400400458,airlines
real,h2_airlines,hddma+hedge,69.05405405405405,14,-0.013013013013019048,airlines
real,h2_airlines,hddmw,68.01501501501501,79,-1.0520520520520549,airlines
real,h2_airlines,hddmw+half,68.92492492492492,76,-0.14214214214214316,airlines
real,h2_airlines,hddmw+hedge,68.84384384384383,78,-0.2232232232232345,airlines
real,h2_airlines,adwin,69.05005005005005,12,-0.017017017017018077,airlines
real,h2_airlines,adwin+half,69.05505505505505,12,-0.01201201201201929,airlines
real,h2_airlines,adwin+hedge,69.05005005005006,12,-0.017017017017006975,airlines
real,h2_airlines,ph,68.91191191191191,22,-0.1551551551551511,airlines
real,h2_airlines,ph+half,69.05805805805805,21,-0.009009009009008917,airlines
real,h2_airlines,ph+hedge,69.04004004004004,22,-0.02702702702702675,airlines
real,h2_airlines,kswin,68.63563563563564,33,-0.43143143143142826,airlines
real,h2_airlines,kswin+half,68.991991991992,32,-0.07507507507507061,airlines
real,h2_airlines,kswin+hedge,68.96896896896897,33,-0.09809809809809833,airlines
real,h2_phishing,none,94.65137614678896,0,0.0,phishing
real,h2_phishing,ddmM,94.65137614678896,0,0.0,phishing
real,h2_phishing,ddm,94.65137614678896,0,0.0,phishing
real,h2_phishing,ddm+half,94.65137614678896,0,0.0,phishing
real,h2_phishing,ddm+hedge,94.65137614678896,0,0.0,phishing
real,h2_phishing,eddm,94.65137614678896,0,0.0,phishing
real,h2_phishing,eddm+half,94.65137614678896,0,0.0,phishing
real,h2_phishing,eddm+hedge,94.65137614678896,0,0.0,phishing
real,h2_phishing,fhddm,94.65137614678896,0,0.0,phishing
real,h2_phishing,fhddm+half,94.65137614678896,0,0.0,phishing
real,h2_phishing,fhddm+hedge,94.65137614678896,0,0.0,phishing
real,h2_phishing,hddma,94.65137614678896,0,0.0,phishing
real,h2_phishing,hddma+half,94.65137614678896,0,0.0,phishing
real,h2_phishing,hddma+hedge,94.65137614678896,0,0.0,phishing
real,h2_phishing,hddmw,94.65137614678896,0,0.0,phishing
real,h2_phishing,hddmw+half,94.65137614678896,0,0.0,phishing
real,h2_phishing,hddmw+hedge,94.65137614678896,0,0.0,phishing
real,h2_phishing,adwin,94.65137614678896,0,0.0,phishing
real,h2_phishing,adwin+half,94.65137614678896,0,0.0,phishing
real,h2_phishing,adwin+hedge,94.65137614678896,0,0.0,phishing
real,h2_phishing,ph,94.65137614678896,0,0.0,phishing
real,h2_phishing,ph+half,94.65137614678896,0,0.0,phishing
real,h2_phishing,ph+hedge,94.65137614678896,0,0.0,phishing
real,h2_phishing,kswin,94.65137614678896,0,0.0,phishing
real,h2_phishing,kswin+half,94.65137614678896,0,0.0,phishing
real,h2_phishing,kswin+hedge,94.65137614678896,0,0.0,phishing
real,h2_poker,none,92.69169169169169,0,0.0,poker
real,h2_poker,ddmM,84.68868868868869,460,-8.003003003003005,poker
real,h2_poker,ddm,84.65565565565566,460,-8.036036036036032,poker
real,h2_poker,ddm+half,89.5895895895896,355,-3.1021021021021,poker
real,h2_poker,ddm+hedge,91.65265265265265,270,-1.0390390390390358,poker
real,h2_poker,eddm,84.49149149149149,289,-8.200200200200204,poker
real,h2_poker,eddm+half,90.8918918918919,163,-1.799799799799795,poker
real,h2_poker,eddm+hedge,91.96696696696696,144,-0.7247247247247235,poker
real,h2_poker,fhddm,87.007007007007,132,-5.684684684684682,poker
real,h2_poker,fhddm+half,92.13613613613614,82,-0.5555555555555536,poker
real,h2_poker,fhddm+hedge,92.35635635635634,78,-0.33533533533534055,poker
real,h2_poker,hddma,83.11411411411413,536,-9.577577577577568,poker
real,h2_poker,hddma+half,89.79579579579578,311,-2.895895895895906,poker
real,h2_poker,hddma+hedge,91.35735735735736,271,-1.3343343343343306,poker
real,h2_poker,hddmw,85.45745745745747,257,-7.234234234234227,poker
real,h2_poker,hddmw+half,91.52452452452452,147,-1.1671671671671713,poker
real,h2_poker,hddmw+hedge,92.14914914914914,134,-0.5425425425425456,poker
real,h2_poker,adwin,86.4964964964965,196,-6.195195195195192,poker
real,h2_poker,adwin+half,91.35835835835836,146,-1.3333333333333308,poker
real,h2_poker,adwin+hedge,92.24224224224224,130,-0.4494494494494461,poker
real,h2_poker,ph,89.18218218218219,100,-3.509509509509501,poker
real,h2_poker,ph+half,91.94594594594594,77,-0.7457457457457517,poker
real,h2_poker,ph+hedge,92.38538538538539,74,-0.3063063063063032,poker
real,h2_poker,kswin,87.96796796796797,167,-4.723723723723728,poker
real,h2_poker,kswin+half,91.63063063063063,124,-1.0610610610610527,poker
real,h2_poker,kswin+hedge,92.41141141141142,112,-0.2802802802802762,poker
real,h2_rialto,none,77.52984165651644,0,0.0,rialto
real,h2_rialto,ddmM,78.17661388550547,122,0.6467722289890343,rialto
real,h2_rialto,ddm,78.17661388550547,122,0.6467722289890343,rialto
real,h2_rialto,ddm+half,77.83191230207065,96,0.3020706455542088,rialto
real,h2_rialto,ddm+hedge,78.6638246041413,138,1.1339829476248564,rialto
real,h2_rialto,eddm,78.71619975639464,277,1.1863580998782042,rialto
real,h2_rialto,eddm+half,78.09257003654082,273,0.5627283800243799,rialto
real,h2_rialto,eddm+hedge,79.75274056029232,267,2.222898903775883,rialto
real,h2_rialto,fhddm,78.3483556638246,92,0.8185140073081687,rialto
real,h2_rialto,fhddm+half,77.75152253349574,96,0.22168087697930217,rialto
real,h2_rialto,fhddm+hedge,79.12180267965896,89,1.5919610231425185,rialto
real,h2_rialto,hddma,78.29719853836784,135,0.7673568818513998,rialto
real,h2_rialto,hddma+half,77.81485992691842,136,0.28501827040197103,rialto
real,h2_rialto,hddma+hedge,79.02801461632156,134,1.4981729598051219,rialto
real,h2_rialto,hddmw,78.26796589524969,154,0.738124238733251,rialto
real,h2_rialto,hddmw+half,77.99269183922046,148,0.462850182704011,rialto
real,h2_rialto,hddmw+hedge,79.23386114494518,150,1.704019488428743,rialto
real,h2_rialto,adwin,78.07551766138855,126,0.5456760048721088,rialto
real,h2_rialto,adwin+half,77.92082825822169,126,0.39098660170524546,rialto
real,h2_rialto,adwin+hedge,79.21924482338612,126,1.6894031668696852,rialto
real,h2_rialto,ph,78.19244823386113,91,0.6626065773446932,rialto
real,h2_rialto,ph+half,78.00121802679661,88,0.4713763702801632,rialto
real,h2_rialto,ph+hedge,78.87088915956151,85,1.3410475030450786,rialto
real,h2_rialto,kswin,78.44214372716199,150,0.9123020706455542,rialto
real,h2_rialto,kswin+half,77.77344701583435,147,0.24360535931791105,rialto
real,h2_rialto,kswin+hedge,79.16077953714982,139,1.6309378806333763,rialto
real,h2_spam,none,94.45901639344262,0,0.0,spam
real,h2_spam,ddmM,93.37704918032786,6,-1.081967213114765,spam
real,h2_spam,ddm,93.37704918032786,6,-1.081967213114765,spam
real,h2_spam,ddm+half,94.45901639344262,4,0.0,spam
real,h2_spam,ddm+hedge,94.2295081967213,4,-0.2295081967213175,spam
real,h2_spam,eddm,91.78688524590164,10,-2.6721311475409792,spam
real,h2_spam,eddm+half,94.31147540983605,7,-0.14754098360656442,spam
real,h2_spam,eddm+hedge,94.13114754098359,7,-0.3278688524590234,spam
real,h2_spam,fhddm,93.96721311475409,2,-0.4918032786885296,spam
real,h2_spam,fhddm+half,94.55737704918032,1,0.09836065573769481,spam
real,h2_spam,fhddm+hedge,94.26229508196721,2,-0.19672131147541183,spam
real,h2_spam,hddma,93.50819672131149,5,-0.9508196721311313,spam
real,h2_spam,hddma+half,94.60655737704917,2,0.14754098360655332,spam
real,h2_spam,hddma+hedge,94.08196721311477,5,-0.3770491803278597,spam
real,h2_spam,hddmw,93.5901639344262,3,-0.8688524590164115,spam
real,h2_spam,hddmw+half,94.44262295081967,2,-0.016393442622952836,spam
real,h2_spam,hddmw+hedge,93.91803278688525,3,-0.5409836065573659,spam
real,h2_spam,adwin,93.75409836065573,2,-0.7049180327868831,spam
real,h2_spam,adwin+half,94.27868852459017,3,-0.180327868852459,spam
real,h2_spam,adwin+hedge,94.14754098360655,2,-0.3114754098360706,spam
real,h2_spam,ph,93.63934426229508,2,-0.8196721311475419,spam
real,h2_spam,ph+half,94.42622950819671,1,-0.03278688524590567,spam
real,h2_spam,ph+hedge,94.1311475409836,2,-0.3278688524590123,spam
real,h2_spam,kswin,93.54098360655736,3,-0.9180327868852589,spam
real,h2_spam,kswin+half,94.44262295081967,2,-0.016393442622952836,spam
real,h2_spam,kswin+hedge,93.67213114754097,3,-0.7868852459016473,spam
real,h2_weather,none,81.25,0,0.0,weather
real,h2_weather,ddmM,80.9,1,-0.34999999999999476,weather
real,h2_weather,ddm,80.9,1,-0.34999999999999476,weather
real,h2_weather,ddm+half,81.18888888888888,10,-0.061111111111122884,weather
real,h2_weather,ddm+hedge,81.18888888888888,1,-0.061111111111122884,weather
real,h2_weather,eddm,75.6111111111111,74,-5.638888888888893,weather
real,h2_weather,eddm+half,81.0111111111111,25,-0.23888888888888848,weather
real,h2_weather,eddm+hedge,80.16666666666667,64,-1.083333333333325,weather
real,h2_weather,fhddm,79.81111111111112,14,-1.4388888888888784,weather
real,h2_weather,fhddm+half,81.15,9,-0.10000000000000009,weather
real,h2_weather,fhddm+hedge,80.8888888888889,10,-0.36111111111110095,weather
real,h2_weather,hddma,81.25,0,0.0,weather
real,h2_weather,hddma+half,81.25,0,0.0,weather
real,h2_weather,hddma+hedge,81.25,0,0.0,weather
real,h2_weather,hddmw,80.39444444444443,5,-0.855555555555565,weather
real,h2_weather,hddmw+half,81.22777777777779,5,-0.022222222222212373,weather
real,h2_weather,hddmw+hedge,81.12222222222223,5,-0.1277777777777711,weather
real,h2_weather,adwin,81.25,0,0.0,weather
real,h2_weather,adwin+half,81.25,0,0.0,weather
real,h2_weather,adwin+hedge,81.25,0,0.0,weather
real,h2_weather,ph,80.92777777777778,2,-0.32222222222222374,weather
real,h2_weather,ph+half,81.18333333333332,3,-0.06666666666667043,weather
real,h2_weather,ph+hedge,81.12222222222223,4,-0.1277777777777711,weather
real,h2_weather,kswin,80.98333333333332,2,-0.2666666666666817,weather
real,h2_weather,kswin+half,81.2611111111111,2,0.011111111111106187,weather
real,h2_weather,kswin+hedge,81.23333333333333,2,-0.01666666666666483,weather
real,h3_airlines_b,none,70.63463463463464,0,0.0,airlines
real,h3_airlines_b,ddmM,70.63663663663664,2,0.0020020020019995144,airlines
real,h3_airlines_b,ddm,70.63663663663664,2,0.0020020020019995144,airlines
real,h3_airlines_b,ddm+half,70.63363363363364,2,-0.0010010010009997572,airlines
real,h3_airlines_b,ddm+hedge,70.63463463463464,2,0.0,airlines
real,h3_airlines_b,eddm,70.44044044044044,57,-0.19419419419419715,airlines
real,h3_airlines_b,eddm+half,70.51451451451452,106,-0.1201201201201263,airlines
real,h3_airlines_b,eddm+hedge,70.53153153153153,75,-0.10310310310310822,airlines
real,h3_airlines_b,fhddm,70.37137137137137,24,-0.2632632632632692,airlines
real,h3_airlines_b,fhddm+half,70.58558558558559,19,-0.049049049049043614,airlines
real,h3_airlines_b,fhddm+hedge,70.62662662662662,18,-0.008008008008020262,airlines
real,h3_airlines_b,hddma,70.5035035035035,13,-0.13113113113114583,airlines
real,h3_airlines_b,hddma+half,70.62562562562562,8,-0.00900900900902002,airlines
real,h3_airlines_b,hddma+hedge,70.61961961961963,13,-0.015015015015018562,airlines
real,h3_airlines_b,hddmw,69.46446446446447,82,-1.1701701701701706,airlines
real,h3_airlines_b,hddmw+half,70.36536536536538,80,-0.26926926926926775,airlines
real,h3_airlines_b,hddmw+hedge,70.44344344344344,84,-0.19119119119119787,airlines
real,h3_airlines_b,adwin,70.61261261261262,14,-0.022022022022016863,airlines
real,h3_airlines_b,adwin+half,70.64064064064063,14,0.006006006005987441,airlines
real,h3_airlines_b,adwin+hedge,70.64564564564564,14,0.011011011011008431,airlines
real,h3_airlines_b,ph,70.35835835835836,33,-0.27627627627628826,airlines
real,h3_airlines_b,ph+half,70.61261261261262,30,-0.022022022022016863,airlines
real,h3_airlines_b,ph+hedge,70.57057057057057,29,-0.06406406406407328,airlines
real,h3_airlines_b,kswin,70.17917917917919,30,-0.45545545545545574,airlines
real,h3_airlines_b,kswin+half,70.5045045045045,40,-0.13013013013014607,airlines
real,h3_airlines_b,kswin+hedge,70.58758758758759,30,-0.0470470470470552,airlines
real,h3_airlines_c,none,65.17217217217215,0,0.0,airlines
real,h3_airlines_c,ddmM,65.05905905905907,5,-0.11311311311309469,airlines
real,h3_airlines_c,ddm,65.05905905905907,5,-0.11311311311309469,airlines
real,h3_airlines_c,ddm+half,65.12612612612612,8,-0.04604604604603324,airlines
real,h3_airlines_c,ddm+hedge,65.13513513513513,8,-0.03703703703702432,airlines
real,h3_airlines_c,eddm,65.13513513513513,3,-0.03703703703702432,airlines
real,h3_airlines_c,eddm+half,65.17217217217215,3,0.0,airlines
real,h3_airlines_c,eddm+hedge,65.02902902902903,120,-0.1431431431431318,airlines
real,h3_airlines_c,fhddm,64.58258258258259,41,-0.5895895895895675,airlines
real,h3_airlines_c,fhddm+half,65.0820820820821,36,-0.09009009009006697,airlines
real,h3_airlines_c,fhddm+hedge,65.07407407407406,36,-0.09809809809809833,airlines
real,h3_airlines_c,hddma,65.012012012012,16,-0.160160160160161,airlines
real,h3_airlines_c,hddma+half,65.18718718718719,16,0.015015015015029665,airlines
real,h3_airlines_c,hddma+hedge,65.15315315315316,19,-0.01901901901900649,airlines
real,h3_airlines_c,hddmw,63.444444444444436,129,-1.7277277277277237,airlines
real,h3_airlines_c,hddmw+half,64.85885885885885,127,-0.3133133133133015,airlines
real,h3_airlines_c,hddmw+hedge,64.8058058058058,137,-0.3663663663663552,airlines
real,h3_airlines_c,adwin,65.11411411411412,11,-0.05805805805804143,airlines
real,h3_airlines_c,adwin+half,65.16916916916917,11,-0.0030030030029992716,airlines
real,h3_airlines_c,adwin+hedge,65.16916916916917,11,-0.0030030030029992716,airlines
real,h3_airlines_c,ph,64.69469469469469,33,-0.4774774774774726,airlines
real,h3_airlines_c,ph+half,65.11611611611612,23,-0.056056056056041914,airlines
real,h3_airlines_c,ph+hedge,65.07307307307308,25,-0.09909909909908698,airlines
real,h3_airlines_c,kswin,64.35635635635636,71,-0.8158158158158013,airlines
real,h3_airlines_c,kswin+half,65.02002002002001,68,-0.15215215215214073,airlines
real,h3_airlines_c,kswin+hedge,65.008008008008,75,-0.16416416416414892,airlines
real,h3_covertype_b,none,96.55655655655656,0,0.0,covertype
real,h3_covertype_b,ddmM,94.8918918918919,34,-1.6646646646646612,covertype
real,h3_covertype_b,ddm,94.8918918918919,34,-1.6646646646646612,covertype
real,h3_covertype_b,ddm+half,96.51651651651653,160,-0.0400400400400347,covertype
real,h3_covertype_b,ddm+hedge,96.54354354354354,17,-0.013013013013019048,covertype
real,h3_covertype_b,eddm,79.14114114114115,318,-17.415415415415413,covertype
real,h3_covertype_b,eddm+half,96.50150150150151,52,-0.05505505505505326,covertype
real,h3_covertype_b,eddm+hedge,96.55155155155157,46,-0.005005005004998786,covertype
real,h3_covertype_b,fhddm,92.42342342342343,48,-4.133133133133127,covertype
real,h3_covertype_b,fhddm+half,96.54954954954955,3,-0.007007007007009403,covertype
real,h3_covertype_b,fhddm+hedge,96.56256256256258,3,0.006006006006009645,covertype
real,h3_covertype_b,hddma,71.29029029029029,497,-25.266266266266268,covertype
real,h3_covertype_b,hddma+half,96.4844844844845,66,-0.07207207207206023,covertype
real,h3_covertype_b,hddma+hedge,96.50050050050051,63,-0.056056056056053016,covertype
real,h3_covertype_b,hddmw,81.63063063063063,213,-14.925925925925931,covertype
real,h3_covertype_b,hddmw+half,96.55955955955956,15,0.0030030030029992716,covertype
real,h3_covertype_b,hddmw+hedge,96.54954954954955,15,-0.007007007007009403,covertype
real,h3_covertype_b,adwin,70.74674674674675,318,-25.809809809809813,covertype
real,h3_covertype_b,adwin+half,96.56056056056057,19,0.004004004004010131,covertype
real,h3_covertype_b,adwin+hedge,96.54354354354354,19,-0.013013013013019048,covertype
real,h3_covertype_b,ph,71.57857857857857,267,-24.977977977977982,covertype
real,h3_covertype_b,ph+half,96.53853853853855,10,-0.018018018018017834,covertype
real,h3_covertype_b,ph+hedge,96.47347347347348,10,-0.08308308308309087,covertype
real,h3_covertype_b,kswin,90.47347347347346,93,-6.083083083083096,covertype
real,h3_covertype_b,kswin+half,96.56556556556556,8,0.009009009009008917,covertype
real,h3_covertype_b,kswin+hedge,96.55755755755757,8,0.0010010010010108594,covertype
real,h3_covertype_c,none,95.69569569569569,0,0.0,covertype
real,h3_covertype_c,ddmM,91.85285285285286,64,-3.8428428428428307,covertype
real,h3_covertype_c,ddm,91.85285285285286,64,-3.8428428428428307,covertype
real,h3_covertype_c,ddm+half,95.48148148148148,56,-0.2142142142142145,covertype
real,h3_covertype_c,ddm+hedge,95.5825825825826,127,-0.11311311311309469,covertype
real,h3_covertype_c,eddm,47.04004004004004,760,-48.65565565565565,covertype
real,h3_covertype_c,eddm+half,93.45745745745747,94,-2.2382382382382215,covertype
real,h3_covertype_c,eddm+hedge,95.63763763763764,22,-0.05805805805805253,covertype
real,h3_covertype_c,fhddm,49.61461461461461,335,-46.08108108108108,covertype
real,h3_covertype_c,fhddm+half,94.12412412412412,28,-1.5715715715715728,covertype
real,h3_covertype_c,fhddm+hedge,95.68068068068068,4,-0.01501501501500746,covertype
real,h3_covertype_c,hddma,55.997997997998006,602,-39.697697697697684,covertype
real,h3_covertype_c,hddma+half,86.86486486486487,280,-8.830830830830816,covertype
real,h3_covertype_c,hddma+hedge,95.60860860860862,31,-0.0870870870870788,covertype
real,h3_covertype_c,hddmw,50.76676676676677,597,-44.928928928928926,covertype
real,h3_covertype_c,hddmw+half,94.58658658658659,41,-1.1091091091090965,covertype
real,h3_covertype_c,hddmw+hedge,95.66266266266267,25,-0.033033033033025294,covertype
real,h3_covertype_c,adwin,49.99399399399399,424,-45.7017017017017,covertype
real,h3_covertype_c,adwin+half,92.41241241241241,87,-3.283283283283278,covertype
real,h3_covertype_c,adwin+hedge,95.67567567567569,20,-0.020020020020006246,covertype
real,h3_covertype_c,ph,54.28028028028028,259,-41.41541541541541,covertype
real,h3_covertype_c,ph+half,93.92792792792793,38,-1.7677677677677694,covertype
real,h3_covertype_c,ph+hedge,95.6906906906907,9,-0.005005005004998786,covertype
real,h3_covertype_c,kswin,47.488488488488485,536,-48.20720720720721,covertype
real,h3_covertype_c,kswin+half,94.02102102102103,41,-1.67467467467467,covertype
real,h3_covertype_c,kswin+hedge,95.65765765765765,12,-0.03803803803803518,covertype
real,h3_insects_b,none,81.46146146146145,0,0.0,insects
real,h3_insects_b,ddmM,81.44044044044044,3,-0.021021021021017106,insects
real,h3_insects_b,ddm,81.44044044044044,3,-0.021021021021017106,insects
real,h3_insects_b,ddm+half,81.45745745745747,2,-0.004004004003999029,insects
real,h3_insects_b,ddm+hedge,81.48248248248248,3,0.021021021021017106,insects
real,h3_insects_b,eddm,81.11311311311312,43,-0.3483483483483374,insects
real,h3_insects_b,eddm+half,81.21621621621622,149,-0.24524524524524027,insects
real,h3_insects_b,eddm+hedge,81.45045045045045,20,-0.011011011011008431,insects
real,h3_insects_b,fhddm,81.43643643643644,7,-0.025025025025027237,insects
real,h3_insects_b,fhddm+half,81.50350350350351,8,0.04204204204204531,insects
real,h3_insects_b,fhddm+hedge,81.50250250250251,7,0.041041041041045556,insects
real,h3_insects_b,hddma,81.5895895895896,4,0.12812812812813545,insects
real,h3_insects_b,hddma+half,81.4934934934935,4,0.03203203203203664,insects
real,h3_insects_b,hddma+hedge,81.6036036036036,4,0.14214214214214316,insects
real,h3_insects_b,hddmw,81.45845845845847,11,-0.0030030030029881694,insects
real,h3_insects_b,hddmw+half,81.44144144144144,10,-0.02002002002001735,insects
real,h3_insects_b,hddmw+hedge,81.55955955955957,10,0.09809809809810943,insects
real,h3_insects_b,adwin,81.54154154154153,6,0.0800800800800805,insects
real,h3_insects_b,adwin+half,81.50050050050051,7,0.03903903903904604,insects
real,h3_insects_b,adwin+hedge,81.57857857857859,6,0.11711711711712702,insects
real,h3_insects_b,ph,81.48748748748748,9,0.026026026026026994,insects
real,h3_insects_b,ph+half,81.48248248248248,9,0.021021021021017106,insects
real,h3_insects_b,ph+hedge,81.56856856856857,7,0.10710710710710725,insects
real,h3_insects_b,kswin,81.52552552552554,3,0.06406406406407328,insects
real,h3_insects_b,kswin+half,81.48148148148148,3,0.02002002002001735,insects
real,h3_insects_b,kswin+hedge,81.54654654654657,3,0.08508508508510149,insects
real,h3_insects_c,none,85.34434434434434,0,0.0,insects
real,h3_insects_c,ddmM,85.35635635635636,3,0.01201201201201929,insects
real,h3_insects_c,ddm,85.35635635635636,3,0.01201201201201929,insects
real,h3_insects_c,ddm+half,85.35635635635634,2,0.012012012012008189,insects
real,h3_insects_c,ddm+hedge,85.38238238238237,2,0.03803803803803518,insects
real,h3_insects_c,eddm,85.28328328328328,9,-0.0610610610610518,insects
real,h3_insects_c,eddm+half,85.4014014014014,59,0.057057057057063876,insects
real,h3_insects_c,eddm+hedge,85.43943943943944,38,0.09509509509509906,insects
real,h3_insects_c,fhddm,85.35135135135134,3,0.007007007007009403,insects
real,h3_insects_c,fhddm+half,85.35335335335334,3,0.009009009009008917,insects
real,h3_insects_c,fhddm+hedge,85.35335335335334,3,0.009009009009008917,insects
real,h3_insects_c,hddma,85.44244244244243,3,0.09809809809809833,insects
real,h3_insects_c,hddma+half,85.38038038038037,3,0.03603603603603567,insects
real,h3_insects_c,hddma+hedge,85.42342342342342,3,0.07907907907908074,insects
real,h3_insects_c,hddmw,85.47247247247246,4,0.12812812812812435,insects
real,h3_insects_c,hddmw+half,85.41341341341341,4,0.06906906906907206,insects
real,h3_insects_c,hddmw+hedge,85.47447447447448,4,0.13013013013013497,insects
real,h3_insects_c,adwin,85.44544544544543,5,0.1011011011010976,insects
real,h3_insects_c,adwin+half,85.38838838838838,5,0.04404404404404483,insects
real,h3_insects_c,adwin+hedge,85.43843843843844,5,0.0940940940940993,insects
real,h3_insects_c,ph,85.4224224224224,7,0.07807807807806988,insects
real,h3_insects_c,ph+half,85.4074074074074,8,0.06306306306307352,insects
real,h3_insects_c,ph+hedge,85.45445445445445,7,0.11011011011011762,insects
real,h3_insects_c,kswin,85.46946946946946,3,0.12512512512512508,insects
real,h3_insects_c,kswin+half,85.41241241241241,3,0.06806806806807231,insects
real,h3_insects_c,kswin+hedge,85.45345345345346,3,0.10910910910912897,insects
real,h3_poker_b,none,93.14114114114115,0,0.0,poker
real,h3_poker_b,ddmM,84.07207207207207,407,-9.06906906906907,poker
real,h3_poker_b,ddm,84.2012012012012,399,-8.939939939939945,poker
real,h3_poker_b,ddm+half,91.15015015015015,265,-1.9909909909909929,poker
real,h3_poker_b,ddm+hedge,92.41141141141141,224,-0.7297297297297445,poker
real,h3_poker_b,eddm,82.58058058058059,327,-10.56056056056056,poker
real,h3_poker_b,eddm+half,92.16616616616616,138,-0.9749749749749848,poker
real,h3_poker_b,eddm+hedge,92.83883883883884,120,-0.30230230230230415,poker
real,h3_poker_b,fhddm,86.2042042042042,150,-6.936936936936943,poker
real,h3_poker_b,fhddm+half,92.46446446446447,88,-0.6766766766766796,poker
real,h3_poker_b,fhddm+hedge,92.95095095095094,83,-0.19019019019020922,poker
real,h3_poker_b,hddma,81.28728728728728,536,-11.853853853853868,poker
real,h3_poker_b,hddma+half,91.97497497497497,203,-1.1661661661661826,poker
real,h3_poker_b,hddma+hedge,92.28528528528528,210,-0.8558558558558582,poker
real,h3_poker_b,hddmw,84.19419419419418,271,-8.946946946946966,poker
real,h3_poker_b,hddmw+half,92.28528528528528,135,-0.8558558558558693,poker
real,h3_poker_b,hddmw+hedge,92.6026026026026,135,-0.5385385385385466,poker
real,h3_poker_b,adwin,85.42742742742743,222,-7.713713713713721,poker
real,h3_poker_b,adwin+half,92.07407407407406,144,-1.0670670670670845,poker
real,h3_poker_b,adwin+hedge,92.8048048048048,136,-0.3363363363363403,poker
real,h3_poker_b,ph,87.96896896896898,117,-5.172172172172173,poker
real,h3_poker_b,ph+half,92.62362362362363,81,-0.5175175175175184,poker
real,h3_poker_b,ph+hedge,93.02502502502502,81,-0.11611611611612727,poker
real,h3_poker_b,kswin,85.92692692692694,210,-7.214214214214209,poker
real,h3_poker_b,kswin+half,92.5095095095095,121,-0.6316316316316462,poker
real,h3_poker_b,kswin+hedge,92.84584584584586,118,-0.29529529529529475,poker
real,h3_poker_c,none,91.1001001001001,0,0.0,poker
real,h3_poker_c,ddmM,83.92392392392392,419,-7.176176176176163,poker
real,h3_poker_c,ddm,83.72072072072073,420,-7.379379379379358,poker
real,h3_poker_c,ddm+half,88.40640640640642,359,-2.6936936936936773,poker
real,h3_poker_c,ddm+hedge,89.84684684684684,287,-1.2532532532532503,poker
real,h3_poker_c,eddm,82.84184184184184,312,-8.258258258258245,poker
real,h3_poker_c,eddm+half,89.56556556556556,191,-1.5345345345345263,poker
real,h3_poker_c,eddm+hedge,90.54154154154153,166,-0.5585585585585529,poker
real,h3_poker_c,fhddm,85.16216216216216,163,-5.937937937937932,poker
real,h3_poker_c,fhddm+half,89.53653653653653,125,-1.5635635635635525,poker
real,h3_poker_c,fhddm+hedge,90.72672672672671,106,-0.3733733733733757,poker
real,h3_poker_c,hddma,82.62962962962963,487,-8.47047047047046,poker
real,h3_poker_c,hddma+half,88.68968968968969,320,-2.410410410410402,poker
real,h3_poker_c,hddma+hedge,90.002002002002,268,-1.0980980980980881,poker
real,h3_poker_c,hddmw,84.4914914914915,260,-6.6086086086085905,poker
real,h3_poker_c,hddmw+half,89.73573573573574,180,-1.3643643643643455,poker
real,h3_poker_c,hddmw+hedge,90.5905905905906,158,-0.5095095095094981,poker
real,h3_poker_c,adwin,84.56456456456458,217,-6.535535535535519,poker
real,h3_poker_c,adwin+half,89.8008008008008,173,-1.2992992992992836,poker
real,h3_poker_c,adwin+hedge,90.43443443443444,162,-0.665665665665649,poker
real,h3_poker_c,ph,86.29529529529528,127,-4.8048048048048075,poker
real,h3_poker_c,ph+half,90.17717717717719,100,-0.9229229229229086,poker
real,h3_poker_c,ph+hedge,90.77977977977979,94,-0.3203203203202998,poker
real,h3_poker_c,kswin,84.1071071071071,248,-6.992992992992986,poker
real,h3_poker_c,kswin+half,89.97397397397397,174,-1.1261261261261146,poker
real,h3_poker_c,kswin+hedge,90.74374374374375,158,-0.35635635635634655,poker
real,h4_airlines_d,none,65.88088088088088,0,0.0,airlines
real,h4_airlines_d,ddmM,65.81881881881881,3,-0.06206206206206266,airlines
real,h4_airlines_d,ddm,65.81881881881881,3,-0.06206206206206266,airlines
real,h4_airlines_d,ddm+half,65.85885885885887,3,-0.022022022022016863,airlines
real,h4_airlines_d,ddm+hedge,65.84384384384384,5,-0.037037037037035425,airlines
real,h4_airlines_d,eddm,65.8028028028028,7,-0.07807807807808098,airlines
real,h4_airlines_d,eddm+half,65.66566566566566,99,-0.21521521521521425,airlines
real,h4_airlines_d,eddm+hedge,65.86186186186187,7,-0.01901901901900649,airlines
real,h4_airlines_d,fhddm,65.25525525525525,42,-0.6256256256256254,airlines
real,h4_airlines_d,fhddm+half,65.82482482482482,33,-0.05605605605606412,airlines
real,h4_airlines_d,fhddm+hedge,65.75475475475476,34,-0.12612612612612484,airlines
real,h4_airlines_d,hddma,65.53653653653654,15,-0.34434434434433836,airlines
real,h4_airlines_d,hddma+half,65.85285285285283,10,-0.02802802802803761,airlines
real,h4_airlines_d,hddma+hedge,65.83483483483484,15,-0.04604604604603324,airlines
real,h4_airlines_d,hddmw,63.081081081081095,161,-2.7997997997997848,airlines
real,h4_airlines_d,hddmw+half,65.32232232232231,158,-0.558558558558564,airlines
real,h4_airlines_d,hddmw+hedge,65.16016016016016,163,-0.7207207207207134,airlines
real,h4_airlines_d,adwin,65.74274274274275,12,-0.13813813813813303,airlines
real,h4_airlines_d,adwin+half,65.86586586586587,11,-0.01501501501500746,airlines
real,h4_airlines_d,adwin+hedge,65.86286286286287,11,-0.018018018018006732,airlines
real,h4_airlines_d,ph,65.25425425425425,33,-0.6266266266266252,airlines
real,h4_airlines_d,ph+half,65.80780780780782,27,-0.07307307307305999,airlines
real,h4_airlines_d,ph+hedge,65.83883883883884,24,-0.04204204204203421,airlines
real,h4_airlines_d,kswin,64.45345345345346,91,-1.427427427427419,airlines
real,h4_airlines_d,kswin+half,65.46046046046047,89,-0.4204204204204087,airlines
real,h4_airlines_d,kswin+hedge,65.41741741741741,91,-0.4634634634634649,airlines
real,h4_airlines_e,none,65.50750750750751,0,0.0,airlines
real,h4_airlines_e,ddmM,65.43243243243244,4,-0.07507507507507061,airlines
real,h4_airlines_e,ddm,65.43243243243244,4,-0.07507507507507061,airlines
real,h4_airlines_e,ddm+half,65.49849849849849,3,-0.00900900900902002,airlines
real,h4_airlines_e,ddm+hedge,65.49449449449449,5,-0.013013013013019048,airlines
real,h4_airlines_e,eddm,65.10610610610611,47,-0.40140140140140224,airlines
real,h4_airlines_e,eddm+half,65.46446446446447,30,-0.04304304304304507,airlines
real,h4_airlines_e,eddm+hedge,65.47347347347346,32,-0.034034034034047256,airlines
real,h4_airlines_e,fhddm,64.66766766766766,44,-0.839839839839851,airlines
real,h4_airlines_e,fhddm+half,65.3913913913914,34,-0.11611611611611616,airlines
real,h4_airlines_e,fhddm+hedge,65.36536536536536,32,-0.14214214214214316,airlines
real,h4_airlines_e,hddma,65.41741741741743,8,-0.09009009009008917,airlines
real,h4_airlines_e,hddma+half,65.47747747747748,7,-0.030030030030037125,airlines
real,h4_airlines_e,hddma+hedge,65.4844844844845,12,-0.02302302302301662,airlines
real,h4_airlines_e,hddmw,63.24724724724724,125,-2.2602602602602717,airlines
real,h4_airlines_e,hddmw+half,65.13913913913913,112,-0.36836836836837694,airlines
real,h4_airlines_e,hddmw+hedge,65.14414414414415,111,-0.36336336336336705,airlines
real,h4_airlines_e,adwin,65.43343343343344,10,-0.07407407407407085,airlines
real,h4_airlines_e,adwin+half,65.47447447447448,10,-0.033033033033036396,airlines
real,h4_airlines_e,adwin+hedge,65.49749749749749,10,-0.010010010010019776,airlines
real,h4_airlines_e,ph,64.83983983983984,35,-0.6676676676676707,airlines
real,h4_airlines_e,ph+half,65.51351351351352,24,0.006006006005998543,airlines
real,h4_airlines_e,ph+hedge,65.48648648648648,23,-0.021021021021028208,airlines
real,h4_airlines_e,kswin,64.47647647647649,58,-1.0310310310310267,airlines
real,h4_airlines_e,kswin+half,65.24524524524524,52,-0.26226226226226945,airlines
real,h4_airlines_e,kswin+hedge,65.26026026026027,50,-0.2472472472472509,airlines
real,h4_covertype_d,none,96.20720720720722,0,0.0,covertype
real,h4_covertype_d,ddmM,93.76576576576579,26,-2.4414414414414387,covertype
real,h4_covertype_d,ddm,93.76576576576579,26,-2.4414414414414387,covertype
real,h4_covertype_d,ddm+half,96.0900900900901,6,-0.11711711711712702,covertype
real,h4_covertype_d,ddm+hedge,96.0950950950951,90,-0.11211211211211713,covertype
real,h4_covertype_d,eddm,51.384384384384376,744,-44.82282282282285,covertype
real,h4_covertype_d,eddm+half,92.86986986986987,84,-3.337337337337354,covertype
real,h4_covertype_d,eddm+hedge,96.10510510510511,85,-0.10210210210210846,covertype
real,h4_covertype_d,fhddm,62.68568568568569,275,-33.521521521521535,covertype
real,h4_covertype_d,fhddm+half,96.06306306306307,4,-0.14414414414415377,covertype
real,h4_covertype_d,fhddm+hedge,96.20620620620622,2,-0.0010010010009997572,covertype
real,h4_covertype_d,hddma,55.41941941941941,684,-40.78778778778781,covertype
real,h4_covertype_d,hddma+half,84.06706706706707,295,-12.140140140140154,covertype
real,h4_covertype_d,hddma+hedge,96.07107107107107,74,-0.13613613613615572,covertype
real,h4_covertype_d,hddmw,57.15615615615616,566,-39.05105105105107,covertype
real,h4_covertype_d,hddmw+half,93.66466466466467,58,-2.5425425425425585,covertype
real,h4_covertype_d,hddmw+hedge,96.18318318318319,21,-0.02402402402402748,covertype
real,h4_covertype_d,adwin,55.223223223223215,458,-40.983983983984004,covertype
real,h4_covertype_d,adwin+half,92.15615615615617,90,-4.051051051051058,covertype
real,h4_covertype_d,adwin+hedge,96.1921921921922,20,-0.015015015015029665,covertype
real,h4_covertype_d,ph,60.22622622622623,246,-35.980980980980995,covertype
real,h4_covertype_d,ph+half,94.01701701701704,46,-2.190190190190189,covertype
real,h4_covertype_d,ph+hedge,96.06806806806807,10,-0.139139139139155,covertype
real,h4_covertype_d,kswin,60.249249249249246,456,-35.95795795795797,covertype
real,h4_covertype_d,kswin+half,93.58558558558559,51,-2.621621621621628,covertype
real,h4_covertype_d,kswin+hedge,96.18518518518519,14,-0.022022022022027965,covertype
real,h4_covertype_e,none,97.27527527527528,0,0.0,covertype
real,h4_covertype_e,ddmM,96.85785785785787,7,-0.41741741741740945,covertype
real,h4_covertype_e,ddm,96.85785785785787,7,-0.41741741741740945,covertype
real,h4_covertype_e,ddm+half,97.1931931931932,84,-0.08208208208208001,covertype
real,h4_covertype_e,ddm+hedge,97.17217217217218,76,-0.10310310310309712,covertype
real,h4_covertype_e,eddm,60.57557557557558,646,-36.69969969969969,covertype
real,h4_covertype_e,eddm+half,97.10810810810811,47,-0.1671671671671593,covertype
real,h4_covertype_e,eddm+hedge,97.17217217217218,70,-0.10310310310309712,covertype
real,h4_covertype_e,fhddm,65.46246246246247,289,-31.81281281281281,covertype
real,h4_covertype_e,fhddm+half,97.27527527527528,1,0.0,covertype
real,h4_covertype_e,fhddm+hedge,97.27327327327328,1,-0.0020020020019995144,covertype
real,h4_covertype_e,hddma,66.03803803803804,608,-31.237237237237238,covertype
real,h4_covertype_e,hddma+half,96.82082082082081,68,-0.454454454454456,covertype
real,h4_covertype_e,hddma+hedge,97.16416416416416,56,-0.11111111111111738,covertype
real,h4_covertype_e,hddmw,73.11511511511513,356,-24.16016016016015,covertype
real,h4_covertype_e,hddmw+half,97.23523523523525,13,-0.040040040040023595,covertype
real,h4_covertype_e,hddmw+hedge,97.26126126126125,12,-0.014014014014018805,covertype
real,h4_covertype_e,adwin,60.86486486486486,389,-36.41041041041041,covertype
real,h4_covertype_e,adwin+half,97.20520520520522,18,-0.07007007007006072,covertype
real,h4_covertype_e,adwin+hedge,97.24824824824825,17,-0.02702702702702675,covertype
real,h4_covertype_e,ph,68.42542542542543,223,-28.84984984984984,covertype
real,h4_covertype_e,ph+half,97.26326326326327,7,-0.012012012012008189,covertype
real,h4_covertype_e,ph+hedge,97.26326326326327,7,-0.012012012012008189,covertype
real,h4_covertype_e,kswin,74.92792792792793,281,-22.347347347347345,covertype
real,h4_covertype_e,kswin+half,97.18518518518519,10,-0.09009009009007807,covertype
real,h4_covertype_e,kswin+hedge,97.26726726726727,7,-0.008008008007998058,covertype
real,h4_poker_d,none,94.11411411411412,0,0.0,poker
real,h4_poker_d,ddmM,85.93293293293294,393,-8.181181181181184,poker
real,h4_poker_d,ddm,85.97497497497498,389,-8.13913913913914,poker
real,h4_poker_d,ddm+half,91.41741741741741,301,-2.69669669669671,poker
real,h4_poker_d,ddm+hedge,92.92392392392394,239,-1.190190190190188,poker
real,h4_poker_d,eddm,83.16516516516515,319,-10.948948948948967,poker
real,h4_poker_d,eddm+half,93.10310310310311,120,-1.0110110110110204,poker
real,h4_poker_d,eddm+hedge,93.53253253253254,115,-0.5815815815815806,poker
real,h4_poker_d,fhddm,87.2082082082082,139,-6.905905905905918,poker
real,h4_poker_d,fhddm+half,92.93893893893895,89,-1.1751751751751804,poker
real,h4_poker_d,fhddm+hedge,93.65765765765765,81,-0.4564564564564666,poker
real,h4_poker_d,hddma,82.96496496496498,499,-11.149149149149151,poker
real,h4_poker_d,hddma+half,92.01301301301301,226,-2.1011011011011105,poker
real,h4_poker_d,hddma+hedge,93.04004004004004,189,-1.0740740740740828,poker
real,h4_poker_d,hddmw,85.11911911911912,268,-8.99499499499501,poker
real,h4_poker_d,hddmw+half,93.17617617617617,132,-0.9379379379379493,poker
real,h4_poker_d,hddmw+hedge,93.41941941941941,131,-0.6946946946947086,poker
real,h4_poker_d,adwin,86.53253253253254,192,-7.581581581581586,poker
real,h4_poker_d,adwin+half,92.988988988989,127,-1.125125125125126,poker
real,h4_poker_d,adwin+hedge,93.6066066066066,118,-0.5075075075075208,poker
real,h4_poker_d,ph,88.37237237237238,116,-5.7417417417417465,poker
real,h4_poker_d,ph+half,93.33933933933935,72,-0.774774774774778,poker
real,h4_poker_d,ph+hedge,94.05305305305306,61,-0.061061061061062905,poker
real,h4_poker_d,kswin,87.65565565565566,178,-6.458458458458461,poker
real,h4_poker_d,kswin+half,93.30430430430431,107,-0.8098098098098139,poker
real,h4_poker_d,kswin+hedge,93.65665665665665,101,-0.45745745745746635,poker
real,h4_poker_e,none,91.63663663663664,0,0.0,poker
real,h4_poker_e,ddmM,83.37937937937939,430,-8.257257257257255,poker
real,h4_poker_e,ddm,83.31131131131131,424,-8.325325325325327,poker
real,h4_poker_e,ddm+half,89.6076076076076,313,-2.029029029029028,poker
real,h4_poker_e,ddm+hedge,90.8908908908909,303,-0.7457457457457406,poker
real,h4_poker_e,eddm,81.54354354354354,351,-10.093093093093097,poker
real,h4_poker_e,eddm+half,90.10810810810811,176,-1.5285285285285277,poker
real,h4_poker_e,eddm+hedge,91.25125125125125,160,-0.3853853853853839,poker
real,h4_poker_e,fhddm,83.77477477477478,195,-7.861861861861852,poker
real,h4_poker_e,fhddm+half,90.43743743743744,113,-1.1991991991991968,poker
real,h4_poker_e,fhddm+hedge,91.06206206206207,109,-0.5745745745745712,poker
real,h4_poker_e,hddma,81.55755755755756,487,-10.07907907907908,poker
real,h4_poker_e,hddma+half,89.30830830830831,274,-2.328328328328322,poker
real,h4_poker_e,hddma+hedge,90.8998998998999,255,-0.7367367367367317,poker
real,h4_poker_e,hddmw,82.22422422422422,320,-9.412412412412419,poker
real,h4_poker_e,hddmw+half,90.5995995995996,165,-1.0370370370370363,poker
real,h4_poker_e,hddmw+hedge,91.14914914914914,164,-0.4874874874874924,poker
real,h4_poker_e,adwin,82.55655655655656,249,-9.080080080080076,poker
real,h4_poker_e,adwin+half,90.17017017017017,173,-1.4664664664664762,poker
real,h4_poker_e,adwin+hedge,91.06306306306307,157,-0.5735735735735714,poker
real,h4_poker_e,ph,85.65265265265265,136,-5.983983983983987,poker
real,h4_poker_e,ph+half,90.45945945945947,104,-1.1771771771771689,poker
real,h4_poker_e,ph+hedge,91.17417417417418,95,-0.46246246246245404,poker
real,h4_poker_e,kswin,83.93993993993995,245,-7.6966966966966925,poker
real,h4_poker_e,kswin+half,90.6016016016016,149,-1.0350350350350368,poker
real,h4_poker_e,kswin+hedge,91.25425425425425,139,-0.38238238238238464,poker
real,elec2,none,81.2146017699115,0,0.0,elec2
real,elec2,ddmM,79.54203539823008,203,-1.6725663716814165,elec2
real,elec2,ddm,80.04646017699115,179,-1.1681415929203465,elec2
real,elec2,ddm+half,80.84734513274336,147,-0.36725663716814516,elec2
real,elec2,ddm+hedge,80.51327433628319,250,-0.7013274336283071,elec2
real,elec2,eddm,78.75884955752213,205,-2.4557522123893727,elec2
real,elec2,eddm+half,80.55973451327434,195,-0.6548672566371594,elec2
real,elec2,eddm+hedge,80.6858407079646,187,-0.5287610619468919,elec2
real,elec2,fhddm,80.03982300884955,73,-1.1747787610619453,elec2
real,elec2,fhddm+half,81.07964601769912,67,-0.13495575221238454,elec2
real,elec2,fhddm+hedge,80.67699115044246,70,-0.5376106194690311,elec2
real,elec2,hddma,78.93584070796462,216,-2.278761061946888,elec2
real,elec2,hddma+half,80.65486725663716,202,-0.5597345132743348,elec2
real,elec2,hddma+hedge,80.49778761061947,205,-0.716814159292023,elec2
real,elec2,hddmw,79.0287610619469,158,-2.1858407079646036,elec2
real,elec2,hddmw+half,80.5641592920354,153,-0.6504424778761009,elec2
real,elec2,hddmw+hedge,80.48893805309736,149,-0.72566371681414,elec2
real,elec2,adwin,80.07964601769912,57,-1.1349557522123854,elec2
real,elec2,adwin+half,80.97566371681417,53,-0.2389380530973373,elec2
real,elec2,adwin+hedge,80.87389380530973,59,-0.3407079646017608,elec2
real,elec2,ph,80.32964601769912,37,-0.8849557522123797,elec2
real,elec2,ph+half,80.87389380530972,36,-0.3407079646017719,elec2
real,elec2,ph+hedge,80.9424778761062,39,-0.27212389380529833,elec2
real,elec2,kswin,79.27433628318585,124,-1.9402654867256564,elec2
real,elec2,kswin+half,80.60619469026548,123,-0.6084070796460228,elec2
real,elec2,kswin+hedge,80.52433628318585,115,-0.6902654867256497,elec2
real,insects_abrupt_balanced,none,76.4326375711575,0,0.0,insects
real,insects_abrupt_balanced,ddmM,77.73624288425046,10,1.3036053130929592,insects
real,insects_abrupt_balanced,ddm,77.73624288425046,10,1.3036053130929592,insects
real,insects_abrupt_balanced,ddm+half,76.9146110056926,8,0.481973434535099,insects
real,insects_abrupt_balanced,ddm+hedge,77.69639468690703,10,1.2637571157495198,insects
real,insects_abrupt_balanced,eddm,76.7628083491461,27,0.33017077798860317,insects
real,insects_abrupt_balanced,eddm+half,76.60341555977229,59,0.17077798861478977,insects
real,insects_abrupt_balanced,eddm+hedge,76.9146110056926,31,0.481973434535099,insects
real,insects_abrupt_balanced,fhddm,76.94686907020872,14,0.5142314990512209,insects
real,insects_abrupt_balanced,fhddm+half,76.90322580645162,13,0.47058823529411153,insects
real,insects_abrupt_balanced,fhddm+hedge,77.15939278937381,12,0.7267552182163128,insects
real,insects_abrupt_balanced,hddma,78.23339658444021,9,1.8007590132827156,insects
real,insects_abrupt_balanced,hddma+half,77.06451612903226,10,0.6318785578747543,insects
real,insects_abrupt_balanced,hddma+hedge,78.05882352941177,9,1.626185958254267,insects
real,insects_abrupt_balanced,hddmw,78.19354838709677,16,1.760910815939265,insects
real,insects_abrupt_balanced,hddmw+half,76.98102466793169,15,0.5483870967741833,insects
real,insects_abrupt_balanced,hddmw+hedge,78.15939278937381,16,1.7267552182163026,insects
real,insects_abrupt_balanced,adwin,78.23719165085389,12,1.8045540796963855,insects
real,insects_abrupt_balanced,adwin+half,77.14990512333966,17,0.7172675521821659,insects
real,insects_abrupt_balanced,adwin+hedge,78.10056925996204,12,1.667931688804547,insects
real,insects_abrupt_balanced,ph,77.84629981024668,16,1.413662239089175,insects
real,insects_abrupt_balanced,ph+half,76.95635673624287,22,0.5237191650853679,insects
real,insects_abrupt_balanced,ph+hedge,77.9753320683112,16,1.542694497153696,insects
real,insects_abrupt_balanced,kswin,78.28462998102465,9,1.8519924098671536,insects
real,insects_abrupt_balanced,kswin+half,77.1404174573055,13,0.7077798861479967,insects
real,insects_abrupt_balanced,kswin+hedge,78.09677419354838,10,1.6641366223908882,insects
real,insects_gradual_balanced,none,78.88333333333333,0,0.0,insects
real,insects_gradual_balanced,ddmM,79.9875,4,1.1041666666666727,insects
real,insects_gradual_balanced,ddm,79.9875,4,1.1041666666666727,insects
real,insects_gradual_balanced,ddm+half,79.13333333333334,8,0.2500000000000169,insects
real,insects_gradual_balanced,ddm+hedge,79.65833333333333,5,0.7750000000000035,insects
real,insects_gradual_balanced,eddm,79.12499999999999,19,0.24166666666666226,insects
real,insects_gradual_balanced,eddm+half,79.10000000000001,24,0.2166666666666761,insects
real,insects_gradual_balanced,eddm+hedge,79.28333333333332,35,0.39999999999998925,insects
real,insects_gradual_balanced,fhddm,79.50833333333333,6,0.6249999999999978,insects
real,insects_gradual_balanced,fhddm+half,79.325,6,0.44166666666667354,insects
real,insects_gradual_balanced,fhddm+hedge,79.59583333333333,6,0.7125000000000048,insects
real,insects_gradual_balanced,hddma,80.44583333333333,5,1.5625,insects
real,insects_gradual_balanced,hddma+half,79.1625,5,0.2791666666666637,insects
real,insects_gradual_balanced,hddma+hedge,80.11250000000001,5,1.2291666666666812,insects
real,insects_gradual_balanced,hddmw,80.30416666666667,8,1.420833333333349,insects
real,insects_gradual_balanced,hddmw+half,79.125,7,0.24166666666667336,insects
real,insects_gradual_balanced,hddmw+hedge,80.25000000000001,11,1.3666666666666827,insects
real,insects_gradual_balanced,adwin,80.2625,7,1.3791666666666758,insects
real,insects_gradual_balanced,adwin+half,79.26249999999999,8,0.37916666666666377,insects
real,insects_gradual_balanced,adwin+hedge,80.13333333333334,7,1.2500000000000067,insects
real,insects_gradual_balanced,ph,79.93333333333334,6,1.0500000000000065,insects
real,insects_gradual_balanced,ph+half,79.33333333333333,7,0.44999999999999485,insects
real,insects_gradual_balanced,ph+hedge,79.88333333333333,8,1.0000000000000009,insects
real,insects_gradual_balanced,kswin,80.34166666666667,6,1.4583333333333393,insects
real,insects_gradual_balanced,kswin+half,79.26666666666667,7,0.3833333333333355,insects
real,insects_gradual_balanced,kswin+hedge,80.2375,6,1.3541666666666674,insects
real,insects_incremental_balanced,none,67.37609841827769,0,0.0,insects
real,insects_incremental_balanced,ddmM,67.37609841827769,0,0.0,insects
real,insects_incremental_balanced,ddm,67.37609841827769,0,0.0,insects
real,insects_incremental_balanced,ddm+half,67.37609841827769,0,0.0,insects
real,insects_incremental_balanced,ddm+hedge,67.37609841827769,0,0.0,insects
real,insects_incremental_balanced,eddm,67.2390158172232,13,-0.13708260105448344,insects
real,insects_incremental_balanced,eddm+half,67.38312829525483,3,0.007029876977149296,insects
real,insects_incremental_balanced,eddm+hedge,67.41124780316345,11,0.035149384885757584,insects
real,insects_incremental_balanced,fhddm,66.96309314586995,15,-0.41300527240774043,insects
real,insects_incremental_balanced,fhddm+half,67.30404217926186,10,-0.07205623901582747,insects
real,insects_incremental_balanced,fhddm+hedge,67.31107205623901,10,-0.06502636203866707,insects
real,insects_incremental_balanced,hddma,67.36731107205624,2,-0.008787346221450498,insects
real,insects_incremental_balanced,hddma+half,67.36028119507908,2,-0.015817223198599795,insects
real,insects_incremental_balanced,hddma+hedge,67.41300527240774,2,0.036906854130058786,insects
real,insects_incremental_balanced,hddmw,66.8224956063269,22,-0.553602811950793,insects
real,insects_incremental_balanced,hddmw+half,67.2970123022847,23,-0.07908611599298787,insects
real,insects_incremental_balanced,hddmw+hedge,67.44288224956063,22,0.06678383128294607,insects
real,insects_incremental_balanced,adwin,67.26537785588752,4,-0.11072056239016526,insects
real,insects_incremental_balanced,adwin+half,67.38664323374341,4,0.010544815465729496,insects
real,insects_incremental_balanced,adwin+hedge,67.40070298769771,4,0.02460456942002809,insects
real,insects_incremental_balanced,ph,67.05272407732863,12,-0.32337434094904527,insects
real,insects_incremental_balanced,ph+half,67.34094903339191,9,-0.03514938488577979,insects
real,insects_incremental_balanced,ph+hedge,67.3585237258348,9,-0.017574692442889894,insects
real,insects_incremental_balanced,kswin,67.31107205623901,3,-0.06502636203867818,insects
real,insects_incremental_balanced,kswin+half,67.36555360281196,3,-0.010544815465729496,insects
real,insects_incremental_balanced,kswin+hedge,67.38312829525482,7,0.007029876977138194,insects
real,insects_incremental_reoccurring_balanced,none,79.13659147869674,0,0.0,insects
real,insects_incremental_reoccurring_balanced,ddmM,80.20426065162907,18,1.0676691729323284,insects
real,insects_incremental_reoccurring_balanced,ddm,80.20426065162907,18,1.0676691729323284,insects
real,insects_incremental_reoccurring_balanced,ddm+half,79.54135338345864,15,0.40476190476190776,insects
real,insects_incremental_reoccurring_balanced,ddm+hedge,80.2092731829574,14,1.0726817042606585,insects
real,insects_incremental_reoccurring_balanced,eddm,79.38972431077694,48,0.2531328320802051,insects
real,insects_incremental_reoccurring_balanced,eddm+half,79.44110275689222,36,0.30451127819548507,insects
real,insects_incremental_reoccurring_balanced,eddm+hedge,80.01503759398496,114,0.8784461152882228,insects
real,insects_incremental_reoccurring_balanced,fhddm,79.7593984962406,21,0.6228070175438694,insects
real,insects_incremental_reoccurring_balanced,fhddm+half,79.60025062656642,20,0.4636591478696772,insects
real,insects_incremental_reoccurring_balanced,fhddm+hedge,79.77443609022555,21,0.637844611528815,insects
real,insects_incremental_reoccurring_balanced,hddma,80.76691729323308,17,1.6303258145363375,insects
real,insects_incremental_reoccurring_balanced,hddma+half,79.54761904761905,16,0.4110275689223064,insects
real,insects_incremental_reoccurring_balanced,hddma+hedge,80.73057644110277,16,1.5939849624060254,insects
real,insects_incremental_reoccurring_balanced,hddmw,80.82456140350878,22,1.6879699248120383,insects
real,insects_incremental_reoccurring_balanced,hddmw+half,79.53258145363408,24,0.39598997493733856,insects
real,insects_incremental_reoccurring_balanced,hddmw+hedge,80.78320802005014,22,1.6466165413533962,insects
real,insects_incremental_reoccurring_balanced,adwin,80.66917293233082,20,1.5325814536340854,insects
real,insects_incremental_reoccurring_balanced,adwin+half,79.50626566416041,25,0.36967418546366426,insects
real,insects_incremental_reoccurring_balanced,adwin+hedge,80.61027568922306,19,1.473684210526316,insects
real,insects_incremental_reoccurring_balanced,ph,80.54511278195488,21,1.4085213032581478,insects
real,insects_incremental_reoccurring_balanced,ph+half,79.55639097744361,27,0.4197994987468756,insects
real,insects_incremental_reoccurring_balanced,ph+hedge,80.36591478696741,24,1.229323308270669,insects
real,insects_incremental_reoccurring_balanced,kswin,80.30827067669173,14,1.1716791979949903,insects
real,insects_incremental_reoccurring_balanced,kswin+half,79.58270676691728,15,0.4461152882205499,insects
real,insects_incremental_reoccurring_balanced,kswin+hedge,80.30200501253132,13,1.1654135338345806,insects
real,gas,none,87.72463768115942,0,0.0,gas
real,gas,ddmM,82.92753623188406,49,-4.797101449275365,gas
real,gas,ddm,82.92753623188406,49,-4.797101449275365,gas
real,gas,ddm+half,85.57971014492753,45,-2.1449275362318887,gas
real,gas,ddm+hedge,86.6231884057971,43,-1.1014492753623317,gas
real,gas,eddm,82.78260869565217,38,-4.9420289855072514,gas
real,gas,eddm+half,85.7536231884058,32,-1.97101449275362,gas
real,gas,eddm+hedge,86.45652173913044,31,-1.2681159420289911,gas
real,gas,fhddm,81.76811594202898,29,-5.956521739130438,gas
real,gas,fhddm+half,86.43478260869564,21,-1.2898550724637747,gas
real,gas,fhddm+hedge,86.19565217391305,21,-1.528985507246372,gas
real,gas,hddma,82.52898550724638,46,-5.195652173913046,gas
real,gas,hddma+half,85.22463768115942,42,-2.500000000000002,gas
real,gas,hddma+hedge,86.05072463768117,37,-1.673913043478259,gas
real,gas,hddmw,83.47101449275364,37,-4.253623188405786,gas
real,gas,hddmw+half,85.86231884057972,32,-1.862318840579702,gas
real,gas,hddmw+hedge,86.44927536231883,30,-1.2753623188405894,gas
real,gas,adwin,83.38405797101449,40,-4.340579710144931,gas
real,gas,adwin+half,85.56521739130434,35,-2.159420289855074,gas
real,gas,adwin+hedge,85.63043478260872,33,-2.094202898550712,gas
real,gas,ph,81.51449275362317,21,-6.210144927536243,gas
real,gas,ph+half,87.19565217391305,14,-0.5289855072463712,gas
real,gas,ph+hedge,87.26086956521739,14,-0.4637681159420315,gas
real,gas,kswin,81.60144927536231,41,-6.123188405797109,gas
real,gas,kswin+half,85.08695652173913,37,-2.637681159420291,gas
real,gas,kswin+hedge,86.15942028985508,33,-1.565217391304341,gas
real,occupancy,none,95.41666666666667,0,0.0,occupancy
real,occupancy,ddmM,94.26470588235296,37,-1.1519607843137214,occupancy
real,occupancy,ddm,94.26470588235296,37,-1.1519607843137214,occupancy
real,occupancy,ddm+half,95.43627450980392,35,0.01960784313724817,occupancy
real,occupancy,ddm+hedge,94.76960784313727,37,-0.6470588235294117,occupancy
real,occupancy,eddm,94.90196078431373,18,-0.5147058823529393,occupancy
real,occupancy,eddm+half,95.11764705882354,19,-0.29901960784313175,occupancy
real,occupancy,eddm+hedge,95.58333333333334,16,0.16666666666667052,occupancy
real,occupancy,fhddm,92.31372549019608,19,-3.102941176470597,occupancy
real,occupancy,fhddm+half,95.15686274509804,15,-0.2598039215686354,occupancy
real,occupancy,fhddm+hedge,92.76960784313727,18,-2.6470588235294135,occupancy
real,occupancy,hddma,95.0735294117647,26,-0.34313725490197067,occupancy
real,occupancy,hddma+half,95.0735294117647,29,-0.34313725490197067,occupancy
real,occupancy,hddma+hedge,95.34313725490196,27,-0.07352941176470562,occupancy
real,occupancy,hddmw,94.50980392156863,22,-0.906862745098036,occupancy
real,occupancy,hddmw+half,95.01470588235294,22,-0.4019607843137263,occupancy
real,occupancy,hddmw+hedge,94.8186274509804,23,-0.5980392156862746,occupancy
real,occupancy,adwin,95.30392156862746,23,-0.11274509803921307,occupancy
real,occupancy,adwin+half,94.58823529411764,23,-0.8284313725490322,occupancy
real,occupancy,adwin+hedge,95.13725490196077,21,-0.2794117647058947,occupancy
real,occupancy,ph,94.37745098039217,13,-1.0392156862744972,occupancy
real,occupancy,ph+half,95.09803921568627,12,-0.3186274509804021,occupancy
real,occupancy,ph+hedge,94.83333333333333,12,-0.5833333333333468,occupancy
real,occupancy,kswin,94.51470588235294,25,-0.9019607843137267,occupancy
real,occupancy,kswin+half,94.66666666666667,23,-0.7500000000000062,occupancy
real,occupancy,kswin+hedge,94.4313725490196,25,-0.9852941176470731,occupancy
real,room,none,96.11,0,0.0,room
real,room,ddmM,92.9,17,-3.2099999999999906,room
real,room,ddm,92.9,17,-3.2099999999999906,room
real,room,ddm+half,96.16000000000001,16,0.0500000000000167,room
real,room,ddm+hedge,93.77,18,-2.3399999999999976,room
real,room,eddm,93.44999999999999,11,-2.660000000000007,room
real,room,eddm+half,96.14,7,0.030000000000007798,room
real,room,eddm+hedge,94.21,10,-1.9000000000000017,room
real,room,fhddm,93.6,5,-2.510000000000001,room
real,room,fhddm+half,96.13,3,0.019999999999997797,room
real,room,fhddm+hedge,94.75,5,-1.3599999999999945,room
real,room,hddma,92.9,17,-3.2099999999999906,room
real,room,hddma+half,96.15,12,0.0400000000000067,room
real,room,hddma+hedge,93.77,17,-2.3399999999999976,room
real,room,hddmw,93.37,13,-2.739999999999987,room
real,room,hddmw+half,96.14,8,0.030000000000007798,room
real,room,hddmw+hedge,94.16999999999999,13,-1.9400000000000084,room
real,room,adwin,93.44999999999999,11,-2.660000000000007,room
real,room,adwin+half,96.14,7,0.030000000000007798,room
real,room,adwin+hedge,94.21,10,-1.9000000000000017,room
real,room,ph,93.3,8,-2.8100000000000014,room
real,room,ph+half,96.16,5,0.050000000000005596,room
real,room,ph+hedge,95.19,7,-0.9199999999999986,room
real,room,kswin,93.39,13,-2.72,room
real,room,kswin+half,96.14,8,0.030000000000007798,room
real,room,kswin+hedge,94.17999999999999,13,-1.9299999999999984,room
real,bank,none,89.88536585365853,0,0.0,bank
real,bank,ddmM,89.86829268292682,9,-0.017073170731707332,bank
real,bank,ddm,89.86829268292682,9,-0.017073170731707332,bank
real,bank,ddm+half,89.9219512195122,9,0.03658536585366967,bank
real,bank,ddm+hedge,89.87560975609756,9,-0.009756097560964516,bank
real,bank,eddm,89.8780487804878,59,-0.007317073170720612,bank
real,bank,eddm+half,89.85365853658536,66,-0.03170731707317076,bank
real,bank,eddm+hedge,89.93658536585366,47,0.0512195121951331,bank
real,bank,fhddm,89.8780487804878,5,-0.007317073170720612,bank
real,bank,fhddm+half,89.90731707317073,5,0.021951219512206244,bank
real,bank,fhddm+hedge,89.90243902439023,5,0.017073170731707332,bank
real,bank,hddma,89.89268292682925,5,0.007317073170731714,bank
real,bank,hddma+half,89.86829268292682,5,-0.017073170731707332,bank
real,bank,hddma+hedge,89.90975609756097,6,0.02439024390245015,bank
real,bank,hddmw,89.85853658536584,10,-0.02682926829268295,bank
real,bank,hddmw+half,89.89024390243901,9,0.004878048780487809,bank
real,bank,hddmw+hedge,89.92926829268292,8,0.04390243902439028,bank
real,bank,adwin,89.97317073170731,9,0.08780487804879167,bank
real,bank,adwin+half,89.92926829268292,9,0.04390243902439028,bank
real,bank,adwin+hedge,89.96097560975609,9,0.07560975609756104,bank
real,bank,ph,89.91951219512194,11,0.034146341463414664,bank
real,bank,ph+half,89.87560975609756,11,-0.009756097560964516,bank
real,bank,ph+hedge,89.97317073170731,12,0.08780487804879167,bank
real,bank,kswin,89.89512195121951,6,0.00975609756098672,bank
real,bank,kswin+half,89.88780487804877,5,0.0024390243902439046,bank
real,bank,kswin+hedge,89.90731707317073,4,0.021951219512206244,bank
real,kdd,none,98.94694694694695,0,0.0,kdd
real,kdd,ddmM,98.67967967967968,61,-0.26726726726726824,kdd
real,kdd,ddm,98.68468468468468,60,-0.26226226226225835,kdd
real,kdd,ddm+half,98.90690690690693,51,-0.040040040040023595,kdd
real,kdd,ddm+hedge,98.87387387387388,55,-0.0730730730730711,kdd
real,kdd,eddm,98.76476476476476,21,-0.18218218218217785,kdd
real,kdd,eddm+half,98.91191191191191,21,-0.03503503503502481,kdd
real,kdd,eddm+hedge,98.92792792792793,19,-0.01901901901901759,kdd
real,kdd,fhddm,98.62862862862862,20,-0.31831831831832247,kdd
real,kdd,fhddm+half,98.93593593593593,14,-0.011011011011008431,kdd
real,kdd,fhddm+hedge,98.7017017017017,18,-0.24524524524525138,kdd
real,kdd,hddma,98.8088088088088,34,-0.13813813813813303,kdd
real,kdd,hddma+half,98.9049049049049,31,-0.04204204204204531,kdd
real,kdd,hddma+hedge,98.94094094094095,30,-0.006006006005998543,kdd
real,kdd,hddmw,98.80380380380382,28,-0.1431431431431318,kdd
real,kdd,hddmw+half,98.9049049049049,24,-0.04204204204204531,kdd
real,kdd,hddmw+hedge,98.94094094094095,23,-0.006006006005998543,kdd
real,kdd,adwin,98.7967967967968,31,-0.15015015015014122,kdd
real,kdd,adwin+half,98.9049049049049,28,-0.04204204204204531,kdd
real,kdd,adwin+hedge,98.94094094094095,27,-0.006006006005998543,kdd
real,kdd,ph,98.97397397397397,12,0.02702702702702675,kdd
real,kdd,ph+half,98.94294294294295,12,-0.004004004003999029,kdd
real,kdd,ph+hedge,98.97697697697697,12,0.030030030030026023,kdd
real,kdd,kswin,98.78578578578579,24,-0.16116116116116075,kdd
real,kdd,kswin+half,98.91291291291292,21,-0.03403403403402505,kdd
real,kdd,kswin+hedge,98.93993993993995,20,-0.0070070070069983,kdd
real,eeg,none,81.07432432432432,0,0.0,eeg
real,eeg,ddmM,89.02702702702702,32,7.952702702702696,eeg
real,eeg,ddm,89.02702702702702,32,7.952702702702696,eeg
real,eeg,ddm+half,82.32432432432432,61,1.2500000000000067,eeg
real,eeg,ddm+hedge,88.13513513513513,35,7.060810810810814,eeg
real,eeg,eddm,88.71621621621622,26,7.641891891891905,eeg
real,eeg,eddm+half,82.58783783783781,42,1.513513513513487,eeg
real,eeg,eddm+hedge,88.3581081081081,25,7.28378378378377,eeg
real,eeg,fhddm,84.58783783783784,18,3.513513513513511,eeg
real,eeg,fhddm+half,81.86486486486486,21,0.7905405405405408,eeg
real,eeg,fhddm+hedge,85.47972972972974,18,4.405405405405416,eeg
real,eeg,hddma,88.98648648648648,33,7.912162162162161,eeg
real,eeg,hddma+half,82.57432432432431,55,1.4999999999999902,eeg
real,eeg,hddma+hedge,88.62162162162161,33,7.547297297297295,eeg
real,eeg,hddmw,88.41216216216216,25,7.337837837837835,eeg
real,eeg,hddmw+half,82.20945945945947,47,1.1351351351351457,eeg
real,eeg,hddmw+hedge,87.74324324324323,27,6.668918918918909,eeg
real,eeg,adwin,88.10135135135134,28,7.027027027027022,eeg
real,eeg,adwin+half,82.39189189189187,38,1.3175675675675569,eeg
real,eeg,adwin+hedge,87.58783783783784,29,6.513513513513514,eeg
real,eeg,ph,87.91891891891892,19,6.8445945945946,eeg
real,eeg,ph+half,82.5608108108108,26,1.4864864864864824,eeg
real,eeg,ph+hedge,87.69594594594594,20,6.621621621621621,eeg
real,eeg,kswin,88.36486486486487,28,7.290540540540547,eeg
real,eeg,kswin+half,82.23648648648646,39,1.1621621621621392,eeg
real,eeg,kswin+hedge,87.75,28,6.675675675675685,eeg
real,news,none,66.04556962025316,0,0.0,news
real,news,ddmM,66.04556962025316,0,0.0,news
real,news,ddm,66.04556962025316,0,0.0,news
real,news,ddm+half,66.04556962025316,0,0.0,news
real,news,ddm+hedge,66.04556962025316,0,0.0,news
real,news,eddm,65.1620253164557,47,-0.8835443037974677,news
real,news,eddm+half,65.83291139240505,66,-0.21265822784810595,news
real,news,eddm+hedge,65.96962025316455,48,-0.07594936708861244,news
real,news,fhddm,65.42531645569619,21,-0.620253164556972,news
real,news,fhddm+half,65.94683544303797,16,-0.0987341772151984,news
real,news,fhddm+hedge,65.92405063291139,18,-0.12151898734177324,news
real,news,hddma,65.95696202531644,2,-0.08860759493671821,news
real,news,hddma+half,65.98481012658227,3,-0.06075949367089217,news
real,news,hddma+hedge,66.06582278481012,2,0.020253164556960357,news
real,news,hddmw,64.60759493670885,31,-1.4379746835443075,news
real,news,hddmw+half,65.80759493670885,34,-0.2379746835443175,news
real,news,hddmw+hedge,65.91898734177215,31,-0.12658227848101333,news
real,news,adwin,65.9012658227848,4,-0.1443037974683703,news
real,news,adwin+half,66.03797468354429,4,-0.007594936708865685,news
real,news,adwin+hedge,66.05569620253164,3,0.010126582278469076,news
real,news,ph,65.61265822784809,10,-0.4329113924050776,news
real,news,ph+half,65.95696202531644,8,-0.08860759493671821,news
real,news,ph+hedge,66.01518987341773,7,-0.030379746835440535,news
real,news,kswin,65.5518987341772,12,-0.49367088607595866,news
real,news,kswin+half,66.10632911392403,9,0.06075949367086997,news
real,news,kswin+hedge,65.99999999999999,8,-0.04556962025318301,news
real,home,none,97.02102102102103,0,0.0,home
real,home,ddmM,98.37437437437437,34,1.3533533533533482,home
real,home,ddm,98.37437437437437,34,1.3533533533533482,home
real,home,ddm+half,97.57257257257257,45,0.5515515515515435,home
real,home,ddm+hedge,98.09009009009009,36,1.0690690690690619,home
real,home,eddm,98.23323323323324,24,1.2122122122122048,home
real,home,eddm+half,97.41241241241242,37,0.39139139139139356,home
real,home,eddm+hedge,98.20220220220219,25,1.1811811811811679,home
real,home,fhddm,97.88288288288288,20,0.8618618618618568,home
real,home,fhddm+half,97.38538538538539,27,0.3643643643643668,home
real,home,fhddm+hedge,97.88288288288288,20,0.8618618618618568,home
real,home,hddma,98.47247247247248,30,1.4514514514514465,home
real,home,hddma+half,97.5105105105105,43,0.4894894894894808,home
real,home,hddma+hedge,98.27227227227228,31,1.2512512512512508,home
real,home,hddmw,98.34034034034035,27,1.3193193193193231,home
real,home,hddmw+half,97.4954954954955,38,0.47447447447447333,home
real,home,hddmw+hedge,98.26726726726727,28,1.246246246246252,home
real,home,adwin,98.34034034034035,27,1.3193193193193231,home
real,home,adwin+half,97.41541541541542,39,0.39439439439439283,home
real,home,adwin+hedge,98.26726726726727,28,1.246246246246252,home
real,home,ph,98.14714714714715,19,1.1261261261261257,home
real,home,ph+half,97.58658658658659,28,0.5655655655655623,home
real,home,ph+hedge,98.08708708708708,21,1.0660660660660626,home
real,home,kswin,98.30430430430431,27,1.2832832832832874,home
real,home,kswin+half,97.4964964964965,38,0.4754754754754731,home
real,home,kswin+hedge,98.13113113113113,28,1.1101101101101074,home
real,wall,none,93.50943396226414,0,0.0,wall
real,wall,ddmM,89.99999999999999,2,-3.5094339622641524,wall
real,wall,ddm,89.99999999999999,2,-3.5094339622641524,wall
real,wall,ddm+half,91.41509433962264,13,-2.0943396226415056,wall
real,wall,ddm+hedge,91.52830188679245,12,-1.9811320754716921,wall
real,wall,eddm,61.54716981132074,34,-31.962264150943398,wall
real,wall,eddm+half,88.22641509433961,13,-5.283018867924527,wall
real,wall,eddm+hedge,92.11320754716981,8,-1.396226415094337,wall
real,wall,fhddm,91.01886792452831,3,-2.490566037735842,wall
real,wall,fhddm+half,93.50943396226414,2,0.0,wall
real,wall,fhddm+hedge,93.56603773584906,3,0.05660377358491786,wall
real,wall,hddma,60.28301886792452,41,-33.22641509433962,wall
real,wall,hddma+half,85.98113207547169,25,-7.5283018867924545,wall
real,wall,hddma+hedge,91.60377358490567,18,-1.9056603773584757,wall
real,wall,hddmw,70.84905660377358,20,-22.660377358490567,wall
real,wall,hddmw+half,89.52830188679245,11,-3.981132075471694,wall
real,wall,hddmw+hedge,92.0566037735849,7,-1.4528301886792439,wall
real,wall,adwin,70.22641509433963,18,-23.283018867924522,wall
real,wall,adwin+half,88.62264150943396,9,-4.88679245283018,wall
real,wall,adwin+hedge,93.22641509433961,4,-0.2830188679245227,wall
real,wall,ph,77.33962264150942,10,-16.169811320754725,wall
real,wall,ph+half,93.32075471698114,2,-0.18867924528300772,wall
real,wall,ph+hedge,93.43396226415095,2,-0.07547169811319421,wall
real,wall,kswin,66.28301886792451,25,-27.22641509433963,wall
real,wall,kswin+half,89.71698113207547,11,-3.792452830188664,wall
real,wall,kswin+hedge,93.32075471698114,5,-0.18867924528300772,wall
real,chest,none,97.01801801801801,0,0.0,chest
real,chest,ddmM,99.03103103103102,9,2.0130130130130097,chest
real,chest,ddm,99.03103103103102,9,2.0130130130130097,chest
real,chest,ddm+half,97.68468468468468,17,0.666666666666671,chest
real,chest,ddm+hedge,98.78678678678679,9,1.7687687687687692,chest
real,chest,eddm,99.12012012012012,10,2.1021021021021102,chest
real,chest,eddm+half,97.75875875875876,17,0.7407407407407418,chest
real,chest,eddm+hedge,99.01301301301301,10,1.9949949949949919,chest
real,chest,fhddm,97.75175175175175,8,0.7337337337337324,chest
real,chest,fhddm+half,97.38038038038037,11,0.3623623623623562,chest
real,chest,fhddm+hedge,97.75175175175175,8,0.7337337337337324,chest
real,chest,hddma,99.01801801801803,11,2.000000000000013,chest
real,chest,hddma+half,97.63263263263264,12,0.614614614614617,chest
real,chest,hddma+hedge,98.76276276276276,10,1.7447447447447417,chest
real,chest,hddmw,99.06606606606607,12,2.0480480480480567,chest
real,chest,hddmw+half,97.63863863863862,14,0.6206206206206155,chest
real,chest,hddmw+hedge,98.78878878878878,10,1.7707707707707687,chest
real,chest,adwin,99.07607607607606,12,2.0580580580580543,chest
real,chest,adwin+half,97.71371371371373,19,0.6956956956957083,chest
real,chest,adwin+hedge,98.96296296296296,12,1.9449449449449485,chest
real,chest,ph,99.09009009009009,10,2.072072072072073,chest
real,chest,ph+half,97.64664664664664,16,0.6286286286286358,chest
real,chest,ph+hedge,98.996996996997,10,1.9789789789789847,chest
real,chest,kswin,99.06306306306305,12,2.0450450450450464,chest
real,chest,kswin+half,97.71571571571572,20,0.6976976976977078,chest
real,chest,kswin+hedge,98.94894894894894,13,1.9309309309309297,chest
syn,agrawal_s10,none,86.23430962343096,0,0.0,agrawal
syn,agrawal_s10,ddmM,96.40585774058579,14,10.171548117154828,agrawal
syn,agrawal_s10,ddm,96.40585774058579,14,10.171548117154828,agrawal
syn,agrawal_s10,ddm+half,88.43514644351464,11,2.2008368200836848,agrawal
syn,agrawal_s10,ddm+hedge,96.02092050209205,11,9.786610878661095,agrawal
syn,agrawal_s10,eddm,96.43096234309625,12,10.19665271966529,agrawal
syn,agrawal_s10,eddm+half,91.4100418410042,31,5.175732217573237,agrawal
syn,agrawal_s10,eddm+hedge,96.00418410041843,12,9.76987447698746,agrawal
syn,agrawal_s10,fhddm,86.35146443514644,11,0.11715481171548081,agrawal
syn,agrawal_s10,fhddm+half,86.84518828451883,11,0.6108786610878658,agrawal
syn,agrawal_s10,fhddm+hedge,86.50209205020921,11,0.26778242677825137,agrawal
syn,agrawal_s10,hddma,96.52301255230125,11,10.288702928870297,agrawal
syn,agrawal_s10,hddma+half,88.29707112970712,11,2.0627615062761673,agrawal
syn,agrawal_s10,hddma+hedge,96.02092050209205,11,9.786610878661095,agrawal
syn,agrawal_s10,hddmw,96.52301255230125,11,10.288702928870297,agrawal
syn,agrawal_s10,hddmw+half,88.29707112970712,11,2.0627615062761673,agrawal
syn,agrawal_s10,hddmw+hedge,96.02092050209205,11,9.786610878661095,agrawal
syn,agrawal_s10,adwin,96.19246861924685,14,9.958158995815891,agrawal
syn,agrawal_s10,adwin+half,88.5481171548117,22,2.3138075313807516,agrawal
syn,agrawal_s10,adwin+hedge,95.85355648535565,18,9.61924686192469,agrawal
syn,agrawal_s10,ph,94.56903765690376,13,8.334728033472805,agrawal
syn,agrawal_s10,ph+half,89.73640167364016,22,3.5020920502092046,agrawal
syn,agrawal_s10,ph+hedge,94.91213389121339,14,8.67782426778243,agrawal
syn,agrawal_s10,kswin,95.56485355648536,11,9.330543933054402,agrawal
syn,agrawal_s10,kswin+half,88.12552301255229,12,1.8912133891213379,agrawal
syn,agrawal_s10,kswin+hedge,95.15062761506277,11,8.916317991631818,agrawal
syn,agrawal_s11,none,86.39748953974896,0,0.0,agrawal
syn,agrawal_s11,ddmM,96.41422594142259,23,10.016736401673631,agrawal
syn,agrawal_s11,ddm,96.41422594142259,23,10.016736401673631,agrawal
syn,agrawal_s11,ddm+half,88.21338912133892,11,1.8158995815899526,agrawal
syn,agrawal_s11,ddm+hedge,95.97071129707113,16,9.57322175732217,agrawal
syn,agrawal_s11,eddm,96.58577405857741,11,10.18828451882845,agrawal
syn,agrawal_s11,eddm+half,90.94979079497908,28,4.552301255230118,agrawal
syn,agrawal_s11,eddm+hedge,95.60251046025104,15,9.205020920502083,agrawal
syn,agrawal_s11,fhddm,86.48953974895399,11,0.09205020920503015,agrawal
syn,agrawal_s11,fhddm+half,87.02510460251047,11,0.6276150627614996,agrawal
syn,agrawal_s11,fhddm+hedge,86.72803347280335,11,0.33054393305438357,agrawal
syn,agrawal_s11,hddma,96.58577405857741,11,10.18828451882845,agrawal
syn,agrawal_s11,hddma+half,88.21338912133892,11,1.8158995815899526,agrawal
syn,agrawal_s11,hddma+hedge,96.04602510460252,11,9.648535564853555,agrawal
syn,agrawal_s11,hddmw,96.58577405857741,11,10.18828451882845,agrawal
syn,agrawal_s11,hddmw+half,88.53138075313808,12,2.1338912133891164,agrawal
syn,agrawal_s11,hddmw+hedge,96.04602510460252,11,9.648535564853555,agrawal
syn,agrawal_s11,adwin,96.35146443514644,13,9.953974895397478,agrawal
syn,agrawal_s11,adwin+half,88.6234309623431,22,2.2259414225941354,agrawal
syn,agrawal_s11,adwin+hedge,95.57740585774059,19,9.179916317991632,agrawal
syn,agrawal_s11,ph,95.05439330543933,12,8.656903765690371,agrawal
syn,agrawal_s11,ph+half,89.3305439330544,22,2.9330543933054343,agrawal
syn,agrawal_s11,ph+hedge,94.77405857740585,14,8.376569037656889,agrawal
syn,agrawal_s11,kswin,94.7071129707113,9,8.309623430962333,agrawal
syn,agrawal_s11,kswin+half,88.17154811715481,10,1.774058577405857,agrawal
syn,agrawal_s11,kswin+hedge,93.30962343096235,9,6.912133891213379,agrawal
syn,agrawal_s12,none,86.55648535564853,0,0.0,agrawal
syn,agrawal_s12,ddmM,96.40167364016736,14,9.845188284518825,agrawal
syn,agrawal_s12,ddm,96.40167364016736,14,9.845188284518825,agrawal
syn,agrawal_s12,ddm+half,88.6276150627615,13,2.071129707112962,agrawal
syn,agrawal_s12,ddm+hedge,95.78242677824268,13,9.225941422594142,agrawal
syn,agrawal_s12,eddm,96.4560669456067,11,9.899581589958162,agrawal
syn,agrawal_s12,eddm+half,90.70711297071131,25,4.1506276150627635,agrawal
syn,agrawal_s12,eddm+hedge,95.70711297071131,12,9.150627615062767,agrawal
syn,agrawal_s12,fhddm,86.72384937238495,11,0.16736401673640433,agrawal
syn,agrawal_s12,fhddm+half,87.28033472803348,11,0.7238493723849437,agrawal
syn,agrawal_s12,fhddm+hedge,86.95815899581591,11,0.40167364016736595,agrawal
syn,agrawal_s12,hddma,96.4560669456067,11,9.899581589958162,agrawal
syn,agrawal_s12,hddma+half,88.40585774058579,11,1.8493723849372423,agrawal
syn,agrawal_s12,hddma+hedge,95.7907949790795,11,9.234309623430958,agrawal
syn,agrawal_s12,hddmw,96.4560669456067,11,9.899581589958162,agrawal
syn,agrawal_s12,hddmw+half,88.40585774058579,11,1.8493723849372423,agrawal
syn,agrawal_s12,hddmw+hedge,95.7907949790795,11,9.234309623430958,agrawal
syn,agrawal_s12,adwin,96.35564853556485,12,9.799163179916315,agrawal
syn,agrawal_s12,adwin+half,88.6192468619247,22,2.062761506276156,agrawal
syn,agrawal_s12,adwin+hedge,95.35564853556485,22,8.799163179916313,agrawal
syn,agrawal_s12,ph,95.61087866108787,11,9.054393305439323,agrawal
syn,agrawal_s12,ph+half,89.26359832635984,22,2.7071129707113006,agrawal
syn,agrawal_s12,ph+hedge,94.77824267782427,14,8.221757322175726,agrawal
syn,agrawal_s12,kswin,96.4560669456067,11,9.899581589958162,agrawal
syn,agrawal_s12,kswin+half,88.4100418410042,12,1.8535564853556563,agrawal
syn,agrawal_s12,kswin+hedge,95.65690376569039,12,9.100418410041843,agrawal
syn,agrawal_s13,none,86.2092050209205,0,0.0,agrawal
syn,agrawal_s13,ddmM,96.32217573221757,16,10.112970711297065,agrawal
syn,agrawal_s13,ddm,96.32217573221757,16,10.112970711297065,agrawal
syn,agrawal_s13,ddm+half,88.55648535564855,11,2.3472803347280413,agrawal
syn,agrawal_s13,ddm+hedge,95.96234309623432,13,9.753138075313805,agrawal
syn,agrawal_s13,eddm,96.5439330543933,11,10.334728033472796,agrawal
syn,agrawal_s13,eddm+half,91.06276150627615,28,4.853556485355637,agrawal
syn,agrawal_s13,eddm+hedge,95.89539748953975,12,9.686192468619236,agrawal
syn,agrawal_s13,fhddm,86.30962343096235,11,0.10041841004183594,agrawal
syn,agrawal_s13,fhddm+half,86.8786610878661,11,0.6694560669455951,agrawal
syn,agrawal_s13,fhddm+hedge,86.61087866108787,11,0.40167364016735485,agrawal
syn,agrawal_s13,hddma,96.5439330543933,11,10.334728033472796,agrawal
syn,agrawal_s13,hddma+half,88.29707112970712,11,2.087866108786618,agrawal
syn,agrawal_s13,hddma+hedge,96.01673640167365,11,9.807531380753144,agrawal
syn,agrawal_s13,hddmw,96.5439330543933,11,10.334728033472796,agrawal
syn,agrawal_s13,hddmw+half,88.29707112970712,11,2.087866108786618,agrawal
syn,agrawal_s13,hddmw+hedge,96.01673640167365,11,9.807531380753144,agrawal
syn,agrawal_s13,adwin,96.40585774058579,13,10.196652719665277,agrawal
syn,agrawal_s13,adwin+half,88.58995815899581,22,2.380753138075309,agrawal
syn,agrawal_s13,adwin+hedge,95.7154811715481,19,9.506276150627603,agrawal
syn,agrawal_s13,ph,95.48535564853557,12,9.276150627615065,agrawal
syn,agrawal_s13,ph+half,89.41841004184101,22,3.2092050209205025,agrawal
syn,agrawal_s13,ph+hedge,95.0,15,8.790794979079497,agrawal
syn,agrawal_s13,kswin,95.64016736401675,10,9.430962343096239,agrawal
syn,agrawal_s13,kswin+half,88.2468619246862,12,2.0376569037656944,agrawal
syn,agrawal_s13,kswin+hedge,95.16736401673641,10,8.958158995815902,agrawal
syn,agrawal_s14,none,86.26778242677825,0,0.0,agrawal
syn,agrawal_s14,ddmM,96.39330543933055,14,10.125523012552296,agrawal
syn,agrawal_s14,ddm,96.39330543933055,14,10.125523012552296,agrawal
syn,agrawal_s14,ddm+half,88.47280334728033,12,2.2050209205020876,agrawal
syn,agrawal_s14,ddm+hedge,95.98326359832636,11,9.715481171548113,agrawal
syn,agrawal_s14,eddm,96.5355648535565,11,10.267782426778238,agrawal
syn,agrawal_s14,eddm+half,90.2468619246862,26,3.9790794979079447,agrawal
syn,agrawal_s14,eddm+hedge,95.67782426778243,14,9.41004184100418,agrawal
syn,agrawal_s14,fhddm,86.4518828451883,11,0.1841004184100381,agrawal
syn,agrawal_s14,fhddm+half,87.06276150627615,11,0.7949790794978928,agrawal
syn,agrawal_s14,fhddm+hedge,86.69874476987448,11,0.4309623430962306,agrawal
syn,agrawal_s14,hddma,96.5355648535565,11,10.267782426778238,agrawal
syn,agrawal_s14,hddma+half,88.32635983263599,11,2.058577405857742,agrawal
syn,agrawal_s14,hddma+hedge,95.98326359832636,11,9.715481171548113,agrawal
syn,agrawal_s14,hddmw,96.5355648535565,11,10.267782426778238,agrawal
syn,agrawal_s14,hddmw+half,88.47280334728033,12,2.2050209205020876,agrawal
syn,agrawal_s14,hddmw+hedge,95.98326359832636,11,9.715481171548113,agrawal
syn,agrawal_s14,adwin,96.1297071129707,14,9.861924686192458,agrawal
syn,agrawal_s14,adwin+half,88.56066945606695,22,2.2928870292886927,agrawal
syn,agrawal_s14,adwin+hedge,95.62343096234311,20,9.355648535564853,agrawal
syn,agrawal_s14,ph,95.43096234309624,11,9.163179916317986,agrawal
syn,agrawal_s14,ph+half,89.39330543933055,22,3.1255230125523004,agrawal
syn,agrawal_s14,ph+hedge,94.85774058577405,15,8.589958158995803,agrawal
syn,agrawal_s14,kswin,95.7029288702929,10,9.435146443514641,agrawal
syn,agrawal_s14,kswin+half,88.50627615062761,13,2.2384937238493663,agrawal
syn,agrawal_s14,kswin+hedge,95.0376569037657,11,8.769874476987438,agrawal
syn,hyperplane_s10,none,89.98324022346368,0,0.0,hyperplane
syn,hyperplane_s10,ddmM,90.927374301676,10,0.9441340782123109,hyperplane
syn,hyperplane_s10,ddm,90.927374301676,10,0.9441340782123109,hyperplane
syn,hyperplane_s10,ddm+half,90.60893854748603,11,0.6256983240223501,hyperplane
syn,hyperplane_s10,ddm+hedge,91.16201117318437,12,1.1787709497206866,hyperplane
syn,hyperplane_s10,eddm,90.04469273743015,23,0.061452513966475664,hyperplane
syn,hyperplane_s10,eddm+half,91.06145251396647,28,1.0782122905028002,hyperplane
syn,hyperplane_s10,eddm+hedge,91.24022346368714,23,1.2569832402234637,hyperplane
syn,hyperplane_s10,fhddm,89.77094972067039,3,-0.21229050279328865,hyperplane
syn,hyperplane_s10,fhddm+half,89.97765363128491,3,-0.00558659217876345,hyperplane
syn,hyperplane_s10,fhddm+hedge,89.98324022346368,3,0.0,hyperplane
syn,hyperplane_s10,hddma,90.32402234636872,1,0.34078212290503673,hyperplane
syn,hyperplane_s10,hddma+half,90.33519553072627,4,0.35195530726258584,hyperplane
syn,hyperplane_s10,hddma+hedge,90.89944134078212,4,0.9162011173184381,hyperplane
syn,hyperplane_s10,hddmw,89.98324022346368,0,0.0,hyperplane
syn,hyperplane_s10,hddmw+half,89.98324022346368,0,0.0,hyperplane
syn,hyperplane_s10,hddmw+hedge,89.98324022346368,0,0.0,hyperplane
syn,hyperplane_s10,adwin,91.04469273743018,6,1.0614525139664988,hyperplane
syn,hyperplane_s10,adwin+half,90.50837988826815,9,0.5251396648044748,hyperplane
syn,hyperplane_s10,adwin+hedge,91.03351955307262,6,1.0502793296089385,hyperplane
syn,hyperplane_s10,ph,90.5195530726257,4,0.5363128491620239,hyperplane
syn,hyperplane_s10,ph+half,90.5027932960894,5,0.5195530726257114,hyperplane
syn,hyperplane_s10,ph+hedge,90.54748603351956,4,0.5642458100558856,hyperplane
syn,hyperplane_s10,kswin,90.12849162011173,1,0.14525139664804954,hyperplane
syn,hyperplane_s10,kswin+half,90.05027932960894,1,0.06703910614526132,hyperplane
syn,hyperplane_s10,kswin+hedge,90.13966480446926,1,0.15642458100558754,hyperplane
syn,hyperplane_s11,none,90.89385474860335,0,0.0,hyperplane
syn,hyperplane_s11,ddmM,91.4804469273743,11,0.5865921787709616,hyperplane
syn,hyperplane_s11,ddm,91.4804469273743,11,0.5865921787709616,hyperplane
syn,hyperplane_s11,ddm+half,91.27932960893854,7,0.38547486033519984,hyperplane
syn,hyperplane_s11,ddm+hedge,91.44692737430168,8,0.5530726256983365,hyperplane
syn,hyperplane_s11,eddm,91.37988826815642,17,0.48603351955307517,hyperplane
syn,hyperplane_s11,eddm+half,91.17318435754188,13,0.27932960893854997,hyperplane
syn,hyperplane_s11,eddm+hedge,91.80446927374301,21,0.9106145251396636,hyperplane
syn,hyperplane_s11,fhddm,90.69832402234638,2,-0.195530726256965,hyperplane
syn,hyperplane_s11,fhddm+half,90.87709497206701,2,-0.016759776536323656,hyperplane
syn,hyperplane_s11,fhddm+hedge,90.88826815642457,2,-0.005586592178774552,hyperplane
syn,hyperplane_s11,hddma,91.32960893854748,2,0.4357541899441375,hyperplane
syn,hyperplane_s11,hddma+half,91.07821229050279,3,0.1843575418994492,hyperplane
syn,hyperplane_s11,hddma+hedge,91.17877094972066,2,0.2849162011173134,hyperplane
syn,hyperplane_s11,hddmw,90.89385474860335,0,0.0,hyperplane
syn,hyperplane_s11,hddmw+half,90.89385474860335,0,0.0,hyperplane
syn,hyperplane_s11,hddmw+hedge,90.89385474860335,0,0.0,hyperplane
syn,hyperplane_s11,adwin,91.52513966480446,6,0.6312849162011136,hyperplane
syn,hyperplane_s11,adwin+half,91.17318435754188,6,0.27932960893854997,hyperplane
syn,hyperplane_s11,adwin+hedge,91.48603351955306,5,0.592178770949725,hyperplane
syn,hyperplane_s11,ph,91.08379888268158,4,0.18994413407823485,hyperplane
syn,hyperplane_s11,ph+half,91.08938547486034,3,0.1955307262569872,hyperplane
syn,hyperplane_s11,ph+hedge,91.10614525139664,4,0.21229050279329975,hyperplane
syn,hyperplane_s11,kswin,90.89385474860335,0,0.0,hyperplane
syn,hyperplane_s11,kswin+half,90.89385474860335,0,0.0,hyperplane
syn,hyperplane_s11,kswin+hedge,90.89385474860335,0,0.0,hyperplane
syn,hyperplane_s12,none,89.7094972067039,0,0.0,hyperplane
syn,hyperplane_s12,ddmM,90.63128491620111,9,0.9217877094972127,hyperplane
syn,hyperplane_s12,ddm,90.63128491620111,9,0.9217877094972127,hyperplane
syn,hyperplane_s12,ddm+half,90.2513966480447,7,0.5418994413407985,hyperplane
syn,hyperplane_s12,ddm+hedge,90.80446927374302,7,1.0949720670391239,hyperplane
syn,hyperplane_s12,eddm,90.12290502793296,26,0.4134078212290504,hyperplane
syn,hyperplane_s12,eddm+half,90.71508379888267,30,1.0055865921787754,hyperplane
syn,hyperplane_s12,eddm+hedge,90.94972067039106,29,1.2402234636871623,hyperplane
syn,hyperplane_s12,fhddm,89.79329608938546,3,0.08379888268156277,hyperplane
syn,hyperplane_s12,fhddm+half,89.72067039106145,4,0.011173184357549104,hyperplane
syn,hyperplane_s12,fhddm+hedge,90.01117318435755,4,0.3016759776536371,hyperplane
syn,hyperplane_s12,hddma,90.63128491620111,5,0.9217877094972127,hyperplane
syn,hyperplane_s12,hddma+half,90.15083798882682,5,0.44134078212291206,hyperplane
syn,hyperplane_s12,hddma+hedge,90.77653631284916,5,1.0670391061452622,hyperplane
syn,hyperplane_s12,hddmw,90.07262569832402,2,0.36312849162011274,hyperplane
syn,hyperplane_s12,hddmw+half,90.01117318435755,2,0.3016759776536371,hyperplane
syn,hyperplane_s12,hddmw+hedge,90.00558659217876,2,0.2960893854748625,hyperplane
syn,hyperplane_s12,adwin,90.9608938547486,6,1.2513966480447003,hyperplane
syn,hyperplane_s12,adwin+half,90.0949720670391,9,0.38547486033518874,hyperplane
syn,hyperplane_s12,adwin+hedge,90.98324022346368,6,1.2737430167597763,hyperplane
syn,hyperplane_s12,ph,90.29050279329608,3,0.5810055865921759,hyperplane
syn,hyperplane_s12,ph+half,90.16759776536311,3,0.4581005586592135,hyperplane
syn,hyperplane_s12,ph+hedge,90.13966480446926,3,0.43016759776536295,hyperplane
syn,hyperplane_s12,kswin,89.7094972067039,0,0.0,hyperplane
syn,hyperplane_s12,kswin+half,89.7094972067039,0,0.0,hyperplane
syn,hyperplane_s12,kswin+hedge,89.7094972067039,0,0.0,hyperplane
syn,hyperplane_s13,none,88.15083798882681,0,0.0,hyperplane
syn,hyperplane_s13,ddmM,91.02793296089385,11,2.8770949720670402,hyperplane
syn,hyperplane_s13,ddm,91.08938547486034,10,2.938547486033516,hyperplane
syn,hyperplane_s13,ddm+half,88.96089385474859,12,0.8100558659217771,hyperplane
syn,hyperplane_s13,ddm+hedge,90.73184357541898,9,2.5810055865921666,hyperplane
syn,hyperplane_s13,eddm,90.43016759776536,20,2.2793296089385517,hyperplane
syn,hyperplane_s13,eddm+half,89.3463687150838,24,1.195530726256988,hyperplane
syn,hyperplane_s13,eddm+hedge,90.39664804469274,22,2.2458100558659266,hyperplane
syn,hyperplane_s13,fhddm,87.27932960893853,8,-0.8715083798882861,hyperplane
syn,hyperplane_s13,fhddm+half,88.10614525139664,8,-0.04469273743017421,hyperplane
syn,hyperplane_s13,fhddm+hedge,88.10055865921788,8,-0.05027932960893766,hyperplane
syn,hyperplane_s13,hddma,91.01675977653629,8,2.86592178770948,hyperplane
syn,hyperplane_s13,hddma+half,88.68156424581007,7,0.5307262569832494,hyperplane
syn,hyperplane_s13,hddma+hedge,90.91620111731842,8,2.765363128491616,hyperplane
syn,hyperplane_s13,hddmw,90.7653631284916,6,2.6145251396647917,hyperplane
syn,hyperplane_s13,hddmw+half,88.67597765363126,6,0.5251396648044526,hyperplane
syn,hyperplane_s13,hddmw+hedge,90.46927374301676,6,2.3184357541899403,hyperplane
syn,hyperplane_s13,adwin,91.32960893854748,8,3.178770949720666,hyperplane
syn,hyperplane_s13,adwin+half,88.63687150837987,14,0.48603351955305296,hyperplane
syn,hyperplane_s13,adwin+hedge,90.91620111731842,9,2.765363128491616,hyperplane
syn,hyperplane_s13,ph,89.65921787709496,8,1.508379888268152,hyperplane
syn,hyperplane_s13,ph+half,88.81564245810056,9,0.6648044692737387,hyperplane
syn,hyperplane_s13,ph+hedge,89.48603351955308,8,1.335195530726263,hyperplane
syn,hyperplane_s13,kswin,88.15083798882681,0,0.0,hyperplane
syn,hyperplane_s13,kswin+half,88.15083798882681,0,0.0,hyperplane
syn,hyperplane_s13,kswin+hedge,88.15083798882681,0,0.0,hyperplane
syn,hyperplane_s14,none,88.92737430167598,0,0.0,hyperplane
syn,hyperplane_s14,ddmM,91.32402234636872,12,2.3966480446927507,hyperplane
syn,hyperplane_s14,ddm,91.32402234636872,12,2.3966480446927507,hyperplane
syn,hyperplane_s14,ddm+half,89.88826815642459,11,0.9608938547486123,hyperplane
syn,hyperplane_s14,ddm+hedge,91.07821229050282,13,2.150837988826837,hyperplane
syn,hyperplane_s14,eddm,90.43575418994413,24,1.508379888268152,hyperplane
syn,hyperplane_s14,eddm+half,90.05027932960894,25,1.1229050279329633,hyperplane
syn,hyperplane_s14,eddm+hedge,90.73743016759778,18,1.8100558659218002,hyperplane
syn,hyperplane_s14,fhddm,88.58100558659217,5,-0.3463687150838002,hyperplane
syn,hyperplane_s14,fhddm+half,88.90502793296089,5,-0.022346368715087106,hyperplane
syn,hyperplane_s14,fhddm+hedge,88.92737430167598,5,0.0,hyperplane
syn,hyperplane_s14,hddma,91.30167597765364,8,2.3743016759776636,hyperplane
syn,hyperplane_s14,hddma+half,89.59776536312849,7,0.6703910614525133,hyperplane
syn,hyperplane_s14,hddma+hedge,90.78212290502793,8,1.8547486033519522,hyperplane
syn,hyperplane_s14,hddmw,89.79329608938549,3,0.8659217877095116,hyperplane
syn,hyperplane_s14,hddmw+half,89.30726256983239,3,0.3798882681564142,hyperplane
syn,hyperplane_s14,hddmw+hedge,89.80446927374301,3,0.8770949720670385,hyperplane
syn,hyperplane_s14,adwin,91.40782122905028,8,2.4804469273743024,hyperplane
syn,hyperplane_s14,adwin+half,89.48603351955308,12,0.5586592178770999,hyperplane
syn,hyperplane_s14,adwin+hedge,91.07821229050282,9,2.150837988826837,hyperplane
syn,hyperplane_s14,ph,89.79329608938546,8,0.8659217877094894,hyperplane
syn,hyperplane_s14,ph+half,89.8100558659218,8,0.8826815642458241,hyperplane
syn,hyperplane_s14,ph+hedge,90.01117318435755,8,1.0837988826815637,hyperplane
syn,hyperplane_s14,kswin,88.92737430167598,0,0.0,hyperplane
syn,hyperplane_s14,kswin+half,88.92737430167598,0,0.0,hyperplane
syn,hyperplane_s14,kswin+hedge,88.92737430167598,0,0.0,hyperplane
syn,rbf_s10,none,90.62011173184356,0,0.0,rbf
syn,rbf_s10,ddmM,91.18435754189944,13,0.5642458100558745,rbf
syn,rbf_s10,ddm,91.18435754189944,13,0.5642458100558745,rbf
syn,rbf_s10,ddm+half,90.86592178770948,13,0.24581005586591376,rbf
syn,rbf_s10,ddm+hedge,91.32960893854748,14,0.7094972067039129,rbf
syn,rbf_s10,eddm,90.63687150837988,27,0.016759776536312554,rbf
syn,rbf_s10,eddm+half,90.77653631284916,19,0.15642458100559864,rbf
syn,rbf_s10,eddm+hedge,91.29608938547486,23,0.6759776536312878,rbf
syn,rbf_s10,fhddm,90.94972067039106,8,0.32960893854749873,rbf
syn,rbf_s10,fhddm+half,90.73184357541902,8,0.11173184357544663,rbf
syn,rbf_s10,fhddm+hedge,91.06145251396647,8,0.44134078212291206,rbf
syn,rbf_s10,hddma,91.45810055865923,8,0.837988826815661,rbf
syn,rbf_s10,hddma+half,90.8659217877095,8,0.24581005586593596,rbf
syn,rbf_s10,hddma+hedge,91.39106145251397,8,0.7709497206703997,rbf
syn,rbf_s10,hddmw,91.45810055865923,8,0.837988826815661,rbf
syn,rbf_s10,hddmw+half,90.8659217877095,8,0.24581005586593596,rbf
syn,rbf_s10,hddmw+hedge,91.39106145251397,8,0.7709497206703997,rbf
syn,rbf_s10,adwin,91.45810055865923,8,0.837988826815661,rbf
syn,rbf_s10,adwin+half,90.8659217877095,8,0.24581005586593596,rbf
syn,rbf_s10,adwin+hedge,91.39106145251397,8,0.7709497206703997,rbf
syn,rbf_s10,ph,91.45810055865923,8,0.837988826815661,rbf
syn,rbf_s10,ph+half,90.8659217877095,8,0.24581005586593596,rbf
syn,rbf_s10,ph+hedge,91.39106145251397,8,0.7709497206703997,rbf
syn,rbf_s10,kswin,91.45810055865923,8,0.837988826815661,rbf
syn,rbf_s10,kswin+half,90.8659217877095,8,0.24581005586593596,rbf
syn,rbf_s10,kswin+hedge,91.39106145251397,8,0.7709497206703997,rbf
syn,rbf_s11,none,90.26256983240224,0,0.0,rbf
syn,rbf_s11,ddmM,91.17877094972069,13,0.9162011173184603,rbf
syn,rbf_s11,ddm,91.17877094972069,13,0.9162011173184603,rbf
syn,rbf_s11,ddm+half,90.5754189944134,12,0.3128491620111751,rbf
syn,rbf_s11,ddm+hedge,91.21787709497207,12,0.9553072625698378,rbf
syn,rbf_s11,eddm,90.78212290502793,18,0.5195530726257003,rbf
syn,rbf_s11,eddm+half,90.65363128491619,20,0.3910614525139633,rbf
syn,rbf_s11,eddm+hedge,91.14525139664805,15,0.8826815642458241,rbf
syn,rbf_s11,fhddm,90.73743016759778,8,0.47486033519554827,rbf
syn,rbf_s11,fhddm+half,90.47486033519554,8,0.21229050279331085,rbf
syn,rbf_s11,fhddm+hedge,90.85474860335195,8,0.592178770949725,rbf
syn,rbf_s11,hddma,91.33519553072627,8,1.0726256983240368,rbf
syn,rbf_s11,hddma+half,90.55307262569833,8,0.2905027932961102,rbf
syn,rbf_s11,hddma+hedge,91.30726256983242,8,1.0446927374301862,rbf
syn,rbf_s11,hddmw,91.33519553072627,8,1.0726256983240368,rbf
syn,rbf_s11,hddmw+half,90.55307262569833,8,0.2905027932961102,rbf
syn,rbf_s11,hddmw+hedge,91.30726256983242,8,1.0446927374301862,rbf
syn,rbf_s11,adwin,91.33519553072627,8,1.0726256983240368,rbf
syn,rbf_s11,adwin+half,90.55307262569833,8,0.2905027932961102,rbf
syn,rbf_s11,adwin+hedge,91.30726256983242,8,1.0446927374301862,rbf
syn,rbf_s11,ph,91.33519553072627,8,1.0726256983240368,rbf
syn,rbf_s11,ph+half,90.55307262569833,8,0.2905027932961102,rbf
syn,rbf_s11,ph+hedge,91.30726256983242,8,1.0446927374301862,rbf
syn,rbf_s11,kswin,91.33519553072627,8,1.0726256983240368,rbf
syn,rbf_s11,kswin+half,90.55307262569833,8,0.2905027932961102,rbf
syn,rbf_s11,kswin+hedge,91.30726256983242,8,1.0446927374301862,rbf
syn,rbf_s12,none,89.97765363128491,0,0.0,rbf
syn,rbf_s12,ddmM,90.88826815642457,8,0.9106145251396636,rbf
syn,rbf_s12,ddm,90.88826815642457,8,0.9106145251396636,rbf
syn,rbf_s12,ddm+half,90.21787709497208,9,0.2402234636871614,rbf
syn,rbf_s12,ddm+hedge,90.89944134078213,10,0.9217877094972127,rbf
syn,rbf_s12,eddm,90.47486033519553,16,0.49720670391061317,rbf
syn,rbf_s12,eddm+half,90.16201117318435,13,0.1843575418994381,rbf
syn,rbf_s12,eddm+hedge,90.83798882681565,27,0.8603351955307259,rbf
syn,rbf_s12,fhddm,90.37988826815642,8,0.4022346368715124,rbf
syn,rbf_s12,fhddm+half,90.18435754189944,8,0.2067039106145252,rbf
syn,rbf_s12,fhddm+hedge,90.60335195530726,8,0.6256983240223501,rbf
syn,rbf_s12,hddma,90.88826815642457,8,0.9106145251396636,rbf
syn,rbf_s12,hddma+half,90.19553072625698,8,0.2178770949720632,rbf
syn,rbf_s12,hddma+hedge,90.92178770949721,8,0.9441340782122887,rbf
syn,rbf_s12,hddmw,90.88826815642457,8,0.9106145251396636,rbf
syn,rbf_s12,hddmw+half,90.19553072625698,8,0.2178770949720632,rbf
syn,rbf_s12,hddmw+hedge,90.92178770949721,8,0.9441340782122887,rbf
syn,rbf_s12,adwin,90.88826815642457,8,0.9106145251396636,rbf
syn,rbf_s12,adwin+half,90.19553072625698,8,0.2178770949720632,rbf
syn,rbf_s12,adwin+hedge,90.92178770949721,8,0.9441340782122887,rbf
syn,rbf_s12,ph,90.88826815642457,8,0.9106145251396636,rbf
syn,rbf_s12,ph+half,90.20670391061454,9,0.2290502793296234,rbf
syn,rbf_s12,ph+hedge,90.92178770949721,8,0.9441340782122887,rbf
syn,rbf_s12,kswin,90.88826815642457,8,0.9106145251396636,rbf
syn,rbf_s12,kswin+half,90.19553072625698,8,0.2178770949720632,rbf
syn,rbf_s12,kswin+hedge,90.92178770949721,8,0.9441340782122887,rbf
syn,rbf_s13,none,88.39664804469275,0,0.0,rbf
syn,rbf_s13,ddmM,89.24022346368716,10,0.8435754189944022,rbf
syn,rbf_s13,ddm,89.24022346368716,10,0.8435754189944022,rbf
syn,rbf_s13,ddm+half,88.5810055865922,12,0.1843575418994492,rbf
syn,rbf_s13,ddm+hedge,89.30726256983242,8,0.9106145251396636,rbf
syn,rbf_s13,eddm,88.34078212290503,23,-0.055865921787723316,rbf
syn,rbf_s13,eddm+half,88.53072625698324,21,0.13407821229048933,rbf
syn,rbf_s13,eddm+hedge,89.0167597765363,26,0.6201117318435534,rbf
syn,rbf_s13,fhddm,88.79329608938548,8,0.39664804469272674,rbf
syn,rbf_s13,fhddm+half,88.53631284916203,9,0.13966480446927498,rbf
syn,rbf_s13,fhddm+hedge,88.9050279329609,8,0.5083798882681512,rbf
syn,rbf_s13,hddma,89.34078212290504,8,0.9441340782122887,rbf
syn,rbf_s13,hddma+half,88.54189944134079,8,0.14525139664803843,rbf
syn,rbf_s13,hddma+hedge,89.30726256983242,8,0.9106145251396636,rbf
syn,rbf_s13,hddmw,89.34078212290504,8,0.9441340782122887,rbf
syn,rbf_s13,hddmw+half,88.54189944134079,8,0.14525139664803843,rbf
syn,rbf_s13,hddmw+hedge,89.30726256983242,8,0.9106145251396636,rbf
syn,rbf_s13,adwin,89.34078212290504,8,0.9441340782122887,rbf
syn,rbf_s13,adwin+half,88.45810055865924,10,0.061452513966486766,rbf
syn,rbf_s13,adwin+hedge,89.30726256983242,8,0.9106145251396636,rbf
syn,rbf_s13,ph,89.30167597765364,9,0.9050279329609001,rbf
syn,rbf_s13,ph+half,88.56983240223465,11,0.1731843575419001,rbf
syn,rbf_s13,ph+hedge,89.21787709497208,9,0.8212290502793262,rbf
syn,rbf_s13,kswin,89.34078212290504,8,0.9441340782122887,rbf
syn,rbf_s13,kswin+half,88.54189944134079,8,0.14525139664803843,rbf
syn,rbf_s13,kswin+hedge,89.30726256983242,8,0.9106145251396636,rbf
syn,rbf_s14,none,90.20670391061452,0,0.0,rbf
syn,rbf_s14,ddmM,91.26815642458101,11,1.0614525139664766,rbf
syn,rbf_s14,ddm,91.26815642458101,11,1.0614525139664766,rbf
syn,rbf_s14,ddm+half,90.54189944134077,8,0.3351955307262511,rbf
syn,rbf_s14,ddm+hedge,91.28491620111731,8,1.078212290502789,rbf
syn,rbf_s14,eddm,90.62011173184356,21,0.4134078212290393,rbf
syn,rbf_s14,eddm+half,90.54748603351956,25,0.34078212290503673,rbf
syn,rbf_s14,eddm+hedge,91.16759776536313,17,0.9608938547486012,rbf
syn,rbf_s14,fhddm,90.78212290502793,8,0.5754189944134014,rbf
syn,rbf_s14,fhddm+half,90.5027932960894,8,0.2960893854748625,rbf
syn,rbf_s14,fhddm+hedge,90.91061452513968,8,0.7039106145251495,rbf
syn,rbf_s14,hddma,91.39664804469272,8,1.1899441340782024,rbf
syn,rbf_s14,hddma+half,90.54189944134077,8,0.3351955307262511,rbf
syn,rbf_s14,hddma+hedge,91.28491620111731,8,1.078212290502789,rbf
syn,rbf_s14,hddmw,91.39664804469272,8,1.1899441340782024,rbf
syn,rbf_s14,hddmw+half,90.54189944134077,8,0.3351955307262511,rbf
syn,rbf_s14,hddmw+hedge,91.28491620111731,8,1.078212290502789,rbf
syn,rbf_s14,adwin,91.39664804469272,8,1.1899441340782024,rbf
syn,rbf_s14,adwin+half,90.49720670391062,9,0.29050279329608797,rbf
syn,rbf_s14,adwin+hedge,91.28491620111731,8,1.078212290502789,rbf
syn,rbf_s14,ph,91.39664804469272,8,1.1899441340782024,rbf
syn,rbf_s14,ph+half,90.53072625698326,11,0.3240223463687242,rbf
syn,rbf_s14,ph+hedge,91.28491620111731,8,1.078212290502789,rbf
syn,rbf_s14,kswin,91.39664804469272,8,1.1899441340782024,rbf
syn,rbf_s14,kswin+half,90.54189944134077,8,0.3351955307262511,rbf
syn,rbf_s14,kswin+hedge,91.28491620111731,8,1.078212290502789,rbf
syn,sea_s10,none,97.02793296089386,0,0.0,sea
syn,sea_s10,ddmM,98.6927374301676,35,1.6648044692737396,sea
syn,sea_s10,ddm,98.72067039106143,32,1.692737430167579,sea
syn,sea_s10,ddm+half,97.51396648044692,17,0.48603351955306406,sea
syn,sea_s10,ddm+hedge,98.39664804469274,30,1.368715083798877,sea
syn,sea_s10,eddm,98.4022346368715,8,1.3743016759776405,sea
syn,sea_s10,eddm+half,97.50837988826815,9,0.4804469273742895,sea
syn,sea_s10,eddm+hedge,98.29608938547484,8,1.2681564245809906,sea
syn,sea_s10,fhddm,97.02793296089386,0,0.0,sea
syn,sea_s10,fhddm+half,97.02793296089386,0,0.0,sea
syn,sea_s10,fhddm+hedge,97.02793296089386,0,0.0,sea
syn,sea_s10,hddma,97.54748603351955,3,0.5195530726256892,sea
syn,sea_s10,hddma+half,97.32960893854748,3,0.30167597765362597,sea
syn,sea_s10,hddma+hedge,97.57541899441343,3,0.5474860335195619,sea
syn,sea_s10,hddmw,97.02793296089386,0,0.0,sea
syn,sea_s10,hddmw+half,97.02793296089386,0,0.0,sea
syn,sea_s10,hddmw+hedge,97.02793296089386,0,0.0,sea
syn,sea_s10,adwin,98.71508379888267,8,1.6871508379888156,sea
syn,sea_s10,adwin+half,97.44134078212291,10,0.4134078212290504,sea
syn,sea_s10,adwin+hedge,98.54189944134077,8,1.5139664804469155,sea
syn,sea_s10,ph,97.27932960893855,3,0.2513966480446883,sea
syn,sea_s10,ph+half,97.27374301675978,3,0.24581005586592486,sea
syn,sea_s10,ph+hedge,97.27932960893855,3,0.2513966480446883,sea
syn,sea_s10,kswin,97.02793296089386,0,0.0,sea
syn,sea_s10,kswin+half,97.02793296089386,0,0.0,sea
syn,sea_s10,kswin+hedge,97.02793296089386,0,0.0,sea
syn,sea_s11,none,97.07821229050279,0,0.0,sea
syn,sea_s11,ddmM,98.98324022346368,18,1.905027932960901,sea
syn,sea_s11,ddm,98.98324022346368,18,1.905027932960901,sea
syn,sea_s11,ddm+half,97.70391061452514,18,0.6256983240223501,sea
syn,sea_s11,ddm+hedge,98.85474860335195,11,1.776536312849164,sea
syn,sea_s11,eddm,98.35754189944134,8,1.279329608938562,sea
syn,sea_s11,eddm+half,97.68715083798884,10,0.6089385474860487,sea
syn,sea_s11,eddm+hedge,98.30167597765363,8,1.2234636871508386,sea
syn,sea_s11,fhddm,97.07821229050279,0,0.0,sea
syn,sea_s11,fhddm+half,97.07821229050279,0,0.0,sea
syn,sea_s11,fhddm+hedge,97.07821229050279,0,0.0,sea
syn,sea_s11,hddma,97.6703910614525,2,0.592178770949725,sea
syn,sea_s11,hddma+half,97.32960893854748,2,0.2513966480446883,sea
syn,sea_s11,hddma+hedge,97.60893854748602,2,0.5307262569832272,sea
syn,sea_s11,hddmw,97.07821229050279,0,0.0,sea
syn,sea_s11,hddmw+half,97.07821229050279,0,0.0,sea
syn,sea_s11,hddmw+hedge,97.07821229050279,0,0.0,sea
syn,sea_s11,adwin,98.81564245810056,8,1.7374301675977755,sea
syn,sea_s11,adwin+half,97.45251396648045,10,0.37430167597766184,sea
syn,sea_s11,adwin+hedge,98.64804469273743,8,1.5698324022346388,sea
syn,sea_s11,ph,97.29608938547484,3,0.2178770949720521,sea
syn,sea_s11,ph+half,97.33519553072625,3,0.25698324022346286,sea
syn,sea_s11,ph+hedge,97.30167597765364,3,0.22346368715085996,sea
syn,sea_s11,kswin,97.07821229050279,0,0.0,sea
syn,sea_s11,kswin+half,97.07821229050279,0,0.0,sea
syn,sea_s11,kswin+hedge,97.07821229050279,0,0.0,sea
syn,sea_s12,none,96.86592178770948,0,0.0,sea
syn,sea_s12,ddmM,98.77653631284916,28,1.9106145251396756,sea
syn,sea_s12,ddm,98.82122905027933,25,1.9553072625698387,sea
syn,sea_s12,ddm+half,97.70391061452514,30,0.837988826815661,sea
syn,sea_s12,ddm+hedge,98.56983240223464,24,1.7039106145251504,sea
syn,sea_s12,eddm,98.31843575418995,8,1.452513966480462,sea
syn,sea_s12,eddm+half,97.65921787709497,11,0.7932960893854868,sea
syn,sea_s12,eddm+hedge,98.21787709497207,8,1.3519553072625867,sea
syn,sea_s12,fhddm,96.83240223463686,1,-0.03351955307262511,sea
syn,sea_s12,fhddm+half,96.85474860335196,1,-0.0111731843575269,sea
syn,sea_s12,fhddm+hedge,96.85474860335196,1,-0.0111731843575269,sea
syn,sea_s12,hddma,97.31284916201118,2,0.4469273743016866,sea
syn,sea_s12,hddma+half,97.14525139664804,2,0.27932960893854997,sea
syn,sea_s12,hddma+hedge,97.29050279329607,2,0.4245810055865884,sea
syn,sea_s12,hddmw,96.86592178770948,0,0.0,sea
syn,sea_s12,hddmw+half,96.86592178770948,0,0.0,sea
syn,sea_s12,hddmw+hedge,96.86592178770948,0,0.0,sea
syn,sea_s12,adwin,98.63687150837988,8,1.7709497206704006,sea
syn,sea_s12,adwin+half,97.35754189944133,9,0.4916201117318497,sea
syn,sea_s12,adwin+hedge,98.40782122905026,8,1.5418994413407772,sea
syn,sea_s12,ph,97.32960893854748,3,0.46368715083798806,sea
syn,sea_s12,ph+half,97.20670391061452,3,0.34078212290503673,sea
syn,sea_s12,ph+hedge,97.30726256983239,3,0.44134078212290095,sea
syn,sea_s12,kswin,96.86592178770948,0,0.0,sea
syn,sea_s12,kswin+half,96.86592178770948,0,0.0,sea
syn,sea_s12,kswin+hedge,96.86592178770948,0,0.0,sea
syn,sea_s13,none,97.14525139664804,0,0.0,sea
syn,sea_s13,ddmM,98.71508379888269,28,1.56983240223465,sea
syn,sea_s13,ddm,98.71508379888269,28,1.56983240223465,sea
syn,sea_s13,ddm+half,97.53072625698323,24,0.38547486033519984,sea
syn,sea_s13,ddm+hedge,98.49162011173185,16,1.3463687150838122,sea
syn,sea_s13,eddm,98.2513966480447,8,1.1061452513966619,sea
syn,sea_s13,eddm+half,97.46927374301676,8,0.3240223463687242,sea
syn,sea_s13,eddm+hedge,98.26256983240222,8,1.1173184357541888,sea
syn,sea_s13,fhddm,97.14525139664804,0,0.0,sea
syn,sea_s13,fhddm+half,97.14525139664804,0,0.0,sea
syn,sea_s13,fhddm+hedge,97.14525139664804,0,0.0,sea
syn,sea_s13,hddma,97.75977653631286,3,0.6145251396648233,sea
syn,sea_s13,hddma+half,97.39106145251397,3,0.24581005586593596,sea
syn,sea_s13,hddma+hedge,97.7150837988827,3,0.5698324022346601,sea
syn,sea_s13,hddmw,97.14525139664804,0,0.0,sea
syn,sea_s13,hddmw+half,97.14525139664804,0,0.0,sea
syn,sea_s13,hddmw+hedge,97.14525139664804,0,0.0,sea
syn,sea_s13,adwin,98.53072625698324,8,1.3854748603352118,sea
syn,sea_s13,adwin+half,97.43575418994413,10,0.29050279329609907,sea
syn,sea_s13,adwin+hedge,98.35195530726257,8,1.2067039106145372,sea
syn,sea_s13,ph,97.29050279329607,2,0.14525139664803843,sea
syn,sea_s13,ph+half,97.27932960893855,2,0.13407821229051153,sea
syn,sea_s13,ph+hedge,97.27374301675978,2,0.12849162011174808,sea
syn,sea_s13,kswin,97.14525139664804,0,0.0,sea
syn,sea_s13,kswin+half,97.14525139664804,0,0.0,sea
syn,sea_s13,kswin+hedge,97.14525139664804,0,0.0,sea
syn,sea_s14,none,97.15642458100558,0,0.0,sea
syn,sea_s14,ddmM,98.79888268156424,19,1.6424581005586525,sea
syn,sea_s14,ddm,98.79888268156424,18,1.6424581005586525,sea
syn,sea_s14,ddm+half,97.74860335195528,17,0.5921787709497028,sea
syn,sea_s14,ddm+hedge,98.61452513966482,14,1.4581005586592366,sea
syn,sea_s14,eddm,98.29608938547484,8,1.1396648044692648,sea
syn,sea_s14,eddm+half,97.66480446927373,10,0.5083798882681512,sea
syn,sea_s14,eddm+hedge,98.20670391061454,8,1.0502793296089497,sea
syn,sea_s14,fhddm,97.15642458100558,0,0.0,sea
syn,sea_s14,fhddm+half,97.15642458100558,0,0.0,sea
syn,sea_s14,fhddm+hedge,97.15642458100558,0,0.0,sea
syn,sea_s14,hddma,98.07262569832402,3,0.916201117318427,sea
syn,sea_s14,hddma+half,97.40223463687153,3,0.24581005586593596,sea
syn,sea_s14,hddma+hedge,97.88826815642456,3,0.7318435754189778,sea
syn,sea_s14,hddmw,97.15642458100558,0,0.0,sea
syn,sea_s14,hddmw+half,97.15642458100558,0,0.0,sea
syn,sea_s14,hddmw+hedge,97.15642458100558,0,0.0,sea
syn,sea_s14,adwin,98.67597765363129,8,1.5195530726257012,sea
syn,sea_s14,adwin+half,97.536312849162,9,0.3798882681564142,sea
syn,sea_s14,adwin+hedge,98.43016759776536,8,1.2737430167597763,sea
syn,sea_s14,ph,97.3463687150838,2,0.18994413407821265,sea
syn,sea_s14,ph+half,97.3854748603352,2,0.2290502793296123,sea
syn,sea_s14,ph+hedge,97.33519553072627,2,0.17877094972068575,sea
syn,sea_s14,kswin,97.15642458100558,0,0.0,sea
syn,sea_s14,kswin+half,97.15642458100558,0,0.0,sea
syn,sea_s14,kswin+hedge,97.15642458100558,0,0.0,sea
syn,sine_s10,none,77.50627615062761,0,0.0,sine
syn,sine_s10,ddmM,94.81589958158997,24,17.30962343096235,sine
syn,sine_s10,ddm,94.81589958158997,24,17.30962343096235,sine
syn,sine_s10,ddm+half,81.3682008368201,11,3.861924686192475,sine
syn,sine_s10,ddm+hedge,94.60251046025105,16,17.096234309623437,sine
syn,sine_s10,eddm,94.99163179916319,11,17.485355648535574,sine
syn,sine_s10,eddm+half,83.75313807531381,18,6.246861924686198,sine
syn,sine_s10,eddm+hedge,94.66945606694561,11,17.163179916317993,sine
syn,sine_s10,fhddm,78.0,11,0.493723849372385,sine
syn,sine_s10,fhddm+half,78.25523012552301,11,0.7489539748953944,sine
syn,sine_s10,fhddm+hedge,78.09205020920501,11,0.585774058577393,sine
syn,sine_s10,hddma,94.99163179916319,11,17.485355648535574,sine
syn,sine_s10,hddma+half,81.3682008368201,11,3.861924686192475,sine
syn,sine_s10,hddma+hedge,94.66945606694561,11,17.163179916317993,sine
syn,sine_s10,hddmw,94.99163179916319,11,17.485355648535574,sine
syn,sine_s10,hddmw+half,81.3682008368201,11,3.861924686192475,sine
syn,sine_s10,hddmw+hedge,94.66945606694561,11,17.163179916317993,sine
syn,sine_s10,adwin,94.99163179916319,11,17.485355648535574,sine
syn,sine_s10,adwin+half,82.85355648535565,22,5.347280334728033,sine
syn,sine_s10,adwin+hedge,94.67364016736403,13,17.167364016736407,sine
syn,sine_s10,ph,94.99163179916319,11,17.485355648535574,sine
syn,sine_s10,ph+half,82.66945606694561,22,5.163179916317995,sine
syn,sine_s10,ph+hedge,94.66945606694561,11,17.163179916317993,sine
syn,sine_s10,kswin,94.99163179916319,11,17.485355648535574,sine
syn,sine_s10,kswin+half,82.26359832635984,17,4.7573221757322255,sine
syn,sine_s10,kswin+hedge,94.66945606694561,11,17.163179916317993,sine
syn,sine_s11,none,77.29707112970712,0,0.0,sine
syn,sine_s11,ddmM,94.94560669456068,20,17.648535564853564,sine
syn,sine_s11,ddm,94.94560669456068,20,17.648535564853564,sine
syn,sine_s11,ddm+half,80.84518828451883,15,3.548117154811714,sine
syn,sine_s11,ddm+hedge,94.53974895397491,17,17.242677824267783,sine
syn,sine_s11,eddm,95.03347280334728,11,17.736401673640167,sine
syn,sine_s11,eddm+half,84.19665271966528,21,6.899581589958159,sine
syn,sine_s11,eddm+hedge,94.63179916317992,11,17.3347280334728,sine
syn,sine_s11,fhddm,77.85355648535564,11,0.5564853556485283,sine
syn,sine_s11,fhddm+half,78.01673640167365,11,0.7196652719665408,sine
syn,sine_s11,fhddm+hedge,77.8661087866109,11,0.5690376569037703,sine
syn,sine_s11,hddma,95.03347280334728,11,17.736401673640167,sine
syn,sine_s11,hddma+half,80.85774058577407,11,3.560669456066945,sine
syn,sine_s11,hddma+hedge,94.63179916317992,11,17.3347280334728,sine
syn,sine_s11,hddmw,95.03347280334728,11,17.736401673640167,sine
syn,sine_s11,hddmw+half,80.85774058577407,11,3.560669456066945,sine
syn,sine_s11,hddmw+hedge,94.63179916317992,11,17.3347280334728,sine
syn,sine_s11,adwin,95.03347280334728,11,17.736401673640167,sine
syn,sine_s11,adwin+half,82.4602510460251,22,5.163179916317995,sine
syn,sine_s11,adwin+hedge,94.581589958159,15,17.28451882845188,sine
syn,sine_s11,ph,95.03347280334728,11,17.736401673640167,sine
syn,sine_s11,ph+half,81.8786610878661,22,4.581589958158993,sine
syn,sine_s11,ph+hedge,94.62761506276152,13,17.3305439330544,sine
syn,sine_s11,kswin,95.03347280334728,11,17.736401673640167,sine
syn,sine_s11,kswin+half,81.81589958158997,19,4.51882845188285,sine
syn,sine_s11,kswin+hedge,94.63179916317992,11,17.3347280334728,sine
syn,sine_s12,none,77.48953974895397,0,0.0,sine
syn,sine_s12,ddmM,94.64853556485356,28,17.15899581589959,sine
syn,sine_s12,ddm,94.64853556485356,28,17.15899581589959,sine
syn,sine_s12,ddm+half,80.97489539748953,11,3.4853556485355597,sine
syn,sine_s12,ddm+hedge,94.44351464435147,18,16.953974895397494,sine
syn,sine_s12,eddm,95.00836820083681,11,17.51882845188284,sine
syn,sine_s12,eddm+half,84.76569037656904,26,7.276150627615063,sine
syn,sine_s12,eddm+hedge,94.69874476987447,12,17.209205020920493,sine
syn,sine_s12,fhddm,77.9916317991632,11,0.5020920502092241,sine
syn,sine_s12,fhddm+half,78.30962343096233,11,0.8200836820083657,sine
syn,sine_s12,fhddm+hedge,78.06694560669455,11,0.5774058577405761,sine
syn,sine_s12,hddma,95.00836820083681,11,17.51882845188284,sine
syn,sine_s12,hddma+half,80.97489539748953,11,3.4853556485355597,sine
syn,sine_s12,hddma+hedge,94.70711297071131,11,17.21757322175733,sine
syn,sine_s12,hddmw,95.00836820083681,11,17.51882845188284,sine
syn,sine_s12,hddmw+half,80.97489539748953,11,3.4853556485355597,sine
syn,sine_s12,hddmw+hedge,94.70711297071131,11,17.21757322175733,sine
syn,sine_s12,adwin,95.00836820083681,11,17.51882845188284,sine
syn,sine_s12,adwin+half,82.23012552301256,22,4.740585774058593,sine
syn,sine_s12,adwin+hedge,94.71548117154812,15,17.225941422594147,sine
syn,sine_s12,ph,95.00836820083681,11,17.51882845188284,sine
syn,sine_s12,ph+half,81.91213389121339,22,4.422594142259417,sine
syn,sine_s12,ph+hedge,94.70711297071131,11,17.21757322175733,sine
syn,sine_s12,kswin,95.00836820083681,11,17.51882845188284,sine
syn,sine_s12,kswin+half,81.99581589958159,18,4.506276150627619,sine
syn,sine_s12,kswin+hedge,94.70711297071131,11,17.21757322175733,sine
syn,sine_s13,none,77.49372384937239,0,0.0,sine
syn,sine_s13,ddmM,95.0418410041841,17,17.548117154811727,sine
syn,sine_s13,ddm,95.0418410041841,17,17.548117154811727,sine
syn,sine_s13,ddm+half,80.82845188284519,14,3.3347280334728002,sine
syn,sine_s13,ddm+hedge,94.68619246861925,16,17.19246861924687,sine
syn,sine_s13,eddm,95.10878661087867,11,17.615062761506284,sine
syn,sine_s13,eddm+half,83.90794979079499,23,6.414225941422602,sine
syn,sine_s13,eddm+hedge,94.71966527196653,11,17.225941422594147,sine
syn,sine_s13,fhddm,77.98744769874476,11,0.4937238493723739,sine
syn,sine_s13,fhddm+half,78.2008368200837,11,0.70711297071131,sine
syn,sine_s13,fhddm+hedge,78.03347280334728,11,0.5397489539748945,sine
syn,sine_s13,hddma,95.10878661087867,11,17.615062761506284,sine
syn,sine_s13,hddma+half,80.82845188284519,11,3.3347280334728002,sine
syn,sine_s13,hddma+hedge,94.71966527196653,11,17.225941422594147,sine
syn,sine_s13,hddmw,95.10878661087867,11,17.615062761506284,sine
syn,sine_s13,hddmw+half,80.82845188284519,11,3.3347280334728002,sine
syn,sine_s13,hddmw+hedge,94.71966527196653,11,17.225941422594147,sine
syn,sine_s13,adwin,95.10878661087867,11,17.615062761506284,sine
syn,sine_s13,adwin+half,82.80753138075315,22,5.313807531380766,sine
syn,sine_s13,adwin+hedge,94.64435146443515,14,17.150627615062763,sine
syn,sine_s13,ph,95.10878661087867,11,17.615062761506284,sine
syn,sine_s13,ph+half,82.08368200836821,22,4.589958158995822,sine
syn,sine_s13,ph+hedge,94.69456066945608,13,17.200836820083687,sine
syn,sine_s13,kswin,95.10878661087867,11,17.615062761506284,sine
syn,sine_s13,kswin+half,81.2928870292887,15,3.7991631799163206,sine
syn,sine_s13,kswin+hedge,94.71966527196653,11,17.225941422594147,sine
syn,sine_s14,none,77.43514644351464,0,0.0,sine
syn,sine_s14,ddmM,94.89121338912135,19,17.456066945606697,sine
syn,sine_s14,ddm,94.89121338912135,19,17.456066945606697,sine
syn,sine_s14,ddm+half,80.93723849372385,12,3.5020920502092046,sine
syn,sine_s14,ddm+hedge,94.48117154811717,16,17.046025104602524,sine
syn,sine_s14,eddm,94.92887029288704,12,17.49372384937239,sine
syn,sine_s14,eddm+half,84.23012552301256,20,6.794979079497921,sine
syn,sine_s14,eddm+hedge,94.4979079497908,13,17.062761506276157,sine
syn,sine_s14,fhddm,77.94979079497908,11,0.5146443514644328,sine
syn,sine_s14,fhddm+half,78.2845188284519,11,0.8493723849372414,sine
syn,sine_s14,fhddm+hedge,78.02092050209205,11,0.585774058577404,sine
syn,sine_s14,hddma,94.99163179916319,11,17.556485355648544,sine
syn,sine_s14,hddma+half,80.93723849372385,11,3.5020920502092046,sine
syn,sine_s14,hddma+hedge,94.5355648535565,11,17.10041841004185,sine
syn,sine_s14,hddmw,94.99163179916319,11,17.556485355648544,sine
syn,sine_s14,hddmw+half,80.93723849372385,11,3.5020920502092046,sine
syn,sine_s14,hddmw+hedge,94.5355648535565,11,17.10041841004185,sine
syn,sine_s14,adwin,94.99163179916319,11,17.556485355648544,sine
syn,sine_s14,adwin+half,82.40167364016736,22,4.966527196652715,sine
syn,sine_s14,adwin+hedge,94.48953974895397,14,17.05439330543933,sine
syn,sine_s14,ph,94.99163179916319,11,17.556485355648544,sine
syn,sine_s14,ph+half,82.05857740585775,22,4.6234309623431,sine
syn,sine_s14,ph+hedge,94.50209205020921,12,17.06694560669456,sine
syn,sine_s14,kswin,94.99163179916319,11,17.556485355648544,sine
syn,sine_s14,kswin+half,81.55230125523013,14,4.117154811715484,sine
syn,sine_s14,kswin+hedge,94.51046025104604,12,17.07531380753139,sine
syn,stagger_s10,none,85.3798882681564,0,0.0,stagger
syn,stagger_s10,ddmM,97.32402234636872,8,11.94413407821231,stagger
syn,stagger_s10,ddm,97.32402234636872,8,11.94413407821231,stagger
syn,stagger_s10,ddm+half,88.12849162011173,8,2.7486033519553144,stagger
syn,stagger_s10,ddm+hedge,97.3072625698324,9,11.927374301675997,stagger
syn,stagger_s10,eddm,97.32402234636872,8,11.94413407821231,stagger
syn,stagger_s10,eddm+half,89.91620111731842,15,4.536312849162016,stagger
syn,stagger_s10,eddm+hedge,97.3072625698324,8,11.927374301675997,stagger
syn,stagger_s10,fhddm,85.56983240223465,8,0.18994413407823485,stagger
syn,stagger_s10,fhddm+half,85.56983240223465,8,0.18994413407823485,stagger
syn,stagger_s10,fhddm+hedge,85.56983240223465,8,0.18994413407823485,stagger
syn,stagger_s10,hddma,97.32402234636872,8,11.94413407821231,stagger
syn,stagger_s10,hddma+half,87.9217877094972,8,2.541899441340789,stagger
syn,stagger_s10,hddma+hedge,97.3072625698324,8,11.927374301675997,stagger
syn,stagger_s10,hddmw,97.32402234636872,8,11.94413407821231,stagger
syn,stagger_s10,hddmw+half,87.9217877094972,8,2.541899441340789,stagger
syn,stagger_s10,hddmw+hedge,97.3072625698324,8,11.927374301675997,stagger
syn,stagger_s10,adwin,97.32402234636872,8,11.94413407821231,stagger
syn,stagger_s10,adwin+half,88.0949720670391,16,2.7150837988826892,stagger
syn,stagger_s10,adwin+hedge,97.3072625698324,8,11.927374301675997,stagger
syn,stagger_s10,ph,96.8268156424581,8,11.446927374301685,stagger
syn,stagger_s10,ph+half,88.54748603351955,16,3.1675977653631393,stagger
syn,stagger_s10,ph+hedge,96.8100558659218,8,11.430167597765383,stagger
syn,stagger_s10,kswin,96.28491620111733,8,10.90502793296092,stagger
syn,stagger_s10,kswin+half,87.95530726256983,13,2.5754189944134143,stagger
syn,stagger_s10,kswin+hedge,96.268156424581,8,10.888268156424585,stagger
syn,stagger_s11,none,85.39664804469275,0,0.0,stagger
syn,stagger_s11,ddmM,97.41899441340782,8,12.022346368715075,stagger
syn,stagger_s11,ddm,97.41899441340782,8,12.022346368715075,stagger
syn,stagger_s11,ddm+half,87.77653631284916,8,2.379888268156416,stagger
syn,stagger_s11,ddm+hedge,97.31843575418996,10,11.921787709497211,stagger
syn,stagger_s11,eddm,97.41899441340782,8,12.022346368715075,stagger
syn,stagger_s11,eddm+half,90.64804469273743,15,5.251396648044682,stagger
syn,stagger_s11,eddm+hedge,97.31843575418996,8,11.921787709497211,stagger
syn,stagger_s11,fhddm,85.51955307262568,8,0.12290502793294023,stagger
syn,stagger_s11,fhddm+half,85.51955307262568,8,0.12290502793294023,stagger
syn,stagger_s11,fhddm+hedge,85.51955307262568,8,0.12290502793294023,stagger
syn,stagger_s11,hddma,97.41899441340782,8,12.022346368715075,stagger
syn,stagger_s11,hddma+half,87.77653631284916,8,2.379888268156416,stagger
syn,stagger_s11,hddma+hedge,97.31843575418996,8,11.921787709497211,stagger
syn,stagger_s11,hddmw,97.41899441340782,8,12.022346368715075,stagger
syn,stagger_s11,hddmw+half,88.67039106145252,11,3.273743016759767,stagger
syn,stagger_s11,hddmw+hedge,97.31843575418996,8,11.921787709497211,stagger
syn,stagger_s11,adwin,97.41899441340782,8,12.022346368715075,stagger
syn,stagger_s11,adwin+half,88.06145251396647,16,2.6648044692737294,stagger
syn,stagger_s11,adwin+hedge,97.31843575418996,8,11.921787709497211,stagger
syn,stagger_s11,ph,96.51955307262571,8,11.122905027932962,stagger
syn,stagger_s11,ph+half,88.74301675977654,16,3.3463687150837917,stagger
syn,stagger_s11,ph+hedge,96.463687150838,8,11.067039106145248,stagger
syn,stagger_s11,kswin,97.41899441340782,8,12.022346368715075,stagger
syn,stagger_s11,kswin+half,88.731843575419,12,3.3351955307262537,stagger
syn,stagger_s11,kswin+hedge,97.31843575418996,8,11.921787709497211,stagger
syn,stagger_s12,none,85.58659217877096,0,0.0,stagger
syn,stagger_s12,ddmM,97.33519553072625,8,11.748603351955289,stagger
syn,stagger_s12,ddm,97.33519553072625,8,11.748603351955289,stagger
syn,stagger_s12,ddm+half,88.32960893854748,9,2.7430167597765176,stagger
syn,stagger_s12,ddm+hedge,97.3240223463687,9,11.73743016759774,stagger
syn,stagger_s12,eddm,97.33519553072625,8,11.748603351955289,stagger
syn,stagger_s12,eddm+half,90.2122905027933,16,4.6256983240223315,stagger
syn,stagger_s12,eddm+hedge,97.3240223463687,8,11.73743016759774,stagger
syn,stagger_s12,fhddm,85.69832402234637,8,0.11173184357541333,stagger
syn,stagger_s12,fhddm+half,85.69832402234637,8,0.11173184357541333,stagger
syn,stagger_s12,fhddm+hedge,85.69832402234637,8,0.11173184357541333,stagger
syn,stagger_s12,hddma,97.33519553072625,8,11.748603351955289,stagger
syn,stagger_s12,hddma+half,87.73743016759775,8,2.1508379888267926,stagger
syn,stagger_s12,hddma+hedge,97.3240223463687,8,11.73743016759774,stagger
syn,stagger_s12,hddmw,97.33519553072625,8,11.748603351955289,stagger
syn,stagger_s12,hddmw+half,87.73743016759775,8,2.1508379888267926,stagger
syn,stagger_s12,hddmw+hedge,97.3240223463687,8,11.73743016759774,stagger
syn,stagger_s12,adwin,97.33519553072625,8,11.748603351955289,stagger
syn,stagger_s12,adwin+half,87.88826815642457,16,2.3016759776536166,stagger
syn,stagger_s12,adwin+hedge,97.3240223463687,8,11.73743016759774,stagger
syn,stagger_s12,ph,96.43016759776536,8,10.8435754189944,stagger
syn,stagger_s12,ph+half,88.6145251396648,16,3.027932960893842,stagger
syn,stagger_s12,ph+hedge,96.41899441340782,8,10.83240223463685,stagger
syn,stagger_s12,kswin,97.33519553072625,8,11.748603351955289,stagger
syn,stagger_s12,kswin+half,87.96648044692736,11,2.379888268156405,stagger
syn,stagger_s12,kswin+hedge,97.3240223463687,8,11.73743016759774,stagger
syn,stagger_s13,none,85.71508379888269,0,0.0,stagger
syn,stagger_s13,ddmM,97.32402234636872,8,11.608938547486037,stagger
syn,stagger_s13,ddm,97.32402234636872,8,11.608938547486037,stagger
syn,stagger_s13,ddm+half,88.3072625698324,9,2.5921787709497157,stagger
syn,stagger_s13,ddm+hedge,97.31843575418996,8,11.603351955307273,stagger
syn,stagger_s13,eddm,97.32402234636872,8,11.608938547486037,stagger
syn,stagger_s13,eddm+half,91.62011173184358,24,5.905027932960893,stagger
syn,stagger_s13,eddm+hedge,97.31843575418996,8,11.603351955307273,stagger
syn,stagger_s13,fhddm,85.78212290502793,8,0.06703910614525022,stagger
syn,stagger_s13,fhddm+half,85.78212290502793,8,0.06703910614525022,stagger
syn,stagger_s13,fhddm+hedge,85.78212290502793,8,0.06703910614525022,stagger
syn,stagger_s13,hddma,97.32402234636872,8,11.608938547486037,stagger
syn,stagger_s13,hddma+half,88.26256983240224,9,2.5474860335195526,stagger
syn,stagger_s13,hddma+hedge,97.31843575418996,8,11.603351955307273,stagger
syn,stagger_s13,hddmw,97.32402234636872,8,11.608938547486037,stagger
syn,stagger_s13,hddmw+half,87.93296089385476,8,2.217877094972065,stagger
syn,stagger_s13,hddmw+hedge,97.31843575418996,8,11.603351955307273,stagger
syn,stagger_s13,adwin,97.32402234636872,8,11.608938547486037,stagger
syn,stagger_s13,adwin+half,88.12290502793296,16,2.4078212290502776,stagger
syn,stagger_s13,adwin+hedge,97.31843575418996,8,11.603351955307273,stagger
syn,stagger_s13,ph,96.7877094972067,8,11.072625698324023,stagger
syn,stagger_s13,ph+half,88.42458100558659,16,2.7094972067039036,stagger
syn,stagger_s13,ph+hedge,96.78212290502793,8,11.067039106145248,stagger
syn,stagger_s13,kswin,97.32402234636872,8,11.608938547486037,stagger
syn,stagger_s13,kswin+half,88.1340782122905,12,2.4189944134078156,stagger
syn,stagger_s13,kswin+hedge,97.31843575418996,8,11.603351955307273,stagger
syn,stagger_s14,none,85.50279329608938,0,0.0,stagger
syn,stagger_s14,ddmM,97.36312849162012,8,11.860335195530736,stagger
syn,stagger_s14,ddm,97.36312849162012,8,11.860335195530736,stagger
syn,stagger_s14,ddm+half,88.21787709497207,8,2.7150837988826892,stagger
syn,stagger_s14,ddm+hedge,97.32402234636872,9,11.821229050279348,stagger
syn,stagger_s14,eddm,97.36312849162012,8,11.860335195530736,stagger
syn,stagger_s14,eddm+half,90.1731843575419,17,4.670391061452528,stagger
syn,stagger_s14,eddm+hedge,97.32402234636872,8,11.821229050279348,stagger
syn,stagger_s14,fhddm,85.65921787709496,8,0.15642458100558754,stagger
syn,stagger_s14,fhddm+half,85.65921787709496,8,0.15642458100558754,stagger
syn,stagger_s14,fhddm+hedge,85.65921787709496,8,0.15642458100558754,stagger
syn,stagger_s14,hddma,97.36312849162012,8,11.860335195530736,stagger
syn,stagger_s14,hddma+half,87.98324022346368,8,2.4804469273743135,stagger
syn,stagger_s14,hddma+hedge,97.32402234636872,8,11.821229050279348,stagger
syn,stagger_s14,hddmw,97.36312849162012,8,11.860335195530736,stagger
syn,stagger_s14,hddmw+half,87.98324022346368,8,2.4804469273743135,stagger
syn,stagger_s14,hddmw+hedge,97.32402234636872,8,11.821229050279348,stagger
syn,stagger_s14,adwin,97.36312849162012,8,11.860335195530736,stagger
syn,stagger_s14,adwin+half,88.16201117318434,16,2.659217877094966,stagger
syn,stagger_s14,adwin+hedge,97.32402234636872,8,11.821229050279348,stagger
syn,stagger_s14,ph,96.52513966480447,8,11.022346368715096,stagger
syn,stagger_s14,ph+half,89.08379888268155,16,3.5810055865921786,stagger
syn,stagger_s14,ph+hedge,96.48603351955306,8,10.983240223463685,stagger
syn,stagger_s14,kswin,96.21787709497208,8,10.715083798882707,stagger
syn,stagger_s14,kswin+half,87.98324022346368,12,2.4804469273743135,stagger
syn,stagger_s14,kswin+hedge,96.17877094972069,8,10.675977653631307,stagger
syn,grid_c5_b500_s10,none,49.227272727272734,0,0.0,grid
syn,grid_c5_b500_s10,ddmM,87.36363636363637,10,38.13636363636364,grid
syn,grid_c5_b500_s10,ddm,87.36363636363637,10,38.13636363636364,grid
syn,grid_c5_b500_s10,ddm+half,48.79545454545454,2,-0.4318181818181943,grid
syn,grid_c5_b500_s10,ddm+hedge,87.29545454545456,10,38.06818181818182,grid
syn,grid_c5_b500_s10,eddm,87.36363636363637,8,38.13636363636364,grid
syn,grid_c5_b500_s10,eddm+half,53.86363636363637,8,4.636363636363633,grid
syn,grid_c5_b500_s10,eddm+hedge,87.29545454545456,8,38.06818181818182,grid
syn,grid_c5_b500_s10,fhddm,61.04545454545455,5,11.818181818181811,grid
syn,grid_c5_b500_s10,fhddm+half,48.43181818181818,6,-0.7954545454545547,grid
syn,grid_c5_b500_s10,fhddm+hedge,62.29545454545454,5,13.068181818181806,grid
syn,grid_c5_b500_s10,hddma,87.36363636363637,8,38.13636363636364,grid
syn,grid_c5_b500_s10,hddma+half,48.363636363636374,4,-0.8636363636363609,grid
syn,grid_c5_b500_s10,hddma+hedge,87.29545454545456,8,38.06818181818182,grid
syn,grid_c5_b500_s10,hddmw,87.36363636363637,8,38.13636363636364,grid
syn,grid_c5_b500_s10,hddmw+half,46.09090909090909,7,-3.136363636363643,grid
syn,grid_c5_b500_s10,hddmw+hedge,87.29545454545456,8,38.06818181818182,grid
syn,grid_c5_b500_s10,adwin,87.36363636363637,8,38.13636363636364,grid
syn,grid_c5_b500_s10,adwin+half,49.772727272727266,3,0.5454545454545323,grid
syn,grid_c5_b500_s10,adwin+hedge,87.29545454545456,8,38.06818181818182,grid
syn,grid_c5_b500_s10,ph,85.0,8,35.77272727272726,grid
syn,grid_c5_b500_s10,ph+half,50.56818181818182,8,1.340909090909087,grid
syn,grid_c5_b500_s10,ph+hedge,85.18181818181819,8,35.95454545454545,grid
syn,grid_c5_b500_s10,kswin,87.36363636363637,8,38.13636363636364,grid
syn,grid_c5_b500_s10,kswin+half,51.74999999999999,9,2.52272727272726,grid
syn,grid_c5_b500_s10,kswin+hedge,87.29545454545456,8,38.06818181818182,grid
syn,grid_c5_b500_s11,none,38.72727272727273,0,0.0,grid
syn,grid_c5_b500_s11,ddmM,84.86363636363635,12,46.136363636363626,grid
syn,grid_c5_b500_s11,ddm,84.86363636363635,12,46.136363636363626,grid
syn,grid_c5_b500_s11,ddm+half,40.04545454545455,5,1.3181818181818183,grid
syn,grid_c5_b500_s11,ddm+hedge,80.24999999999999,12,41.52272727272726,grid
syn,grid_c5_b500_s11,eddm,86.20454545454545,8,47.47727272727273,grid
syn,grid_c5_b500_s11,eddm+half,47.63636363636363,8,8.909090909090905,grid
syn,grid_c5_b500_s11,eddm+hedge,86.22727272727272,8,47.49999999999999,grid
syn,grid_c5_b500_s11,fhddm,55.522727272727266,3,16.79545454545454,grid
syn,grid_c5_b500_s11,fhddm+half,38.11363636363636,6,-0.6136363636363662,grid
syn,grid_c5_b500_s11,fhddm+hedge,55.31818181818181,3,16.590909090909083,grid
syn,grid_c5_b500_s11,hddma,86.20454545454545,8,47.47727272727273,grid
syn,grid_c5_b500_s11,hddma+half,41.25,3,2.5227272727272765,grid
syn,grid_c5_b500_s11,hddma+hedge,86.22727272727272,8,47.49999999999999,grid
syn,grid_c5_b500_s11,hddmw,84.31818181818183,8,45.5909090909091,grid
syn,grid_c5_b500_s11,hddmw+half,39.06818181818182,5,0.3409090909090917,grid
syn,grid_c5_b500_s11,hddmw+hedge,85.47727272727272,8,46.75,grid
syn,grid_c5_b500_s11,adwin,86.20454545454545,8,47.47727272727273,grid
syn,grid_c5_b500_s11,adwin+half,42.79545454545454,9,4.068181818181815,grid
syn,grid_c5_b500_s11,adwin+hedge,86.22727272727272,8,47.49999999999999,grid
syn,grid_c5_b500_s11,ph,83.61363636363636,8,44.88636363636363,grid
syn,grid_c5_b500_s11,ph+half,48.11363636363637,8,9.386363636363642,grid
syn,grid_c5_b500_s11,ph+hedge,83.63636363636363,8,44.90909090909091,grid
syn,grid_c5_b500_s11,kswin,83.25,7,44.52272727272727,grid
syn,grid_c5_b500_s11,kswin+half,40.36363636363637,4,1.6363636363636413,grid
syn,grid_c5_b500_s11,kswin+hedge,83.25,7,44.52272727272727,grid
syn,grid_c5_b2000_s10,none,83.79329608938548,0,0.0,grid
syn,grid_c5_b2000_s10,ddmM,96.97206703910614,14,13.178770949720652,grid
syn,grid_c5_b2000_s10,ddm,96.97206703910614,14,13.178770949720652,grid
syn,grid_c5_b2000_s10,ddm+half,86.66480446927373,9,2.8715083798882546,grid
syn,grid_c5_b2000_s10,ddm+hedge,96.94972067039107,16,13.156424581005588,grid
syn,grid_c5_b2000_s10,eddm,96.96648044692738,8,13.173184357541889,grid
syn,grid_c5_b2000_s10,eddm+half,89.95530726256982,18,6.162011173184334,grid
syn,grid_c5_b2000_s10,eddm+hedge,96.9441340782123,8,13.150837988826813,grid
syn,grid_c5_b2000_s10,fhddm,83.83798882681563,8,0.04469273743015201,grid
syn,grid_c5_b2000_s10,fhddm+half,83.82681564245812,8,0.03351955307262511,grid
syn,grid_c5_b2000_s10,fhddm+hedge,83.83798882681563,8,0.04469273743015201,grid
syn,grid_c5_b2000_s10,hddma,96.96648044692738,8,13.173184357541889,grid
syn,grid_c5_b2000_s10,hddma+half,86.66480446927373,8,2.8715083798882546,grid
syn,grid_c5_b2000_s10,hddma+hedge,96.9441340782123,8,13.150837988826813,grid
syn,grid_c5_b2000_s10,hddmw,96.96648044692738,8,13.173184357541889,grid
syn,grid_c5_b2000_s10,hddmw+half,86.88826815642459,10,3.0949720670391034,grid
syn,grid_c5_b2000_s10,hddmw+hedge,96.9441340782123,8,13.150837988826813,grid
syn,grid_c5_b2000_s10,adwin,96.96648044692738,8,13.173184357541889,grid
syn,grid_c5_b2000_s10,adwin+half,86.74860335195531,16,2.9553072625698285,grid
syn,grid_c5_b2000_s10,adwin+hedge,96.9441340782123,8,13.150837988826813,grid
syn,grid_c5_b2000_s10,ph,96.96648044692738,8,13.173184357541889,grid
syn,grid_c5_b2000_s10,ph+half,86.73184357541899,16,2.938547486033516,grid
syn,grid_c5_b2000_s10,ph+hedge,96.9441340782123,8,13.150837988826813,grid
syn,grid_c5_b2000_s10,kswin,96.96648044692738,8,13.173184357541889,grid
syn,grid_c5_b2000_s10,kswin+half,86.8826815642458,13,3.089385474860318,grid
syn,grid_c5_b2000_s10,kswin+hedge,96.9441340782123,8,13.150837988826813,grid
syn,grid_c5_b2000_s11,none,81.84357541899442,0,0.0,grid
syn,grid_c5_b2000_s11,ddmM,96.14525139664805,27,14.301675977653627,grid
syn,grid_c5_b2000_s11,ddm,96.14525139664805,27,14.301675977653627,grid
syn,grid_c5_b2000_s11,ddm+half,85.75977653631284,10,3.9162011173184297,grid
syn,grid_c5_b2000_s11,ddm+hedge,95.7877094972067,32,13.94413407821229,grid
syn,grid_c5_b2000_s11,eddm,96.55865921787708,8,14.715083798882667,grid
syn,grid_c5_b2000_s11,eddm+half,88.10614525139665,16,6.262569832402232,grid
syn,grid_c5_b2000_s11,eddm+hedge,96.54748603351955,8,14.703910614525128,grid
syn,grid_c5_b2000_s11,fhddm,81.87150837988827,8,0.027932960893850556,grid
syn,grid_c5_b2000_s11,fhddm+half,81.93296089385474,8,0.08938547486032622,grid
syn,grid_c5_b2000_s11,fhddm+hedge,81.88268156424581,8,0.03910614525138856,grid
syn,grid_c5_b2000_s11,hddma,96.55865921787708,8,14.715083798882667,grid
syn,grid_c5_b2000_s11,hddma+half,85.47486033519553,8,3.6312849162011163,grid
syn,grid_c5_b2000_s11,hddma+hedge,96.54748603351955,8,14.703910614525128,grid
syn,grid_c5_b2000_s11,hddmw,96.22346368715084,8,14.379888268156426,grid
syn,grid_c5_b2000_s11,hddmw+half,85.3072625698324,8,3.4636871508379796,grid
syn,grid_c5_b2000_s11,hddmw+hedge,96.20111731843576,8,14.35754189944134,grid
syn,grid_c5_b2000_s11,adwin,96.55865921787708,8,14.715083798882667,grid
syn,grid_c5_b2000_s11,adwin+half,85.39664804469275,16,3.553072625698328,grid
syn,grid_c5_b2000_s11,adwin+hedge,96.54748603351955,8,14.703910614525128,grid
syn,grid_c5_b2000_s11,ph,96.01675977653632,8,14.173184357541901,grid
syn,grid_c5_b2000_s11,ph+half,85.60335195530728,16,3.7597765363128532,grid
syn,grid_c5_b2000_s11,ph+hedge,95.99441340782123,8,14.150837988826815,grid
syn,grid_c5_b2000_s11,kswin,94.82122905027934,6,12.977653631284925,grid
syn,grid_c5_b2000_s11,kswin+half,84.9050279329609,11,3.0614525139664894,grid
syn,grid_c5_b2000_s11,kswin+hedge,94.8100558659218,6,12.966480446927376,grid
syn,grid_c30_b500_s10,none,51.0909090909091,0,0.0,grid
syn,grid_c30_b500_s10,ddmM,83.02272727272727,11,31.931818181818173,grid
syn,grid_c30_b500_s10,ddm,83.02272727272727,11,31.931818181818173,grid
syn,grid_c30_b500_s10,ddm+half,51.54545454545455,2,0.4545454545454519,grid
syn,grid_c30_b500_s10,ddm+hedge,82.38636363636363,10,31.295454545454525,grid
syn,grid_c30_b500_s10,eddm,83.59090909090908,8,32.499999999999986,grid
syn,grid_c30_b500_s10,eddm+half,61.20454545454545,20,10.113636363636358,grid
syn,grid_c30_b500_s10,eddm+hedge,82.59090909090908,8,31.499999999999982,grid
syn,grid_c30_b500_s10,fhddm,63.0,6,11.909090909090903,grid
syn,grid_c30_b500_s10,fhddm+half,54.090909090909086,5,2.9999999999999916,grid
syn,grid_c30_b500_s10,fhddm+hedge,61.727272727272734,7,10.636363636363633,grid
syn,grid_c30_b500_s10,hddma,83.59090909090908,8,32.499999999999986,grid
syn,grid_c30_b500_s10,hddma+half,53.52272727272728,4,2.4318181818181794,grid
syn,grid_c30_b500_s10,hddma+hedge,82.59090909090908,8,31.499999999999982,grid
syn,grid_c30_b500_s10,hddmw,83.59090909090908,8,32.499999999999986,grid
syn,grid_c30_b500_s10,hddmw+half,56.20454545454545,8,5.1136363636363535,grid
syn,grid_c30_b500_s10,hddmw+hedge,82.59090909090908,8,31.499999999999982,grid
syn,grid_c30_b500_s10,adwin,83.59090909090908,8,32.499999999999986,grid
syn,grid_c30_b500_s10,adwin+half,54.84090909090909,5,3.749999999999998,grid
syn,grid_c30_b500_s10,adwin+hedge,82.59090909090908,8,31.499999999999982,grid
syn,grid_c30_b500_s10,ph,80.70454545454545,8,29.613636363636353,grid
syn,grid_c30_b500_s10,ph+half,54.45454545454545,4,3.3636363636363575,grid
syn,grid_c30_b500_s10,ph+hedge,79.2727272727273,8,28.181818181818198,grid
syn,grid_c30_b500_s10,kswin,83.59090909090908,8,32.499999999999986,grid
syn,grid_c30_b500_s10,kswin+half,52.5,2,1.4090909090909043,grid
syn,grid_c30_b500_s10,kswin+hedge,82.59090909090908,8,31.499999999999982,grid
syn,grid_c30_b500_s11,none,35.97727272727273,0,0.0,grid
syn,grid_c30_b500_s11,ddmM,79.59090909090911,16,43.613636363636374,grid
syn,grid_c30_b500_s11,ddm,79.59090909090911,16,43.613636363636374,grid
syn,grid_c30_b500_s11,ddm+half,41.70454545454545,6,5.727272727272725,grid
syn,grid_c30_b500_s11,ddm+hedge,78.5909090909091,12,42.61363636363636,grid
syn,grid_c30_b500_s11,eddm,80.54545454545455,8,44.56818181818181,grid
syn,grid_c30_b500_s11,eddm+half,50.47727272727273,18,14.499999999999996,grid
syn,grid_c30_b500_s11,eddm+hedge,78.54545454545455,9,42.56818181818182,grid
syn,grid_c30_b500_s11,fhddm,58.25,8,22.272727272727273,grid
syn,grid_c30_b500_s11,fhddm+half,38.61363636363635,7,2.63636363636362,grid
syn,grid_c30_b500_s11,fhddm+hedge,55.20454545454545,8,19.22727272727272,grid
syn,grid_c30_b500_s11,hddma,80.54545454545455,8,44.56818181818181,grid
syn,grid_c30_b500_s11,hddma+half,41.72727272727273,6,5.749999999999994,grid
syn,grid_c30_b500_s11,hddma+hedge,78.88636363636364,8,42.909090909090914,grid
syn,grid_c30_b500_s11,hddmw,80.54545454545455,8,44.56818181818181,grid
syn,grid_c30_b500_s11,hddmw+half,43.522727272727266,9,7.545454545454539,grid
syn,grid_c30_b500_s11,hddmw+hedge,78.88636363636364,8,42.909090909090914,grid
syn,grid_c30_b500_s11,adwin,80.54545454545455,8,44.56818181818181,grid
syn,grid_c30_b500_s11,adwin+half,43.13636363636364,7,7.159090909090909,grid
syn,grid_c30_b500_s11,adwin+hedge,78.1590909090909,9,42.18181818181818,grid
syn,grid_c30_b500_s11,ph,80.54545454545455,8,44.56818181818181,grid
syn,grid_c30_b500_s11,ph+half,42.95454545454546,6,6.977272727272732,grid
syn,grid_c30_b500_s11,ph+hedge,78.88636363636364,8,42.909090909090914,grid
syn,grid_c30_b500_s11,kswin,80.54545454545455,8,44.56818181818181,grid
syn,grid_c30_b500_s11,kswin+half,43.88636363636363,10,7.909090909090905,grid
syn,grid_c30_b500_s11,kswin+hedge,78.88636363636364,8,42.909090909090914,grid
syn,grid_c30_b2000_s10,none,82.90502793296089,0,0.0,grid
syn,grid_c30_b2000_s10,ddmM,94.25139664804469,16,11.346368715083798,grid
syn,grid_c30_b2000_s10,ddm,94.3463687150838,15,11.4413407821229,grid
syn,grid_c30_b2000_s10,ddm+half,85.08938547486034,8,2.18435754189944,grid
syn,grid_c30_b2000_s10,ddm+hedge,93.72625698324023,9,10.821229050279335,grid
syn,grid_c30_b2000_s10,eddm,94.59217877094972,9,11.687150837988824,grid
syn,grid_c30_b2000_s10,eddm+half,88.1340782122905,24,5.229050279329606,grid
syn,grid_c30_b2000_s10,eddm+hedge,93.5810055865922,11,10.675977653631296,grid
syn,grid_c30_b2000_s10,fhddm,84.18435754189943,8,1.2793296089385398,grid
syn,grid_c30_b2000_s10,fhddm+half,84.64245810055866,8,1.7374301675977644,grid
syn,grid_c30_b2000_s10,fhddm+hedge,84.48603351955308,8,1.5810055865921768,grid
syn,grid_c30_b2000_s10,hddma,94.66480446927376,8,11.75977653631286,grid
syn,grid_c30_b2000_s10,hddma+half,85.08938547486034,8,2.18435754189944,grid
syn,grid_c30_b2000_s10,hddma+hedge,93.83240223463687,8,10.927374301675986,grid
syn,grid_c30_b2000_s10,hddmw,94.66480446927376,8,11.75977653631286,grid
syn,grid_c30_b2000_s10,hddmw+half,85.08938547486034,8,2.18435754189944,grid
syn,grid_c30_b2000_s10,hddmw+hedge,93.83240223463687,8,10.927374301675986,grid
syn,grid_c30_b2000_s10,adwin,94.44134078212291,10,11.536312849162012,grid
syn,grid_c30_b2000_s10,adwin+half,85.71508379888269,16,2.81005586592179,grid
syn,grid_c30_b2000_s10,adwin+hedge,93.49720670391062,16,10.592178770949722,grid
syn,grid_c30_b2000_s10,ph,94.30167597765364,8,11.396648044692748,grid
syn,grid_c30_b2000_s10,ph+half,85.93854748603351,16,3.0335195530726167,grid
syn,grid_c30_b2000_s10,ph+hedge,93.46927374301676,15,10.564245810055862,grid
syn,grid_c30_b2000_s10,kswin,94.66480446927376,8,11.75977653631286,grid
syn,grid_c30_b2000_s10,kswin+half,85.58659217877094,9,2.681564245810053,grid
syn,grid_c30_b2000_s10,kswin+hedge,93.74860335195531,9,10.843575418994412,grid
syn,grid_c30_b2000_s11,none,78.45810055865921,0,0.0,grid
syn,grid_c30_b2000_s11,ddmM,93.48044692737429,12,15.022346368715079,grid
syn,grid_c30_b2000_s11,ddm,93.48044692737429,12,15.022346368715079,grid
syn,grid_c30_b2000_s11,ddm+half,81.39664804469274,10,2.938547486033516,grid
syn,grid_c30_b2000_s11,ddm+hedge,92.60893854748605,12,14.150837988826837,grid
syn,grid_c30_b2000_s11,eddm,93.55307262569833,10,15.094972067039114,grid
syn,grid_c30_b2000_s11,eddm+half,84.70949720670392,23,6.251396648044693,grid
syn,grid_c30_b2000_s11,eddm+hedge,91.89385474860336,14,13.435754189944138,grid
syn,grid_c30_b2000_s11,fhddm,81.16759776536313,8,2.7094972067039036,grid
syn,grid_c30_b2000_s11,fhddm+half,81.70391061452514,8,3.2458100558659275,grid
syn,grid_c30_b2000_s11,fhddm+hedge,81.30167597765363,8,2.843575418994415,grid
syn,grid_c30_b2000_s11,hddma,93.5921787709497,8,15.134078212290492,grid
syn,grid_c30_b2000_s11,hddma+half,81.39664804469274,8,2.938547486033516,grid
syn,grid_c30_b2000_s11,hddma+hedge,92.69273743016761,8,14.234636871508389,grid
syn,grid_c30_b2000_s11,hddmw,93.5921787709497,8,15.134078212290492,grid
syn,grid_c30_b2000_s11,hddmw+half,81.39664804469274,8,2.938547486033516,grid
syn,grid_c30_b2000_s11,hddmw+hedge,92.69273743016761,8,14.234636871508389,grid
syn,grid_c30_b2000_s11,adwin,93.5921787709497,8,15.134078212290492,grid
syn,grid_c30_b2000_s11,adwin+half,83.27932960893854,16,4.82122905027933,grid
syn,grid_c30_b2000_s11,adwin+hedge,92.24581005586593,16,13.787709497206713,grid
syn,grid_c30_b2000_s11,ph,93.5921787709497,8,15.134078212290492,grid
syn,grid_c30_b2000_s11,ph+half,83.2905027932961,16,4.832402234636879,grid
syn,grid_c30_b2000_s11,ph+hedge,92.40782122905028,16,13.949720670391075,grid
syn,grid_c30_b2000_s11,kswin,93.5921787709497,8,15.134078212290492,grid
syn,grid_c30_b2000_s11,kswin+half,81.97765363128492,9,3.519553072625703,grid
syn,grid_c30_b2000_s11,kswin+hedge,92.60893854748605,9,14.150837988826837,grid
syn,grid_c100_b500_s10,none,44.86363636363637,0,0.0,grid
syn,grid_c100_b500_s10,ddmM,65.02272727272727,8,20.1590909090909,grid
syn,grid_c100_b500_s10,ddm,65.02272727272727,8,20.1590909090909,grid
syn,grid_c100_b500_s10,ddm+half,48.47727272727273,7,3.6136363636363633,grid
syn,grid_c100_b500_s10,ddm+hedge,63.74999999999999,8,18.88636363636363,grid
syn,grid_c100_b500_s10,eddm,57.97727272727274,19,13.113636363636378,grid
syn,grid_c100_b500_s10,eddm+half,50.295454545454554,18,5.431818181818188,grid
syn,grid_c100_b500_s10,eddm+hedge,61.204545454545446,13,16.34090909090908,grid
syn,grid_c100_b500_s10,fhddm,50.29545454545455,9,5.431818181818176,grid
syn,grid_c100_b500_s10,fhddm+half,47.13636363636363,7,2.2727272727272654,grid
syn,grid_c100_b500_s10,fhddm+hedge,51.72727272727272,9,6.863636363636355,grid
syn,grid_c100_b500_s10,hddma,65.02272727272727,8,20.1590909090909,grid
syn,grid_c100_b500_s10,hddma+half,48.47727272727273,7,3.6136363636363633,grid
syn,grid_c100_b500_s10,hddma+hedge,63.74999999999999,8,18.88636363636363,grid
syn,grid_c100_b500_s10,hddmw,65.02272727272727,8,20.1590909090909,grid
syn,grid_c100_b500_s10,hddmw+half,48.159090909090914,8,3.295454545454546,grid
syn,grid_c100_b500_s10,hddmw+hedge,63.74999999999999,8,18.88636363636363,grid
syn,grid_c100_b500_s10,adwin,53.38636363636364,8,8.522727272727277,grid
syn,grid_c100_b500_s10,adwin+half,45.31818181818182,2,0.4545454545454519,grid
syn,grid_c100_b500_s10,adwin+hedge,54.56818181818183,9,9.70454545454546,grid
syn,grid_c100_b500_s10,ph,53.136363636363626,7,8.27272727272726,grid
syn,grid_c100_b500_s10,ph+half,44.772727272727266,3,-0.09090909090909705,grid
syn,grid_c100_b500_s10,ph+hedge,52.409090909090914,6,7.545454545454549,grid
syn,grid_c100_b500_s10,kswin,64.49999999999999,9,19.636363636363622,grid
syn,grid_c100_b500_s10,kswin+half,46.43181818181817,6,1.5681818181818075,grid
syn,grid_c100_b500_s10,kswin+hedge,62.86363636363635,10,17.99999999999999,grid
syn,grid_c100_b500_s11,none,39.954545454545446,0,0.0,grid
syn,grid_c100_b500_s11,ddmM,63.34090909090908,8,23.386363636363633,grid
syn,grid_c100_b500_s11,ddm,63.34090909090908,8,23.386363636363633,grid
syn,grid_c100_b500_s11,ddm+half,46.25,8,6.2954545454545485,grid
syn,grid_c100_b500_s11,ddm+hedge,61.068181818181834,8,21.113636363636385,grid
syn,grid_c100_b500_s11,eddm,58.47727272727272,14,18.522727272727273,grid
syn,grid_c100_b500_s11,eddm+half,45.5,12,5.545454545454554,grid
syn,grid_c100_b500_s11,eddm+hedge,53.27272727272727,18,13.318181818181824,grid
syn,grid_c100_b500_s11,fhddm,49.409090909090914,10,9.454545454545466,grid
syn,grid_c100_b500_s11,fhddm+half,43.86363636363637,8,3.9090909090909176,grid
syn,grid_c100_b500_s11,fhddm+hedge,49.88636363636363,10,9.931818181818187,grid
syn,grid_c100_b500_s11,hddma,63.34090909090908,8,23.386363636363633,grid
syn,grid_c100_b500_s11,hddma+half,43.272727272727266,5,3.31818181818182,grid
syn,grid_c100_b500_s11,hddma+hedge,61.068181818181834,8,21.113636363636385,grid
syn,grid_c100_b500_s11,hddmw,62.31818181818182,9,22.36363636363637,grid
syn,grid_c100_b500_s11,hddmw+half,44.772727272727266,8,4.818181818181822,grid
syn,grid_c100_b500_s11,hddmw+hedge,60.09090909090911,9,20.136363636363658,grid
syn,grid_c100_b500_s11,adwin,55.863636363636374,8,15.909090909090922,grid
syn,grid_c100_b500_s11,adwin+half,40.63636363636363,1,0.6818181818181834,grid
syn,grid_c100_b500_s11,adwin+hedge,54.22727272727273,9,14.272727272727275,grid
syn,grid_c100_b500_s11,ph,53.04545454545454,7,13.090909090909092,grid
syn,grid_c100_b500_s11,ph+half,40.63636363636363,1,0.6818181818181834,grid
syn,grid_c100_b500_s11,ph+hedge,50.90909090909091,7,10.954545454545455,grid
syn,grid_c100_b500_s11,kswin,62.31818181818182,9,22.36363636363637,grid
syn,grid_c100_b500_s11,kswin+half,44.13636363636364,7,4.181818181818192,grid
syn,grid_c100_b500_s11,kswin+hedge,56.59090909090909,13,16.636363636363644,grid
syn,grid_c100_b2000_s10,none,75.71508379888266,0,0.0,grid
syn,grid_c100_b2000_s10,ddmM,84.75977653631284,9,9.044692737430172,grid
syn,grid_c100_b2000_s10,ddm,84.75977653631284,9,9.044692737430172,grid
syn,grid_c100_b2000_s10,ddm+half,77.44692737430168,8,1.731843575419012,grid
syn,grid_c100_b2000_s10,ddm+hedge,84.09497206703908,8,8.37988826815642,grid
syn,grid_c100_b2000_s10,eddm,79.75977653631284,26,4.044692737430178,grid
syn,grid_c100_b2000_s10,eddm+half,79.54189944134077,32,3.8268156424581146,grid
syn,grid_c100_b2000_s10,eddm+hedge,80.7821229050279,30,5.067039106145243,grid
syn,grid_c100_b2000_s10,fhddm,66.54748603351955,52,-9.167597765363123,grid
syn,grid_c100_b2000_s10,fhddm+half,78.32960893854748,9,2.614525139664814,grid
syn,grid_c100_b2000_s10,fhddm+hedge,76.60893854748603,13,0.8938547486033621,grid
syn,grid_c100_b2000_s10,hddma,85.00558659217874,8,9.290502793296085,grid
syn,grid_c100_b2000_s10,hddma+half,77.40782122905028,8,1.6927374301676124,grid
syn,grid_c100_b2000_s10,hddma+hedge,84.09497206703908,8,8.37988826815642,grid
syn,grid_c100_b2000_s10,hddmw,85.00558659217874,8,9.290502793296085,grid
syn,grid_c100_b2000_s10,hddmw+half,77.40782122905028,8,1.6927374301676124,grid
syn,grid_c100_b2000_s10,hddmw+hedge,84.09497206703908,8,8.37988826815642,grid
syn,grid_c100_b2000_s10,adwin,72.42458100558659,36,-3.2905027932960795,grid
syn,grid_c100_b2000_s10,adwin+half,77.7486033519553,17,2.033519553072638,grid
syn,grid_c100_b2000_s10,adwin+hedge,81.54748603351953,25,5.832402234636868,grid
syn,grid_c100_b2000_s10,ph,70.6927374301676,36,-5.02234636871507,grid
syn,grid_c100_b2000_s10,ph+half,78.31843575418993,17,2.603351955307276,grid
syn,grid_c100_b2000_s10,ph+hedge,81.54748603351953,25,5.832402234636868,grid
syn,grid_c100_b2000_s10,kswin,83.73184357541899,12,8.01675977653633,grid
syn,grid_c100_b2000_s10,kswin+half,77.86033519553072,10,2.1452513966480624,grid
syn,grid_c100_b2000_s10,kswin+hedge,81.65363128491619,18,5.938547486033519,grid
syn,grid_c100_b2000_s11,none,74.31284916201116,0,0.0,grid
syn,grid_c100_b2000_s11,ddmM,84.25139664804469,8,9.938547486033533,grid
syn,grid_c100_b2000_s11,ddm,84.25139664804469,8,9.938547486033533,grid
syn,grid_c100_b2000_s11,ddm+half,76.10614525139667,8,1.7932960893854988,grid
syn,grid_c100_b2000_s11,ddm+hedge,83.08938547486035,8,8.776536312849181,grid
syn,grid_c100_b2000_s11,eddm,78.84916201117319,32,4.5363128491620275,grid
syn,grid_c100_b2000_s11,eddm+half,78.17877094972067,32,3.865921787709503,grid
syn,grid_c100_b2000_s11,eddm+hedge,79.68156424581005,30,5.368715083798891,grid
syn,grid_c100_b2000_s11,fhddm,64.58659217877096,55,-9.726256983240212,grid
syn,grid_c100_b2000_s11,fhddm+half,77.46927374301677,10,3.1564245810056013,grid
syn,grid_c100_b2000_s11,fhddm+hedge,75.48044692737432,15,1.1675977653631486,grid
syn,grid_c100_b2000_s11,hddma,84.25139664804469,8,9.938547486033533,grid
syn,grid_c100_b2000_s11,hddma+half,76.10614525139667,8,1.7932960893854988,grid
syn,grid_c100_b2000_s11,hddma+hedge,83.08938547486035,8,8.776536312849181,grid
syn,grid_c100_b2000_s11,hddmw,84.25139664804469,8,9.938547486033533,grid
syn,grid_c100_b2000_s11,hddmw+half,76.10614525139667,8,1.7932960893854988,grid
syn,grid_c100_b2000_s11,hddmw+hedge,83.08938547486035,8,8.776536312849181,grid
syn,grid_c100_b2000_s11,adwin,71.87150837988827,36,-2.4413407821228916,grid
syn,grid_c100_b2000_s11,adwin+half,76.78212290502793,17,2.4692737430167644,grid
syn,grid_c100_b2000_s11,adwin+hedge,80.07262569832402,26,5.759776536312855,grid
syn,grid_c100_b2000_s11,ph,69.2905027932961,34,-5.02234636871507,grid
syn,grid_c100_b2000_s11,ph+half,77.57541899441341,17,3.262569832402251,grid
syn,grid_c100_b2000_s11,ph+hedge,80.56424581005585,25,6.251396648044693,grid
syn,grid_c100_b2000_s11,kswin,83.97765363128491,9,9.664804469273747,grid
syn,grid_c100_b2000_s11,kswin+half,76.89944134078212,10,2.5865921787709523,grid
syn,grid_c100_b2000_s11,kswin+hedge,80.0,19,5.68715083798883,grid
