data,seed,K,n_c,recall_new,acc_old,acc,nll,conf_new,conf_old,auroc_unc,auroc_ent,auroc_c,em_recall_new,em_acc_old,em_acc,em_share,oracle_all_recall_new,oracle_all_acc_old,oracle_all_acc,oracle_c_recall_new,oracle_c_acc_old,oracle_c_acc,emc_recall_new,emc_acc_old,emc_acc,best_w_acc
covertype,0,7,0,0.0,0.948,0.711,3.5562560788910824,0.9340538516044616,0.9542737646102906,0.624824,0.6231186666666666,0.5,,,,,,,,,,,,,,
covertype,0,7,1,0.0,0.952,0.714,1.5376000190140133,0.9034403550624848,0.9524268273313841,0.6722586666666667,0.6747400000000001,0.7479319999999999,0.516,0.8153333333333334,0.7405,0.30217910100257855,0.512,0.8506666666666667,0.766,0.512,0.8466666666666667,0.763,0.516,0.84,0.759,0.7935
covertype,0,7,2,0.0,0.9546666666666667,0.716,1.5419356374969335,0.8948473463654518,0.9519419038494428,0.6727793333333334,0.6741053333333333,0.7443613333333333,0.468,0.8933333333333333,0.787,0.18332323061666633,0.482,0.8933333333333333,0.7905,0.482,0.8926666666666667,0.79,0.468,0.9066666666666666,0.797,0.7995
covertype,0,7,5,0.012,0.952,0.717,1.1920098765282103,0.8610356228351593,0.9492971016168594,0.7279080000000001,0.7257066666666666,0.8183333333333334,0.5,0.8913333333333333,0.7935,0.1912502563079665,0.554,0.886,0.803,0.554,0.8813333333333333,0.7995,0.522,0.8966666666666666,0.803,0.8055
covertype,0,7,10,0.002,0.9506666666666667,0.7135,0.9310684677211779,0.8523402221798897,0.9434233156442642,0.7490153333333334,0.7481306666666666,0.8538173333333333,0.586,0.8766666666666667,0.804,0.3056278688430245,0.53,0.902,0.809,0.53,0.9,0.8075,0.594,0.8846666666666667,0.812,0.8095
covertype,0,7,20,0.184,0.9506666666666667,0.759,0.7867484127214844,0.8292938204407692,0.9378652225534121,0.7636293333333334,0.7616666666666665,0.8600173333333333,0.552,0.898,0.8115,0.23048670937539198,0.564,0.896,0.813,0.566,0.8973333333333333,0.8145,0.558,0.9013333333333333,0.8155,0.817
covertype,0,7,50,0.33,0.948,0.7935,0.6097374905376531,0.8166785355806351,0.9242492323716481,0.7838046666666667,0.7793933333333333,0.883428,0.534,0.908,0.8145,0.21411955283793482,0.556,0.9053333333333333,0.818,0.558,0.9013333333333333,0.8155,0.536,0.91,0.8165,0.8185
covertype,0,7,100,0.438,0.9413333333333334,0.8155,0.4859030713242721,0.7841525003314018,0.9047512723406156,0.776864,0.7731600000000001,0.9019946666666667,0.606,0.9013333333333333,0.8275,0.21900847570524742,0.636,0.8986666666666666,0.833,0.636,0.896,0.831,0.616,0.9066666666666666,0.834,0.835
covertype,1,7,0,0.0,0.8993333333333333,0.6745,3.6302128959887305,0.9481061742305755,0.9154180221557617,0.5199253333333334,0.5195426666666667,0.5,,,,,,,,,,,,,,
covertype,1,7,1,0.0,0.8973333333333333,0.673,1.578837054150401,0.9365143051743507,0.9091342944701513,0.5441686666666666,0.5482133333333334,0.7940186666666667,0.708,0.6253333333333333,0.646,0.4459079230808375,0.564,0.734,0.6915,0.56,0.736,0.692,0.686,0.65,0.659,0.7155
covertype,1,7,2,0.0,0.896,0.672,1.5163160142029966,0.9339742681980133,0.9096275927225749,0.5728546666666667,0.5741773333333334,0.7868146666666668,0.592,0.7153333333333334,0.6845,0.33358573994234947,0.542,0.7706666666666667,0.7135,0.538,0.7713333333333333,0.713,0.58,0.738,0.6985,0.718
covertype,1,7,5,0.014,0.8966666666666666,0.676,1.2808562178575311,0.9134359420537949,0.9066812236706416,0.5747413333333333,0.5808359999999999,0.8191506666666667,0.416,0.85,0.7415,0.21957460215581381,0.48,0.8326666666666667,0.7445,0.476,0.8326666666666667,0.7435,0.436,0.844,0.742,0.7425
covertype,1,7,10,0.062,0.9,0.6905,1.0488792253822856,0.8968766677379608,0.9079163556893667,0.6592553333333333,0.6659680000000001,0.908016,0.344,0.886,0.7505,0.16487580010861722,0.464,0.8666666666666667,0.766,0.462,0.8686666666666667,0.767,0.368,0.8853333333333333,0.756,0.7815
covertype,1,7,20,0.116,0.904,0.707,0.8918603726577778,0.8638436894416809,0.9063194397091866,0.6987053333333334,0.7014386666666667,0.925376,0.348,0.8966666666666666,0.7595,0.13251308072393012,0.512,0.8773333333333333,0.786,0.512,0.8786666666666667,0.787,0.364,0.8966666666666666,0.7635,0.802
covertype,1,7,50,0.228,0.9026666666666666,0.734,0.6463444747314959,0.7847966803312302,0.8905869797468186,0.7566346666666667,0.7517373333333333,0.9371973333333332,0.518,0.8733333333333333,0.7845,0.1847068339593421,0.608,0.8733333333333333,0.807,0.606,0.8746666666666667,0.8075,0.542,0.884,0.7985,0.817
covertype,1,7,100,0.346,0.898,0.76,0.532412568555814,0.740820960700512,0.8683393059372901,0.7649986666666667,0.748592,0.9409773333333333,0.512,0.874,0.7835,0.18426638674180648,0.632,0.87,0.8105,0.632,0.8686666666666667,0.8095,0.538,0.8826666666666667,0.7965,0.814
covertype,2,7,0,0.0,0.8586666666666667,0.644,3.7088430770285514,0.725930073261261,0.8843021917939186,0.8117933333333334,0.8424106666666666,0.5,,,,,,,,,,,,,,
covertype,2,7,1,0.002,0.862,0.647,1.4031247614326752,0.7115461613535881,0.8785832581718763,0.7998413333333333,0.8392013333333332,0.9510053333333333,0.446,0.826,0.731,0.1492610567387147,0.72,0.816,0.792,0.728,0.8166666666666667,0.7945,0.714,0.8186666666666667,0.7925,0.8165
covertype,2,7,2,0.0,0.862,0.6465,0.871911721237079,0.6519547132253647,0.8765737203359604,0.855564,0.918492,0.9873786666666666,1.0,0.798,0.8485,0.3293784488610681,1.0,0.798,0.8485,1.0,0.7986666666666666,0.849,1.0,0.7966666666666666,0.8475,0.8705
covertype,2,7,5,0.072,0.8613333333333333,0.664,0.7463832611510577,0.5936433586478234,0.8777437077760697,0.89246,0.9301613333333334,0.9886466666666667,1.0,0.8026666666666666,0.852,0.28933147429468625,0.996,0.8233333333333334,0.8665,0.996,0.8213333333333334,0.865,0.996,0.8186666666666667,0.863,0.869
covertype,2,7,10,0.316,0.8606666666666667,0.7245,0.6406065651600549,0.58973663854599,0.8773541001478831,0.8927373333333333,0.9283933333333333,0.9896053333333333,0.898,0.8426666666666667,0.8565,0.22244119307619462,0.968,0.8353333333333334,0.8685,0.968,0.8346666666666667,0.868,0.968,0.8346666666666667,0.868,0.8695
covertype,2,7,20,0.514,0.854,0.769,0.5154600514500517,0.5935802460312843,0.876110242664814,0.8926573333333333,0.92912,0.9899306666666666,0.948,0.8366666666666667,0.8645,0.21310160102338147,0.968,0.834,0.8675,0.97,0.8333333333333334,0.8675,0.97,0.8333333333333334,0.8675,0.869
covertype,2,7,50,0.808,0.848,0.838,0.415984474082981,0.6822366411685944,0.8718381747404734,0.8126293333333333,0.8613280000000001,0.9897199999999999,0.972,0.8246666666666667,0.8615,0.23456356626469382,0.982,0.8273333333333334,0.866,0.986,0.8246666666666667,0.865,0.986,0.8246666666666667,0.865,0.866
covertype,2,7,100,0.948,0.8353333333333334,0.8635,0.37668084937612756,0.7910675359368324,0.871245699385802,0.6916593333333332,0.7390559999999999,0.9905093333333332,0.984,0.818,0.8595,0.24921013425771843,0.994,0.8233333333333334,0.866,0.996,0.822,0.8655,0.996,0.8206666666666667,0.8645,0.866
covertype,3,7,0,0.0,0.8486666666666667,0.6365,3.7319105917359146,0.5940088727474213,0.8791848963499069,0.9058106666666668,0.8729,0.5,,,,,,,,,,,,,,
covertype,3,7,1,0.364,0.8453333333333334,0.725,0.8910954957181105,0.6992909541726112,0.8730439827640851,0.810428,0.8574653333333334,0.9936413333333334,1.0,0.8026666666666666,0.852,0.30562519604526994,1.0,0.808,0.856,1.0,0.806,0.8545,1.0,0.8046666666666666,0.8535,0.867
covertype,3,7,2,0.498,0.8466666666666667,0.7595,0.6623575019537885,0.6835038791894913,0.8701897106170654,0.8121306666666667,0.8570373333333333,0.9930546666666666,1.0,0.802,0.8515,0.3031590938546264,1.0,0.8073333333333333,0.8555,1.0,0.8073333333333333,0.8555,1.0,0.8046666666666666,0.8535,0.8635
covertype,3,7,5,0.592,0.842,0.7795,0.5539104963767356,0.7312361124753952,0.8685073035558065,0.7198840000000001,0.7597013333333333,0.9957386666666667,0.984,0.8113333333333334,0.8545,0.2611744975858623,0.996,0.8213333333333334,0.865,0.994,0.8186666666666667,0.8625,0.996,0.8186666666666667,0.863,0.863
covertype,3,7,10,0.758,0.8406666666666667,0.82,0.4434176738065956,0.7229631587266921,0.8670738395055135,0.7387519999999999,0.7732466666666666,0.996544,1.0,0.8073333333333333,0.8555,0.28753483348977776,1.0,0.8186666666666667,0.864,1.0,0.8166666666666667,0.8625,1.0,0.814,0.8605,0.8695
covertype,3,7,20,0.91,0.8386666666666667,0.8565,0.3651565815930505,0.8478385131359101,0.8669338018695514,0.4963966666666666,0.52198,0.9975,1.0,0.8246666666666667,0.8685,0.2702705791505488,1.0,0.832,0.874,1.0,0.8306666666666667,0.873,1.0,0.8306666666666667,0.873,0.874
covertype,3,7,50,0.99,0.838,0.876,0.33418888824910575,0.9244746946692467,0.8723049365878105,0.36807999999999996,0.3860706666666667,0.9976119999999999,1.0,0.8273333333333334,0.8705,0.2639257407528142,1.0,0.8286666666666667,0.8715,1.0,0.8313333333333334,0.8735,1.0,0.8313333333333334,0.8735,0.877
covertype,3,7,100,0.992,0.838,0.8765,0.3469379831359986,0.9525761641263962,0.874788826684157,0.25180933333333333,0.26080133333333333,0.997424,1.0,0.8346666666666667,0.876,0.2598694293602107,1.0,0.836,0.877,1.0,0.8366666666666667,0.8775,1.0,0.8366666666666667,0.8775,0.878
covertype,4,7,0,0.0,0.8606666666666667,0.6455,3.6937422209629576,0.7886826196312904,0.8748770767450332,0.6518813333333333,0.6789546666666667,0.5,,,,,,,,,,,,,,
covertype,4,7,1,0.024,0.8673333333333333,0.6565,1.527947437124305,0.7165049916505813,0.8736775037844976,0.7112919999999999,0.7532533333333333,0.9228866666666667,0.572,0.8373333333333334,0.771,0.18289889898464987,0.638,0.8326666666666667,0.784,0.628,0.8326666666666667,0.7815,0.562,0.8393333333333334,0.77,0.802
covertype,4,7,2,0.018,0.8693333333333333,0.6565,1.173758090470134,0.7147512492835522,0.8749169965187709,0.7416600000000001,0.7953106666666666,0.950324,0.9,0.7613333333333333,0.796,0.30682489671172464,0.85,0.7846666666666666,0.801,0.84,0.7866666666666666,0.8,0.882,0.7766666666666666,0.803,0.8035
covertype,4,7,5,0.072,0.8693333333333333,0.67,0.8805476076638266,0.6468516190946102,0.8714246053099632,0.7894146666666667,0.8405933333333333,0.9655893333333334,0.812,0.8093333333333333,0.81,0.2781509146402764,0.81,0.818,0.816,0.81,0.8206666666666667,0.818,0.81,0.8173333333333334,0.8155,0.8305
covertype,4,7,10,0.292,0.8613333333333333,0.719,0.738517394025543,0.6303841761946678,0.8747539706230164,0.81554,0.8498173333333333,0.9683,0.822,0.84,0.8355,0.25347053356648663,0.822,0.8433333333333334,0.838,0.82,0.838,0.8335,0.818,0.838,0.833,0.834
covertype,4,7,20,0.654,0.8593333333333333,0.808,0.6317512306723698,0.7387814565896987,0.8800557062228521,0.7283546666666666,0.7738306666666668,0.9648453333333333,0.808,0.8413333333333334,0.833,0.23103020214472636,0.81,0.8453333333333334,0.8365,0.808,0.8413333333333334,0.833,0.804,0.8426666666666667,0.833,0.836
covertype,4,7,50,0.802,0.8553333333333333,0.842,0.40336595321199775,0.8317248418927192,0.8694877995451291,0.6233106666666668,0.6557666666666667,0.988904,0.934,0.8366666666666667,0.861,0.262464247755351,0.928,0.8393333333333334,0.8615,0.928,0.8386666666666667,0.861,0.93,0.8386666666666667,0.8615,0.8655
covertype,4,7,100,0.91,0.8566666666666667,0.87,0.3463682621164964,0.8989514839053154,0.8653212977846464,0.41351666666666664,0.4353306666666667,0.9923173333333333,0.954,0.8413333333333334,0.8695,0.26207089083885343,0.952,0.8493333333333334,0.875,0.954,0.8453333333333334,0.8725,0.954,0.8453333333333334,0.8725,0.8735
insects_abrupt_balanced,0,6,0,0.0,0.612,0.459,4.0994863989174215,0.5653508567214012,0.6086941566268603,0.605688,0.5756773333333333,0.5,,,,,,,,,,,,,,
insects_abrupt_balanced,0,6,1,0.0,0.618,0.4635,1.8915378005291554,0.558705598294735,0.5995587957104047,0.607388,0.607748,0.8733746666666666,0.988,0.296,0.469,0.5839894081768722,0.944,0.4073333333333333,0.5415,0.948,0.4026666666666667,0.539,0.988,0.33266666666666667,0.4965,0.5685
insects_abrupt_balanced,0,6,2,0.004,0.616,0.463,1.6758113081523334,0.54906023812294,0.6000961207350095,0.629752,0.6279800000000001,0.904568,0.998,0.20866666666666667,0.406,0.6517356629534838,0.982,0.38866666666666666,0.537,0.986,0.38266666666666665,0.5335,1.0,0.2786666666666667,0.459,0.581
insects_abrupt_balanced,0,6,5,0.0,0.6186666666666667,0.464,1.4375836664636856,0.534506945014,0.5960843803683916,0.659628,0.6730853333333334,0.9370453333333333,0.994,0.30533333333333335,0.4775,0.573774944407847,0.994,0.42133333333333334,0.5645,0.994,0.41933333333333334,0.563,0.994,0.352,0.5125,0.6275
insects_abrupt_balanced,0,6,10,0.0,0.6133333333333333,0.46,1.3230086056973445,0.5054527451395988,0.5943398229479789,0.7246553333333333,0.7465853333333332,0.9445479999999999,0.976,0.45466666666666666,0.585,0.33921389616313413,0.926,0.5246666666666666,0.625,0.932,0.522,0.6245,0.964,0.5013333333333333,0.617,0.6305
insects_abrupt_balanced,0,6,20,0.074,0.6093333333333333,0.4755,1.2332610367024026,0.4689500734806061,0.5892498185634613,0.7819533333333334,0.7758186666666665,0.9364639999999999,0.81,0.546,0.612,0.22678812017738462,0.832,0.536,0.61,0.836,0.5386666666666666,0.613,0.824,0.5426666666666666,0.613,0.6165
insects_abrupt_balanced,0,6,50,0.574,0.5933333333333334,0.5885,0.9634990125322579,0.49564570927619933,0.5941993877092997,0.7113666666666667,0.7437720000000001,0.9603946666666667,0.93,0.5493333333333333,0.6445,0.25650485303837967,0.926,0.5533333333333333,0.6465,0.928,0.5526666666666666,0.6465,0.93,0.5513333333333333,0.646,0.647
insects_abrupt_balanced,0,6,100,0.806,0.578,0.635,0.8769676339349556,0.6189035862088204,0.5981788449287414,0.46351333333333333,0.5506533333333333,0.9634933333333334,0.936,0.5453333333333333,0.643,0.25462988023498034,0.936,0.5553333333333333,0.6505,0.94,0.554,0.6505,0.942,0.5533333333333333,0.6505,0.653
insects_abrupt_balanced,1,6,0,0.0,0.6346666666666667,0.476,4.047565537926617,0.5770037568807602,0.6209589918057123,0.591878,0.5376306666666667,0.5,,,,,,,,,,,,,,
insects_abrupt_balanced,1,6,1,0.0,0.6286666666666667,0.4715,2.3027948514820804,0.5757365199923515,0.6186988266905149,0.5890106666666667,0.5436253333333333,0.5633546666666667,0.438,0.33266666666666667,0.359,0.4475268213231884,0.44,0.41333333333333333,0.42,0.44,0.4033333333333333,0.4125,0.494,0.36666666666666664,0.3985,0.483
insects_abrupt_balanced,1,6,2,0.0,0.6286666666666667,0.4715,2.3148565704226645,0.5747458991408348,0.6174736247956752,0.5876306666666666,0.5396453333333333,0.53116,0.376,0.3506666666666667,0.357,0.38587102576727633,0.384,0.42333333333333334,0.4135,0.382,0.4093333333333333,0.4025,0.412,0.3973333333333333,0.401,0.4735
insects_abrupt_balanced,1,6,5,0.0,0.6293333333333333,0.472,1.6292106658162944,0.5681234694719315,0.618194278071324,0.6079399999999999,0.6146626666666666,0.8136053333333333,0.978,0.188,0.3855,0.7573411961830319,0.81,0.44133333333333336,0.5335,0.808,0.43066666666666664,0.525,0.97,0.212,0.4015,0.5465
insects_abrupt_balanced,1,6,10,0.0,0.632,0.474,1.5049106129960301,0.5589876205325127,0.6156226178208987,0.6227800000000001,0.6705986666666667,0.844336,0.9,0.3526666666666667,0.4895,0.4603170851328469,0.746,0.522,0.578,0.746,0.514,0.572,0.874,0.414,0.529,0.5765
insects_abrupt_balanced,1,6,20,0.0,0.62,0.465,1.3522168905309417,0.5331011617183685,0.6087257142364979,0.661868,0.7186986666666667,0.861,0.59,0.51,0.53,0.23734514396891468,0.702,0.5546666666666666,0.5915,0.706,0.5366666666666666,0.579,0.698,0.54,0.5795,0.5805
insects_abrupt_balanced,1,6,50,0.196,0.6173333333333333,0.512,1.1271940982765078,0.47379705506563186,0.5966693021357059,0.7776733333333332,0.7948986666666666,0.8910093333333333,0.708,0.5233333333333333,0.5695,0.20462470864856816,0.754,0.558,0.607,0.756,0.5493333333333333,0.601,0.73,0.5573333333333333,0.6005,0.6025
insects_abrupt_balanced,1,6,100,0.552,0.5773333333333334,0.571,1.0075774229686099,0.49944702512025835,0.595696347117424,0.71839,0.7702813333333334,0.900604,0.726,0.5206666666666667,0.572,0.21100048125314527,0.768,0.568,0.618,0.762,0.5486666666666666,0.602,0.744,0.554,0.6015,0.6025
insects_abrupt_balanced,2,6,0,0.0,0.6566666666666666,0.4925,4.023036272069453,0.7130240687131881,0.6916163126031558,0.4573613333333333,0.49070400000000003,0.5,,,,,,,,,,,,,,
insects_abrupt_balanced,2,6,1,0.008,0.6586666666666666,0.496,2.01867288689034,0.6906130933165551,0.6848894686301549,0.483464,0.5296346666666667,0.8243893333333333,0.696,0.504,0.552,0.33320822528087296,0.632,0.5366666666666666,0.5605,0.632,0.5293333333333333,0.555,0.658,0.5266666666666666,0.5595,0.56
insects_abrupt_balanced,2,6,2,0.036,0.66,0.504,2.0373099510188712,0.6957626419067383,0.6852614527146021,0.47552666666666665,0.5239453333333334,0.8104266666666666,0.154,0.6473333333333333,0.524,0.07672890723490745,0.37,0.61,0.55,0.368,0.602,0.5435,0.222,0.644,0.5385,0.5465
insects_abrupt_balanced,2,6,5,0.016,0.6633333333333333,0.5015,1.7361827321658612,0.6888167639970779,0.684182693918546,0.483668,0.531432,0.7876093333333333,0.208,0.6166666666666667,0.5145,0.14548267498789771,0.412,0.5793333333333334,0.5375,0.412,0.5733333333333334,0.533,0.292,0.6086666666666667,0.5295,0.5315
insects_abrupt_balanced,2,6,10,0.0,0.6653333333333333,0.499,1.4901617545687538,0.6816150009036064,0.6800669476191202,0.49010000000000004,0.5644746666666667,0.8351946666666668,0.836,0.426,0.5285,0.3342785825894449,0.6,0.5566666666666666,0.5675,0.606,0.5513333333333333,0.565,0.674,0.5306666666666666,0.5665,0.5665
insects_abrupt_balanced,2,6,20,0.0,0.6613333333333333,0.496,1.3304240139683425,0.6606479496955872,0.6725860052903493,0.51098,0.5975293333333334,0.858804,0.478,0.59,0.562,0.21022332124286514,0.658,0.5673333333333334,0.59,0.656,0.5573333333333333,0.582,0.634,0.5673333333333334,0.584,0.5845
insects_abrupt_balanced,2,6,50,0.128,0.6553333333333333,0.5235,1.104461463638277,0.6090602821111679,0.6548188332418601,0.5803306666666667,0.665588,0.873956,0.61,0.5786666666666667,0.5865,0.2317458236098446,0.664,0.578,0.5995,0.666,0.5686666666666667,0.593,0.664,0.57,0.5935,0.593
insects_abrupt_balanced,2,6,100,0.316,0.6426666666666667,0.561,1.0001856705600098,0.5987305055856704,0.6436545367439588,0.5869213333333333,0.646336,0.8795893333333331,0.58,0.5866666666666667,0.585,0.21049403899262756,0.664,0.5793333333333334,0.6005,0.67,0.5726666666666667,0.597,0.638,0.582,0.596,0.598
insects_abrupt_balanced,3,6,0,0.0,0.6873333333333334,0.5155,4.038349427978817,0.8699834855794907,0.7130760115981102,0.2558886666666667,0.24683733333333335,0.5,,,,,,,,,,,,,,
insects_abrupt_balanced,3,6,1,0.0,0.6853333333333333,0.514,2.1967432901107298,0.8626206486225129,0.7085279158552488,0.26116866666666666,0.26037466666666664,0.5438400000000001,0.54,0.27666666666666667,0.3425,0.5872458214282191,0.452,0.436,0.44,0.446,0.438,0.44,0.658,0.2786666666666667,0.3735,0.514
insects_abrupt_balanced,3,6,2,0.0,0.686,0.5145,1.6063525455279497,0.843186780154705,0.7045179611841837,0.26996133333333333,0.273356,0.8473746666666667,0.974,0.31333333333333335,0.4785,0.6277959219480325,0.924,0.4073333333333333,0.5365,0.926,0.408,0.5375,0.976,0.32266666666666666,0.486,0.574
insects_abrupt_balanced,3,6,5,0.0,0.682,0.5115,1.6911557932974746,0.8524712709784508,0.7034022419651349,0.2616713333333333,0.26444533333333337,0.78196,0.826,0.3913333333333333,0.5,0.45819977639498516,0.63,0.5246666666666666,0.551,0.604,0.5266666666666666,0.546,0.804,0.42866666666666664,0.5225,0.5475
insects_abrupt_balanced,3,6,10,0.0,0.684,0.513,1.4526637256964934,0.8232531958222389,0.6999256423115731,0.29640933333333336,0.30988400000000005,0.8513173333333333,0.916,0.376,0.511,0.4853315514680275,0.648,0.534,0.5625,0.636,0.54,0.564,0.848,0.4653333333333333,0.561,0.5655
insects_abrupt_balanced,3,6,20,0.0,0.6853333333333333,0.514,1.3244697623776123,0.7863656806349755,0.6923885500828425,0.34142933333333336,0.34233600000000003,0.8630506666666667,0.584,0.5526666666666666,0.5605,0.2485097942817982,0.61,0.5633333333333334,0.575,0.598,0.564,0.5725,0.602,0.5613333333333334,0.5715,0.5785
insects_abrupt_balanced,3,6,50,0.022,0.694,0.526,1.1328218382065498,0.70128427028656,0.6722773540218672,0.44664266666666663,0.39054399999999995,0.8731773333333334,0.758,0.512,0.5735,0.2791730516341408,0.638,0.5686666666666667,0.586,0.63,0.5713333333333334,0.586,0.63,0.5726666666666667,0.587,0.5925
insects_abrupt_balanced,3,6,100,0.124,0.6886666666666666,0.5475,1.0194162177765944,0.630158942759037,0.6484777359267075,0.5357133333333333,0.41416800000000004,0.877688,0.332,0.6426666666666667,0.565,0.18185032633412893,0.628,0.5793333333333334,0.5915,0.606,0.594,0.597,0.536,0.61,0.5915,0.597
insects_abrupt_balanced,4,6,0,0.0,0.66,0.495,4.040763606301491,0.699457908987999,0.6765241749882698,0.4643280000000001,0.49501066666666665,0.5,,,,,,,,,,,,,,
insects_abrupt_balanced,4,6,1,0.0,0.662,0.4965,2.1453026290272956,0.700713788151741,0.6785952724814415,0.46104266666666666,0.5079306666666666,0.6785013333333333,0.7,0.31533333333333335,0.4115,0.4514411133811114,0.396,0.4073333333333333,0.4045,0.396,0.4046666666666667,0.4025,0.644,0.3546666666666667,0.427,0.5005
insects_abrupt_balanced,4,6,2,0.0,0.662,0.4965,1.7345670011021965,0.6935865738391876,0.6780085864861807,0.47396266666666664,0.5387146666666667,0.8206573333333333,0.97,0.2806666666666667,0.453,0.6261754059181108,0.892,0.42333333333333334,0.5405,0.896,0.422,0.5405,0.964,0.30266666666666664,0.468,0.5425
insects_abrupt_balanced,4,6,5,0.02,0.6593333333333333,0.4995,1.8229573492383069,0.6904409909248352,0.677759100218614,0.476636,0.535288,0.8000733333333332,0.11,0.61,0.485,0.06106743672359236,0.342,0.59,0.528,0.334,0.5826666666666667,0.5205,0.156,0.6466666666666666,0.524,0.5285
insects_abrupt_balanced,4,6,10,0.022,0.6606666666666666,0.501,1.750416253349547,0.6842027961015701,0.6734348256587982,0.4797973333333333,0.5352093333333333,0.7432586666666667,0.08,0.5993333333333334,0.4695,0.06166834510081046,0.288,0.584,0.51,0.288,0.5773333333333334,0.505,0.11,0.6466666666666666,0.5125,0.5155
insects_abrupt_balanced,4,6,20,0.032,0.66,0.503,1.430626328783638,0.6602560807466507,0.6655747252901395,0.5058026666666667,0.595376,0.8381586666666666,0.072,0.6133333333333333,0.478,0.06325604719212881,0.452,0.6,0.563,0.45,0.5946666666666667,0.5585,0.178,0.6446666666666667,0.528,0.5605
insects_abrupt_balanced,4,6,50,0.128,0.6566666666666666,0.5245,1.1406477667812664,0.6136749262213707,0.6494181555509567,0.5634686666666667,0.678916,0.878564,0.326,0.6026666666666667,0.5335,0.17384682065517384,0.58,0.574,0.5755,0.572,0.5753333333333334,0.5745,0.504,0.598,0.5745,0.5855
insects_abrupt_balanced,4,6,100,0.302,0.632,0.5495,1.0099932428535532,0.5943420471847057,0.6240311426421007,0.555124,0.674164,0.8834453333333333,0.506,0.5753333333333334,0.558,0.21751438619901262,0.618,0.5866666666666667,0.5945,0.616,0.5786666666666667,0.588,0.588,0.5833333333333334,0.5845,0.5885
h2_poker,0,4,0,0.0,0.9753333333333334,0.7315,3.50690092257846,0.9985258533954621,0.9625418485204379,0.359956,0.36411999999999994,0.5,,,,,,,,,,,,,,
h2_poker,0,4,1,0.0,0.9693333333333334,0.727,0.8839370395612436,0.9320175335407257,0.9530057201186816,0.7350033333333333,0.7251200000000001,0.937408,1.0,0.06733333333333333,0.3005,0.945417155186264,0.998,0.39466666666666667,0.5455,0.998,0.39266666666666666,0.544,1.0,0.008666666666666666,0.2565,0.864
h2_poker,0,4,2,0.0,0.968,0.726,0.8859923714237414,0.9417042671442032,0.9525953764915467,0.7475413333333333,0.7337306666666668,0.9614106666666666,1.0,0.07133333333333333,0.3035,0.9413700409467194,1.0,0.49133333333333334,0.6185,1.0,0.4886666666666667,0.6165,1.0,0.037333333333333336,0.278,0.878
h2_poker,0,4,5,0.072,0.9666666666666667,0.743,0.7044589756728116,0.8725863918066025,0.9527217790484428,0.829556,0.817112,0.97688,1.0,0.32133333333333336,0.491,0.6739321411779581,0.974,0.8246666666666667,0.862,0.974,0.8193333333333334,0.858,1.0,0.356,0.517,0.899
h2_poker,0,4,10,0.252,0.9686666666666667,0.7895,0.5415995020521508,0.8214289481639863,0.9505738378763199,0.8518533333333332,0.8398986666666667,0.9755706666666666,0.964,0.7986666666666666,0.84,0.41911962801932734,0.858,0.9173333333333333,0.9025,0.858,0.918,0.903,0.964,0.8093333333333333,0.848,0.9015
h2_poker,0,4,20,0.574,0.9746666666666667,0.8745,0.291105282401474,0.782498382806778,0.9512756490508716,0.8794733333333333,0.8675186666666667,0.9899866666666666,0.956,0.906,0.9185,0.33511087547545093,0.942,0.9293333333333333,0.9325,0.942,0.93,0.933,0.956,0.9066666666666666,0.919,0.938
h2_poker,0,4,50,0.878,0.9733333333333334,0.9495,0.13923337460244095,0.8716329243779183,0.95124530595541,0.6872606666666667,0.674944,0.9982906666666667,0.978,0.952,0.9585,0.287503904846983,0.976,0.9566666666666667,0.9615,0.976,0.9566666666666667,0.9615,0.98,0.9526666666666667,0.9595,0.966
h2_poker,0,4,100,0.94,0.98,0.97,0.09895219570598812,0.9268373106718063,0.9486745721499125,0.5162426666666666,0.505888,0.9995080000000001,0.982,0.9713333333333334,0.974,0.2622767164102242,0.982,0.9726666666666667,0.975,0.982,0.9733333333333334,0.9755,0.984,0.9733333333333334,0.976,0.9755
h2_poker,1,4,0,0.0,0.996,0.747,3.4648904048148625,0.7624918363690376,0.9916541138291359,0.96515,0.9655733333333334,0.5,,,,,,,,,,,,,,
h2_poker,1,4,1,0.022,0.996,0.7525,0.8723400226048632,0.696182585299015,0.988787799179554,0.9848093333333333,0.9839506666666665,0.9577866666666666,0.924,0.874,0.8865,0.3197111898296455,0.906,0.8866666666666667,0.8915,0.898,0.89,0.892,0.92,0.8846666666666667,0.8935,0.901
h2_poker,1,4,2,0.09,0.996,0.7695,0.6330644005021719,0.6649684047698975,0.9882304679950078,0.9857946666666667,0.9851053333333334,0.9790159999999999,0.998,0.838,0.878,0.40520043469469874,0.996,0.8813333333333333,0.91,0.996,0.8846666666666667,0.9125,0.996,0.8546666666666667,0.89,0.9345
h2_poker,1,4,5,0.176,0.9966666666666667,0.7915,0.45575842097638153,0.6190978399515152,0.987760256409645,0.9889773333333334,0.9891346666666667,0.9922733333333333,0.998,0.87,0.902,0.3698719077346159,0.992,0.9226666666666666,0.94,0.992,0.9253333333333333,0.942,0.994,0.898,0.922,0.9625
h2_poker,1,4,10,0.202,0.996,0.7975,0.4206203147044312,0.6132627877593041,0.9874743874073029,0.9892173333333334,0.9892666666666667,0.99354,0.98,0.94,0.95,0.29210168485684657,0.974,0.9513333333333334,0.957,0.974,0.9526666666666667,0.958,0.978,0.9453333333333334,0.9535,0.965
h2_poker,1,4,20,0.378,0.994,0.84,0.29762574676989123,0.604340379178524,0.9840273701945941,0.9855866666666667,0.9856133333333333,0.9949399999999999,0.992,0.948,0.959,0.28347228995066615,0.982,0.9626666666666667,0.9675,0.982,0.962,0.967,0.988,0.9533333333333334,0.962,0.97
h2_poker,1,4,50,0.696,0.9933333333333333,0.919,0.18813065128969766,0.6777479468584061,0.9789457489450772,0.9690906666666667,0.9696333333333333,0.9952466666666667,0.976,0.9666666666666667,0.969,0.2621699568542998,0.976,0.9673333333333334,0.9695,0.974,0.9673333333333334,0.969,0.974,0.9673333333333334,0.969,0.971
h2_poker,1,4,100,0.882,0.9893333333333333,0.9625,0.11490515086896357,0.7788513843417167,0.9738954866131146,0.9249866666666666,0.9285079999999999,0.996876,0.984,0.9706666666666667,0.974,0.2574551402761506,0.984,0.972,0.975,0.984,0.9726666666666667,0.9755,0.984,0.972,0.975,0.977
h2_poker,2,4,0,0.0,0.9946666666666667,0.746,3.4749952291107324,0.832273244023323,0.9813281574050585,0.9441026666666668,0.9436786666666668,0.5,,,,,,,,,,,,,,
h2_poker,2,4,1,0.024,0.994,0.7515,0.7964806005634995,0.7630050333738327,0.9821762588421503,0.9674626666666666,0.9727119999999999,0.9813306666666667,0.996,0.7986666666666666,0.848,0.393635622361379,0.972,0.8733333333333333,0.898,0.972,0.8713333333333333,0.8965,0.996,0.8306666666666667,0.872,0.931
h2_poker,2,4,2,0.07,0.9946666666666667,0.7635,0.759454964240922,0.7536941339373588,0.9793298965096474,0.9647279999999999,0.9702000000000001,0.975336,0.988,0.8493333333333334,0.884,0.3475386658618569,0.958,0.8866666666666667,0.9045,0.96,0.8866666666666667,0.905,0.986,0.8613333333333333,0.8925,0.923
h2_poker,2,4,5,0.29,0.9926666666666667,0.817,0.45300514523417507,0.7190011478662491,0.9800345396200816,0.9745533333333333,0.9797480000000001,0.99338,0.978,0.928,0.9405,0.2995928821505676,0.976,0.94,0.949,0.978,0.94,0.9495,0.978,0.934,0.945,0.96
h2_poker,2,4,10,0.362,0.996,0.8375,0.3383183617076293,0.7203540859818458,0.9790318943063419,0.9503600000000001,0.9537626666666666,0.9976893333333333,0.996,0.9606666666666667,0.9695,0.2764851627803637,0.992,0.9673333333333334,0.9735,0.992,0.9666666666666667,0.973,0.994,0.964,0.9715,0.9795
h2_poker,2,4,20,0.684,0.9953333333333333,0.9175,0.1995886237458905,0.7062653619647026,0.9778367546995481,0.9353453333333333,0.9361453333333334,0.9978466666666667,1.0,0.9513333333333334,0.9635,0.28184644611178167,0.998,0.96,0.9695,1.0,0.96,0.97,1.0,0.9533333333333334,0.965,0.98
h2_poker,2,4,50,0.92,0.9946666666666667,0.976,0.09651993285107505,0.8103602884411811,0.9745360245108604,0.88286,0.882552,0.9994133333333333,0.998,0.9673333333333334,0.975,0.2741628693567481,0.998,0.9706666666666667,0.9775,0.998,0.972,0.9785,0.998,0.9686666666666667,0.976,0.985
h2_poker,2,4,100,0.996,0.9926666666666667,0.9935,0.049944758176018594,0.9312678325176239,0.9715430966615677,0.7409626666666667,0.7426346666666668,0.9998493333333333,1.0,0.976,0.982,0.26817452205771125,1.0,0.9786666666666667,0.984,1.0,0.9786666666666667,0.984,1.0,0.9766666666666667,0.9825,0.994
h2_poker,3,4,0,0.0,0.9866666666666667,0.74,3.495535715318984,0.783287417948246,0.964762600660324,0.9198706666666667,0.9214760000000002,0.5,,,,,,,,,,,,,,
h2_poker,3,4,1,0.018,0.982,0.741,0.9400128044242456,0.7747253018021584,0.9610592922767003,0.91226,0.9276093333333334,0.9726386666666667,0.984,0.8846666666666667,0.9095,0.3285053210754223,0.942,0.8966666666666666,0.908,0.942,0.8966666666666666,0.908,0.978,0.886,0.909,0.909
h2_poker,3,4,2,0.06,0.984,0.753,0.888530630900383,0.75485995221138,0.9631182985703151,0.9296786666666667,0.944432,0.9757506666666668,0.952,0.9013333333333333,0.914,0.30150246394142677,0.926,0.906,0.911,0.926,0.9066666666666666,0.9115,0.944,0.904,0.914,0.9145
h2_poker,3,4,5,0.498,0.9806666666666667,0.86,0.45888062063971774,0.7840227040052414,0.9639814901351929,0.9171400000000001,0.9300560000000001,0.9906453333333334,0.924,0.938,0.9345,0.2569755617256065,0.922,0.944,0.9385,0.92,0.948,0.941,0.92,0.948,0.941,0.941
h2_poker,3,4,10,0.638,0.9853333333333333,0.8985,0.2686381129394515,0.7803316047787666,0.9625244900385539,0.88852,0.899416,0.9971053333333334,0.986,0.9473333333333334,0.957,0.2726399940488339,0.978,0.9566666666666667,0.962,0.972,0.9606666666666667,0.9635,0.98,0.956,0.962,0.9645
h2_poker,3,4,20,0.768,0.9826666666666667,0.929,0.20666587891917582,0.8866156865358352,0.9594481499393781,0.76534,0.7752613333333334,0.9964813333333333,0.922,0.968,0.9565,0.2444676077382782,0.93,0.9673333333333334,0.958,0.926,0.9673333333333334,0.957,0.924,0.9673333333333334,0.9565,0.9585
h2_poker,3,4,50,0.924,0.9846666666666667,0.9695,0.10323906922720306,0.9389172859787941,0.9609466978708903,0.58145,0.588232,0.9988239999999999,0.95,0.9753333333333334,0.969,0.24856385002178272,0.95,0.9746666666666667,0.9685,0.95,0.9753333333333334,0.969,0.95,0.9753333333333334,0.969,0.972
h2_poker,3,4,100,0.964,0.9826666666666667,0.978,0.0684275564383159,0.9546499074697494,0.9602130059401194,0.4283893333333333,0.43490799999999996,0.9997613333333333,0.986,0.982,0.983,0.2492217878686248,0.99,0.982,0.984,0.984,0.9806666666666667,0.9815,0.984,0.9806666666666667,0.9815,0.9835
h2_poker,4,4,0,0.0,0.968,0.726,3.521516485929909,0.9884987522363663,0.957647732535998,0.48766866666666675,0.49226933333333334,0.5,,,,,,,,,,,,,,
h2_poker,4,4,1,0.0,0.9633333333333334,0.7225,1.2167922384703322,0.9766183644533157,0.9473910749355952,0.539968,0.5459293333333334,0.8629586666666667,1.0,0.066,0.2995,0.945222061987886,0.954,0.562,0.66,0.956,0.56,0.659,1.0,0.004,0.253,0.7795
h2_poker,4,4,2,0.0,0.9653333333333334,0.724,1.0600868276745392,0.9615061439275742,0.9456494615872701,0.6154906666666666,0.6175293333333333,0.9097733333333333,1.0,0.12,0.34,0.8444465082824673,0.91,0.6566666666666666,0.72,0.912,0.6533333333333333,0.718,1.0,0.18733333333333332,0.3905,0.823
h2_poker,4,4,5,0.0,0.964,0.723,0.9179417915749735,0.9379728548526763,0.9411768106619517,0.6844573333333334,0.6816239999999999,0.9660626666666666,1.0,0.13,0.3475,0.7864424933777818,0.866,0.8746666666666667,0.8725,0.868,0.8733333333333333,0.872,1.0,0.26,0.445,0.883
h2_poker,4,4,10,0.016,0.966,0.7285,0.7097085193125746,0.8634516111016274,0.9397664801677068,0.8001726666666666,0.7958173333333334,0.9733133333333334,0.984,0.6946666666666667,0.767,0.46773727340743865,0.844,0.9266666666666666,0.906,0.846,0.9253333333333333,0.9055,0.968,0.7446666666666667,0.8005,0.909
h2_poker,4,4,20,0.298,0.9686666666666667,0.801,0.420408666147003,0.7439657701849938,0.9396260391871134,0.9056679999999999,0.8938026666666667,0.9857973333333333,0.936,0.8986666666666666,0.908,0.34450221310628065,0.9,0.94,0.93,0.904,0.9406666666666667,0.9315,0.936,0.902,0.9105,0.9355
h2_poker,4,4,50,0.724,0.968,0.907,0.23684886046058268,0.816990465939045,0.9339441887338956,0.7728346666666668,0.7542026666666666,0.9906240000000001,0.928,0.944,0.94,0.2751036675498621,0.918,0.948,0.9405,0.918,0.9493333333333334,0.9415,0.928,0.9453333333333334,0.941,0.9435
h2_poker,4,4,100,0.888,0.9686666666666667,0.9485,0.15393465754183058,0.8763422917127609,0.9337166940371195,0.6481386666666665,0.631536,0.9960479999999999,0.948,0.9526666666666667,0.9515,0.2559094282037561,0.946,0.952,0.9505,0.948,0.9533333333333334,0.952,0.948,0.9533333333333334,0.952,0.9565
h2_rialto,0,10,0,0.0,0.7586666666666667,0.569,3.957308185547583,0.5740457262992859,0.7361723489363988,0.6931746666666667,0.7321346666666666,0.5,,,,,,,,,,,,,,
h2_rialto,0,10,1,0.012,0.7706666666666667,0.581,1.9309238465171863,0.544298189997673,0.7313288995424907,0.7230453333333334,0.7586733333333333,0.8686933333333333,0.558,0.674,0.645,0.21466471084708427,0.62,0.6866666666666666,0.67,0.636,0.6873333333333334,0.6745,0.588,0.7026666666666667,0.674,0.676
h2_rialto,0,10,2,0.026,0.7666666666666667,0.5815,1.558875105877922,0.5285438577532768,0.7320476841032505,0.7383839999999999,0.7808453333333332,0.9145640000000002,0.75,0.6566666666666666,0.68,0.2837076485831439,0.742,0.6946666666666667,0.7065,0.748,0.6906666666666667,0.705,0.762,0.6853333333333333,0.7045,0.7115
h2_rialto,0,10,5,0.086,0.7646666666666667,0.595,1.3516445699004633,0.5140528098642826,0.7298032950361569,0.7509159999999999,0.7897493333333334,0.9381200000000001,0.766,0.7113333333333334,0.725,0.2306018427339538,0.79,0.7073333333333334,0.728,0.794,0.706,0.728,0.772,0.7073333333333334,0.7235,0.726
h2_rialto,0,10,10,0.342,0.7626666666666667,0.6575,1.0974563460486597,0.5683124598264694,0.7271166285177072,0.6940346666666667,0.7327293333333333,0.9543213333333334,0.794,0.7246666666666667,0.742,0.22953069867946657,0.8,0.7186666666666667,0.739,0.8,0.712,0.734,0.788,0.7166666666666667,0.7345,0.735
h2_rialto,0,10,20,0.432,0.76,0.678,0.9487101531756575,0.5805413617193699,0.7245949748953183,0.6729613333333333,0.7054200000000002,0.9644933333333332,0.85,0.7206666666666667,0.753,0.23458637374407895,0.856,0.726,0.7585,0.854,0.7186666666666667,0.7525,0.838,0.7213333333333334,0.7505,0.7525
h2_rialto,0,10,50,0.744,0.7586666666666667,0.755,0.7496016052021923,0.6697998842597008,0.7256336155931155,0.565288,0.580852,0.9797373333333332,0.912,0.7213333333333334,0.769,0.2547944964272702,0.91,0.7266666666666667,0.7725,0.908,0.7246666666666667,0.7705,0.91,0.724,0.7705,0.774
h2_rialto,0,10,100,0.852,0.7446666666666667,0.7715,0.6783010308093785,0.7906117386221886,0.7180849740405878,0.401528,0.4182093333333333,0.9837319999999999,0.916,0.7306666666666667,0.777,0.2474835361949161,0.914,0.7333333333333333,0.7785,0.91,0.7286666666666667,0.774,0.91,0.7293333333333333,0.7745,0.776
h2_rialto,1,10,0,0.0,0.796,0.597,3.8843546812882512,0.5053493958413601,0.7410142774383227,0.7601526666666667,0.8042446666666667,0.5,,,,,,,,,,,,,,
h2_rialto,1,10,1,0.008,0.7973333333333333,0.6,1.617590503649056,0.4942647425234318,0.7443829138875008,0.7700233333333333,0.8179646666666667,0.8357913333333333,0.952,0.336,0.49,0.6822032067814031,0.882,0.532,0.6195,0.89,0.5313333333333333,0.621,0.958,0.36,0.5095,0.695
h2_rialto,1,10,2,0.018,0.7973333333333333,0.6025,1.547964224239731,0.48877046060562135,0.7426812819143136,0.77173,0.8203673333333333,0.8290126666666667,0.918,0.424,0.5475,0.5767091013598211,0.854,0.59,0.656,0.86,0.586,0.6545,0.926,0.43733333333333335,0.5595,0.6985
h2_rialto,1,10,5,0.086,0.7973333333333333,0.6195,1.4127032020009334,0.49133350160717965,0.743812402009964,0.7707446666666666,0.8175473333333333,0.852226,0.77,0.6446666666666667,0.676,0.30915148856681285,0.722,0.6853333333333333,0.6945,0.726,0.6913333333333334,0.7,0.766,0.664,0.6895,0.7095
h2_rialto,1,10,10,0.128,0.7973333333333333,0.63,1.270605987440274,0.4816163208782673,0.7411238815983137,0.7761366666666666,0.8261926666666667,0.8774753333333334,0.728,0.7086666666666667,0.7135,0.24656604600181384,0.726,0.7106666666666667,0.7145,0.728,0.7153333333333334,0.7185,0.716,0.7193333333333334,0.7185,0.7175
h2_rialto,1,10,20,0.3,0.7873333333333333,0.6655,1.0171628695153363,0.4697327582836151,0.7364865273634593,0.7789659999999999,0.8260299999999999,0.9207793333333334,0.854,0.6946666666666667,0.7345,0.28462532364109594,0.82,0.7126666666666667,0.7395,0.82,0.71,0.7375,0.834,0.7013333333333334,0.7345,0.7395
h2_rialto,1,10,50,0.566,0.7846666666666666,0.73,0.8250040764070167,0.5339375938475132,0.7242088234225909,0.7130793333333333,0.7547379999999999,0.9380873333333333,0.848,0.706,0.7415,0.27692383769716294,0.824,0.7186666666666667,0.745,0.826,0.7186666666666667,0.7455,0.836,0.7106666666666667,0.742,0.7565
h2_rialto,1,10,100,0.748,0.7693333333333333,0.764,0.712139882440744,0.6272314752340317,0.7132146914203962,0.619074,0.6572126666666667,0.9546286666666668,0.896,0.7046666666666667,0.7525,0.278540564273706,0.884,0.7253333333333334,0.765,0.886,0.7186666666666667,0.7605,0.892,0.706,0.7525,0.7695
h2_rialto,2,10,0,0.0,0.7793333333333333,0.5845,3.905246371748624,0.5182396140694618,0.7386800073583921,0.7495146666666668,0.773556,0.5,,,,,,,,,,,,,,
h2_rialto,2,10,1,0.008,0.7753333333333333,0.5835,1.6711211266264505,0.5202568509280682,0.7449916261931261,0.7567413333333332,0.7787773333333333,0.7799066666666667,0.984,0.32866666666666666,0.4925,0.6961213405240094,0.888,0.49333333333333335,0.592,0.88,0.494,0.5905,0.99,0.318,0.486,0.643
h2_rialto,2,10,2,0.032,0.7753333333333333,0.5895,1.5544018729148772,0.5202344061136246,0.7448153706888357,0.7564146666666667,0.7832666666666668,0.8362493333333333,0.968,0.364,0.515,0.6221528393032065,0.846,0.574,0.642,0.83,0.5773333333333334,0.6405,0.974,0.36133333333333334,0.5145,0.678
h2_rialto,2,10,5,0.078,0.774,0.6,1.3307830370673075,0.5142665233910084,0.7475235751668612,0.764044,0.7929253333333333,0.9212853333333333,0.958,0.5306666666666666,0.6375,0.4354756880059008,0.89,0.664,0.7205,0.876,0.668,0.72,0.94,0.596,0.682,0.7305
h2_rialto,2,10,10,0.188,0.7733333333333333,0.627,1.230771495480958,0.5350738395154476,0.7465119326710701,0.7463919999999999,0.77284,0.9154653333333334,0.684,0.7253333333333334,0.715,0.21987452956544928,0.75,0.724,0.7305,0.738,0.722,0.726,0.688,0.734,0.7225,0.7295
h2_rialto,2,10,20,0.262,0.7746666666666666,0.6465,1.030167971692651,0.5300306981503964,0.7415044080714385,0.7437386666666665,0.7685346666666668,0.9375239999999999,0.762,0.7193333333333334,0.73,0.23970550619602551,0.784,0.724,0.739,0.772,0.7253333333333334,0.737,0.758,0.7266666666666667,0.7345,0.735
h2_rialto,2,10,50,0.508,0.79,0.7195,0.8214976335020094,0.6114029481112957,0.7295684844652812,0.6470826666666667,0.6646533333333333,0.9560293333333333,0.79,0.74,0.7525,0.22637066997782115,0.816,0.742,0.7605,0.814,0.7493333333333333,0.7655,0.772,0.756,0.76,0.766
h2_rialto,2,10,100,0.71,0.7806666666666666,0.763,0.6885861909738191,0.7046739991307258,0.716337273011605,0.5258693333333333,0.5400266666666667,0.9694719999999999,0.852,0.7366666666666667,0.7655,0.2502228521333971,0.86,0.746,0.7745,0.844,0.7513333333333333,0.7745,0.84,0.7513333333333333,0.7735,0.7755
h2_rialto,3,10,0,0.0,0.788,0.591,3.9253975440561173,0.5231206411123276,0.7479917873740196,0.7565866666666667,0.7688373333333334,0.5,,,,,,,,,,,,,,
h2_rialto,3,10,1,0.002,0.7853333333333333,0.5895,1.816116551741754,0.49495061779022215,0.7406948989729086,0.7769226666666668,0.792024,0.7535306666666667,0.812,0.374,0.4835,0.5705575595139835,0.726,0.5586666666666666,0.6005,0.73,0.554,0.598,0.826,0.388,0.4975,0.6565
h2_rialto,3,10,2,0.048,0.7853333333333333,0.601,1.63738675887534,0.4811611932516098,0.7404408285617828,0.7893293333333332,0.804172,0.7833559999999999,0.774,0.4713333333333333,0.547,0.4605557722964244,0.71,0.5993333333333334,0.627,0.71,0.592,0.6215,0.782,0.528,0.5915,0.6765
h2_rialto,3,10,5,0.04,0.7873333333333333,0.6005,1.2904779117064524,0.46859192979335784,0.7374549534519513,0.7967146666666667,0.8182800000000001,0.9114693333333332,0.99,0.38533333333333336,0.5365,0.5788801856369433,0.95,0.61,0.695,0.95,0.61,0.695,0.99,0.4653333333333333,0.5965,0.733
h2_rialto,3,10,10,0.106,0.7866666666666666,0.6165,1.1835419496132542,0.45536813235282897,0.7377201562921206,0.80802,0.8274906666666667,0.9277626666666666,0.954,0.5826666666666667,0.6755,0.36845440132380813,0.902,0.6873333333333334,0.741,0.9,0.6853333333333333,0.739,0.942,0.6353333333333333,0.712,0.7485
h2_rialto,3,10,20,0.264,0.788,0.657,1.0349450233078585,0.46909342750906946,0.7332862063844998,0.7900586666666668,0.7998226666666666,0.9352533333333334,0.924,0.654,0.7215,0.3053656415665135,0.886,0.706,0.751,0.892,0.7053333333333334,0.752,0.91,0.6886666666666666,0.744,0.752
h2_rialto,3,10,50,0.562,0.7833333333333333,0.728,0.8180734017361575,0.548636504739523,0.7248315140406291,0.7063613333333333,0.7193426666666667,0.9612093333333332,0.942,0.6726666666666666,0.74,0.29949912219126407,0.924,0.7173333333333334,0.769,0.926,0.7206666666666667,0.772,0.94,0.7033333333333334,0.7625,0.7765
h2_rialto,3,10,100,0.764,0.7733333333333333,0.771,0.7139237839858795,0.6944994093775749,0.7236064554949602,0.5552093333333333,0.5678586666666666,0.9668906666666668,0.93,0.6913333333333334,0.751,0.28527096426633586,0.91,0.7313333333333333,0.776,0.912,0.728,0.774,0.926,0.7186666666666667,0.7705,0.782
h2_rialto,4,10,0,0.0,0.8273333333333334,0.6205,3.8506131453617543,0.5374455303251743,0.7730616762737433,0.7851906666666667,0.7870133333333333,0.5,,,,,,,,,,,,,,
h2_rialto,4,10,1,0.0,0.8153333333333334,0.6115,1.745602587422813,0.5387750809788704,0.7569200643301011,0.7702093333333333,0.772216,0.7658733333333333,0.912,0.472,0.582,0.5490464623041784,0.774,0.5973333333333334,0.6415,0.764,0.598,0.6395,0.936,0.48933333333333334,0.601,0.6655
h2_rialto,4,10,2,0.018,0.8166666666666667,0.617,1.4216486211061188,0.5262532821893692,0.7579921196997166,0.7818346666666666,0.7890919999999999,0.8755653333333334,0.986,0.43066666666666664,0.5695,0.6000305046204073,0.864,0.6453333333333333,0.7,0.874,0.646,0.703,0.98,0.49066666666666664,0.613,0.7275
h2_rialto,4,10,5,0.094,0.8186666666666667,0.6375,1.2026255387787097,0.5181947253346443,0.7597980511585871,0.7934173333333334,0.796448,0.9158133333333334,0.952,0.544,0.646,0.48454590001012704,0.892,0.676,0.73,0.896,0.6786666666666666,0.733,0.944,0.5853333333333334,0.675,0.767
h2_rialto,4,10,10,0.104,0.8153333333333334,0.6375,1.1098979580199626,0.49657649159431455,0.7559107222656409,0.808444,0.8114586666666668,0.9126240000000001,0.936,0.618,0.6975,0.39124568548600014,0.866,0.7133333333333334,0.7515,0.87,0.7153333333333334,0.754,0.932,0.662,0.7295,0.7605
h2_rialto,4,10,20,0.28,0.8193333333333334,0.6845,0.9305329265577748,0.512260578751564,0.7518211557865143,0.7906733333333333,0.7937119999999999,0.9331786666666667,0.932,0.678,0.7415,0.3382716979124185,0.88,0.732,0.769,0.884,0.7313333333333333,0.7695,0.916,0.6986666666666667,0.753,0.7885
h2_rialto,4,10,50,0.42,0.8193333333333334,0.7195,0.7878666644983447,0.5784189194738865,0.7401554799377918,0.7009706666666666,0.6951026666666666,0.9436293333333332,0.876,0.74,0.774,0.26455110208610005,0.88,0.7593333333333333,0.7895,0.88,0.7586666666666667,0.789,0.886,0.752,0.7855,0.7975
h2_rialto,4,10,100,0.832,0.7906666666666666,0.801,0.668579358349294,0.6491227334737778,0.7332616617182891,0.607496,0.5888546666666666,0.9603053333333333,0.928,0.75,0.7945,0.277874588584289,0.918,0.758,0.798,0.916,0.7613333333333333,0.8,0.926,0.7566666666666667,0.799,0.808
h3_covertype_b,0,6,0,0.0,0.962,0.7215,3.540352410580225,0.9686111711263656,0.9588320342699687,0.5471166666666667,0.5487413333333333,0.5,,,,,,,,,,,,,,
h3_covertype_b,0,6,1,0.002,0.958,0.719,2.2314362227201814,0.9521630918383598,0.9554355325102806,0.5614466666666666,0.5672813333333333,0.7151333333333333,0.174,0.9326666666666666,0.743,0.0739815435313791,0.21,0.9266666666666666,0.7475,0.21,0.9246666666666666,0.746,0.174,0.9313333333333333,0.742,0.755
h3_covertype_b,0,6,2,0.014,0.9566666666666667,0.721,1.9821235385367444,0.9379571015238762,0.9541750181913375,0.5789333333333333,0.586328,0.7460026666666668,0.192,0.93,0.7455,0.0809334819423768,0.25,0.9226666666666666,0.7545,0.25,0.9213333333333333,0.7535,0.186,0.928,0.7425,0.772
h3_covertype_b,0,6,5,0.018,0.9546666666666667,0.7205,1.3147219978724596,0.9297451808452606,0.9497952178915342,0.5914460000000001,0.5982,0.791652,0.238,0.928,0.7555,0.12512869694099393,0.346,0.9173333333333333,0.7745,0.344,0.9146666666666666,0.772,0.222,0.9353333333333333,0.757,0.7875
h3_covertype_b,0,6,10,0.016,0.9573333333333334,0.722,0.9771158014416406,0.8986756871938706,0.9473528317213058,0.7110653333333334,0.7148413333333333,0.9035946666666667,0.35,0.9386666666666666,0.7915,0.1535528315099073,0.502,0.92,0.8155,0.502,0.9186666666666666,0.8145,0.362,0.9353333333333333,0.792,0.8265
h3_covertype_b,0,6,20,0.056,0.9566666666666667,0.7315,0.806341604269025,0.8511928654313088,0.9435716010332108,0.764616,0.7659613333333334,0.9193799999999999,0.376,0.946,0.8035,0.137406005948465,0.546,0.926,0.831,0.55,0.9233333333333333,0.83,0.396,0.9393333333333334,0.8035,0.8415
h3_covertype_b,0,6,50,0.316,0.9506666666666667,0.792,0.5514423287395939,0.7676937034130097,0.9301986252268155,0.8304360000000001,0.8257506666666667,0.9301773333333333,0.58,0.928,0.841,0.19080061297072073,0.64,0.916,0.847,0.638,0.9166666666666666,0.847,0.586,0.9253333333333333,0.8405,0.8555
h3_covertype_b,0,6,100,0.488,0.9393333333333334,0.8265,0.4390893196421667,0.7729320642352104,0.9171393445730209,0.8189153333333332,0.8083613333333333,0.9352786666666667,0.61,0.922,0.844,0.20053181823110913,0.662,0.914,0.851,0.66,0.9153333333333333,0.8515,0.61,0.924,0.8455,0.853
h3_covertype_b,1,6,0,0.0,0.9653333333333334,0.724,3.532463005393302,0.9070287572741509,0.9750706989765168,0.7027866666666667,0.7076866666666667,0.5,,,,,,,,,,,,,,
h3_covertype_b,1,6,1,0.01,0.9653333333333334,0.7265,1.7707695737091436,0.895656609594822,0.9729230183760326,0.7164666666666667,0.7229613333333333,0.7211653333333333,0.2,0.9373333333333334,0.753,0.12837247246958738,0.354,0.8973333333333333,0.7615,0.348,0.894,0.7575,0.192,0.946,0.7575,0.7615
h3_covertype_b,1,6,2,0.012,0.9646666666666667,0.7265,1.3458947966485588,0.8751390815377236,0.9712219475706418,0.743904,0.7503400000000001,0.7862346666666666,0.65,0.7746666666666666,0.7435,0.37375603985246103,0.572,0.8626666666666667,0.79,0.564,0.8546666666666667,0.782,0.638,0.788,0.7505,0.8
h3_covertype_b,1,6,5,0.008,0.964,0.725,1.2786432732481818,0.8657172771692276,0.9697722669839859,0.7371946666666667,0.7452586666666666,0.8026106666666666,0.356,0.9326666666666666,0.7885,0.13651730383147517,0.476,0.9146666666666666,0.805,0.474,0.914,0.804,0.354,0.9366666666666666,0.791,0.805
h3_covertype_b,1,6,10,0.02,0.966,0.7295,1.0915195042845665,0.8427595388293266,0.9685616134405136,0.7586993333333333,0.7659826666666666,0.822692,0.38,0.9453333333333334,0.804,0.13042765479293414,0.486,0.9286666666666666,0.818,0.484,0.9306666666666666,0.819,0.362,0.946,0.8,0.819
h3_covertype_b,1,6,20,0.146,0.9646666666666667,0.76,0.9174577141734442,0.8262194567918777,0.9659566065470377,0.7806773333333333,0.7861986666666667,0.8489400000000001,0.382,0.9506666666666667,0.8085,0.1272494390307653,0.498,0.936,0.8265,0.492,0.9346666666666666,0.824,0.382,0.9506666666666667,0.8085,0.8255
h3_covertype_b,1,6,50,0.236,0.9606666666666667,0.7795,0.6317711543785234,0.7777934468388558,0.9504906826217969,0.8531213333333334,0.855332,0.8971546666666668,0.442,0.9426666666666667,0.8175,0.15952858200584447,0.524,0.9253333333333333,0.825,0.526,0.926,0.826,0.442,0.9426666666666667,0.8175,0.8425
h3_covertype_b,1,6,100,0.44,0.952,0.824,0.4805497399528091,0.7699814242720604,0.9432894033789635,0.8533453333333334,0.8560493333333333,0.9197626666666667,0.538,0.946,0.844,0.1715104805983633,0.62,0.934,0.8555,0.616,0.9346666666666666,0.855,0.534,0.9466666666666667,0.8435,0.8655
h3_covertype_b,2,6,0,0.0,0.864,0.648,3.7196091830335525,0.8954861690998077,0.8800191747546195,0.5703013333333333,0.5850373333333333,0.5,,,,,,,,,,,,,,
h3_covertype_b,2,6,1,0.046,0.866,0.661,0.886282936242007,0.7809748206734657,0.8770811354120572,0.7749039999999999,0.8752066666666666,0.9955639999999999,0.974,0.846,0.878,0.27710918275458984,0.974,0.8486666666666667,0.88,0.974,0.8486666666666667,0.88,0.974,0.848,0.8795,0.8835
h3_covertype_b,2,6,2,0.082,0.866,0.67,0.7319286491495854,0.7036949494481086,0.8747434240976969,0.8427506666666666,0.9484466666666667,0.99506,0.972,0.85,0.8805,0.268496984733118,0.972,0.8506666666666667,0.881,0.972,0.8513333333333334,0.8815,0.972,0.8506666666666667,0.881,0.884
h3_covertype_b,2,6,5,0.226,0.8673333333333333,0.707,0.6501577402301141,0.6370840547084808,0.8719387863874435,0.8897799999999999,0.9613759999999999,0.9952506666666667,0.966,0.8506666666666667,0.8795,0.248880635929444,0.966,0.852,0.8805,0.966,0.854,0.882,0.966,0.8546666666666667,0.8825,0.8845
h3_covertype_b,2,6,10,0.466,0.866,0.766,0.5541186144904514,0.6365113635063171,0.8703866055607796,0.8863146666666665,0.930332,0.9959800000000001,0.964,0.86,0.886,0.2337322728457043,0.966,0.8566666666666667,0.884,0.966,0.8573333333333333,0.8845,0.964,0.8573333333333333,0.884,0.8845
h3_covertype_b,2,6,20,0.816,0.8666666666666667,0.854,0.4293369739105629,0.7184209572076797,0.8718756035765012,0.790572,0.8087560000000001,0.996524,0.972,0.8533333333333334,0.883,0.26029603918242766,0.972,0.8573333333333333,0.886,0.972,0.858,0.8865,0.972,0.858,0.8865,0.8885
h3_covertype_b,2,6,50,0.954,0.8546666666666667,0.8795,0.3733752044957909,0.8831799861192703,0.8727928318778674,0.5416033333333333,0.5552360000000001,0.997264,0.972,0.844,0.876,0.2529135189801528,0.972,0.852,0.882,0.972,0.8513333333333334,0.8815,0.972,0.8513333333333334,0.8815,0.882
h3_covertype_b,2,6,100,0.974,0.8493333333333334,0.8805,0.3266428451324421,0.9441138750314713,0.8669645411372184,0.29619466666666666,0.303288,0.9978733333333334,0.99,0.8486666666666667,0.884,0.2550838283653726,0.986,0.85,0.884,0.986,0.8486666666666667,0.883,0.986,0.8486666666666667,0.883,0.8835
h3_covertype_b,3,6,0,0.0,0.8546666666666667,0.641,3.745830767428417,0.947377796292305,0.88108810120821,0.33925866666666665,0.3543786666666667,0.5,,,,,,,,,,,,,,
h3_covertype_b,3,6,1,0.002,0.8573333333333333,0.6435,2.283346658224125,0.9425487208366394,0.8815720935662588,0.36779266666666666,0.3884626666666667,0.8112813333333334,0.014,0.8046666666666666,0.607,0.06947948906190986,0.148,0.7926666666666666,0.6315,0.138,0.796,0.6315,0.008,0.8286666666666667,0.6235,0.693
h3_covertype_b,3,6,2,0.006,0.8546666666666667,0.6425,1.5094423098361531,0.9265910078287125,0.8779576925436655,0.421466,0.4625066666666666,0.8864666666666666,0.668,0.742,0.7235,0.3043821209306224,0.596,0.7513333333333333,0.7125,0.568,0.7686666666666667,0.7185,0.614,0.7526666666666667,0.718,0.733
h3_covertype_b,3,6,5,0.0,0.858,0.6435,1.0581935088961982,0.8536999735236168,0.8734943978587786,0.5680893333333333,0.6208039999999999,0.9525706666666668,0.988,0.5826666666666667,0.684,0.4211294467047038,0.856,0.7766666666666666,0.7965,0.834,0.7806666666666666,0.794,0.95,0.6966666666666667,0.76,0.796
h3_covertype_b,3,6,10,0.156,0.8513333333333334,0.6775,0.8136687204881564,0.7486717606186867,0.8725188888907432,0.7584200000000001,0.7860893333333334,0.9637440000000002,0.878,0.7706666666666667,0.7975,0.3137713196686578,0.838,0.8,0.8095,0.828,0.8046666666666666,0.8105,0.856,0.794,0.8095,0.812
h3_covertype_b,3,6,20,0.446,0.846,0.746,0.6935873369618133,0.734845645070076,0.8747936911980311,0.788836,0.8011653333333333,0.9701879999999999,0.784,0.8213333333333334,0.812,0.23904797212844267,0.79,0.822,0.814,0.784,0.8226666666666667,0.813,0.782,0.824,0.8135,0.8165
h3_covertype_b,3,6,50,0.694,0.8433333333333334,0.806,0.5173120041392254,0.7815242967605591,0.8735684363047281,0.6989133333333333,0.6979266666666667,0.9877853333333333,0.864,0.8306666666666667,0.839,0.23058333752115992,0.88,0.8293333333333334,0.842,0.868,0.8306666666666667,0.84,0.86,0.8306666666666667,0.838,0.849
h3_covertype_b,3,6,100,0.836,0.84,0.839,0.4554121099692004,0.8575136775374412,0.8704368354479471,0.531656,0.5277346666666667,0.9892733333333332,0.884,0.8293333333333334,0.843,0.23157175700205088,0.89,0.8273333333333334,0.843,0.886,0.8273333333333334,0.842,0.874,0.83,0.841,0.845
h3_covertype_b,4,6,0,0.0,0.8733333333333333,0.655,3.696650520287163,0.9188812690973281,0.8880127917726834,0.400486,0.42851066666666665,0.5,,,,,,,,,,,,,,
h3_covertype_b,4,6,1,0.028,0.8693333333333333,0.659,1.6513798431227151,0.8397331857681274,0.8833863552212715,0.64306,0.6744319999999999,0.867618,0.472,0.796,0.715,0.20088070685770598,0.49,0.7986666666666666,0.7215,0.49,0.7993333333333333,0.722,0.474,0.8033333333333333,0.721,0.7395
h3_covertype_b,4,6,2,0.016,0.8686666666666667,0.6555,1.1052067883828525,0.83080708694458,0.8808054570555687,0.6637406666666666,0.7095946666666667,0.9495973333333333,0.956,0.6826666666666666,0.751,0.3972380120664669,0.896,0.7546666666666667,0.79,0.896,0.752,0.788,0.948,0.6933333333333334,0.757,0.8015
h3_covertype_b,4,6,5,0.17,0.8706666666666667,0.6955,0.8971897506947826,0.7603847469091416,0.8822971379359563,0.7298086666666667,0.7751173333333334,0.9592306666666667,0.814,0.78,0.7885,0.28753601253169975,0.816,0.802,0.8055,0.822,0.7953333333333333,0.802,0.844,0.7826666666666666,0.798,0.806
h3_covertype_b,4,6,10,0.198,0.866,0.699,0.8269057917023562,0.7610234173536301,0.8809254191120466,0.7324633333333334,0.7820093333333333,0.962596,0.746,0.8246666666666667,0.805,0.22494319174892524,0.802,0.812,0.8095,0.806,0.812,0.8105,0.796,0.8126666666666666,0.8085,0.809
h3_covertype_b,4,6,20,0.378,0.8593333333333333,0.739,0.6439283072050969,0.7459087032079696,0.8704986259142558,0.7511853333333333,0.7878493333333334,0.9721066666666667,0.748,0.8206666666666667,0.8025,0.22792044708400883,0.806,0.808,0.8075,0.808,0.8073333333333333,0.8075,0.806,0.8086666666666666,0.808,0.815
h3_covertype_b,4,6,50,0.64,0.8653333333333333,0.809,0.43693436923533785,0.7285287929773331,0.865903612991174,0.7465066666666665,0.76036,0.9872826666666666,0.976,0.8146666666666667,0.855,0.2677271493979603,0.962,0.8186666666666667,0.8545,0.962,0.8206666666666667,0.856,0.976,0.8193333333333334,0.8585,0.857
h3_covertype_b,4,6,100,0.896,0.8433333333333334,0.8565,0.35334414340881787,0.8456448026299477,0.8712982903321584,0.5160613333333334,0.5218266666666667,0.9931586666666666,0.96,0.8273333333333334,0.8605,0.2523625983156757,0.96,0.8313333333333334,0.8635,0.96,0.8246666666666667,0.8585,0.96,0.8246666666666667,0.8585,0.862
h4_covertype_d,0,6,0,0.0,0.9393333333333334,0.7045,3.6066193410722516,0.9150192123651505,0.9515561926762263,0.6609846666666667,0.6579226666666667,0.5,,,,,,,,,,,,,,
h4_covertype_d,0,6,1,0.02,0.9426666666666667,0.712,1.4119319147360148,0.8863068076372147,0.9509050250848134,0.6987346666666667,0.706724,0.8652946666666665,0.706,0.758,0.745,0.37526736924216203,0.652,0.836,0.79,0.652,0.8346666666666667,0.789,0.702,0.7933333333333333,0.7705,0.81
h4_covertype_d,0,6,2,0.024,0.94,0.711,1.2077558011586411,0.8754251596331596,0.9490778528849284,0.7352446666666667,0.7413986666666667,0.8950013333333334,0.836,0.74,0.764,0.4136389263438012,0.726,0.8446666666666667,0.815,0.728,0.8413333333333334,0.813,0.836,0.7486666666666667,0.7705,0.821
h4_covertype_d,0,6,5,0.046,0.9393333333333334,0.716,1.0659172252880529,0.8319665185809135,0.9461284553408623,0.7619273333333334,0.7693226666666666,0.9028773333333332,0.672,0.844,0.801,0.25454069896809794,0.672,0.884,0.831,0.668,0.8793333333333333,0.8265,0.66,0.8846666666666667,0.8285,0.8275
h4_covertype_d,0,6,10,0.032,0.9413333333333334,0.714,0.9085030268615671,0.8200311875343322,0.9453989542126655,0.8008999999999998,0.8051293333333333,0.9333226666666667,0.644,0.904,0.839,0.21877863455475613,0.692,0.9026666666666666,0.85,0.69,0.902,0.849,0.656,0.9053333333333333,0.843,0.848
h4_covertype_d,0,6,20,0.164,0.9386666666666666,0.745,0.7905956513542505,0.79275055539608,0.9436141475439072,0.8158399999999999,0.8174573333333333,0.9352186666666666,0.526,0.9206666666666666,0.822,0.1669671448328787,0.61,0.9073333333333333,0.833,0.614,0.9066666666666666,0.8335,0.542,0.922,0.827,0.8475
h4_covertype_d,0,6,50,0.402,0.9306666666666666,0.7985,0.5718283347711715,0.7691164570450783,0.9309087544878324,0.830928,0.8273173333333333,0.9401133333333332,0.674,0.9013333333333333,0.8445,0.2028947198750946,0.714,0.9,0.8535,0.714,0.8973333333333333,0.8515,0.686,0.9046666666666666,0.85,0.8525
h4_covertype_d,0,6,100,0.58,0.9186666666666666,0.834,0.4745398168549793,0.8006232624053955,0.9149495615164439,0.7815120000000001,0.7756586666666666,0.9428973333333333,0.718,0.8866666666666667,0.8445,0.2138858345670876,0.748,0.8826666666666667,0.849,0.748,0.884,0.85,0.724,0.89,0.8485,0.849
h4_covertype_d,1,6,0,0.0,0.9386666666666666,0.704,3.5696388504140124,0.8896507542133332,0.9514823515415192,0.7107880000000001,0.7198373333333334,0.5,,,,,,,,,,,,,,
h4_covertype_d,1,6,1,0.002,0.9393333333333334,0.705,1.5433756006291783,0.8648113099336624,0.9462730832497279,0.725642,0.7410039999999999,0.8514733333333333,0.582,0.862,0.792,0.23671551401325852,0.596,0.8693333333333333,0.801,0.59,0.868,0.7985,0.568,0.874,0.7975,0.8035
h4_covertype_d,1,6,2,0.0,0.9413333333333334,0.706,1.2980593716274718,0.8615750029087067,0.9444719579021136,0.7446953333333334,0.7613306666666667,0.8572613333333333,0.898,0.452,0.5635,0.5520663591416586,0.63,0.8406666666666667,0.788,0.63,0.8386666666666667,0.7865,0.882,0.6126666666666667,0.68,0.8045
h4_covertype_d,1,6,5,0.018,0.9433333333333334,0.712,1.2656408031972437,0.8502343487739563,0.9449796197414398,0.7474653333333334,0.763984,0.8783426666666666,0.236,0.9293333333333333,0.756,0.10396731414495516,0.474,0.9033333333333333,0.796,0.476,0.906,0.7985,0.27,0.9233333333333333,0.76,0.8005
h4_covertype_d,1,6,10,0.024,0.942,0.7125,1.0571847479498309,0.8325304093360901,0.9425993928114573,0.7769520000000001,0.7924346666666666,0.8990053333333333,0.218,0.9353333333333333,0.756,0.097638912177332,0.504,0.9073333333333333,0.8065,0.508,0.9073333333333333,0.8075,0.254,0.9293333333333333,0.7605,0.8165
h4_covertype_d,1,6,20,0.1,0.9413333333333334,0.731,0.880618358030223,0.7917982265353203,0.9414063138365746,0.8138573333333333,0.8279920000000001,0.9189293333333333,0.322,0.9333333333333333,0.7805,0.10163683182484151,0.528,0.918,0.8205,0.53,0.9173333333333333,0.8205,0.356,0.9306666666666666,0.787,0.834
h4_covertype_d,1,6,50,0.35,0.9406666666666667,0.793,0.5759590615060736,0.7406777374744415,0.9325392820835113,0.8533480000000001,0.860408,0.941828,0.556,0.932,0.838,0.1576688184707931,0.642,0.92,0.8505,0.644,0.9193333333333333,0.8505,0.574,0.928,0.8395,0.86
h4_covertype_d,1,6,100,0.576,0.9373333333333334,0.847,0.429934618977721,0.7566280070543289,0.9242274316350619,0.8403986666666665,0.847208,0.9479066666666667,0.684,0.92,0.861,0.19578329413889384,0.728,0.9146666666666666,0.868,0.73,0.9153333333333333,0.869,0.698,0.9213333333333333,0.8655,0.8675
h4_covertype_d,2,6,0,0.0,0.864,0.648,3.7150084546614455,0.7111023213863373,0.8677258688012759,0.8028239999999999,0.8761080000000001,0.5,,,,,,,,,,,,,,
h4_covertype_d,2,6,1,0.0,0.862,0.6465,1.384545690278997,0.6845474271178246,0.8665650224685669,0.8250693333333332,0.90224,0.9701839999999999,0.804,0.836,0.828,0.2316550730573262,0.828,0.834,0.8325,0.83,0.8333333333333334,0.8325,0.816,0.8346666666666667,0.83,0.847
h4_covertype_d,2,6,2,0.0,0.8606666666666667,0.6455,1.1017573605442406,0.6672905436158181,0.8644569541414578,0.8429439999999999,0.9299413333333332,0.9697733333333334,0.986,0.7906666666666666,0.8395,0.3130976918584344,0.974,0.806,0.848,0.974,0.8046666666666666,0.847,0.974,0.798,0.842,0.8545
h4_covertype_d,2,6,5,0.066,0.862,0.663,0.8059959359488601,0.5936770153641701,0.8729738644361495,0.900584,0.9606000000000001,0.9865266666666668,0.99,0.8093333333333333,0.8545,0.2939530304872403,0.988,0.8206666666666667,0.8625,0.988,0.8166666666666667,0.8595,0.99,0.8133333333333334,0.8575,0.8695
h4_covertype_d,2,6,10,0.286,0.8613333333333333,0.7175,0.646606968830201,0.5413985778093338,0.8670455098946889,0.9255266666666667,0.9666533333333334,0.9879146666666667,0.98,0.828,0.866,0.27977133290419726,0.978,0.834,0.87,0.978,0.8286666666666667,0.866,0.98,0.8266666666666667,0.865,0.867
h4_covertype_d,2,6,20,0.576,0.8586666666666667,0.788,0.5200634882456324,0.5977746896743774,0.8626049278577169,0.8919693333333333,0.9564853333333332,0.9899853333333334,0.994,0.826,0.868,0.28511147446500174,0.982,0.836,0.8725,0.982,0.8293333333333334,0.8675,0.994,0.828,0.8695,0.869
h4_covertype_d,2,6,50,0.852,0.856,0.855,0.3957908852196949,0.7931070363521576,0.8547557138800621,0.640228,0.7081213333333332,0.9931906666666667,0.96,0.8353333333333334,0.8665,0.26824098087813397,0.958,0.8426666666666667,0.8715,0.958,0.8353333333333334,0.866,0.958,0.8346666666666667,0.8655,0.8675
h4_covertype_d,2,6,100,0.932,0.8413333333333334,0.864,0.35605656272721625,0.8929292259216308,0.847006093343099,0.356394,0.39686533333333335,0.9949359999999999,0.974,0.8246666666666667,0.862,0.2675821934858352,0.97,0.836,0.8695,0.97,0.8306666666666667,0.8655,0.972,0.83,0.8655,0.8665
h4_covertype_d,3,6,0,0.0,0.868,0.651,3.6999193643793924,0.8533085815310478,0.8793359734217325,0.5875373333333334,0.626484,0.5,,,,,,,,,,,,,,
h4_covertype_d,3,6,1,0.004,0.866,0.6505,2.122381118988783,0.8505387759804726,0.8748278726140658,0.5700373333333334,0.6039826666666667,0.8530826666666667,0.13,0.7933333333333333,0.6275,0.09923512321942914,0.208,0.8,0.652,0.206,0.7986666666666666,0.6505,0.128,0.824,0.65,0.7215
h4_covertype_d,3,6,2,0.006,0.868,0.6525,1.6358441326562365,0.8376393865942955,0.8720572873751322,0.5810053333333334,0.6219493333333332,0.871184,0.274,0.776,0.6505,0.16634771645772203,0.416,0.7766666666666666,0.6865,0.416,0.7773333333333333,0.687,0.32,0.7913333333333333,0.6735,0.7395
h4_covertype_d,3,6,5,0.042,0.8646666666666667,0.659,1.1927020214997264,0.8100364194512367,0.8717044590115547,0.64656,0.7069693333333333,0.9063199999999999,0.66,0.758,0.7335,0.2556899031236079,0.728,0.7733333333333333,0.762,0.71,0.7726666666666666,0.757,0.684,0.7753333333333333,0.7525,0.761
h4_covertype_d,3,6,10,0.138,0.8693333333333333,0.6865,0.9388392059186861,0.7428208785057068,0.8688011082410813,0.7302306666666666,0.7786786666666667,0.9388106666666667,0.726,0.7826666666666666,0.7685,0.24748084668487136,0.762,0.79,0.783,0.756,0.79,0.7815,0.744,0.794,0.7815,0.7895
h4_covertype_d,3,6,20,0.282,0.8646666666666667,0.719,0.7646481309255501,0.7490185201764107,0.8678069830735524,0.7452293333333333,0.7945106666666667,0.9557493333333333,0.672,0.8173333333333334,0.781,0.21798680804109216,0.802,0.808,0.8065,0.79,0.808,0.8035,0.744,0.8153333333333334,0.7975,0.8085
h4_covertype_d,3,6,50,0.574,0.8653333333333333,0.7925,0.5223739624771374,0.7330403339862823,0.8616766407688459,0.7202013333333332,0.7424866666666666,0.9751053333333334,0.874,0.8233333333333334,0.836,0.24382402710272827,0.88,0.8233333333333334,0.8375,0.88,0.826,0.8395,0.876,0.826,0.8385,0.841
h4_covertype_d,3,6,100,0.778,0.8373333333333334,0.8225,0.452498248245338,0.8513286095857621,0.8594920040766398,0.5260486666666667,0.5415626666666666,0.9798853333333333,0.864,0.826,0.8355,0.2420177377749453,0.872,0.8233333333333334,0.8355,0.872,0.8226666666666667,0.835,0.872,0.8226666666666667,0.835,0.8345
h4_covertype_d,4,6,0,0.0,0.8573333333333333,0.643,3.726687927706834,0.8111361659765244,0.8766459347009659,0.6572666666666667,0.7197093333333334,0.5,,,,,,,,,,,,,,
h4_covertype_d,4,6,1,0.012,0.8586666666666667,0.647,1.6207542023009298,0.7768849307894706,0.881851115902265,0.6999746666666666,0.7527666666666666,0.936468,0.558,0.8113333333333334,0.748,0.18697437917588833,0.61,0.8066666666666666,0.7575,0.614,0.8093333333333333,0.7605,0.562,0.8153333333333334,0.752,0.7875
h4_covertype_d,4,6,2,0.012,0.86,0.648,1.5402206945112584,0.7737960854172706,0.8804203553597132,0.7175346666666667,0.7762226666666667,0.9387666666666667,0.508,0.8126666666666666,0.7365,0.1571554092294713,0.582,0.8106666666666666,0.7535,0.59,0.8153333333333334,0.759,0.532,0.8166666666666667,0.7455,0.804
h4_covertype_d,4,6,5,0.266,0.8606666666666667,0.712,0.836940797909302,0.6901214648485183,0.8751478683551153,0.7962653333333334,0.8548133333333333,0.9812186666666666,0.94,0.7973333333333333,0.833,0.28981953857080134,0.918,0.8106666666666666,0.8375,0.918,0.8106666666666666,0.8375,0.93,0.8086666666666666,0.839,0.8415
h4_covertype_d,4,6,10,0.372,0.8666666666666667,0.743,0.6917691618350722,0.711797075510025,0.8774962731202444,0.7974146666666667,0.8629773333333333,0.9844346666666668,0.916,0.816,0.841,0.2541615113629866,0.906,0.832,0.8505,0.908,0.832,0.851,0.906,0.8326666666666667,0.851,0.8535
h4_covertype_d,4,6,20,0.652,0.864,0.811,0.5036186444650562,0.7590775314569473,0.8747817374666532,0.7359346666666666,0.7970893333333333,0.9908653333333334,0.922,0.84,0.8605,0.24767867623248827,0.926,0.8413333333333334,0.8625,0.926,0.8393333333333334,0.861,0.926,0.8393333333333334,0.861,0.8635
h4_covertype_d,4,6,50,0.834,0.8573333333333333,0.8515,0.3896651870944032,0.8558506036996841,0.8702320743997892,0.543176,0.5844093333333333,0.9939293333333332,0.958,0.8313333333333334,0.863,0.2571820088871499,0.954,0.8386666666666667,0.8675,0.954,0.844,0.8715,0.954,0.8433333333333334,0.871,0.8715
h4_covertype_d,4,6,100,0.95,0.8346666666666667,0.8635,0.3488272533624345,0.9228241482377052,0.8654981387257576,0.36860933333333334,0.38833066666666666,0.9964133333333333,0.976,0.8266666666666667,0.864,0.2626258277484219,0.97,0.8286666666666667,0.864,0.974,0.8273333333333334,0.864,0.976,0.8253333333333334,0.863,0.865
h3_insects_b,0,6,0,0.0,0.7873333333333333,0.5905,3.8953656535918637,0.7527384377121925,0.8161684389909108,0.6448119999999999,0.63328,0.5,,,,,,,,,,,,,,
h3_insects_b,0,6,1,0.0,0.786,0.5895,1.6067535051441586,0.7548309960365296,0.8157908536791801,0.6586066666666667,0.6866613333333335,0.8769493333333332,0.974,0.48933333333333334,0.6105,0.5584141090568586,0.938,0.5233333333333333,0.627,0.938,0.5246666666666666,0.628,0.984,0.48,0.606,0.692
h3_insects_b,0,6,2,0.0,0.7866666666666666,0.59,1.5044678457906508,0.7480564950108528,0.8147693454027176,0.6795233333333334,0.7186746666666667,0.8714333333333333,0.944,0.5013333333333333,0.612,0.5269683871435529,0.906,0.5373333333333333,0.6295,0.906,0.5406666666666666,0.632,0.956,0.49733333333333335,0.612,0.677
h3_insects_b,0,6,5,0.0,0.784,0.588,1.3153924930195118,0.7253166025280953,0.8132065423528353,0.7312693333333332,0.7723693333333334,0.9252106666666666,0.958,0.5053333333333333,0.6185,0.5151253157539324,0.93,0.604,0.6855,0.928,0.6093333333333333,0.689,0.956,0.546,0.6485,0.7315
h3_insects_b,0,6,10,0.0,0.7846666666666666,0.5885,1.0765024725077381,0.6673473070263862,0.8125527294079463,0.808836,0.8456400000000001,0.9574453333333334,0.944,0.6653333333333333,0.735,0.3305534803815717,0.902,0.7006666666666667,0.751,0.898,0.7013333333333334,0.7505,0.932,0.684,0.746,0.751
h3_insects_b,0,6,20,0.234,0.78,0.6435,0.9497723524457274,0.6369873744249344,0.8084113810261091,0.8406733333333334,0.873788,0.95758,0.796,0.7286666666666667,0.7455,0.23270911864208524,0.848,0.7186666666666667,0.751,0.842,0.718,0.749,0.822,0.72,0.7455,0.754
h3_insects_b,0,6,50,0.546,0.774,0.717,0.7719232559466809,0.6443557321429253,0.7999919335047404,0.8023246666666666,0.8397613333333334,0.9657773333333334,0.832,0.73,0.7555,0.23591838140787877,0.874,0.728,0.7645,0.866,0.7246666666666667,0.76,0.846,0.726,0.756,0.7625
h3_insects_b,0,6,100,0.686,0.7606666666666667,0.742,0.6729389341774206,0.7191282822489738,0.782409508407116,0.606004,0.6139986666666667,0.970408,0.88,0.7246666666666667,0.7635,0.2514754327886751,0.892,0.7186666666666667,0.762,0.886,0.718,0.76,0.884,0.718,0.7595,0.765
h3_insects_b,1,6,0,0.0,0.7746666666666666,0.581,3.898172554412328,0.7650177991390228,0.7880542106628418,0.5448326666666667,0.584348,0.5,,,,,,,,,,,,,,
h3_insects_b,1,6,1,0.0,0.78,0.585,1.6920174832662802,0.7454527122378349,0.7846873395641645,0.5757053333333333,0.6431826666666667,0.862576,0.914,0.4646666666666667,0.577,0.539222181960618,0.852,0.5326666666666666,0.6125,0.848,0.536,0.614,0.926,0.45666666666666667,0.574,0.686
h3_insects_b,1,6,2,0.006,0.7753333333333333,0.583,1.6701289284814542,0.7372734661698341,0.785366004606088,0.5888653333333334,0.6531800000000001,0.8576146666666667,0.83,0.48133333333333334,0.5685,0.4457689325111738,0.726,0.6473333333333333,0.667,0.718,0.6533333333333333,0.6695,0.768,0.596,0.639,0.6845
h3_insects_b,1,6,5,0.0,0.7753333333333333,0.5815,1.4247726116357677,0.7227278558611869,0.781869705915451,0.6172173333333333,0.6998133333333334,0.886272,0.852,0.5153333333333333,0.5995,0.38452395175397003,0.78,0.6793333333333333,0.7045,0.76,0.68,0.7,0.814,0.6553333333333333,0.695,0.7015
h3_insects_b,1,6,10,0.0,0.7753333333333333,0.5815,1.2022298239314764,0.6840679886937141,0.7806199757655462,0.6959426666666666,0.7809920000000001,0.9142493333333334,0.792,0.706,0.7275,0.26873983517324956,0.808,0.7126666666666667,0.7365,0.802,0.712,0.7345,0.806,0.712,0.7355,0.734
h3_insects_b,1,6,20,0.124,0.7773333333333333,0.614,1.0648056879948447,0.6380742651224136,0.7771938352187474,0.7450626666666667,0.8021026666666666,0.9264533333333334,0.74,0.728,0.731,0.21559105340201612,0.774,0.7246666666666667,0.737,0.772,0.7233333333333334,0.7355,0.75,0.728,0.7335,0.7395
h3_insects_b,1,6,50,0.352,0.768,0.664,0.8364814742689312,0.5723987386226654,0.761717604458332,0.818192,0.8370613333333333,0.9426239999999999,0.868,0.7146666666666667,0.753,0.24432856606366696,0.88,0.7173333333333334,0.758,0.878,0.7153333333333334,0.756,0.876,0.716,0.756,0.758
h3_insects_b,1,6,100,0.706,0.7473333333333333,0.737,0.7403031594841347,0.6402060934901237,0.7520595447619756,0.7298666666666668,0.7638026666666666,0.9454146666666665,0.854,0.72,0.7535,0.25451784139570605,0.858,0.7193333333333334,0.754,0.854,0.7173333333333334,0.7515,0.854,0.7173333333333334,0.7515,0.753
h3_insects_b,2,6,0,0.0,0.8366666666666667,0.6275,3.789690966094731,0.7420089275240899,0.8412515399853389,0.705296,0.721396,0.5,,,,,,,,,,,,,,
h3_insects_b,2,6,1,0.0,0.8346666666666667,0.626,1.5399549129348042,0.7320834805965424,0.8333272933562597,0.7081733333333333,0.7476373333333333,0.8784786666666667,0.906,0.6013333333333334,0.6775,0.4626641975409679,0.828,0.7,0.732,0.826,0.7,0.7315,0.866,0.6573333333333333,0.7095,0.7375
h3_insects_b,2,6,2,0.0,0.834,0.6255,1.359350204205678,0.7244566883444786,0.8337246204217275,0.721924,0.7719813333333334,0.9026093333333333,0.908,0.6926666666666667,0.7465,0.38636458870576734,0.868,0.72,0.757,0.86,0.7233333333333334,0.7575,0.904,0.7006666666666667,0.7515,0.76
h3_insects_b,2,6,5,0.0,0.8313333333333334,0.6235,1.2751412959371495,0.7097645346522331,0.8328890248735745,0.744208,0.7951026666666666,0.9028240000000001,0.752,0.7573333333333333,0.756,0.28147384944032544,0.742,0.762,0.757,0.742,0.76,0.7555,0.736,0.7606666666666667,0.7545,0.7555
h3_insects_b,2,6,10,0.0,0.834,0.6255,1.171781291124896,0.7045034483671189,0.8288435222109158,0.7429053333333333,0.7966546666666666,0.8997773333333334,0.644,0.7626666666666667,0.733,0.20410447461769526,0.764,0.7493333333333333,0.753,0.742,0.7486666666666667,0.747,0.72,0.7533333333333333,0.745,0.7525
h3_insects_b,2,6,20,0.0,0.8333333333333334,0.625,1.0347465203728747,0.6732249943017959,0.8234693551560243,0.7704906666666667,0.8206093333333333,0.9060826666666666,0.026,0.824,0.6245,0.07114913437563125,0.732,0.7646666666666667,0.7565,0.72,0.7646666666666667,0.7535,0.662,0.7753333333333333,0.747,0.755
h3_insects_b,2,6,50,0.12,0.828,0.651,0.8687384479766852,0.6029049755930901,0.8069757593274116,0.8109853333333332,0.8384893333333332,0.9069426666666667,0.002,0.818,0.614,0.05177558926661203,0.66,0.7766666666666666,0.7475,0.652,0.7806666666666666,0.7485,0.55,0.7933333333333333,0.7325,0.758
h3_insects_b,2,6,100,0.442,0.8026666666666666,0.7125,0.7357505871563635,0.5735348556637764,0.789445128162702,0.8294666666666666,0.8451786666666665,0.9090946666666667,0.076,0.826,0.6385,0.10326657798676389,0.724,0.7653333333333333,0.755,0.714,0.764,0.7515,0.688,0.7726666666666666,0.7515,0.761
h3_insects_b,3,6,0,0.0,0.792,0.594,3.905739736814217,0.7919535094499588,0.7946984421809514,0.5123226666666667,0.4756586666666667,0.5,,,,,,,,,,,,,,
h3_insects_b,3,6,1,0.0,0.7893333333333333,0.592,1.9198987090341526,0.7881845342516899,0.7976899953683217,0.5251613333333334,0.49379733333333337,0.7436533333333334,0.344,0.24866666666666667,0.2725,0.5359179999288799,0.492,0.6833333333333333,0.6355,0.49,0.6833333333333333,0.635,0.944,0.16866666666666666,0.3625,0.6385
h3_insects_b,3,6,2,0.002,0.788,0.5915,1.5333824740262558,0.7672765573263168,0.7983022171060244,0.5633173333333334,0.5543853333333334,0.9056546666666667,0.45,0.7233333333333334,0.655,0.2506900390883364,0.788,0.7233333333333334,0.7395,0.786,0.7233333333333334,0.739,0.834,0.6893333333333334,0.7255,0.745
h3_insects_b,3,6,5,0.0,0.7886666666666666,0.5915,1.181993943475969,0.7143663460612297,0.7930868060986201,0.6465466666666666,0.66702,0.9490413333333333,0.886,0.704,0.7495,0.3239248053227149,0.87,0.724,0.7605,0.868,0.7226666666666667,0.759,0.88,0.7113333333333334,0.7535,0.761
h3_insects_b,3,6,10,0.0,0.7906666666666666,0.593,1.0413690660639923,0.6592270981073379,0.7900981920758883,0.7189413333333333,0.748276,0.9536506666666668,0.878,0.7286666666666667,0.766,0.28330097516844666,0.874,0.7326666666666667,0.768,0.874,0.734,0.769,0.874,0.7326666666666667,0.768,0.7695
h3_insects_b,3,6,20,0.132,0.7846666666666666,0.6215,0.9648877102360545,0.6152668116092682,0.7850334747831027,0.7669546666666666,0.76346,0.9526786666666667,0.66,0.7526666666666667,0.7295,0.16597049841307812,0.85,0.734,0.763,0.848,0.7313333333333333,0.7605,0.84,0.732,0.759,0.7605
h3_insects_b,3,6,50,0.558,0.7626666666666667,0.7115,0.8076970522767506,0.6004165781736374,0.7785778263807297,0.77874,0.7603493333333334,0.9561279999999999,0.73,0.7553333333333333,0.749,0.17001244962147072,0.838,0.7373333333333333,0.7625,0.834,0.7386666666666667,0.7625,0.816,0.744,0.762,0.7635
h3_insects_b,3,6,100,0.712,0.7613333333333333,0.749,0.7052040057131586,0.6854816132187843,0.772641104221344,0.6815013333333333,0.6486786666666666,0.9608373333333332,0.792,0.7533333333333333,0.763,0.20815478371489055,0.84,0.7446666666666667,0.7685,0.838,0.744,0.7675,0.834,0.7453333333333333,0.7675,0.768
h3_insects_b,4,6,0,0.0,0.8053333333333333,0.604,3.8436720983863313,0.8145278880000114,0.8072382759054502,0.47300133333333333,0.45365333333333335,0.5,,,,,,,,,,,,,,
h3_insects_b,4,6,1,0.0,0.7973333333333333,0.598,1.9250588370979154,0.8076324316859246,0.802480573117733,0.4712186666666667,0.4668946666666666,0.765552,0.796,0.4826666666666667,0.561,0.4213590220685688,0.51,0.646,0.612,0.488,0.6426666666666667,0.604,0.582,0.5986666666666667,0.5945,0.608
h3_insects_b,4,6,2,0.0,0.7986666666666666,0.599,1.636328458861581,0.8019785084724427,0.7994978573322297,0.4785066666666667,0.4881173333333333,0.770108,0.914,0.44733333333333336,0.564,0.5657392648896128,0.674,0.5713333333333334,0.597,0.646,0.5726666666666667,0.591,0.858,0.4666666666666667,0.5645,0.611
h3_insects_b,4,6,5,0.0,0.798,0.5985,1.4697393218145018,0.7985633286833763,0.7994379897514979,0.4923706666666666,0.5159466666666667,0.8140466666666667,0.876,0.5386666666666666,0.623,0.4602138674013072,0.74,0.5826666666666667,0.622,0.706,0.594,0.622,0.85,0.5473333333333333,0.623,0.6255
h3_insects_b,4,6,10,0.0,0.8013333333333333,0.601,1.4020723758770746,0.7875032085776329,0.7943689361612002,0.5071733333333334,0.5375759999999999,0.8146893333333334,0.662,0.6,0.6155,0.25797238706251047,0.6,0.6206666666666667,0.6155,0.558,0.64,0.6195,0.394,0.7073333333333334,0.629,0.625
h3_insects_b,4,6,20,0.0,0.7993333333333333,0.5995,1.2579958274006535,0.7652939907312393,0.7885222804745038,0.55628,0.6108,0.8280986666666668,0.002,0.798,0.599,0.07371680764024229,0.468,0.6826666666666666,0.629,0.42,0.7026666666666667,0.632,0.142,0.7813333333333333,0.6215,0.636
h3_insects_b,4,6,50,0.018,0.8006666666666666,0.605,1.0239869637126477,0.7010745542049408,0.7733721811374028,0.6733613333333334,0.7269493333333333,0.8448253333333334,0.042,0.798,0.609,0.1000036483601502,0.498,0.6966666666666667,0.647,0.456,0.7086666666666667,0.6455,0.218,0.7793333333333333,0.639,0.6555
h3_insects_b,4,6,100,0.086,0.7926666666666666,0.616,0.8732469941165509,0.6279857985973358,0.7463493872880935,0.7353159999999999,0.7271839999999999,0.8508760000000001,0.234,0.776,0.6405,0.1620360644847703,0.532,0.69,0.6505,0.502,0.7046666666666667,0.654,0.342,0.742,0.642,0.6545
insects_gradual_balanced,0,6,0,0.0,0.6206666666666667,0.4655,4.140939030745105,0.5420211371183395,0.6063175515532494,0.6518773333333333,0.5754666666666667,0.5,,,,,,,,,,,,,,
insects_gradual_balanced,0,6,1,0.028,0.6126666666666667,0.4665,2.316708253880114,0.535785049945116,0.6025127244591713,0.6532426666666667,0.5805546666666667,0.8750893333333333,0.202,0.5706666666666667,0.4785,0.07066161094927259,0.418,0.59,0.547,0.42,0.586,0.5445,0.246,0.6033333333333334,0.514,0.5615
insects_gradual_balanced,0,6,2,0.044,0.6093333333333333,0.468,2.3733862802539805,0.5414470321238041,0.6025916813313961,0.64364,0.5772586666666666,0.8577573333333334,0.124,0.5733333333333334,0.461,0.04033396455366152,0.312,0.5993333333333334,0.5275,0.318,0.598,0.528,0.164,0.6053333333333333,0.495,0.558
insects_gradual_balanced,0,6,5,0.018,0.6113333333333333,0.463,1.586471227106911,0.5222521758973598,0.5960839315652847,0.6719106666666667,0.6441520000000001,0.8944386666666666,0.984,0.338,0.4995,0.49478247657964364,0.974,0.44133333333333336,0.5745,0.976,0.43533333333333335,0.5705,0.984,0.4013333333333333,0.547,0.5945
insects_gradual_balanced,0,6,10,0.014,0.6113333333333333,0.462,1.4378552836195257,0.5120927891433239,0.5918715613683064,0.687364,0.6591986666666667,0.9226946666666668,0.988,0.37933333333333336,0.5315,0.4442847880547378,0.952,0.4673333333333333,0.5885,0.954,0.464,0.5865,0.984,0.4266666666666667,0.566,0.5985
insects_gradual_balanced,0,6,20,0.12,0.6046666666666667,0.4835,1.2907264428336738,0.5019392728507519,0.5865432751973471,0.6958280000000001,0.6775813333333333,0.9238986666666666,0.966,0.458,0.585,0.3102795947914366,0.91,0.49133333333333334,0.596,0.91,0.488,0.5935,0.936,0.474,0.5895,0.6
insects_gradual_balanced,0,6,50,0.474,0.5946666666666667,0.5645,1.0629443240242877,0.630636931359768,0.5890168473521868,0.4591866666666667,0.468264,0.9469733333333332,0.83,0.5326666666666666,0.607,0.2625641348943112,0.84,0.5426666666666666,0.617,0.836,0.5413333333333333,0.615,0.856,0.5386666666666666,0.618,0.6175
insects_gradual_balanced,0,6,100,0.63,0.578,0.591,0.9855895600493857,0.6532213307023048,0.568556262989839,0.42006400000000005,0.39404799999999995,0.9500799999999999,0.868,0.49066666666666664,0.585,0.28053215615510163,0.866,0.5333333333333333,0.6165,0.854,0.5286666666666666,0.61,0.876,0.5233333333333333,0.6115,0.6125
insects_gradual_balanced,1,6,0,0.0,0.646,0.4845,4.085059517895305,0.6033007799983024,0.6557554598450661,0.5895853333333333,0.599296,0.5,,,,,,,,,,,,,,
insects_gradual_balanced,1,6,1,0.0,0.6473333333333333,0.4855,1.9320529030926699,0.5826506517529487,0.6436798027356465,0.6086986666666666,0.6259,0.8065093333333333,0.878,0.32866666666666666,0.466,0.5726010991070516,0.74,0.49466666666666664,0.556,0.744,0.48933333333333334,0.553,0.92,0.3253333333333333,0.474,0.562
insects_gradual_balanced,1,6,2,0.0,0.6453333333333333,0.484,1.8689370416906568,0.582414566040039,0.6449364307721456,0.6093559999999999,0.631224,0.7884693333333334,0.708,0.4033333333333333,0.4795,0.4337918504658542,0.674,0.518,0.557,0.682,0.5113333333333333,0.554,0.748,0.45466666666666666,0.528,0.5565
insects_gradual_balanced,1,6,5,0.0,0.6433333333333333,0.4825,1.5765614733149662,0.572595510661602,0.642473943134149,0.6232946666666668,0.66674,0.861004,0.97,0.282,0.454,0.6206234776164401,0.854,0.51,0.596,0.852,0.5006666666666667,0.5885,0.958,0.334,0.49,0.6035
insects_gradual_balanced,1,6,10,0.0,0.6453333333333333,0.484,1.4749776393649168,0.5593777554035186,0.640669596850872,0.6432773333333333,0.698652,0.8792973333333333,0.866,0.4826666666666667,0.5785,0.35660711055566263,0.798,0.548,0.6105,0.804,0.5453333333333333,0.61,0.856,0.524,0.607,0.6115
insects_gradual_balanced,1,6,20,0.012,0.642,0.4845,1.3468596452389996,0.5438419416546821,0.6359207665324211,0.65964,0.720112,0.8862413333333334,0.76,0.5453333333333333,0.599,0.2541503643273374,0.792,0.5526666666666666,0.6125,0.8,0.5486666666666666,0.6115,0.8,0.548,0.611,0.6125
insects_gradual_balanced,1,6,50,0.222,0.6253333333333333,0.5245,1.1383256483268527,0.49489846086502076,0.630936224023501,0.7351066666666667,0.7768,0.9055799999999999,0.692,0.578,0.6065,0.21307225430974905,0.742,0.5606666666666666,0.606,0.744,0.562,0.6075,0.716,0.5706666666666667,0.607,0.612
insects_gradual_balanced,1,6,100,0.482,0.604,0.5735,1.0119083148342356,0.493290734231472,0.6148068263332049,0.717704,0.7661613333333334,0.9131226666666666,0.766,0.5446666666666666,0.6,0.23142715458244842,0.822,0.5426666666666666,0.6125,0.826,0.5406666666666666,0.612,0.814,0.5466666666666666,0.6135,0.6115
insects_gradual_balanced,2,6,0,0.0,0.634,0.4755,4.064048865588669,0.6571132512688637,0.6852310739556948,0.5505720000000001,0.5716159999999999,0.5,,,,,,,,,,,,,,
insects_gradual_balanced,2,6,1,0.0,0.636,0.477,2.054625605820924,0.6351316586732865,0.666914789934953,0.556816,0.600252,0.7749573333333333,0.804,0.3546666666666667,0.467,0.482001530366044,0.694,0.46,0.5185,0.674,0.4686666666666667,0.52,0.772,0.43,0.5155,0.521
insects_gradual_balanced,2,6,2,0.0,0.6346666666666667,0.476,1.8687459785931888,0.6317649441361427,0.6660130578676859,0.561416,0.612932,0.8043960000000001,0.82,0.38333333333333336,0.4925,0.45531369110578884,0.718,0.4726666666666667,0.534,0.708,0.482,0.5385,0.764,0.4553333333333333,0.5325,0.5385
insects_gradual_balanced,2,6,5,0.0,0.6333333333333333,0.475,1.7526722010871354,0.624576411664486,0.6620426440834999,0.5677706666666666,0.6243733333333333,0.8058493333333332,0.722,0.46,0.5255,0.3243499131109774,0.66,0.492,0.534,0.648,0.5006666666666667,0.5375,0.656,0.49666666666666665,0.5365,0.539
insects_gradual_balanced,2,6,10,0.0,0.6333333333333333,0.475,1.608842327340212,0.6192602421045303,0.6590614608128865,0.5727186666666667,0.6327959999999999,0.8195013333333333,0.64,0.5046666666666667,0.5385,0.2454029247027905,0.646,0.5133333333333333,0.5465,0.63,0.5186666666666667,0.5465,0.54,0.5366666666666666,0.5375,0.544
insects_gradual_balanced,2,6,20,0.004,0.6373333333333333,0.479,1.4185419103315267,0.6000759989023209,0.6520856745441754,0.592252,0.6491226666666666,0.8396013333333333,0.492,0.5573333333333333,0.541,0.1899176139723143,0.626,0.5346666666666666,0.5575,0.59,0.5446666666666666,0.556,0.456,0.5806666666666667,0.5495,0.5555
insects_gradual_balanced,2,6,50,0.126,0.632,0.5055,1.1939048431694954,0.5565760484337807,0.6370919749736786,0.6474613333333332,0.6926773333333334,0.8629946666666666,0.504,0.5786666666666667,0.56,0.1918130305036373,0.642,0.5533333333333333,0.5755,0.612,0.5646666666666667,0.5765,0.482,0.5866666666666667,0.5605,0.5765
insects_gradual_balanced,2,6,100,0.304,0.612,0.535,1.0792191291347686,0.571924343764782,0.6265548140207926,0.6024413333333334,0.6607746666666666,0.8619640000000001,0.514,0.5666666666666667,0.5535,0.20062424218242025,0.618,0.5493333333333333,0.5665,0.584,0.5526666666666666,0.5605,0.494,0.5746666666666667,0.5545,0.572
insects_gradual_balanced,3,6,0,0.0,0.6686666666666666,0.5015,4.0425904959394305,0.8416745007038117,0.6912474658687909,0.2822226666666667,0.29788000000000003,0.5,,,,,,,,,,,,,,
insects_gradual_balanced,3,6,1,0.038,0.6713333333333333,0.513,2.232466485053723,0.8191779555678368,0.6787137265006701,0.29833533333333334,0.3180426666666667,0.8276146666666668,0.12,0.648,0.516,0.05856033040820639,0.348,0.6206666666666667,0.5525,0.324,0.6226666666666667,0.548,0.168,0.658,0.5355,0.5695
insects_gradual_balanced,3,6,2,0.024,0.6726666666666666,0.5105,1.9273202357168657,0.8130910317897797,0.6743898688356081,0.3019133333333333,0.33109466666666665,0.7754706666666666,0.382,0.5193333333333333,0.485,0.2609240717705568,0.424,0.5673333333333334,0.5315,0.412,0.5693333333333334,0.53,0.432,0.5593333333333333,0.5275,0.538
insects_gradual_balanced,3,6,5,0.038,0.67,0.512,1.6337648046353852,0.7833461418747902,0.670408371925354,0.33729733333333334,0.35994266666666663,0.8508533333333334,0.496,0.5926666666666667,0.5685,0.21843090363913664,0.562,0.568,0.5665,0.54,0.57,0.5625,0.514,0.584,0.5665,0.57
insects_gradual_balanced,3,6,10,0.002,0.678,0.509,1.447495897162668,0.7733004058003425,0.6654250681797663,0.3476306666666667,0.37805600000000006,0.8610133333333334,0.804,0.49533333333333335,0.5725,0.3380965968450265,0.678,0.5493333333333333,0.5815,0.662,0.5566666666666666,0.583,0.696,0.5486666666666666,0.5855,0.5885
insects_gradual_balanced,3,6,20,0.002,0.6673333333333333,0.501,1.3361244756760926,0.7370558711886406,0.6624321239590645,0.3905093333333333,0.404084,0.8599506666666668,0.676,0.554,0.5845,0.2612673692654787,0.654,0.5646666666666667,0.587,0.64,0.572,0.589,0.626,0.5746666666666667,0.5875,0.5875
insects_gradual_balanced,3,6,50,0.102,0.6626666666666666,0.5225,1.1615321628458888,0.679275396823883,0.6469225013057391,0.44248266666666664,0.429636,0.8598973333333333,0.396,0.606,0.5535,0.1848061846401262,0.626,0.5666666666666667,0.5815,0.602,0.5753333333333334,0.582,0.546,0.592,0.5805,0.584
insects_gradual_balanced,3,6,100,0.248,0.6413333333333333,0.543,1.0366190727803828,0.6083074019551277,0.616653670946757,0.49446400000000007,0.4372813333333334,0.8663053333333334,0.544,0.5733333333333334,0.566,0.22898752873039638,0.656,0.5566666666666666,0.5815,0.64,0.5606666666666666,0.5805,0.644,0.56,0.581,0.5795
insects_gradual_balanced,4,6,0,0.0,0.668,0.501,4.02263858621696,0.6468518647551537,0.6675693742235501,0.541216,0.549312,0.5,,,,,,,,,,,,,,
insects_gradual_balanced,4,6,1,0.0,0.6666666666666666,0.5,2.2896936628124296,0.6460209833979607,0.6674942290584246,0.5427733333333333,0.5681573333333333,0.6162946666666667,0.522,0.3606666666666667,0.401,0.4070372502221514,0.406,0.44533333333333336,0.4355,0.414,0.444,0.4365,0.454,0.41133333333333333,0.422,0.5
insects_gradual_balanced,4,6,2,0.0,0.6633333333333333,0.4975,2.2513147220121272,0.6457928402423858,0.6679154525001844,0.543696,0.5735373333333333,0.621588,0.384,0.43666666666666665,0.4235,0.31199773684168647,0.358,0.4866666666666667,0.4545,0.37,0.4806666666666667,0.453,0.368,0.484,0.455,0.499
insects_gradual_balanced,4,6,5,0.0,0.6713333333333333,0.5035,1.8322257016763461,0.6409367275834084,0.6677649184266726,0.5482420000000001,0.591124,0.7028373333333333,0.638,0.37466666666666665,0.4405,0.4414281857024509,0.556,0.4653333333333333,0.488,0.564,0.4653333333333333,0.49,0.616,0.44533333333333336,0.488,0.5135
insects_gradual_balanced,4,6,10,0.0,0.672,0.504,1.55698419149221,0.6236779580116272,0.6642300866444906,0.573608,0.6274373333333334,0.7884933333333333,0.764,0.43866666666666665,0.52,0.38408767194802745,0.654,0.5166666666666667,0.551,0.67,0.5013333333333333,0.5435,0.722,0.476,0.5375,0.5565
insects_gradual_balanced,4,6,20,0.012,0.6686666666666666,0.5045,1.4255824301218942,0.611436894774437,0.6630167446931203,0.592904,0.6415079999999999,0.796604,0.292,0.6153333333333333,0.5345,0.15695021705071927,0.49,0.58,0.5575,0.5,0.5733333333333334,0.555,0.374,0.6106666666666667,0.5515,0.555
insects_gradual_balanced,4,6,50,0.076,0.6646666666666666,0.5175,1.159101467037117,0.5630745809078217,0.6428444364070892,0.6516693333333333,0.694484,0.8514320000000001,0.45,0.6106666666666667,0.5705,0.19814986178086014,0.624,0.5753333333333334,0.5875,0.65,0.5706666666666667,0.5905,0.614,0.5813333333333334,0.5895,0.59
insects_gradual_balanced,4,6,100,0.31,0.646,0.562,1.059945396904656,0.5753357189297676,0.640059050043424,0.6146426666666667,0.6414386666666667,0.8501613333333332,0.454,0.6146666666666667,0.5745,0.19135970560303825,0.574,0.594,0.589,0.592,0.5906666666666667,0.591,0.53,0.608,0.5885,0.596
insects_incremental_balanced,0,6,0,0.0,0.618,0.4635,4.115129062384414,0.5408019540905953,0.6103043274879456,0.6604213333333333,0.6150720000000001,0.5,,,,,,,,,,,,,,
insects_incremental_balanced,0,6,1,0.0,0.616,0.462,1.8781448306961943,0.5338909911215305,0.5950928887724877,0.6488746666666667,0.6236413333333333,0.8808239999999999,1.0,0.2,0.4,0.7377961357956608,0.978,0.36133333333333334,0.5155,0.962,0.372,0.5195,1.0,0.16933333333333334,0.377,0.5725
insects_incremental_balanced,0,6,2,0.0,0.6166666666666667,0.4625,1.6451323735680836,0.5266120400428772,0.5953657641510168,0.6684239999999999,0.6667853333333335,0.9204226666666667,0.998,0.2986666666666667,0.4735,0.6088392507156776,0.994,0.38533333333333336,0.5375,0.994,0.39266666666666666,0.543,1.0,0.31733333333333336,0.488,0.6085
insects_incremental_balanced,0,6,5,0.006,0.6166666666666667,0.464,1.528237863044232,0.5108885077238083,0.593667758067449,0.7024653333333334,0.6965399999999999,0.9351946666666666,0.996,0.35,0.5115,0.5272234849210001,0.972,0.48533333333333334,0.607,0.954,0.49133333333333334,0.607,0.994,0.404,0.5515,0.62
insects_incremental_balanced,0,6,10,0.062,0.616,0.4775,1.4233136564376867,0.51312142598629,0.5964803664882978,0.697932,0.7048586666666666,0.9335866666666667,0.83,0.5146666666666667,0.5935,0.2695522609332816,0.796,0.5586666666666666,0.618,0.8,0.5626666666666666,0.622,0.806,0.56,0.6215,0.6205
insects_incremental_balanced,0,6,20,0.142,0.616,0.4975,1.2709261198019395,0.5065591277182102,0.5942751343846321,0.6985600000000001,0.7005506666666667,0.944756,0.7,0.5813333333333334,0.611,0.2020380272333632,0.758,0.5713333333333334,0.618,0.746,0.5766666666666667,0.619,0.72,0.5826666666666667,0.617,0.624
insects_incremental_balanced,0,6,50,0.44,0.5993333333333334,0.5595,1.0672366851223458,0.5318170723021031,0.588534477810065,0.635288,0.6464226666666666,0.9532120000000001,0.752,0.5813333333333334,0.624,0.21041481928076924,0.786,0.5753333333333334,0.628,0.786,0.5713333333333334,0.625,0.758,0.576,0.6215,0.631
insects_incremental_balanced,0,6,100,0.688,0.5833333333333334,0.6095,0.956176725623296,0.5702117510735989,0.5801343853871027,0.5467746666666667,0.5718973333333334,0.9537559999999999,0.884,0.554,0.6365,0.2416508684260679,0.89,0.558,0.641,0.884,0.5526666666666666,0.6355,0.878,0.5546666666666666,0.6355,0.6385
insects_incremental_balanced,1,6,0,0.0,0.6166666666666667,0.4625,4.096653203338532,0.5936552850008011,0.6369020248055458,0.5941493333333333,0.5836066666666666,0.5,,,,,,,,,,,,,,
insects_incremental_balanced,1,6,1,0.0,0.6146666666666667,0.461,2.6831329477343413,0.5783578777313232,0.6238612714012464,0.6024386666666667,0.5782746666666667,0.5501453333333333,0.034,0.5086666666666667,0.39,0.09289439722573505,0.074,0.52,0.4085,0.074,0.516,0.4055,0.02,0.5886666666666667,0.4465,0.4615
insects_incremental_balanced,1,6,2,0.002,0.616,0.4625,2.1177956482653273,0.5722300863862038,0.6231293939153353,0.613548,0.5994306666666667,0.6623773333333334,0.432,0.3393333333333333,0.3625,0.3744526988197418,0.448,0.46266666666666667,0.459,0.458,0.4613333333333333,0.4605,0.544,0.43533333333333335,0.4625,0.4695
insects_incremental_balanced,1,6,5,0.0,0.6186666666666667,0.464,1.7038697696825416,0.5539371999502182,0.6199863837162654,0.6457373333333334,0.6756066666666667,0.7864293333333334,0.806,0.2713333333333333,0.405,0.5947365842507403,0.726,0.468,0.5325,0.728,0.4666666666666667,0.532,0.818,0.31666666666666665,0.442,0.5635
insects_incremental_balanced,1,6,10,0.0,0.6193333333333333,0.4645,1.5119864660842368,0.5391236424446106,0.615622201859951,0.6717186666666666,0.7363893333333332,0.84748,0.77,0.44333333333333336,0.525,0.4113004459728934,0.694,0.54,0.5785,0.698,0.5386666666666666,0.5785,0.766,0.48,0.5515,0.5805
insects_incremental_balanced,1,6,20,0.032,0.6126666666666667,0.4675,1.3708267320788952,0.5009712157845497,0.61319905291001,0.7292586666666666,0.78142,0.8789506666666667,0.58,0.5513333333333333,0.5585,0.2035252142670154,0.632,0.564,0.581,0.634,0.5606666666666666,0.579,0.608,0.57,0.5795,0.5835
insects_incremental_balanced,1,6,50,0.32,0.604,0.533,1.1557656350002043,0.49112939754128454,0.6147668024102847,0.745224,0.7862266666666666,0.896596,0.672,0.5533333333333333,0.583,0.21737054203464612,0.708,0.5613333333333334,0.598,0.708,0.5593333333333333,0.5965,0.688,0.566,0.5965,0.5975
insects_incremental_balanced,1,6,100,0.586,0.5966666666666667,0.594,1.0157683038508536,0.5425165826678277,0.6096196474432946,0.635968,0.7134720000000001,0.906436,0.768,0.548,0.603,0.25906849539612814,0.766,0.566,0.616,0.77,0.566,0.617,0.776,0.566,0.6185,0.619
insects_incremental_balanced,2,6,0,0.0,0.668,0.501,4.057677237031291,0.7035202011466026,0.7069386861721675,0.5001666666666666,0.5286986666666667,0.5,,,,,,,,,,,,,,
insects_incremental_balanced,2,6,1,0.0,0.6726666666666666,0.5045,1.9041122457644695,0.6968197906017304,0.7091564164559047,0.5143933333333334,0.5584066666666667,0.8473626666666667,0.986,0.32666666666666666,0.4915,0.580631726224726,0.868,0.462,0.5635,0.854,0.4666666666666667,0.5635,0.982,0.346,0.505,0.582
insects_incremental_balanced,2,6,2,0.0,0.6753333333333333,0.5065,1.8200221171702808,0.6949957036376,0.7084787981907527,0.5154626666666666,0.5577226666666667,0.8210453333333334,0.992,0.25066666666666665,0.436,0.6838062864321633,0.708,0.5086666666666667,0.5585,0.694,0.51,0.556,0.982,0.27,0.448,0.5765
insects_incremental_balanced,2,6,5,0.01,0.6686666666666666,0.504,1.630025650526179,0.6844820145368576,0.7077923822800318,0.5296546666666666,0.581844,0.860624,0.864,0.44066666666666665,0.5465,0.3709285184887921,0.632,0.5733333333333334,0.588,0.61,0.5686666666666667,0.579,0.7,0.5413333333333333,0.581,0.5825
insects_incremental_balanced,2,6,10,0.002,0.6746666666666666,0.5065,1.5378895330584215,0.6732911765575409,0.7003018999497096,0.53502,0.5925386666666668,0.8576013333333334,0.358,0.6413333333333333,0.5705,0.1669264236107681,0.544,0.6026666666666667,0.588,0.532,0.5986666666666667,0.582,0.406,0.6266666666666667,0.5715,0.589
insects_incremental_balanced,2,6,20,0.046,0.6733333333333333,0.5165,1.3999906652292389,0.6561154746413231,0.6965672325690587,0.5564413333333333,0.6269440000000001,0.8613586666666666,0.222,0.6673333333333333,0.556,0.1149994139427103,0.54,0.6106666666666667,0.593,0.502,0.606,0.58,0.298,0.644,0.5575,0.5935
insects_incremental_balanced,2,6,50,0.156,0.6706666666666666,0.542,1.155386017604819,0.6326044167876244,0.6866151898900668,0.5942080000000001,0.6803439999999998,0.8807586666666666,0.342,0.6646666666666666,0.584,0.1556159364644258,0.602,0.6093333333333333,0.6075,0.57,0.6106666666666667,0.6005,0.416,0.6386666666666667,0.583,0.6065
insects_incremental_balanced,2,6,100,0.246,0.662,0.558,1.0235586235395087,0.5871450281739234,0.6613634328643481,0.6470333333333332,0.7000839999999999,0.881608,0.438,0.6446666666666667,0.593,0.1821443255594537,0.654,0.6026666666666667,0.6155,0.64,0.5966666666666667,0.6075,0.528,0.62,0.597,0.615
insects_incremental_balanced,3,6,0,0.0,0.682,0.5115,4.050195812548298,0.8484080261588096,0.6762367714047431,0.26438666666666666,0.24311066666666667,0.5,,,,,,,,,,,,,,
insects_incremental_balanced,3,6,1,0.0,0.6733333333333333,0.505,1.9927459284858642,0.8402372947335244,0.6725817878047625,0.2731186666666667,0.2630946666666667,0.714,0.926,0.238,0.41,0.6420233638591134,0.612,0.42333333333333334,0.4705,0.6,0.4073333333333333,0.4555,0.95,0.21266666666666667,0.397,0.5185
insects_incremental_balanced,3,6,2,0.0,0.6793333333333333,0.5095,1.5985890675191834,0.8235903452634812,0.6725620300571123,0.2834873333333333,0.27626266666666666,0.8665573333333333,0.97,0.30933333333333335,0.4745,0.6321115910889848,0.924,0.408,0.537,0.924,0.39866666666666667,0.53,0.976,0.2813333333333333,0.455,0.5875
insects_incremental_balanced,3,6,5,0.0,0.6753333333333333,0.5065,1.5652524538274146,0.8205206307768822,0.6719616768360138,0.28526666666666667,0.2824,0.8507746666666667,0.948,0.37466666666666665,0.518,0.5256491688281572,0.78,0.496,0.567,0.77,0.4846666666666667,0.556,0.89,0.4246666666666667,0.541,0.564
insects_incremental_balanced,3,6,10,0.0,0.6793333333333333,0.5095,1.5267425028663753,0.8148234336972237,0.6709806561072668,0.2910666666666667,0.2893053333333333,0.8286746666666667,0.498,0.5686666666666667,0.551,0.2620441471888678,0.552,0.5706666666666667,0.566,0.546,0.5606666666666666,0.557,0.636,0.53,0.5565,0.566
insects_incremental_balanced,3,6,20,0.0,0.6733333333333333,0.505,1.3304383157736854,0.7723570479154587,0.6600133320788543,0.32706,0.32744933333333337,0.8740493333333333,0.596,0.5986666666666667,0.598,0.22546567648622884,0.712,0.56,0.598,0.702,0.5473333333333333,0.586,0.726,0.5406666666666666,0.587,0.59
insects_incremental_balanced,3,6,50,0.0,0.6746666666666666,0.506,1.159043622900906,0.6983206547498703,0.6406786457101504,0.39434800000000003,0.36268000000000006,0.871136,0.012,0.6686666666666666,0.5045,0.11570543746308103,0.734,0.542,0.59,0.71,0.5386666666666666,0.5815,0.672,0.5493333333333333,0.58,0.585
insects_incremental_balanced,3,6,100,0.098,0.668,0.5255,1.0501810057639929,0.6009952543973923,0.6173338427742322,0.5194266666666666,0.3883346666666666,0.8774720000000001,0.2,0.6473333333333333,0.5355,0.15348010743465998,0.766,0.5353333333333333,0.593,0.754,0.542,0.595,0.702,0.5633333333333334,0.598,0.593
insects_incremental_balanced,4,6,0,0.0,0.6706666666666666,0.503,4.005195750176913,0.7480499085187912,0.6749597010612488,0.35852799999999996,0.417872,0.5,,,,,,,,,,,,,,
insects_incremental_balanced,4,6,1,0.0,0.674,0.5055,2.018993910132305,0.7361821431517601,0.6711388881603877,0.37551066666666666,0.46415199999999995,0.7580053333333333,0.686,0.43066666666666664,0.4945,0.39036681954800784,0.616,0.5253333333333333,0.548,0.618,0.5306666666666666,0.5525,0.652,0.5146666666666667,0.549,0.5705
insects_incremental_balanced,4,6,2,0.0,0.678,0.5085,1.8083914606475406,0.7284981881976128,0.668708720266819,0.3842013333333333,0.492808,0.8193733333333333,0.694,0.486,0.538,0.3466374657058294,0.644,0.5306666666666666,0.559,0.648,0.5373333333333333,0.565,0.69,0.524,0.5655,0.576
insects_incremental_balanced,4,6,5,0.0,0.6786666666666666,0.509,1.5450902311335275,0.722016699552536,0.6668477161924045,0.39120666666666665,0.5264266666666667,0.8518813333333333,0.778,0.4726666666666667,0.549,0.40483544982697156,0.748,0.508,0.568,0.742,0.5126666666666667,0.57,0.782,0.48733333333333334,0.561,0.59
insects_incremental_balanced,4,6,10,0.0,0.6766666666666666,0.5075,1.4806288106678098,0.7106344631910324,0.6668643782536189,0.4122053333333333,0.5571480000000001,0.8486173333333333,0.734,0.498,0.557,0.34486162744771504,0.714,0.5306666666666666,0.5765,0.714,0.5333333333333333,0.5785,0.714,0.5346666666666666,0.5795,0.5945
insects_incremental_balanced,4,6,20,0.0,0.678,0.5085,1.347595702643267,0.6891654722690582,0.6596632043917974,0.434708,0.5942266666666667,0.8553266666666667,0.55,0.5846666666666667,0.576,0.18926929582638385,0.692,0.5526666666666666,0.5875,0.684,0.556,0.588,0.576,0.5973333333333334,0.592,0.5915
insects_incremental_balanced,4,6,50,0.036,0.6666666666666666,0.509,1.139602839088847,0.6144329976439477,0.6484450162649155,0.5552466666666667,0.6683373333333333,0.8685133333333332,0.702,0.5186666666666667,0.5645,0.26231908863464265,0.684,0.564,0.594,0.686,0.568,0.5975,0.64,0.584,0.598,0.598
insects_incremental_balanced,4,6,100,0.216,0.646,0.5385,1.0154773998781428,0.5540944511592388,0.6313569176097711,0.6491133333333333,0.6852453333333334,0.8750466666666666,0.694,0.554,0.589,0.2443992080846573,0.708,0.5646666666666667,0.6005,0.7,0.562,0.5965,0.658,0.5753333333333334,0.596,0.5975
h3_poker_b,0,4,0,0.0,0.9813333333333333,0.736,3.4979484677866752,0.9912897597551346,0.9672420034607252,0.5836053333333333,0.5878066666666666,0.5,,,,,,,,,,,,,,
h3_poker_b,0,4,1,0.0,0.9766666666666667,0.7325,0.9882116686074979,0.9580313328504563,0.953941963672638,0.688358,0.6811226666666668,0.8915200000000001,1.0,0.066,0.2995,0.9345168195658303,0.968,0.49733333333333335,0.615,0.968,0.49,0.6095,1.0,0.066,0.2995,0.8225
h3_poker_b,0,4,2,0.0,0.9773333333333334,0.733,0.9512864707077906,0.9582303774356842,0.9520285247762998,0.7007573333333335,0.6902280000000001,0.9160920000000001,1.0,0.082,0.3115,0.937527765695296,0.974,0.5606666666666666,0.664,0.976,0.5546666666666666,0.66,1.0,0.06,0.295,0.8465
h3_poker_b,0,4,5,0.084,0.978,0.7545,0.5638497240396467,0.8075111257433891,0.9501039282480875,0.8708546666666667,0.8571346666666668,0.9779839999999999,1.0,0.342,0.5065,0.6841370253285111,0.976,0.7886666666666666,0.8355,0.976,0.7813333333333333,0.83,1.0,0.388,0.541,0.915
h3_poker_b,0,4,10,0.222,0.978,0.789,0.4378429363004624,0.7481347929835319,0.9486137705246608,0.9129186666666667,0.8966000000000001,0.9865973333333333,1.0,0.6353333333333333,0.7265,0.5061362541606029,0.962,0.8853333333333333,0.9045,0.964,0.882,0.9025,0.998,0.6573333333333333,0.7425,0.933
h3_poker_b,0,4,20,0.578,0.9786666666666667,0.8785,0.2712441830935659,0.731231956243515,0.9461364236871401,0.9207919999999999,0.9013533333333332,0.9918106666666666,0.976,0.8726666666666667,0.8985,0.3645625029089309,0.96,0.93,0.9375,0.968,0.9286666666666666,0.9385,0.976,0.8753333333333333,0.9005,0.95
h3_poker_b,0,4,50,0.864,0.9813333333333333,0.952,0.13868410484844038,0.8471462564468384,0.9509571565389633,0.7839906666666667,0.7658733333333333,0.9983799999999999,0.976,0.9646666666666667,0.9675,0.280685074366921,0.972,0.968,0.969,0.972,0.9666666666666667,0.968,0.976,0.9646666666666667,0.9675,0.9705
h3_poker_b,0,4,100,0.934,0.984,0.9715,0.0959800898867747,0.9144501218795776,0.953403102338314,0.6056513333333333,0.5898426666666666,0.9991293333333333,0.984,0.9766666666666667,0.9785,0.25465152368068095,0.982,0.9773333333333334,0.9785,0.984,0.9766666666666667,0.9785,0.984,0.9766666666666667,0.9785,0.9785
h3_poker_b,1,4,0,0.0,0.998,0.7485,3.45993990609838,0.8310525629520417,0.9939717212319374,0.9659,0.9663666666666666,0.5,,,,,,,,,,,,,,
h3_poker_b,1,4,1,0.01,0.9986666666666667,0.7515,0.9222579087377272,0.7961433640122414,0.9923324756820997,0.9683993333333334,0.9684773333333334,0.9686026666666667,0.958,0.8673333333333333,0.89,0.3403103316753503,0.934,0.9086666666666666,0.915,0.936,0.908,0.915,0.956,0.8966666666666666,0.9115,0.9205
h3_poker_b,1,4,2,0.024,0.9986666666666667,0.755,0.7548627595709749,0.7604131751060486,0.9918379381299018,0.9741533333333333,0.9736706666666667,0.9768786666666668,0.962,0.884,0.9035,0.32636567480224865,0.942,0.9186666666666666,0.9245,0.942,0.918,0.924,0.954,0.9066666666666666,0.9185,0.931
h3_poker_b,1,4,5,0.07,0.998,0.766,0.6543722040044714,0.7266464266777038,0.9914647769331932,0.9815146666666666,0.9804026666666668,0.979436,0.918,0.9333333333333333,0.9295,0.26133891299211437,0.91,0.9453333333333334,0.9365,0.912,0.9433333333333334,0.9355,0.912,0.9433333333333334,0.9355,0.936
h3_poker_b,1,4,10,0.12,0.998,0.7785,0.503392108314563,0.6593659104704856,0.98961005260547,0.9890506666666666,0.9884573333333333,0.9895999999999999,0.958,0.9573333333333334,0.9575,0.2504283879152914,0.96,0.9613333333333334,0.961,0.958,0.96,0.9595,0.96,0.96,0.96,0.9625
h3_poker_b,1,4,20,0.328,0.998,0.8305,0.3596800726415752,0.6479034162163735,0.9893394333521525,0.989264,0.9882493333333333,0.9924386666666667,0.918,0.98,0.9645,0.22964514345208764,0.93,0.9773333333333334,0.9655,0.93,0.9773333333333334,0.9655,0.92,0.9793333333333333,0.9645,0.9655
h3_poker_b,1,4,50,0.7,0.9946666666666667,0.921,0.18161971124989312,0.7403529677987098,0.9859562365611394,0.97068,0.970616,0.9949093333333333,0.936,0.9826666666666667,0.971,0.23645993983293634,0.942,0.9793333333333333,0.97,0.944,0.9793333333333333,0.9705,0.942,0.9806666666666667,0.971,0.9725
h3_poker_b,1,4,100,0.904,0.9933333333333333,0.971,0.09977172415959937,0.8067313724160194,0.9788666272560755,0.9336746666666667,0.936344,0.9982893333333334,0.98,0.9826666666666667,0.982,0.24998832617529929,0.98,0.9826666666666667,0.982,0.98,0.9826666666666667,0.982,0.98,0.9826666666666667,0.982,0.9835
h3_poker_b,2,4,0,0.0,0.9953333333333333,0.7465,3.470820083521649,0.80747578561306,0.9822961480418841,0.9582313333333333,0.957808,0.5,,,,,,,,,,,,,,
h3_poker_b,2,4,1,0.0,0.9953333333333333,0.7465,0.7067754614844958,0.7661809293627739,0.9850212996006011,0.9742533333333334,0.9794746666666666,0.988116,1.0,0.7646666666666667,0.8235,0.4269275784002501,0.996,0.8666666666666667,0.899,0.996,0.868,0.9,1.0,0.8086666666666666,0.8565,0.9455
h3_poker_b,2,4,2,0.016,0.9946666666666667,0.75,0.6254869957938033,0.7416066876649856,0.9832181241909663,0.9747359999999999,0.9802893333333332,0.98878,1.0,0.822,0.8665,0.3880189791144685,0.996,0.8873333333333333,0.9145,0.996,0.888,0.915,0.998,0.8413333333333334,0.8805,0.942
h3_poker_b,2,4,5,0.04,0.9953333333333333,0.7565,0.4939436891335281,0.6844599129557609,0.9832632561922073,0.983864,0.9887159999999999,0.9949426666666666,0.996,0.908,0.93,0.3360232224506225,0.988,0.9306666666666666,0.945,0.988,0.9326666666666666,0.9465,0.994,0.9173333333333333,0.9365,0.9635
h3_poker_b,2,4,10,0.202,0.9953333333333333,0.797,0.38874157263240416,0.6448767668604851,0.9822907947301864,0.9860293333333334,0.989048,0.994864,0.982,0.924,0.9385,0.309477081536252,0.98,0.9426666666666667,0.952,0.98,0.946,0.9545,0.982,0.934,0.946,0.965
h3_poker_b,2,4,20,0.598,0.9946666666666667,0.8955,0.2315830441330086,0.69908371591568,0.9783221657077471,0.9734893333333334,0.9774386666666667,0.9968253333333333,1.0,0.9446666666666667,0.9585,0.28479844267941173,0.996,0.9626666666666667,0.971,0.994,0.9653333333333334,0.9725,0.996,0.9626666666666667,0.971,0.972
h3_poker_b,2,4,50,0.858,0.992,0.9585,0.09594345633823913,0.8368240837454796,0.9783127520084381,0.8961333333333333,0.898772,0.9985693333333333,0.998,0.9726666666666667,0.979,0.2671132015686935,0.998,0.9733333333333334,0.9795,0.998,0.974,0.98,0.998,0.974,0.98,0.983
h3_poker_b,2,4,100,0.948,0.99,0.9795,0.06180933597275679,0.8997217572927475,0.9765616009632746,0.7773886666666666,0.7781293333333333,0.9992679999999999,0.996,0.984,0.987,0.2565867011173701,0.996,0.9846666666666667,0.9875,0.996,0.9853333333333333,0.988,0.996,0.9853333333333333,0.988,0.9885
h3_poker_b,3,4,0,0.0,0.986,0.7395,3.5009962146783837,0.7347485707998276,0.9541154728333155,0.9306093333333334,0.9269506666666666,0.5,,,,,,,,,,,,,,
h3_poker_b,3,4,1,0.192,0.9806666666666667,0.7835,0.648090449846155,0.650369122326374,0.947053776105245,0.9487186666666667,0.9669799999999998,0.988236,1.0,0.736,0.802,0.4531085343741841,0.996,0.8313333333333334,0.8725,0.996,0.8306666666666667,0.872,1.0,0.7613333333333333,0.821,0.933
h3_poker_b,3,4,2,0.358,0.9813333333333333,0.8255,0.5409882956962895,0.7301523410081864,0.9480319680571556,0.903344,0.9227853333333333,0.9925493333333334,0.996,0.8653333333333333,0.898,0.35113453547140266,0.99,0.9006666666666666,0.923,0.992,0.9046666666666666,0.9265,0.994,0.8806666666666667,0.909,0.947
h3_poker_b,3,4,5,0.474,0.9813333333333333,0.8545,0.36505002904723705,0.743766465485096,0.9472185943325361,0.8551573333333333,0.8714319999999999,0.9985586666666667,1.0,0.872,0.904,0.35280836097518803,1.0,0.9306666666666666,0.948,1.0,0.9333333333333333,0.95,1.0,0.904,0.928,0.9695
h3_poker_b,3,4,10,0.64,0.9833333333333333,0.8975,0.2631132707578655,0.7384123392701148,0.9466549817919732,0.8607940000000001,0.8746813333333333,0.9987253333333332,0.998,0.9433333333333334,0.957,0.29463429255387397,0.992,0.956,0.965,0.992,0.9586666666666667,0.967,0.996,0.9493333333333334,0.961,0.973
h3_poker_b,3,4,20,0.7,0.9793333333333333,0.9095,0.23299068541770668,0.821484867811203,0.9478285234769185,0.737576,0.7489853333333334,0.998324,0.962,0.9686666666666667,0.967,0.24175966600943144,0.962,0.9686666666666667,0.967,0.962,0.97,0.968,0.962,0.9706666666666667,0.9685,0.971
h3_poker_b,3,4,50,0.984,0.98,0.981,0.09874760968452734,0.8806694570779801,0.9462638470729192,0.594686,0.6041746666666666,0.9998986666666667,1.0,0.9613333333333334,0.971,0.2670919569120129,1.0,0.9646666666666667,0.9735,1.0,0.966,0.9745,1.0,0.9646666666666667,0.9735,0.983
h3_poker_b,3,4,100,1.0,0.972,0.979,0.08347856868052354,0.9723928785920143,0.9347517128984133,0.40358466666666665,0.40990133333333334,0.9999653333333334,1.0,0.964,0.973,0.2621518368185157,1.0,0.9646666666666667,0.9735,1.0,0.9653333333333334,0.974,1.0,0.9646666666666667,0.9735,0.98
h3_poker_b,4,4,0,0.0,0.9746666666666667,0.731,3.5095045818740083,0.9958028590679169,0.9524165407617887,0.29447133333333336,0.2957093333333333,0.5,,,,,,,,,,,,,,
h3_poker_b,4,4,1,0.002,0.9733333333333334,0.7305,1.0206088192438685,0.9521749249696732,0.9465714947581291,0.6176553333333333,0.6150493333333332,0.9447519999999999,1.0,0.13466666666666666,0.351,0.8424533323246899,0.952,0.6766666666666666,0.7455,0.952,0.6753333333333333,0.7445,1.0,0.194,0.3955,0.873
h3_poker_b,4,4,2,0.056,0.972,0.743,0.8330979848929199,0.9039389880895614,0.9440310803453128,0.707208,0.7009773333333333,0.9501306666666667,1.0,0.2713333333333333,0.4535,0.7112769808047801,0.938,0.7693333333333333,0.8115,0.938,0.77,0.812,1.0,0.35133333333333333,0.5135,0.8725
h3_poker_b,4,4,5,0.086,0.97,0.749,0.7623561633517005,0.8766248470544815,0.939724281569322,0.7227826666666668,0.715056,0.9485693333333332,0.974,0.6866666666666666,0.7585,0.4774123557030807,0.826,0.868,0.8575,0.83,0.8706666666666667,0.8605,0.966,0.7093333333333334,0.7735,0.863
h3_poker_b,4,4,10,0.158,0.968,0.7655,0.6134331726403882,0.8287259815335274,0.935441109418869,0.7877813333333332,0.7786546666666666,0.9632080000000001,0.904,0.8586666666666667,0.87,0.3537130233703462,0.806,0.908,0.8825,0.808,0.9066666666666666,0.882,0.898,0.862,0.871,0.882
h3_poker_b,4,4,20,0.382,0.968,0.8215,0.4061208496002834,0.7794573936462402,0.9305631030201912,0.8386866666666666,0.8251586666666667,0.976804,0.93,0.8786666666666667,0.8915,0.3409950539996489,0.884,0.908,0.902,0.884,0.9066666666666666,0.901,0.926,0.8773333333333333,0.8895,0.906
h3_poker_b,4,4,50,0.712,0.9653333333333334,0.902,0.24055055771419975,0.801175971031189,0.9295981163779895,0.7670933333333334,0.7501840000000001,0.9902626666666666,0.956,0.9213333333333333,0.93,0.29477854631766215,0.938,0.9273333333333333,0.93,0.94,0.9273333333333333,0.9305,0.954,0.922,0.93,0.9335
h3_poker_b,4,4,100,0.89,0.9666666666666667,0.9475,0.15128169561964708,0.8691284903883933,0.9373344568212827,0.6427706666666667,0.6275333333333333,0.9966959999999999,0.972,0.95,0.9555,0.26350062275205055,0.966,0.952,0.9555,0.966,0.9533333333333334,0.9565,0.972,0.9506666666666667,0.956,0.9575
rbf_s10,0,4,0,0.0,0.9266666666666666,0.695,3.593965570512826,0.6266961485743523,0.9073583214084308,0.8797373333333334,0.88284,0.5,,,,,,,,,,,,,,
rbf_s10,0,4,1,0.098,0.9293333333333333,0.7215,1.3312373702594802,0.6359592344164848,0.9024755800763766,0.8712706666666666,0.8744159999999999,0.9067653333333334,1.0,0.5793333333333334,0.6845,0.4845966061349126,0.982,0.7333333333333333,0.7955,0.982,0.7366666666666667,0.798,1.0,0.586,0.6895,0.8285
rbf_s10,0,4,2,0.228,0.928,0.753,1.092231589626293,0.6286586269140243,0.9000203989744187,0.8731340000000001,0.8720426666666666,0.8898786666666666,0.992,0.6453333333333333,0.732,0.4342062621592809,0.952,0.752,0.802,0.94,0.7486666666666667,0.7965,0.994,0.648,0.7345,0.8145
rbf_s10,0,4,5,0.246,0.928,0.7575,0.8591519308589609,0.6230659888982772,0.8991227245926857,0.8588893333333334,0.8651093333333333,0.9325013333333334,0.988,0.6933333333333334,0.767,0.39955565047321573,0.938,0.8,0.8345,0.93,0.8006666666666666,0.833,0.99,0.6933333333333334,0.7675,0.8475
rbf_s10,0,4,10,0.352,0.9306666666666666,0.786,0.6363299984083988,0.6126747355461121,0.8990304869413376,0.8625760000000001,0.8719893333333334,0.9659026666666667,0.97,0.776,0.8245,0.35766859036464493,0.932,0.84,0.863,0.934,0.8426666666666667,0.8655,0.97,0.7793333333333333,0.827,0.88
rbf_s10,0,4,20,0.46,0.928,0.811,0.536193776693593,0.66128229367733,0.8968942556579907,0.8033153333333333,0.813588,0.975388,0.924,0.876,0.888,0.26801303877884775,0.906,0.8826666666666667,0.8885,0.9,0.8873333333333333,0.8905,0.916,0.8806666666666667,0.8895,0.89
rbf_s10,0,4,50,0.706,0.9286666666666666,0.873,0.36259054301178784,0.7760189882516861,0.8931154275337855,0.692688,0.701872,0.9825480000000001,0.88,0.902,0.8965,0.24912160554135143,0.882,0.9013333333333333,0.8965,0.88,0.9026666666666666,0.897,0.878,0.9026666666666666,0.8965,0.897
rbf_s10,0,4,100,0.744,0.9246666666666666,0.8795,0.3250550089834191,0.7983003320097923,0.8813990205923716,0.6357806666666667,0.6390213333333334,0.981852,0.852,0.9073333333333333,0.8935,0.24148259206147002,0.856,0.9033333333333333,0.8915,0.854,0.9046666666666666,0.892,0.852,0.9073333333333333,0.8935,0.893
rbf_s10,1,4,0,0.0,0.926,0.6945,3.5996023311315795,0.6795967065095901,0.9131725370089213,0.869428,0.8690413333333332,0.5,,,,,,,,,,,,,,
rbf_s10,1,4,1,0.058,0.9246666666666666,0.708,1.519738027049226,0.6998407819271087,0.9093651518623034,0.8465906666666667,0.8462866666666666,0.7888573333333334,0.908,0.642,0.7085,0.4120553288565152,0.654,0.7313333333333333,0.712,0.658,0.7286666666666667,0.711,0.926,0.6326666666666667,0.706,0.7255
rbf_s10,1,4,2,0.06,0.9246666666666666,0.7085,1.2824358555502662,0.6915514750480651,0.9094020606676737,0.8508746666666667,0.8529466666666666,0.8399626666666666,0.946,0.6206666666666667,0.702,0.4395507658944752,0.716,0.7333333333333333,0.729,0.706,0.7326666666666667,0.726,0.96,0.624,0.708,0.761
rbf_s10,1,4,5,0.124,0.924,0.724,1.0312932281677254,0.6945510846376419,0.9068208730816841,0.8405120000000001,0.8459226666666667,0.884412,0.8,0.7346666666666667,0.751,0.342895752132214,0.736,0.792,0.778,0.736,0.792,0.778,0.812,0.7373333333333333,0.756,0.8065
rbf_s10,1,4,10,0.25,0.926,0.757,0.8549690759469748,0.683132181942463,0.9055500257412593,0.837832,0.8390626666666667,0.9057173333333335,0.652,0.8586666666666667,0.807,0.2509478483991136,0.624,0.8626666666666667,0.803,0.612,0.864,0.801,0.612,0.8653333333333333,0.802,0.8195
rbf_s10,1,4,20,0.576,0.9233333333333333,0.8365,0.5036000603058288,0.7785165061354637,0.9016621565818786,0.7232726666666667,0.7271213333333334,0.954936,0.838,0.8653333333333333,0.8585,0.2822012236151864,0.826,0.8766666666666667,0.864,0.828,0.878,0.8655,0.838,0.8706666666666667,0.8625,0.8755
rbf_s10,1,4,50,0.762,0.924,0.8835,0.325706349045787,0.8237397927045822,0.9014033097823461,0.657934,0.6618106666666667,0.9850026666666667,0.888,0.8946666666666667,0.893,0.26364845579645585,0.886,0.8966666666666666,0.894,0.886,0.896,0.8935,0.888,0.8933333333333333,0.892,0.9
rbf_s10,1,4,100,0.814,0.9166666666666666,0.891,0.2880231619123145,0.8432572876214981,0.8927397781213124,0.6051733333333333,0.6065613333333334,0.9870533333333333,0.894,0.8966666666666666,0.896,0.2563903768402725,0.89,0.8973333333333333,0.8955,0.89,0.898,0.896,0.896,0.8966666666666666,0.8965,0.899
rbf_s10,2,4,0,0.0,0.9286666666666666,0.6965,3.59981257636882,0.664654922068119,0.9125590870976448,0.87656,0.8762853333333334,0.5,,,,,,,,,,,,,,
rbf_s10,2,4,1,0.086,0.9226666666666666,0.7135,1.4304325391503492,0.667959750533104,0.912253765543302,0.8725066666666665,0.881,0.8343306666666668,0.692,0.7346666666666667,0.724,0.3290891284742862,0.55,0.7806666666666666,0.723,0.556,0.78,0.724,0.762,0.7453333333333333,0.7495,0.7535
rbf_s10,2,4,2,0.15,0.9286666666666666,0.734,1.2218430314085427,0.6559488417506218,0.9117354548374812,0.8787693333333333,0.8850866666666667,0.8456719999999999,0.768,0.7473333333333333,0.7525,0.3277495734341802,0.57,0.7993333333333333,0.742,0.568,0.798,0.7405,0.732,0.76,0.753,0.768
rbf_s10,2,4,5,0.18,0.926,0.7395,0.9549528212028938,0.6553299596309662,0.9091959608594576,0.8755506666666667,0.8821866666666666,0.8872906666666667,0.89,0.7046666666666667,0.751,0.3851007111198147,0.8,0.7906666666666666,0.793,0.796,0.7906666666666666,0.792,0.908,0.7113333333333334,0.7605,0.7955
rbf_s10,2,4,10,0.322,0.9293333333333333,0.7775,0.7214351105757946,0.6841259632706642,0.9049576106667518,0.8424933333333333,0.8516079999999999,0.9333813333333333,0.848,0.7873333333333333,0.8025,0.3356306308613839,0.762,0.83,0.813,0.762,0.8326666666666667,0.815,0.854,0.7873333333333333,0.804,0.837
rbf_s10,2,4,20,0.47,0.9273333333333333,0.813,0.5293822352992374,0.7003562806844711,0.9000633622209231,0.8102126666666667,0.8166319999999999,0.966528,0.83,0.846,0.842,0.3006595512447548,0.818,0.8693333333333333,0.8565,0.81,0.8686666666666667,0.854,0.834,0.8466666666666667,0.8435,0.8595
rbf_s10,2,4,50,0.694,0.9253333333333333,0.8675,0.3571755883340823,0.7966466344594956,0.8937495976487796,0.6807026666666667,0.6834720000000001,0.9801533333333333,0.892,0.874,0.8785,0.27940296206022985,0.874,0.8813333333333333,0.8795,0.878,0.882,0.881,0.89,0.87,0.875,0.8825
rbf_s10,2,4,100,0.824,0.924,0.899,0.27717842280355887,0.8206966071724892,0.8852013351122539,0.6002646666666667,0.602576,0.989032,0.94,0.8886666666666667,0.9015,0.2765856825110852,0.93,0.8933333333333333,0.9025,0.932,0.8946666666666667,0.904,0.94,0.8893333333333333,0.902,0.906
rbf_s10,3,4,0,0.0,0.9246666666666666,0.6935,3.593813194470963,0.6711744572520256,0.9213443601528803,0.8874679999999999,0.896064,0.5,,,,,,,,,,,,,,
rbf_s10,3,4,1,0.03,0.9286666666666666,0.704,1.3376172271769047,0.6665409634709358,0.9200474695364634,0.8894693333333333,0.8978506666666667,0.8622773333333332,1.0,0.534,0.6505,0.5582732795523992,0.952,0.6853333333333333,0.752,0.944,0.682,0.7475,1.0,0.5373333333333333,0.653,0.775
rbf_s10,3,4,2,0.03,0.9286666666666666,0.704,1.1458631360748954,0.65146433532238,0.9187102660139401,0.8938373333333333,0.903532,0.9016519999999999,0.986,0.5986666666666667,0.6955,0.4963657177926183,0.894,0.7246666666666667,0.767,0.89,0.722,0.764,0.99,0.594,0.693,0.822
rbf_s10,3,4,5,0.1,0.928,0.721,0.933539387524765,0.6204897525310517,0.9153754977583886,0.9034746666666668,0.9151106666666666,0.9429373333333334,0.986,0.6833333333333333,0.759,0.41484607362774906,0.928,0.7953333333333333,0.8285,0.92,0.7946666666666666,0.826,0.988,0.6873333333333334,0.7625,0.8555
rbf_s10,3,4,10,0.262,0.926,0.76,0.6919135825068385,0.6202967715263367,0.9136255579392115,0.8952946666666666,0.9062173333333333,0.9529546666666667,0.94,0.7646666666666667,0.8085,0.35959422786121087,0.906,0.8266666666666667,0.8465,0.908,0.8233333333333334,0.8445,0.952,0.7646666666666667,0.8115,0.856
rbf_s10,3,4,20,0.476,0.9293333333333333,0.816,0.48947556451697927,0.6212990938425064,0.9087460994124412,0.8744946666666666,0.882832,0.9759866666666666,0.95,0.8233333333333334,0.855,0.3324172804443557,0.92,0.8633333333333333,0.8775,0.926,0.862,0.878,0.952,0.8213333333333334,0.854,0.891
rbf_s10,3,4,50,0.684,0.9293333333333333,0.868,0.3731529177676497,0.7397073692679406,0.9072244425018628,0.7423346666666667,0.7468866666666667,0.9800533333333333,0.874,0.906,0.898,0.25043341177536255,0.874,0.906,0.898,0.876,0.9053333333333333,0.898,0.876,0.9053333333333333,0.898,0.8975
rbf_s10,3,4,100,0.77,0.9213333333333333,0.8835,0.31920401172723256,0.76558730250597,0.8990864249666531,0.682132,0.6830866666666667,0.9823133333333333,0.906,0.8973333333333333,0.8995,0.2507816926358493,0.902,0.8993333333333333,0.9,0.906,0.898,0.9,0.906,0.898,0.9,0.9
rbf_s10,4,4,0,0.0,0.9333333333333333,0.7,3.595687915341252,0.6547680441737175,0.9106597782373428,0.8703173333333333,0.8695746666666666,0.5,,,,,,,,,,,,,,
rbf_s10,4,4,1,0.0,0.928,0.696,1.4418572434040435,0.6476090608239173,0.9082433033982913,0.871772,0.8739146666666667,0.8637279999999999,0.86,0.62,0.68,0.45894500589100234,0.812,0.7353333333333333,0.7545,0.816,0.738,0.7575,0.862,0.6213333333333333,0.6815,0.7995
rbf_s10,4,4,2,0.052,0.9286666666666666,0.7095,1.2134160936066412,0.6263332255482673,0.9077178672154744,0.8821306666666666,0.8872333333333332,0.8808506666666667,0.846,0.672,0.7155,0.4177506606700001,0.788,0.758,0.7655,0.788,0.758,0.7655,0.858,0.6706666666666666,0.7175,0.811
rbf_s10,4,4,5,0.094,0.9313333333333333,0.722,1.160302479102176,0.653068502008915,0.9045307754675548,0.856996,0.8609653333333332,0.834652,0.7,0.7793333333333333,0.7595,0.279720767548516,0.688,0.8073333333333333,0.7775,0.688,0.8086666666666666,0.7785,0.694,0.7946666666666666,0.7695,0.79
rbf_s10,4,4,10,0.23,0.9266666666666666,0.7525,0.7873701905332159,0.6456930661797523,0.9012362427314122,0.8464173333333334,0.8541546666666666,0.9358746666666666,0.864,0.8326666666666667,0.8405,0.2841522005370131,0.844,0.85,0.8485,0.844,0.8466666666666667,0.846,0.862,0.832,0.8395,0.8545
rbf_s10,4,4,20,0.408,0.9253333333333333,0.796,0.5979980425907241,0.689940172970295,0.9014042061169942,0.7915380000000001,0.7981093333333333,0.9521133333333334,0.816,0.8786666666666667,0.863,0.24329666833767452,0.824,0.876,0.863,0.818,0.878,0.863,0.818,0.8786666666666667,0.8635,0.8655
rbf_s10,4,4,50,0.666,0.9293333333333333,0.8635,0.3444390968283142,0.7445264437198639,0.8915710764129957,0.7047026666666667,0.7085093333333333,0.9865680000000001,0.946,0.8826666666666667,0.8985,0.2793740530204268,0.936,0.8926666666666667,0.9035,0.934,0.8913333333333333,0.902,0.944,0.8833333333333333,0.8985,0.904
rbf_s10,4,4,100,0.764,0.9246666666666666,0.8845,0.3211299324589418,0.7636820732951164,0.8805871449311574,0.659268,0.6616786666666666,0.985972,0.898,0.898,0.898,0.25459151109701383,0.898,0.9,0.8995,0.898,0.8986666666666666,0.8985,0.902,0.898,0.899,0.9035
