data,seed,K,n_c,m_old,recall_new,acc_old,acc,nll,conf_new,conf_old,auroc_unc,auroc_ent,auroc_c,em_recall_new,em_acc_old,em_acc,em_share,oracle_all_recall_new,oracle_all_acc_old,oracle_all_acc,oracle_c_recall_new,oracle_c_acc_old,oracle_c_acc,emc_recall_new,emc_acc_old,emc_acc,best_w_acc
covertype,0,7,1,-1,0.0,0.952,0.714,1.5376000190140133,0.9034403550624848,0.9524268273313841,0.6722586666666667,0.6747400000000001,0.7479319999999999,0.516,0.8153333333333334,0.7405,0.30217910100257855,0.512,0.8506666666666667,0.766,0.512,0.8466666666666667,0.763,0.516,0.84,0.759,0.7935
covertype,0,7,1,300,0.0,0.9413333333333334,0.706,1.267904128143164,0.8764342937469483,0.9408437952796618,0.6460726666666666,0.6436133333333334,0.7156693333333334,0.516,0.7973333333333333,0.727,0.3460344783472644,0.476,0.8446666666666667,0.7525,0.476,0.848,0.755,0.5,0.81,0.7325,0.782
covertype,0,7,1,100,0.232,0.918,0.7465,1.097289899993544,0.7920639714598656,0.9411652720868587,0.6985860000000002,0.692652,0.7539973333333334,0.522,0.82,0.7455,0.2811097428091613,0.512,0.836,0.755,0.512,0.8353333333333334,0.7545,0.516,0.834,0.7545,0.7745
covertype,0,7,2,-1,0.0,0.9546666666666667,0.716,1.5419356374969335,0.8948473463654518,0.9519419038494428,0.6727793333333334,0.6741053333333333,0.7443613333333333,0.468,0.8933333333333333,0.787,0.18332323061666633,0.482,0.8933333333333333,0.7905,0.482,0.8926666666666667,0.79,0.468,0.9066666666666666,0.797,0.7995
covertype,0,7,2,300,0.014,0.9413333333333334,0.7095,1.256725141293302,0.8559885322451591,0.9389982407490413,0.653172,0.6496,0.7203146666666667,0.436,0.898,0.7825,0.1833661277258095,0.462,0.8866666666666667,0.7805,0.458,0.8813333333333333,0.7755,0.436,0.9,0.784,0.785
covertype,0,7,2,100,0.272,0.9153333333333333,0.7545,1.1418394411066788,0.8021981976032257,0.9420231700738271,0.6939093333333333,0.6879626666666667,0.7526920000000001,0.474,0.8673333333333333,0.769,0.17728796381131018,0.494,0.8586666666666667,0.7675,0.482,0.858,0.764,0.45,0.878,0.771,0.773
covertype,0,7,5,-1,0.012,0.952,0.717,1.1920098765282103,0.8610356228351593,0.9492971016168594,0.7279080000000001,0.7257066666666666,0.8183333333333334,0.5,0.8913333333333333,0.7935,0.1912502563079665,0.554,0.886,0.803,0.554,0.8813333333333333,0.7995,0.522,0.8966666666666666,0.803,0.8055
covertype,0,7,5,300,0.054,0.9433333333333334,0.721,1.0104826882732811,0.7961810228824615,0.9315332114895185,0.7069213333333333,0.698912,0.789204,0.472,0.8893333333333333,0.785,0.1691323333239289,0.526,0.8846666666666667,0.795,0.528,0.8793333333333333,0.7915,0.476,0.8973333333333333,0.792,0.796
covertype,0,7,5,100,0.326,0.9066666666666666,0.7615,0.9267809902573776,0.8145912156701088,0.9272197690208753,0.7109653333333333,0.7095906666666666,0.7905106666666667,0.482,0.872,0.7745,0.17309490328579982,0.532,0.8613333333333333,0.779,0.518,0.858,0.773,0.478,0.8693333333333333,0.7715,0.7745
covertype,0,7,10,-1,0.002,0.9506666666666667,0.7135,0.9310684677211779,0.8523402221798897,0.9434233156442642,0.7490153333333334,0.7481306666666666,0.8538173333333333,0.586,0.8766666666666667,0.804,0.3056278688430245,0.53,0.902,0.809,0.53,0.9,0.8075,0.594,0.8846666666666667,0.812,0.8095
covertype,0,7,10,300,0.198,0.9433333333333334,0.757,0.768798108188581,0.7938029530644417,0.9202036234339078,0.7294946666666666,0.7201839999999999,0.8355386666666668,0.438,0.9033333333333333,0.787,0.21182117840101083,0.466,0.9166666666666666,0.804,0.468,0.912,0.801,0.448,0.9173333333333333,0.8,0.801
covertype,0,7,10,100,0.348,0.908,0.768,0.6627244181322502,0.7834328802227974,0.8823401711384455,0.7289680000000001,0.7212213333333333,0.8180693333333333,0.52,0.8453333333333334,0.764,0.2756818527356434,0.508,0.8613333333333333,0.773,0.5,0.8553333333333333,0.7665,0.52,0.842,0.7615,0.777
covertype,0,7,20,-1,0.184,0.9506666666666667,0.759,0.7867484127214844,0.8292938204407692,0.9378652225534121,0.7636293333333334,0.7616666666666665,0.8600173333333333,0.552,0.898,0.8115,0.23048670937539198,0.564,0.896,0.813,0.566,0.8973333333333333,0.8145,0.558,0.9013333333333333,0.8155,0.817
covertype,0,7,20,300,0.308,0.9393333333333334,0.7815,0.6478330055745066,0.7952274001836777,0.9040222205519676,0.7389053333333333,0.7341906666666667,0.8498026666666666,0.468,0.8946666666666667,0.788,0.19997537721395406,0.514,0.906,0.808,0.524,0.9026666666666666,0.808,0.478,0.9133333333333333,0.8045,0.808
covertype,0,7,20,100,0.44,0.8893333333333333,0.777,0.6083491465972417,0.7945308463573456,0.8571975335876147,0.6698706666666666,0.6745040000000001,0.8302120000000001,0.51,0.8546666666666667,0.7685,0.2467722540822569,0.516,0.8586666666666667,0.773,0.508,0.86,0.772,0.508,0.8653333333333333,0.776,0.78
covertype,1,7,1,-1,0.0,0.8973333333333333,0.673,1.578837054150401,0.9365143051743507,0.9091342944701513,0.5441686666666666,0.5482133333333334,0.7940186666666667,0.708,0.6253333333333333,0.646,0.4459079230808375,0.564,0.734,0.6915,0.56,0.736,0.692,0.686,0.65,0.659,0.7155
covertype,1,7,1,300,0.0,0.86,0.645,1.395557979517443,0.9108357748985291,0.8652883788545926,0.477406,0.4781893333333333,0.7658426666666668,0.734,0.5033333333333333,0.561,0.539556241579371,0.528,0.7,0.657,0.538,0.6886666666666666,0.651,0.66,0.5906666666666667,0.608,0.676
covertype,1,7,1,100,0.0,0.8393333333333334,0.6295,1.214523252253381,0.8235227409601211,0.8059555434981982,0.5462400000000001,0.5611119999999999,0.7388,0.65,0.6,0.6125,0.429091492952043,0.576,0.6506666666666666,0.632,0.56,0.6493333333333333,0.627,0.65,0.578,0.596,0.6615
covertype,1,7,2,-1,0.0,0.896,0.672,1.5163160142029966,0.9339742681980133,0.9096275927225749,0.5728546666666667,0.5741773333333334,0.7868146666666668,0.592,0.7153333333333334,0.6845,0.33358573994234947,0.542,0.7706666666666667,0.7135,0.538,0.7713333333333333,0.713,0.58,0.738,0.6985,0.718
covertype,1,7,2,300,0.0,0.8626666666666667,0.647,1.292191227071325,0.9078015440702438,0.864033131857713,0.520456,0.5153493333333333,0.7765293333333334,0.858,0.2713333333333333,0.418,0.5483815101013425,0.494,0.7226666666666667,0.6655,0.496,0.7126666666666667,0.6585,0.696,0.572,0.603,0.6705
covertype,1,7,2,100,0.0,0.8286666666666667,0.6215,1.0131348987165074,0.7795668107867241,0.7893327574531237,0.5672253333333334,0.5750333333333334,0.8094493333333331,0.852,0.5013333333333333,0.589,0.4717911867172851,0.682,0.6266666666666667,0.6405,0.676,0.644,0.652,0.802,0.548,0.6115,0.658
covertype,1,7,5,-1,0.014,0.8966666666666666,0.676,1.2808562178575311,0.9134359420537949,0.9066812236706416,0.5747413333333333,0.5808359999999999,0.8191506666666667,0.416,0.85,0.7415,0.21957460215581381,0.48,0.8326666666666667,0.7445,0.476,0.8326666666666667,0.7435,0.436,0.844,0.742,0.7425
covertype,1,7,5,300,0.0,0.858,0.6435,1.16585988033122,0.8723879128694534,0.855291399081548,0.5064306666666667,0.5119480000000001,0.7614846666666667,0.41,0.7786666666666666,0.6865,0.21141535675008769,0.448,0.7726666666666666,0.6915,0.45,0.7626666666666667,0.6845,0.404,0.778,0.6845,0.6935
covertype,1,7,5,100,0.064,0.8313333333333334,0.6395,0.9258651727248921,0.7202312424182892,0.7690185925960541,0.575784,0.5750000000000001,0.780608,0.666,0.6066666666666667,0.6215,0.38339937849001293,0.572,0.676,0.65,0.556,0.6913333333333334,0.6575,0.614,0.6706666666666666,0.6565,0.6815
covertype,1,7,10,-1,0.062,0.9,0.6905,1.0488792253822856,0.8968766677379608,0.9079163556893667,0.6592553333333333,0.6659680000000001,0.908016,0.344,0.886,0.7505,0.16487580010861722,0.464,0.8666666666666667,0.766,0.462,0.8686666666666667,0.767,0.368,0.8853333333333333,0.756,0.7815
covertype,1,7,10,300,0.018,0.862,0.651,0.9337537543789401,0.8383989810943604,0.8444711447358132,0.589796,0.588432,0.8698159999999999,0.312,0.832,0.702,0.20707810822121506,0.362,0.8066666666666666,0.6955,0.366,0.8006666666666666,0.692,0.312,0.8286666666666667,0.6995,0.7005
covertype,1,7,10,100,0.22,0.8186666666666667,0.669,0.7652345390140697,0.6730177063941956,0.7384693684180578,0.6190546666666666,0.6034386666666667,0.8526120000000001,0.868,0.5213333333333333,0.608,0.4545314727746334,0.548,0.696,0.659,0.516,0.704,0.657,0.674,0.6633333333333333,0.666,0.6805
covertype,1,7,20,-1,0.116,0.904,0.707,0.8918603726577778,0.8638436894416809,0.9063194397091866,0.6987053333333334,0.7014386666666667,0.925376,0.348,0.8966666666666666,0.7595,0.13251308072393012,0.512,0.8773333333333333,0.786,0.512,0.8786666666666667,0.787,0.364,0.8966666666666666,0.7635,0.802
covertype,1,7,20,300,0.136,0.8493333333333334,0.671,0.78474887093195,0.798939870595932,0.8361831785241762,0.634104,0.62644,0.8805973333333332,0.274,0.814,0.679,0.15675369489573146,0.42,0.816,0.717,0.416,0.8013333333333333,0.705,0.288,0.8346666666666667,0.698,0.708
covertype,1,7,20,100,0.462,0.746,0.675,0.6961614906675113,0.6847806650996208,0.7350163871248563,0.5879653333333333,0.5787053333333334,0.8687466666666668,0.652,0.6513333333333333,0.6515,0.3036751143779536,0.582,0.7066666666666667,0.6755,0.564,0.714,0.6765,0.59,0.7053333333333334,0.6765,0.6785
covertype,2,7,1,-1,0.002,0.862,0.647,1.4031247614326752,0.7115461613535881,0.8785832581718763,0.7998413333333333,0.8392013333333332,0.9510053333333333,0.446,0.826,0.731,0.1492610567387147,0.72,0.816,0.792,0.728,0.8166666666666667,0.7945,0.714,0.8186666666666667,0.7925,0.8165
covertype,2,7,1,300,0.0,0.7973333333333333,0.598,1.1601377838799347,0.5857108610272408,0.8576196708877881,0.88454,0.9163,0.963596,0.458,0.768,0.6905,0.1607655667203936,0.772,0.7613333333333333,0.764,0.828,0.7553333333333333,0.7735,0.824,0.7553333333333333,0.7725,0.797
covertype,2,7,1,100,0.046,0.7993333333333333,0.611,0.9067287825750007,0.4746452876925468,0.8170010070800782,0.9414946666666667,0.9660479999999999,0.9799426666666667,0.342,0.774,0.666,0.13007785998839902,0.892,0.7613333333333333,0.794,1.0,0.7473333333333333,0.8105,1.0,0.746,0.8095,0.8115
covertype,2,7,2,-1,0.0,0.862,0.6465,0.871911721237079,0.6519547132253647,0.8765737203359604,0.855564,0.918492,0.9873786666666666,1.0,0.798,0.8485,0.3293784488610681,1.0,0.798,0.8485,1.0,0.7986666666666666,0.849,1.0,0.7966666666666666,0.8475,0.8705
covertype,2,7,2,300,0.01,0.7973333333333333,0.6005,0.8108907551879097,0.4626456893384457,0.8552679845293363,0.9507866666666666,0.9718746666666667,0.9855426666666667,1.0,0.7413333333333333,0.806,0.3178923673568847,1.0,0.7446666666666667,0.8085,1.0,0.7453333333333333,0.809,1.0,0.744,0.808,0.819
covertype,2,7,2,100,0.498,0.796,0.7215,0.6907419171888032,0.4164384261369705,0.8118588568170866,0.9669626666666666,0.969868,0.985464,0.584,0.7733333333333333,0.726,0.1727442945586656,0.996,0.7566666666666667,0.8165,1.0,0.754,0.8155,1.0,0.7513333333333333,0.8135,0.826
covertype,2,7,5,-1,0.072,0.8613333333333333,0.664,0.7463832611510577,0.5936433586478234,0.8777437077760697,0.89246,0.9301613333333334,0.9886466666666667,1.0,0.8026666666666666,0.852,0.28933147429468625,0.996,0.8233333333333334,0.8665,0.996,0.8213333333333334,0.865,0.996,0.8186666666666667,0.863,0.869
covertype,2,7,5,300,0.452,0.7866666666666666,0.703,0.6690205572379716,0.43442199838161466,0.8469606534838676,0.9713826666666665,0.9772586666666667,0.9868520000000001,0.0,0.762,0.5715,0.054652607999822356,1.0,0.7526666666666667,0.8145,1.0,0.7453333333333333,0.809,1.0,0.7446666666666667,0.8085,0.817
covertype,2,7,5,100,0.85,0.7766666666666666,0.795,0.576978557914565,0.5423073620200157,0.8210512890617053,0.9348186666666667,0.9586680000000001,0.9777119999999999,0.0,0.784,0.588,0.001843656812885827,1.0,0.7646666666666667,0.8235,1.0,0.7693333333333333,0.827,1.0,0.7693333333333333,0.827,0.828
covertype,2,7,10,-1,0.316,0.8606666666666667,0.7245,0.6406065651600549,0.58973663854599,0.8773541001478831,0.8927373333333333,0.9283933333333333,0.9896053333333333,0.898,0.8426666666666667,0.8565,0.22244119307619462,0.968,0.8353333333333334,0.8685,0.968,0.8346666666666667,0.868,0.968,0.8346666666666667,0.868,0.8695
covertype,2,7,10,300,0.87,0.7766666666666666,0.8,0.5868618492824889,0.5169266719818115,0.8485700025558471,0.936944,0.965128,0.9871066666666667,0.0,0.7673333333333333,0.5755,0.021199195757389,1.0,0.756,0.817,1.0,0.756,0.817,1.0,0.7546666666666667,0.816,0.8185
covertype,2,7,10,100,0.916,0.7746666666666666,0.81,0.5172076883651966,0.7223769770264625,0.8296164011955262,0.7281546666666667,0.8531426666666666,0.981308,0.762,0.7633333333333333,0.763,0.1620059182918526,0.996,0.7693333333333333,0.826,0.976,0.774,0.8245,0.976,0.774,0.8245,0.8275
covertype,2,7,20,-1,0.514,0.854,0.769,0.5154600514500517,0.5935802460312843,0.876110242664814,0.8926573333333333,0.92912,0.9899306666666666,0.948,0.8366666666666667,0.8645,0.21310160102338147,0.968,0.834,0.8675,0.97,0.8333333333333334,0.8675,0.97,0.8333333333333334,0.8675,0.869
covertype,2,7,20,300,0.94,0.772,0.814,0.5163136954851678,0.7004867095947266,0.85594214985768,0.81398,0.915864,0.9884133333333333,0.118,0.7626666666666667,0.6015,0.10521441839155883,0.994,0.7586666666666667,0.8175,0.996,0.7586666666666667,0.818,0.996,0.758,0.8175,0.818
covertype,2,7,20,100,0.954,0.772,0.8175,0.4984215741935836,0.8286404446363449,0.8326919192870458,0.4901533333333334,0.5852466666666667,0.9812213333333334,0.758,0.758,0.758,0.17692606485923948,0.984,0.7633333333333333,0.8185,0.974,0.77,0.821,0.974,0.77,0.821,0.8235
covertype,3,7,1,-1,0.364,0.8453333333333334,0.725,0.8910954957181105,0.6992909541726112,0.8730439827640851,0.810428,0.8574653333333334,0.9936413333333334,1.0,0.8026666666666666,0.852,0.30562519604526994,1.0,0.808,0.856,1.0,0.806,0.8545,1.0,0.8046666666666666,0.8535,0.867
covertype,3,7,1,300,0.56,0.7893333333333333,0.732,0.6010685897550561,0.5727708615660667,0.8172726083000501,0.8714973333333335,0.9253786666666667,0.996456,1.0,0.736,0.802,0.3214220296205647,1.0,0.756,0.817,1.0,0.754,0.8155,1.0,0.75,0.8125,0.833
covertype,3,7,1,100,0.706,0.766,0.751,0.6514478601857281,0.443040217936039,0.8130409253338973,0.9591946666666665,0.9546746666666667,0.995212,1.0,0.738,0.8035,0.31940408851242713,1.0,0.7513333333333333,0.8135,1.0,0.7406666666666667,0.8055,1.0,0.7386666666666667,0.804,0.813
covertype,3,7,2,-1,0.498,0.8466666666666667,0.7595,0.6623575019537885,0.6835038791894913,0.8701897106170654,0.8121306666666667,0.8570373333333333,0.9930546666666666,1.0,0.802,0.8515,0.3031590938546264,1.0,0.8073333333333333,0.8555,1.0,0.8073333333333333,0.8555,1.0,0.8046666666666666,0.8535,0.8635
covertype,3,7,2,300,0.716,0.7926666666666666,0.7735,0.5376796294929577,0.6554911013841629,0.823737128118674,0.7917959999999999,0.881156,0.9964386666666667,1.0,0.768,0.826,0.2992913748885378,1.0,0.7706666666666667,0.828,1.0,0.77,0.8275,1.0,0.7693333333333333,0.827,0.8375
covertype,3,7,2,100,0.892,0.7706666666666667,0.801,0.5866521785153993,0.5700668356716633,0.8169497170348962,0.9057533333333334,0.9327893333333332,0.9958826666666667,1.0,0.74,0.805,0.27087091589553003,1.0,0.7593333333333333,0.8195,1.0,0.7526666666666667,0.8145,1.0,0.752,0.814,0.817
covertype,3,7,5,-1,0.592,0.842,0.7795,0.5539104963767356,0.7312361124753952,0.8685073035558065,0.7198840000000001,0.7597013333333333,0.9957386666666667,0.984,0.8113333333333334,0.8545,0.2611744975858623,0.996,0.8213333333333334,0.865,0.994,0.8186666666666667,0.8625,0.996,0.8186666666666667,0.863,0.863
covertype,3,7,5,300,0.794,0.792,0.7925,0.500116875583885,0.7519259815216064,0.8235820568998655,0.6278733333333334,0.6948506666666666,0.9968373333333334,1.0,0.776,0.832,0.2669124358749966,0.998,0.7786666666666666,0.8335,1.0,0.7753333333333333,0.8315,1.0,0.7753333333333333,0.8315,0.8385
covertype,3,7,5,100,0.904,0.7733333333333333,0.806,0.49735161339235356,0.8252600532770157,0.8180565211574237,0.4994266666666667,0.5790026666666667,0.996388,0.974,0.7613333333333333,0.8145,0.24509526454563912,0.98,0.774,0.8255,0.992,0.76,0.818,0.994,0.76,0.8185,0.819
covertype,3,7,10,-1,0.758,0.8406666666666667,0.82,0.4434176738065956,0.7229631587266921,0.8670738395055135,0.7387519999999999,0.7732466666666666,0.996544,1.0,0.8073333333333333,0.8555,0.28753483348977776,1.0,0.8186666666666667,0.864,1.0,0.8166666666666667,0.8625,1.0,0.814,0.8605,0.8695
covertype,3,7,10,300,0.93,0.786,0.822,0.44713188462443293,0.8528439929485321,0.8273392257094383,0.43847200000000003,0.485256,0.9969386666666666,1.0,0.774,0.8305,0.27126980314198057,0.984,0.7793333333333333,0.8305,1.0,0.7786666666666666,0.834,1.0,0.7773333333333333,0.833,0.8355
covertype,3,7,10,100,0.98,0.77,0.8225,0.46986338161630326,0.872825018286705,0.8213540142178536,0.3839373333333333,0.4318,0.9955213333333334,1.0,0.754,0.8155,0.25786940366409544,1.0,0.774,0.8305,1.0,0.7666666666666667,0.825,1.0,0.766,0.8245,0.826
covertype,3,7,20,-1,0.91,0.8386666666666667,0.8565,0.3651565815930505,0.8478385131359101,0.8669338018695514,0.4963966666666666,0.52198,0.9975,1.0,0.8246666666666667,0.8685,0.2702705791505488,1.0,0.832,0.874,1.0,0.8306666666666667,0.873,1.0,0.8306666666666667,0.873,0.874
covertype,3,7,20,300,0.942,0.7853333333333333,0.8245,0.42827610370781394,0.9253411052227021,0.8236256198485692,0.21018399999999998,0.22913866666666666,0.9966893333333333,0.978,0.792,0.8385,0.25332077937985364,0.978,0.7906666666666666,0.8375,0.998,0.7833333333333333,0.837,0.998,0.7833333333333333,0.837,0.837
covertype,3,7,20,100,0.994,0.772,0.8275,0.45616833762824194,0.946534753203392,0.8251231247385343,0.11554133333333333,0.116532,0.9961213333333333,1.0,0.7546666666666667,0.816,0.2589895487460634,0.998,0.778,0.833,1.0,0.7686666666666667,0.8265,1.0,0.7686666666666667,0.8265,0.8275
covertype,4,7,1,-1,0.024,0.8673333333333333,0.6565,1.527947437124305,0.7165049916505813,0.8736775037844976,0.7112919999999999,0.7532533333333333,0.9228866666666667,0.572,0.8373333333333334,0.771,0.18289889898464987,0.638,0.8326666666666667,0.784,0.628,0.8326666666666667,0.7815,0.562,0.8393333333333334,0.77,0.802
covertype,4,7,1,300,0.12,0.8133333333333334,0.64,1.4657917777635532,0.6791025897860528,0.8505650352239609,0.728108,0.7619066666666666,0.890904,0.576,0.7473333333333333,0.7045,0.2056635719531154,0.652,0.7606666666666667,0.7335,0.648,0.7693333333333333,0.739,0.576,0.776,0.726,0.7435
covertype,4,7,1,100,0.216,0.7933333333333333,0.649,1.3100009490967506,0.6785713822245598,0.8430122577548027,0.6947466666666666,0.7445026666666668,0.8944386666666667,0.582,0.7193333333333334,0.685,0.2641574177498298,0.616,0.7353333333333333,0.7055,0.606,0.7466666666666667,0.7115,0.584,0.7553333333333333,0.7125,0.725
covertype,4,7,2,-1,0.018,0.8693333333333333,0.6565,1.173758090470134,0.7147512492835522,0.8749169965187709,0.7416600000000001,0.7953106666666666,0.950324,0.9,0.7613333333333333,0.796,0.30682489671172464,0.85,0.7846666666666666,0.801,0.84,0.7866666666666666,0.8,0.882,0.7766666666666666,0.803,0.8035
covertype,4,7,2,300,0.094,0.8126666666666666,0.633,1.1178065382769442,0.6712171425819397,0.8524764083623886,0.7446053333333333,0.7929759999999999,0.9401906666666667,0.756,0.764,0.762,0.2875178610797704,0.742,0.7746666666666666,0.7665,0.734,0.7766666666666666,0.766,0.756,0.7666666666666667,0.764,0.771
covertype,4,7,2,100,0.152,0.796,0.635,1.085631831134119,0.65108342897892,0.8312862443526586,0.758604,0.8212386666666667,0.9407053333333333,0.872,0.666,0.7175,0.39084327521047146,0.794,0.7526666666666667,0.763,0.792,0.7606666666666667,0.7685,0.882,0.6813333333333333,0.7315,0.768
covertype,4,7,5,-1,0.072,0.8693333333333333,0.67,0.8805476076638266,0.6468516190946102,0.8714246053099632,0.7894146666666667,0.8405933333333333,0.9655893333333334,0.812,0.8093333333333333,0.81,0.2781509146402764,0.81,0.818,0.816,0.81,0.8206666666666667,0.818,0.81,0.8173333333333334,0.8155,0.8305
covertype,4,7,5,300,0.448,0.8093333333333333,0.719,0.8354411404510861,0.6058114467859268,0.849024294813474,0.8066773333333335,0.840184,0.9498853333333335,0.796,0.788,0.79,0.2549134177435502,0.796,0.7806666666666666,0.7845,0.796,0.7853333333333333,0.788,0.796,0.7853333333333333,0.788,0.7925
covertype,4,7,5,100,0.518,0.7913333333333333,0.723,0.9164894353138519,0.6041861814260483,0.8286864104668299,0.8116519999999999,0.837756,0.9409986666666665,0.806,0.76,0.7715,0.23876288087134093,0.806,0.7546666666666667,0.7675,0.806,0.758,0.77,0.806,0.756,0.7685,0.7855
covertype,4,7,10,-1,0.292,0.8613333333333333,0.719,0.738517394025543,0.6303841761946678,0.8747539706230164,0.81554,0.8498173333333333,0.9683,0.822,0.84,0.8355,0.25347053356648663,0.822,0.8433333333333334,0.838,0.82,0.838,0.8335,0.818,0.838,0.833,0.834
covertype,4,7,10,300,0.574,0.806,0.748,0.7431462590963432,0.6473557953238487,0.8426516052683194,0.7842813333333334,0.8356626666666667,0.9380746666666666,0.804,0.788,0.792,0.23988404759090723,0.808,0.784,0.79,0.806,0.7846666666666666,0.79,0.804,0.786,0.7905,0.7955
covertype,4,7,10,100,0.598,0.7833333333333333,0.737,0.9112175458683928,0.7196881811618805,0.8276400068203609,0.70844,0.7850866666666667,0.9122653333333335,0.772,0.77,0.7705,0.2191053049259387,0.8,0.7753333333333333,0.7815,0.8,0.7733333333333333,0.78,0.786,0.7746666666666666,0.7775,0.7775
covertype,4,7,20,-1,0.654,0.8593333333333333,0.808,0.6317512306723698,0.7387814565896987,0.8800557062228521,0.7283546666666666,0.7738306666666668,0.9648453333333333,0.808,0.8413333333333334,0.833,0.23103020214472636,0.81,0.8453333333333334,0.8365,0.808,0.8413333333333334,0.833,0.804,0.8426666666666667,0.833,0.836
covertype,4,7,20,300,0.718,0.8086666666666666,0.786,0.6564429449794964,0.8329981943368912,0.8521515625516574,0.5475253333333334,0.6105039999999999,0.9447853333333334,0.798,0.7986666666666666,0.7985,0.22635389477421125,0.804,0.802,0.8025,0.802,0.7993333333333333,0.8,0.796,0.8006666666666666,0.7995,0.8
covertype,4,7,20,100,0.788,0.7853333333333333,0.786,0.8511679672365233,0.8583386140465736,0.8419952907164892,0.5047266666666667,0.5620533333333333,0.9189386666666666,0.798,0.7746666666666666,0.7805,0.21626705749153607,0.802,0.7793333333333333,0.785,0.804,0.7813333333333333,0.787,0.798,0.7833333333333333,0.787,0.7875
insects_abrupt_balanced,0,6,1,-1,0.0,0.618,0.4635,1.8915378005291554,0.558705598294735,0.5995587957104047,0.607388,0.607748,0.8733746666666666,0.988,0.296,0.469,0.5839894081768722,0.944,0.4073333333333333,0.5415,0.948,0.4026666666666667,0.539,0.988,0.33266666666666667,0.4965,0.5685
insects_abrupt_balanced,0,6,1,300,0.002,0.5713333333333334,0.429,1.6961726451380905,0.5432773813605308,0.5794487146337827,0.5822986666666666,0.6425333333333333,0.8961813333333333,0.978,0.30866666666666664,0.476,0.5045617813924905,0.964,0.418,0.5545,0.964,0.4126666666666667,0.5505,0.978,0.3586666666666667,0.5135,0.57
insects_abrupt_balanced,0,6,1,100,0.016,0.4646666666666667,0.3525,1.7509560808938804,0.37651842188835144,0.4758527980943521,0.7830106666666666,0.8044173333333333,0.7802533333333334,0.892,0.19666666666666666,0.3705,0.5423203004486591,0.82,0.278,0.4135,0.81,0.254,0.393,0.946,0.21466666666666667,0.3975,0.407
insects_abrupt_balanced,0,6,2,-1,0.004,0.616,0.463,1.6758113081523334,0.54906023812294,0.6000961207350095,0.629752,0.6279800000000001,0.904568,0.998,0.20866666666666667,0.406,0.6517356629534838,0.982,0.38866666666666666,0.537,0.986,0.38266666666666665,0.5335,1.0,0.2786666666666667,0.459,0.581
insects_abrupt_balanced,0,6,2,300,0.072,0.5686666666666667,0.4445,1.4834982379027297,0.5442338311970234,0.5812072996894518,0.5849719999999999,0.660436,0.9217199999999999,0.986,0.322,0.488,0.4570906119774413,0.96,0.44866666666666666,0.5765,0.968,0.43666666666666665,0.5695,0.98,0.38333333333333336,0.5325,0.581
insects_abrupt_balanced,0,6,2,100,0.28,0.46,0.415,1.4571433049558726,0.39752837938070296,0.47579943789045015,0.6981173333333334,0.7890866666666667,0.8800226666666666,0.846,0.292,0.4305,0.4111882722045582,0.78,0.38066666666666665,0.4805,0.794,0.358,0.467,0.922,0.284,0.4435,0.4685
insects_abrupt_balanced,0,6,5,-1,0.0,0.6186666666666667,0.464,1.4375836664636856,0.534506945014,0.5960843803683916,0.659628,0.6730853333333334,0.9370453333333333,0.994,0.30533333333333335,0.4775,0.573774944407847,0.994,0.42133333333333334,0.5645,0.994,0.41933333333333334,0.563,0.994,0.352,0.5125,0.6275
insects_abrupt_balanced,0,6,5,300,0.1,0.5706666666666667,0.453,1.2671393229982073,0.4996376602053642,0.5662066633999348,0.661804,0.7331813333333332,0.9351013333333333,0.982,0.37733333333333335,0.5285,0.42421754251249594,0.972,0.45666666666666667,0.5855,0.97,0.4513333333333333,0.581,0.978,0.41933333333333334,0.559,0.596
insects_abrupt_balanced,0,6,5,100,0.562,0.4686666666666667,0.492,1.1798884610154345,0.46657487508654594,0.4697294019460678,0.5374800000000001,0.6854479999999998,0.9395693333333334,0.984,0.2733333333333333,0.451,0.4559377379227161,0.958,0.39466666666666667,0.5355,0.964,0.37333333333333335,0.521,0.99,0.2926666666666667,0.467,0.535
insects_abrupt_balanced,0,6,10,-1,0.0,0.6133333333333333,0.46,1.3230086056973445,0.5054527451395988,0.5943398229479789,0.7246553333333333,0.7465853333333332,0.9445479999999999,0.976,0.45466666666666666,0.585,0.33921389616313413,0.926,0.5246666666666666,0.625,0.932,0.522,0.6245,0.964,0.5013333333333333,0.617,0.6305
insects_abrupt_balanced,0,6,10,300,0.326,0.5513333333333333,0.495,1.1650210609013016,0.47281891864538195,0.5671081730326016,0.7190093333333333,0.7493906666666665,0.9390933333333334,0.886,0.4726666666666667,0.576,0.2558649460150233,0.898,0.48933333333333334,0.5915,0.904,0.48,0.586,0.91,0.478,0.586,0.589
insects_abrupt_balanced,0,6,10,100,0.706,0.4493333333333333,0.5135,1.1106459543056726,0.6151771768331528,0.49429224811991057,0.39678,0.46276266666666666,0.942684,0.86,0.352,0.479,0.29448975801169497,0.874,0.438,0.547,0.882,0.42,0.5355,0.896,0.4073333333333333,0.5295,0.5345
insects_abrupt_balanced,0,6,20,-1,0.074,0.6093333333333333,0.4755,1.2332610367024026,0.4689500734806061,0.5892498185634613,0.7819533333333334,0.7758186666666665,0.9364639999999999,0.81,0.546,0.612,0.22678812017738462,0.832,0.536,0.61,0.836,0.5386666666666666,0.613,0.824,0.5426666666666666,0.613,0.6165
insects_abrupt_balanced,0,6,20,300,0.548,0.54,0.542,1.0646118496298809,0.508106529712677,0.5602782091895739,0.6186413333333334,0.6408280000000001,0.9395306666666666,0.906,0.4806666666666667,0.587,0.25946086252358025,0.906,0.486,0.591,0.91,0.48333333333333334,0.59,0.912,0.48333333333333334,0.5905,0.593
insects_abrupt_balanced,0,6,20,100,0.808,0.45666666666666667,0.5445,1.115887737955803,0.6779744336605072,0.5053564754724502,0.32261866666666666,0.3825733333333333,0.9351119999999999,0.882,0.366,0.495,0.26719855276470633,0.866,0.436,0.5435,0.872,0.44,0.548,0.872,0.438,0.5465,0.5495
insects_abrupt_balanced,1,6,1,-1,0.0,0.6286666666666667,0.4715,2.3027948514820804,0.5757365199923515,0.6186988266905149,0.5890106666666667,0.5436253333333333,0.5633546666666667,0.438,0.33266666666666667,0.359,0.4475268213231884,0.44,0.41333333333333333,0.42,0.44,0.4033333333333333,0.4125,0.494,0.36666666666666664,0.3985,0.483
insects_abrupt_balanced,1,6,1,300,0.0,0.5906666666666667,0.443,2.141707135019113,0.5595120647847652,0.598210547854503,0.5684506666666667,0.5352933333333333,0.5548746666666667,0.378,0.35,0.357,0.40619025605383585,0.392,0.4206666666666667,0.4135,0.394,0.4046666666666667,0.402,0.432,0.386,0.3975,0.4445
insects_abrupt_balanced,1,6,1,100,0.0,0.5233333333333333,0.3925,1.884339161160252,0.48268874353170393,0.5685238984624544,0.67084,0.597208,0.4860786666666667,0.58,0.154,0.2605,0.6324431319349458,0.486,0.31733333333333336,0.3595,0.496,0.29,0.3415,0.75,0.15866666666666668,0.3065,0.3935
insects_abrupt_balanced,1,6,2,-1,0.0,0.6286666666666667,0.4715,2.3148565704226645,0.5747458991408348,0.6174736247956752,0.5876306666666666,0.5396453333333333,0.53116,0.376,0.3506666666666667,0.357,0.38587102576727633,0.384,0.42333333333333334,0.4135,0.382,0.4093333333333333,0.4025,0.412,0.3973333333333333,0.401,0.4735
insects_abrupt_balanced,1,6,2,300,0.0,0.5886666666666667,0.4415,2.209426530768279,0.5605588355064393,0.5951471008261044,0.553536,0.5238053333333333,0.49782800000000005,0.334,0.358,0.352,0.34301990832944207,0.312,0.4226666666666667,0.395,0.328,0.404,0.385,0.308,0.4086666666666667,0.3835,0.4415
insects_abrupt_balanced,1,6,2,100,0.0,0.526,0.3945,1.9059048275876238,0.4783907951414585,0.5608453201055527,0.6604626666666666,0.5874493333333334,0.4805413333333333,0.332,0.308,0.314,0.4061758042561606,0.396,0.35733333333333334,0.367,0.424,0.33266666666666667,0.3555,0.45,0.31666666666666665,0.35,0.395
insects_abrupt_balanced,1,6,5,-1,0.0,0.6293333333333333,0.472,1.6292106658162944,0.5681234694719315,0.618194278071324,0.6079399999999999,0.6146626666666666,0.8136053333333333,0.978,0.188,0.3855,0.7573411961830319,0.81,0.44133333333333336,0.5335,0.808,0.43066666666666664,0.525,0.97,0.212,0.4015,0.5465
insects_abrupt_balanced,1,6,5,300,0.0,0.586,0.4395,1.5356789574906389,0.5428497661054135,0.5923000462055207,0.5837013333333334,0.6329653333333334,0.786628,0.516,0.42733333333333334,0.4495,0.31818337241198874,0.616,0.47733333333333333,0.512,0.594,0.4666666666666667,0.4985,0.612,0.45666666666666667,0.4955,0.4985
insects_abrupt_balanced,1,6,5,100,0.002,0.5106666666666667,0.3835,1.4047683483379987,0.4235801230072975,0.5438680094877879,0.7313013333333334,0.6922986666666666,0.7447119999999998,0.956,0.19,0.3815,0.6382661772791678,0.668,0.37666666666666665,0.4495,0.698,0.35933333333333334,0.444,0.966,0.192,0.3855,0.452
insects_abrupt_balanced,1,6,10,-1,0.0,0.632,0.474,1.5049106129960301,0.5589876205325127,0.6156226178208987,0.6227800000000001,0.6705986666666667,0.844336,0.9,0.3526666666666667,0.4895,0.4603170851328469,0.746,0.522,0.578,0.746,0.514,0.572,0.874,0.414,0.529,0.5765
insects_abrupt_balanced,1,6,10,300,0.012,0.584,0.441,1.3097761604132188,0.5070628229379653,0.5859236074288686,0.6709660000000001,0.726812,0.8580053333333334,0.72,0.434,0.5055,0.3049445131210396,0.742,0.49133333333333334,0.554,0.74,0.4806666666666667,0.5455,0.764,0.4673333333333333,0.5415,0.5455
insects_abrupt_balanced,1,6,10,100,0.262,0.5186666666666667,0.4545,1.223431080619917,0.39704826998710635,0.5355205456713835,0.7673800000000001,0.706852,0.8573400000000001,0.824,0.38066666666666665,0.4915,0.4024843799662773,0.762,0.44733333333333336,0.526,0.748,0.434,0.5125,0.942,0.292,0.4545,0.5105
insects_abrupt_balanced,1,6,20,-1,0.0,0.62,0.465,1.3522168905309417,0.5331011617183685,0.6087257142364979,0.661868,0.7186986666666667,0.861,0.59,0.51,0.53,0.23734514396891468,0.702,0.5546666666666666,0.5915,0.706,0.5366666666666666,0.579,0.698,0.54,0.5795,0.5805
insects_abrupt_balanced,1,6,20,300,0.146,0.5726666666666667,0.466,1.17055620000109,0.46232285994291306,0.5725873450040817,0.7271906666666667,0.7480786666666667,0.8679319999999999,0.664,0.4666666666666667,0.516,0.2341594723938986,0.724,0.506,0.5605,0.716,0.4866666666666667,0.544,0.706,0.49133333333333334,0.545,0.544
insects_abrupt_balanced,1,6,20,100,0.594,0.476,0.5055,1.149786967273128,0.4662176651954651,0.5398604562481244,0.6431173333333334,0.648664,0.8560986666666668,0.656,0.45,0.5015,0.25204789975153724,0.742,0.4553333333333333,0.527,0.72,0.432,0.504,0.816,0.3953333333333333,0.5005,0.507
insects_abrupt_balanced,2,6,1,-1,0.008,0.6586666666666666,0.496,2.01867288689034,0.6906130933165551,0.6848894686301549,0.483464,0.5296346666666667,0.8243893333333333,0.696,0.504,0.552,0.33320822528087296,0.632,0.5366666666666666,0.5605,0.632,0.5293333333333333,0.555,0.658,0.5266666666666666,0.5595,0.56
insects_abrupt_balanced,2,6,1,300,0.032,0.6266666666666667,0.478,1.7349399206770366,0.7539896090626717,0.7067993068893751,0.414752,0.4622826666666667,0.8381386666666666,0.834,0.4093333333333333,0.5155,0.43877644617789485,0.69,0.5026666666666667,0.5495,0.654,0.498,0.537,0.792,0.454,0.5385,0.542
insects_abrupt_balanced,2,6,1,100,0.066,0.5746666666666667,0.4475,1.7970661882150303,0.7575146977305413,0.7439072221914927,0.47738933333333333,0.5084266666666667,0.8231279999999999,0.278,0.5426666666666666,0.4765,0.188577685708835,0.478,0.5053333333333333,0.4985,0.398,0.5173333333333333,0.4875,0.288,0.538,0.4755,0.5065
insects_abrupt_balanced,2,6,2,-1,0.036,0.66,0.504,2.0373099510188712,0.6957626419067383,0.6852614527146021,0.47552666666666665,0.5239453333333334,0.8104266666666666,0.154,0.6473333333333333,0.524,0.07672890723490745,0.37,0.61,0.55,0.368,0.602,0.5435,0.222,0.644,0.5385,0.5465
insects_abrupt_balanced,2,6,2,300,0.07,0.6146666666666667,0.4785,1.8847863719894653,0.7714415687918663,0.7069086021582286,0.38692533333333334,0.41862133333333335,0.8099320000000001,0.126,0.5913333333333334,0.475,0.06737858098866913,0.304,0.5773333333333334,0.509,0.304,0.5693333333333334,0.503,0.176,0.5973333333333334,0.492,0.51
insects_abrupt_balanced,2,6,2,100,0.1,0.5713333333333334,0.4535,1.8921262960652916,0.7762234002947808,0.7454007506569227,0.4490786666666667,0.47439999999999993,0.8006293333333334,0.118,0.574,0.46,0.05088259297653378,0.22,0.5513333333333333,0.4685,0.212,0.544,0.461,0.13,0.5626666666666666,0.4545,0.4785
insects_abrupt_balanced,2,6,5,-1,0.016,0.6633333333333333,0.5015,1.7361827321658612,0.6888167639970779,0.684182693918546,0.483668,0.531432,0.7876093333333333,0.208,0.6166666666666667,0.5145,0.14548267498789771,0.412,0.5793333333333334,0.5375,0.412,0.5733333333333334,0.533,0.292,0.6086666666666667,0.5295,0.5315
insects_abrupt_balanced,2,6,5,300,0.064,0.6113333333333333,0.4745,1.6613475074149213,0.7541493164896965,0.7034221761425337,0.4110546666666667,0.4619266666666666,0.7704426666666667,0.11,0.5893333333333334,0.4695,0.07014545250142006,0.304,0.562,0.4975,0.304,0.55,0.4885,0.162,0.5933333333333334,0.4855,0.491
insects_abrupt_balanced,2,6,5,100,0.106,0.5726666666666667,0.456,1.7485443776504148,0.763434336066246,0.7341536158720652,0.44018266666666667,0.47180399999999995,0.717108,0.112,0.5806666666666667,0.4635,0.05904824965275578,0.23,0.5273333333333333,0.453,0.218,0.522,0.446,0.132,0.5693333333333334,0.46,0.4615
insects_abrupt_balanced,2,6,10,-1,0.0,0.6653333333333333,0.499,1.4901617545687538,0.6816150009036064,0.6800669476191202,0.49010000000000004,0.5644746666666667,0.8351946666666668,0.836,0.426,0.5285,0.3342785825894449,0.6,0.5566666666666666,0.5675,0.606,0.5513333333333333,0.565,0.674,0.5306666666666666,0.5665,0.5665
insects_abrupt_balanced,2,6,10,300,0.006,0.62,0.4665,1.345331631466407,0.6969620820283889,0.6777731684148312,0.46099866666666667,0.5410240000000001,0.8335266666666665,0.298,0.552,0.4885,0.1684564428208468,0.574,0.5226666666666666,0.5355,0.546,0.5113333333333333,0.52,0.48,0.5326666666666666,0.5195,0.5255
insects_abrupt_balanced,2,6,10,100,0.118,0.566,0.454,1.298013532009245,0.6449943721592426,0.6864153675337632,0.5731839999999999,0.6088399999999999,0.817016,0.69,0.4266666666666667,0.4925,0.3003850683657819,0.586,0.4766666666666667,0.504,0.494,0.494,0.494,0.514,0.49066666666666664,0.4965,0.4985
insects_abrupt_balanced,2,6,20,-1,0.0,0.6613333333333333,0.496,1.3304240139683425,0.6606479496955872,0.6725860052903493,0.51098,0.5975293333333334,0.858804,0.478,0.59,0.562,0.21022332124286514,0.658,0.5673333333333334,0.59,0.656,0.5573333333333333,0.582,0.634,0.5673333333333334,0.584,0.5845
insects_abrupt_balanced,2,6,20,300,0.014,0.6226666666666667,0.4705,1.1967873758849337,0.6418615067601204,0.6602756031751633,0.5311906666666667,0.6070813333333334,0.8495493333333334,0.326,0.574,0.512,0.1762961004105358,0.658,0.528,0.5605,0.636,0.5233333333333333,0.5515,0.566,0.5333333333333333,0.5415,0.552
insects_abrupt_balanced,2,6,20,100,0.346,0.5353333333333333,0.488,1.2360964522596847,0.5866108165979386,0.6619480326871077,0.6369133333333333,0.629428,0.8350786666666667,0.812,0.41533333333333333,0.5145,0.3182877278368924,0.654,0.486,0.528,0.548,0.48933333333333334,0.504,0.564,0.486,0.5055,0.523
insects_abrupt_balanced,3,6,1,-1,0.0,0.6853333333333333,0.514,2.1967432901107298,0.8626206486225129,0.7085279158552488,0.26116866666666666,0.26037466666666664,0.5438400000000001,0.54,0.27666666666666667,0.3425,0.5872458214282191,0.452,0.436,0.44,0.446,0.438,0.44,0.658,0.2786666666666667,0.3735,0.514
insects_abrupt_balanced,3,6,1,300,0.0,0.672,0.504,2.1028083843063747,0.8402179169654846,0.6978166869680087,0.2858906666666667,0.29411866666666664,0.5097466666666667,0.318,0.4206666666666667,0.395,0.39837002007846056,0.322,0.49466666666666664,0.4515,0.302,0.494,0.446,0.442,0.43066666666666664,0.4335,0.504
insects_abrupt_balanced,3,6,1,100,0.002,0.6633333333333333,0.498,1.7154795142273538,0.7175631366372108,0.6703994174400966,0.4291786666666667,0.4646346666666667,0.5667013333333334,0.818,0.10866666666666666,0.286,0.812215916384088,0.518,0.422,0.446,0.504,0.42333333333333334,0.4435,1.0,0.0,0.25,0.4985
insects_abrupt_balanced,3,6,2,-1,0.0,0.686,0.5145,1.6063525455279497,0.843186780154705,0.7045179611841837,0.26996133333333333,0.273356,0.8473746666666667,0.974,0.31333333333333335,0.4785,0.6277959219480325,0.924,0.4073333333333333,0.5365,0.926,0.408,0.5375,0.976,0.32266666666666666,0.486,0.574
insects_abrupt_balanced,3,6,2,300,0.0,0.6746666666666666,0.506,1.5331379695091143,0.8143541617393494,0.6952655187447866,0.310376,0.3241626666666667,0.8157733333333335,0.952,0.37466666666666665,0.519,0.584642586563781,0.872,0.41933333333333334,0.5325,0.884,0.4126666666666667,0.5305,0.952,0.366,0.5125,0.541
insects_abrupt_balanced,3,6,2,100,0.0,0.6646666666666666,0.4985,1.3837776138288842,0.6670467662811279,0.6621135755976041,0.4873906666666667,0.5400813333333333,0.8180266666666667,0.976,0.25733333333333336,0.437,0.6642900143135501,0.8,0.45,0.5375,0.802,0.45,0.538,0.968,0.26466666666666666,0.4405,0.558
insects_abrupt_balanced,3,6,5,-1,0.0,0.682,0.5115,1.6911557932974746,0.8524712709784508,0.7034022419651349,0.2616713333333333,0.26444533333333337,0.78196,0.826,0.3913333333333333,0.5,0.45819977639498516,0.63,0.5246666666666666,0.551,0.604,0.5266666666666666,0.546,0.804,0.42866666666666664,0.5225,0.5475
insects_abrupt_balanced,3,6,5,300,0.002,0.6753333333333333,0.507,1.5885975525186586,0.8217580999732017,0.6901332702438037,0.29806,0.312564,0.7498426666666668,0.032,0.6306666666666667,0.481,0.11012329560393229,0.248,0.6126666666666667,0.5215,0.218,0.6086666666666667,0.511,0.094,0.636,0.5005,0.5205
insects_abrupt_balanced,3,6,5,100,0.024,0.65,0.4935,1.3723216893947696,0.6642198013663292,0.6530365193585554,0.47861200000000004,0.5177733333333333,0.7657533333333333,0.132,0.5906666666666667,0.476,0.17009876878687089,0.418,0.5686666666666667,0.531,0.402,0.5633333333333334,0.523,0.432,0.5533333333333333,0.523,0.522
insects_abrupt_balanced,3,6,10,-1,0.0,0.684,0.513,1.4526637256964934,0.8232531958222389,0.6999256423115731,0.29640933333333336,0.30988400000000005,0.8513173333333333,0.916,0.376,0.511,0.4853315514680275,0.648,0.534,0.5625,0.636,0.54,0.564,0.848,0.4653333333333333,0.561,0.5655
insects_abrupt_balanced,3,6,10,300,0.002,0.6766666666666666,0.508,1.304072265701744,0.7537201654911041,0.6770649413367112,0.377812,0.386532,0.8172773333333333,0.356,0.578,0.5225,0.24268726980718086,0.486,0.5766666666666667,0.554,0.45,0.574,0.543,0.504,0.5586666666666666,0.545,0.547
insects_abrupt_balanced,3,6,10,100,0.174,0.6486666666666666,0.53,1.1746741945326475,0.591554115563631,0.6289283447662989,0.5515513333333333,0.538184,0.8255813333333332,0.468,0.5666666666666667,0.542,0.241722450495414,0.558,0.552,0.5535,0.55,0.544,0.5455,0.612,0.516,0.54,0.5495
insects_abrupt_balanced,3,6,20,-1,0.0,0.6853333333333333,0.514,1.3244697623776123,0.7863656806349755,0.6923885500828425,0.34142933333333336,0.34233600000000003,0.8630506666666667,0.584,0.5526666666666666,0.5605,0.2485097942817982,0.61,0.5633333333333334,0.575,0.598,0.564,0.5725,0.602,0.5613333333333334,0.5715,0.5785
insects_abrupt_balanced,3,6,20,300,0.076,0.6633333333333333,0.5165,1.1654629298491634,0.670517805159092,0.6570841314395269,0.4768093333333333,0.427644,0.8386013333333333,0.522,0.5606666666666666,0.551,0.2563974073511155,0.544,0.5726666666666667,0.5655,0.522,0.57,0.558,0.54,0.566,0.5595,0.558
insects_abrupt_balanced,3,6,20,100,0.402,0.6046666666666667,0.554,1.0943081604505502,0.5737066320180892,0.6132707692980767,0.5468906666666666,0.5081546666666666,0.8417273333333333,0.626,0.5146666666666667,0.5425,0.25730018932869464,0.626,0.5393333333333333,0.561,0.616,0.532,0.553,0.63,0.5246666666666666,0.551,0.557
insects_abrupt_balanced,4,6,1,-1,0.0,0.662,0.4965,2.1453026290272956,0.700713788151741,0.6785952724814415,0.46104266666666666,0.5079306666666666,0.6785013333333333,0.7,0.31533333333333335,0.4115,0.4514411133811114,0.396,0.4073333333333333,0.4045,0.396,0.4046666666666667,0.4025,0.644,0.3546666666666667,0.427,0.5005
insects_abrupt_balanced,4,6,1,300,0.0,0.6206666666666667,0.4655,2.0664174547658662,0.702220543384552,0.6853434516588847,0.466088,0.5166013333333334,0.672664,0.404,0.348,0.362,0.34925429448274187,0.284,0.4246666666666667,0.3895,0.276,0.444,0.402,0.286,0.43333333333333335,0.3965,0.4655
insects_abrupt_balanced,4,6,1,100,0.0,0.5813333333333334,0.436,1.7797045574651704,0.6967178039550781,0.6837320651809374,0.48113733333333336,0.496072,0.650272,0.746,0.25133333333333335,0.375,0.5669685964144178,0.458,0.404,0.4175,0.428,0.412,0.416,0.832,0.2673333333333333,0.4085,0.442
insects_abrupt_balanced,4,6,2,-1,0.0,0.662,0.4965,1.7345670011021965,0.6935865738391876,0.6780085864861807,0.47396266666666664,0.5387146666666667,0.8206573333333333,0.97,0.2806666666666667,0.453,0.6261754059181108,0.892,0.42333333333333334,0.5405,0.896,0.422,0.5405,0.964,0.30266666666666664,0.468,0.5425
insects_abrupt_balanced,4,6,2,300,0.0,0.6166666666666667,0.4625,1.6270847526534145,0.6865111046433449,0.6851388347744942,0.4973053333333333,0.5775013333333333,0.8251533333333334,0.934,0.2886666666666667,0.45,0.5379911036249618,0.802,0.434,0.526,0.772,0.44533333333333336,0.527,0.908,0.3566666666666667,0.4945,0.532
insects_abrupt_balanced,4,6,2,100,0.0,0.5793333333333334,0.4345,1.4342438681507386,0.6537333345115185,0.6718081538677215,0.5218346666666667,0.6111186666666667,0.8127706666666665,0.95,0.27466666666666667,0.4435,0.5804881138767677,0.846,0.388,0.5025,0.83,0.39666666666666667,0.505,0.936,0.316,0.471,0.507
insects_abrupt_balanced,4,6,5,-1,0.02,0.6593333333333333,0.4995,1.8229573492383069,0.6904409909248352,0.677759100218614,0.476636,0.535288,0.8000733333333332,0.11,0.61,0.485,0.06106743672359236,0.342,0.59,0.528,0.334,0.5826666666666667,0.5205,0.156,0.6466666666666666,0.524,0.5285
insects_abrupt_balanced,4,6,5,300,0.024,0.6153333333333333,0.4675,1.7536557521173421,0.6905759235024452,0.6873481687903404,0.49338533333333334,0.5574173333333333,0.7952533333333333,0.022,0.5886666666666667,0.447,0.015618706366875883,0.234,0.5686666666666667,0.485,0.22,0.574,0.4855,0.032,0.6146666666666667,0.469,0.5115
insects_abrupt_balanced,4,6,5,100,0.044,0.5733333333333334,0.441,1.4163103763205105,0.6356562262773514,0.6646194788614909,0.5374333333333334,0.6169546666666667,0.7979893333333334,0.2,0.548,0.461,0.15466336268671274,0.448,0.476,0.469,0.424,0.48933333333333334,0.473,0.366,0.5093333333333333,0.4735,0.498
insects_abrupt_balanced,4,6,10,-1,0.022,0.6606666666666666,0.501,1.750416253349547,0.6842027961015701,0.6734348256587982,0.4797973333333333,0.5352093333333333,0.7432586666666667,0.08,0.5993333333333334,0.4695,0.06166834510081046,0.288,0.584,0.51,0.288,0.5773333333333334,0.505,0.11,0.6466666666666666,0.5125,0.5155
insects_abrupt_balanced,4,6,10,300,0.036,0.6246666666666667,0.4775,1.6938950399255452,0.676619287610054,0.6749784034291904,0.5010706666666667,0.5577306666666666,0.7211013333333334,0.016,0.5846666666666667,0.4425,0.01989310713376509,0.222,0.5446666666666666,0.464,0.214,0.5613333333333334,0.4745,0.022,0.6253333333333333,0.4745,0.4825
insects_abrupt_balanced,4,6,10,100,0.112,0.552,0.442,1.3803436150739368,0.6010161129236221,0.6248587015271186,0.538496,0.6315693333333333,0.7358146666666665,0.144,0.524,0.429,0.1415280997343663,0.354,0.4686666666666667,0.44,0.332,0.486,0.4475,0.158,0.54,0.4445,0.453
insects_abrupt_balanced,4,6,20,-1,0.032,0.66,0.503,1.430626328783638,0.6602560807466507,0.6655747252901395,0.5058026666666667,0.595376,0.8381586666666666,0.072,0.6133333333333333,0.478,0.06325604719212881,0.452,0.6,0.563,0.45,0.5946666666666667,0.5585,0.178,0.6446666666666667,0.528,0.5605
insects_abrupt_balanced,4,6,20,300,0.056,0.6186666666666667,0.478,1.2943371189321091,0.6119016063213348,0.6511676149467627,0.5709733333333333,0.6802119999999999,0.8177453333333334,0.022,0.5773333333333334,0.4385,0.0487240829594247,0.446,0.5473333333333333,0.522,0.408,0.556,0.519,0.108,0.6153333333333333,0.4885,0.523
insects_abrupt_balanced,4,6,20,100,0.36,0.5293333333333333,0.487,1.1879258145663876,0.49971956193447115,0.5899938910404842,0.674796,0.698692,0.8370573333333333,0.722,0.38133333333333336,0.4665,0.28542171901577706,0.704,0.44466666666666665,0.5095,0.676,0.4613333333333333,0.515,0.59,0.49066666666666664,0.5155,0.516
h2_poker,0,4,1,-1,0.0,0.9693333333333334,0.727,0.8839370395612436,0.9320175335407257,0.9530057201186816,0.7350033333333333,0.7251200000000001,0.937408,1.0,0.06733333333333333,0.3005,0.945417155186264,0.998,0.39466666666666667,0.5455,0.998,0.39266666666666666,0.544,1.0,0.008666666666666666,0.2565,0.864
h2_poker,0,4,1,300,0.0,0.9206666666666666,0.6905,1.3412745616364024,0.9689788653850555,0.9049308259685834,0.235648,0.24290266666666666,0.5364413333333333,1.0,0.0,0.25,1.0,0.522,0.3933333333333333,0.4255,0.538,0.38666666666666666,0.4245,1.0,0.0,0.25,0.6985
h2_poker,0,4,1,100,0.0,0.852,0.639,1.366475288714871,0.9275071090459823,0.8115860246618589,0.26686266666666664,0.2677946666666666,0.38171199999999994,1.0,0.0,0.25,0.9999999999994141,0.25,0.436,0.3895,0.254,0.4086666666666667,0.37,1.0,0.0,0.25,0.639
h2_poker,0,4,2,-1,0.0,0.968,0.726,0.8859923714237414,0.9417042671442032,0.9525953764915467,0.7475413333333333,0.7337306666666668,0.9614106666666666,1.0,0.07133333333333333,0.3035,0.9413700409467194,1.0,0.49133333333333334,0.6185,1.0,0.4886666666666667,0.6165,1.0,0.037333333333333336,0.278,0.878
h2_poker,0,4,2,300,0.0,0.9186666666666666,0.689,1.2892450531027873,0.9659391754865646,0.9012820764978726,0.22989866666666667,0.23803733333333335,0.6111386666666667,1.0,0.0,0.25,0.9999999826560164,0.126,0.776,0.6135,0.132,0.778,0.6165,1.0,0.0,0.25,0.689
h2_poker,0,4,2,100,0.0,0.8553333333333333,0.6415,1.2501321942108112,0.9199075467586517,0.806755141655604,0.20243933333333336,0.20578666666666667,0.5969213333333334,1.0,0.0,0.25,0.9999968538827563,0.004,0.8353333333333334,0.6275,0.008,0.832,0.626,1.0,0.0,0.25,0.6415
h2_poker,0,4,5,-1,0.072,0.9666666666666667,0.743,0.7044589756728116,0.8725863918066025,0.9527217790484428,0.829556,0.817112,0.97688,1.0,0.32133333333333336,0.491,0.6739321411779581,0.974,0.8246666666666667,0.862,0.974,0.8193333333333334,0.858,1.0,0.356,0.517,0.899
h2_poker,0,4,5,300,0.0,0.918,0.6885,1.064402613961051,0.9361686378717422,0.8918707610567411,0.39682,0.398176,0.8373213333333334,0.796,0.544,0.607,0.474005096099514,0.294,0.8993333333333333,0.748,0.302,0.9013333333333333,0.7515,0.934,0.44133333333333336,0.5645,0.7545
h2_poker,0,4,5,100,0.0,0.8533333333333334,0.64,1.0302280026121908,0.8696580123901367,0.7870941657026609,0.29985266666666666,0.2822946666666667,0.7806893333333333,0.342,0.7653333333333333,0.6595,0.3578604576542849,0.098,0.8313333333333334,0.648,0.116,0.8306666666666667,0.652,0.884,0.412,0.53,0.658
h2_poker,0,4,10,-1,0.252,0.9686666666666667,0.7895,0.5415995020521508,0.8214289481639863,0.9505738378763199,0.8518533333333332,0.8398986666666667,0.9755706666666666,0.964,0.7986666666666666,0.84,0.41911962801932734,0.858,0.9173333333333333,0.9025,0.858,0.918,0.903,0.964,0.8093333333333333,0.848,0.9015
h2_poker,0,4,10,300,0.016,0.9166666666666666,0.6915,0.876401642449953,0.860955275952816,0.8827921320994695,0.561026,0.5573013333333333,0.8693119999999999,0.322,0.9,0.7555,0.20101598436900886,0.438,0.892,0.7785,0.442,0.89,0.778,0.43,0.8926666666666667,0.777,0.778
h2_poker,0,4,10,100,0.004,0.8566666666666667,0.6435,0.9142989977152319,0.7938881662487983,0.7587998832464218,0.422364,0.37185199999999996,0.7780546666666668,0.066,0.84,0.6465,0.16941985227442563,0.246,0.7966666666666666,0.659,0.252,0.794,0.6585,0.264,0.792,0.66,0.6605
h2_poker,0,4,20,-1,0.574,0.9746666666666667,0.8745,0.291105282401474,0.782498382806778,0.9512756490508716,0.8794733333333333,0.8675186666666667,0.9899866666666666,0.956,0.906,0.9185,0.33511087547545093,0.942,0.9293333333333333,0.9325,0.942,0.93,0.933,0.956,0.9066666666666666,0.919,0.938
h2_poker,0,4,20,300,0.206,0.918,0.74,0.65532874794504,0.7710746927261353,0.8782217481335004,0.7419666666666667,0.721688,0.9132506666666667,0.488,0.896,0.794,0.20478431082927645,0.558,0.878,0.798,0.566,0.876,0.7985,0.524,0.8853333333333333,0.795,0.802
h2_poker,0,4,20,100,0.18,0.8326666666666667,0.6695,0.7869756348627418,0.7033842842578888,0.7195288981795311,0.54838,0.40147466666666665,0.8212826666666666,0.092,0.846,0.6575,0.12747632109124724,0.338,0.7873333333333333,0.675,0.34,0.7873333333333333,0.6755,0.252,0.8173333333333334,0.676,0.6805
h2_poker,1,4,1,-1,0.022,0.996,0.7525,0.8723400226048632,0.696182585299015,0.988787799179554,0.9848093333333333,0.9839506666666665,0.9577866666666666,0.924,0.874,0.8865,0.3197111898296455,0.906,0.8866666666666667,0.8915,0.898,0.89,0.892,0.92,0.8846666666666667,0.8935,0.901
h2_poker,1,4,1,300,0.0,0.984,0.738,1.0334519489156864,0.7184620553851128,0.9720805512070656,0.9494093333333332,0.9474786666666668,0.9068186666666666,0.812,0.87,0.8555,0.29632227489390495,0.796,0.8726666666666667,0.8535,0.798,0.876,0.8565,0.798,0.876,0.8565,0.865
h2_poker,1,4,1,100,0.0,0.9353333333333333,0.7015,1.1855608859403182,0.7823114959597588,0.9340695902506511,0.7900879999999999,0.7897906666666665,0.7906093333333333,0.568,0.8633333333333333,0.7895,0.23602687605711342,0.576,0.8626666666666667,0.791,0.576,0.8626666666666667,0.791,0.546,0.864,0.7845,0.791
h2_poker,1,4,2,-1,0.09,0.996,0.7695,0.6330644005021719,0.6649684047698975,0.9882304679950078,0.9857946666666667,0.9851053333333334,0.9790159999999999,0.998,0.838,0.878,0.40520043469469874,0.996,0.8813333333333333,0.91,0.996,0.8846666666666667,0.9125,0.996,0.8546666666666667,0.89,0.9345
h2_poker,1,4,2,300,0.0,0.984,0.738,0.8500110076861761,0.70480108243227,0.9708354156414668,0.949724,0.9489106666666666,0.9257080000000001,0.752,0.8673333333333333,0.8385,0.32689103739820025,0.722,0.8813333333333333,0.8415,0.73,0.8813333333333333,0.8435,0.742,0.878,0.844,0.8535
h2_poker,1,4,2,100,0.0,0.9433333333333334,0.7075,1.0019697917174866,0.7471558793187142,0.929969114224116,0.7838186666666666,0.783996,0.7802026666666666,0.572,0.8633333333333333,0.7905,0.27348875487901336,0.572,0.8633333333333333,0.7905,0.572,0.8633333333333333,0.7905,0.568,0.868,0.793,0.793
h2_poker,1,4,5,-1,0.176,0.9966666666666667,0.7915,0.45575842097638153,0.6190978399515152,0.987760256409645,0.9889773333333334,0.9891346666666667,0.9922733333333333,0.998,0.87,0.902,0.3698719077346159,0.992,0.9226666666666666,0.94,0.992,0.9253333333333333,0.942,0.994,0.898,0.922,0.9625
h2_poker,1,4,5,300,0.028,0.9826666666666667,0.744,0.6492741764107234,0.6614528543353081,0.9658407119512558,0.9609493333333334,0.9600719999999999,0.9520959999999999,0.916,0.8726666666666667,0.8835,0.37318978522328033,0.838,0.9066666666666666,0.8895,0.828,0.9093333333333333,0.889,0.876,0.896,0.891,0.893
h2_poker,1,4,5,100,0.0,0.9393333333333334,0.7045,0.8177676515236899,0.7142979024648667,0.9106615825692813,0.8093146666666667,0.81124,0.8155746666666668,0.198,0.8973333333333333,0.7225,0.13027637881094642,0.572,0.862,0.7895,0.566,0.864,0.7895,0.304,0.916,0.763,0.792
h2_poker,1,4,10,-1,0.202,0.996,0.7975,0.4206203147044312,0.6132627877593041,0.9874743874073029,0.9892173333333334,0.9892666666666667,0.99354,0.98,0.94,0.95,0.29210168485684657,0.974,0.9513333333333334,0.957,0.974,0.9526666666666667,0.958,0.978,0.9453333333333334,0.9535,0.965
h2_poker,1,4,10,300,0.086,0.9826666666666667,0.7585,0.5766110729113808,0.62984250831604,0.9582117899656296,0.9562493333333334,0.9548760000000001,0.9552266666666667,0.706,0.9333333333333333,0.8765,0.2367813627840798,0.728,0.9306666666666666,0.88,0.736,0.9373333333333334,0.887,0.676,0.9426666666666667,0.876,0.892
h2_poker,1,4,10,100,0.0,0.9366666666666666,0.7025,0.7085302510448278,0.6845965098142623,0.8653122338453929,0.8067866666666667,0.8157253333333333,0.7921560000000001,0.0,0.9033333333333333,0.6775,0.05413294798481446,0.474,0.9006666666666666,0.794,0.414,0.9146666666666666,0.7895,0.104,0.9366666666666666,0.7285,0.8015
h2_poker,1,4,20,-1,0.378,0.994,0.84,0.29762574676989123,0.604340379178524,0.9840273701945941,0.9855866666666667,0.9856133333333333,0.9949399999999999,0.992,0.948,0.959,0.28347228995066615,0.982,0.9626666666666667,0.9675,0.982,0.962,0.967,0.988,0.9533333333333334,0.962,0.97
h2_poker,1,4,20,300,0.232,0.9833333333333333,0.7955,0.42409929285733905,0.586022930085659,0.9477614449461301,0.9612586666666666,0.9583413333333334,0.9654693333333333,0.784,0.928,0.892,0.25121735288760816,0.786,0.934,0.897,0.798,0.9406666666666667,0.905,0.742,0.9493333333333334,0.8975,0.9125
h2_poker,1,4,20,100,0.264,0.9366666666666666,0.7685,0.5801029428097836,0.599521196603775,0.8350949577490488,0.8327433333333333,0.8293773333333334,0.8423613333333332,0.0,0.904,0.678,0.036921803965790645,0.566,0.886,0.806,0.496,0.9093333333333333,0.806,0.0,0.9433333333333334,0.7075,0.8095
h2_poker,2,4,1,-1,0.024,0.994,0.7515,0.7964806005634995,0.7630050333738327,0.9821762588421503,0.9674626666666666,0.9727119999999999,0.9813306666666667,0.996,0.7986666666666666,0.848,0.393635622361379,0.972,0.8733333333333333,0.898,0.972,0.8713333333333333,0.8965,0.996,0.8306666666666667,0.872,0.931
h2_poker,2,4,1,300,0.0,0.9606666666666667,0.7205,0.9287765875663118,0.8269245804548263,0.8887057371934255,0.699124,0.750576,0.9414266666666667,1.0,0.468,0.601,0.6792973519605024,0.928,0.7373333333333333,0.785,0.942,0.7273333333333334,0.781,1.0,0.44,0.58,0.853
h2_poker,2,4,1,100,0.0,0.6993333333333334,0.5245,1.381093345152377,0.6510291517376899,0.6893783993124962,0.6113453333333334,0.7855426666666667,0.7894586666666668,1.0,0.0,0.25,0.9999961225112532,0.462,0.6053333333333333,0.5695,0.55,0.6173333333333333,0.6005,1.0,0.0,0.25,0.601
h2_poker,2,4,2,-1,0.07,0.9946666666666667,0.7635,0.759454964240922,0.7536941339373588,0.9793298965096474,0.9647279999999999,0.9702000000000001,0.975336,0.988,0.8493333333333334,0.884,0.3475386658618569,0.958,0.8866666666666667,0.9045,0.96,0.8866666666666667,0.905,0.986,0.8613333333333333,0.8925,0.923
h2_poker,2,4,2,300,0.028,0.952,0.721,0.9101012219167407,0.7955717289447785,0.8826950751741727,0.7156053333333333,0.7624226666666667,0.9252133333333333,1.0,0.576,0.682,0.5034215374557443,0.782,0.84,0.8255,0.794,0.834,0.824,0.972,0.6826666666666666,0.755,0.8265
h2_poker,2,4,2,100,0.018,0.7173333333333334,0.5425,1.2723723855205427,0.6175501343011857,0.6765520069400469,0.6380453333333334,0.7653773333333332,0.7291933333333334,0.902,0.06,0.2705,0.6691581144491949,0.368,0.6246666666666667,0.5605,0.392,0.634,0.5735,1.0,0.0,0.25,0.591
h2_poker,2,4,5,-1,0.29,0.9926666666666667,0.817,0.45300514523417507,0.7190011478662491,0.9800345396200816,0.9745533333333333,0.9797480000000001,0.99338,0.978,0.928,0.9405,0.2995928821505676,0.976,0.94,0.949,0.978,0.94,0.9495,0.978,0.934,0.945,0.96
h2_poker,2,4,5,300,0.12,0.9546666666666667,0.746,0.6353485553870628,0.7034626713395119,0.8928355427384377,0.8438786666666668,0.8815879999999999,0.9550826666666666,0.914,0.816,0.8405,0.3480248695443382,0.854,0.888,0.8795,0.86,0.884,0.878,0.89,0.8553333333333333,0.864,0.881
h2_poker,2,4,5,100,0.038,0.732,0.5585,0.9889304431356873,0.5375475782155991,0.6666637949148814,0.768232,0.8564426666666666,0.8662040000000001,0.888,0.48333333333333334,0.5845,0.4643704023575165,0.65,0.6286666666666667,0.634,0.694,0.5866666666666667,0.6135,0.846,0.5146666666666667,0.5975,0.6235
h2_poker,2,4,10,-1,0.362,0.996,0.8375,0.3383183617076293,0.7203540859818458,0.9790318943063419,0.9503600000000001,0.9537626666666666,0.9976893333333333,0.996,0.9606666666666667,0.9695,0.2764851627803637,0.992,0.9673333333333334,0.9735,0.992,0.9666666666666667,0.973,0.994,0.964,0.9715,0.9795
h2_poker,2,4,10,300,0.244,0.9533333333333334,0.776,0.4868479779486222,0.6458423920869827,0.8614275662700335,0.8559106666666665,0.903988,0.9787160000000001,1.0,0.822,0.8665,0.3500895399895593,0.976,0.8846666666666667,0.9075,0.982,0.88,0.9055,0.998,0.8573333333333333,0.8925,0.908
h2_poker,2,4,10,100,0.092,0.7473333333333333,0.5835,0.815090901516427,0.5013951689600945,0.6642572814822197,0.8315453333333334,0.9081586666666667,0.923174,0.988,0.5113333333333333,0.6305,0.4337432090073792,0.756,0.6893333333333334,0.706,0.842,0.634,0.686,0.968,0.5453333333333333,0.651,0.6895
h2_poker,2,4,20,-1,0.684,0.9953333333333333,0.9175,0.1995886237458905,0.7062653619647026,0.9778367546995481,0.9353453333333333,0.9361453333333334,0.9978466666666667,1.0,0.9513333333333334,0.9635,0.28184644611178167,0.998,0.96,0.9695,1.0,0.96,0.97,1.0,0.9533333333333334,0.965,0.98
h2_poker,2,4,20,300,0.48,0.952,0.834,0.36319924562481815,0.6209728354811669,0.8625672103365263,0.8707066666666666,0.8833106666666666,0.9864453333333334,0.998,0.8513333333333334,0.888,0.3177207594418564,0.972,0.896,0.915,0.978,0.8906666666666667,0.9125,0.996,0.8766666666666667,0.9065,0.9205
h2_poker,2,4,20,100,0.486,0.7326666666666667,0.671,0.6927334849643018,0.5020285697579384,0.6756766536037128,0.8035866666666666,0.8082813333333334,0.9441146666666665,0.946,0.5793333333333334,0.671,0.2957960374506474,0.768,0.7326666666666667,0.7415,0.812,0.6813333333333333,0.714,0.808,0.682,0.7135,0.715
h2_poker,3,4,1,-1,0.018,0.982,0.741,0.9400128044242456,0.7747253018021584,0.9610592922767003,0.91226,0.9276093333333334,0.9726386666666667,0.984,0.8846666666666667,0.9095,0.3285053210754223,0.942,0.8966666666666666,0.908,0.942,0.8966666666666666,0.908,0.978,0.886,0.909,0.909
h2_poker,3,4,1,300,0.0,0.9086666666666666,0.6815,1.077802435364994,0.7049419873356819,0.8547900531689326,0.8091760000000001,0.88518,0.9372533333333333,0.998,0.6433333333333333,0.732,0.44370516924397296,0.93,0.7986666666666666,0.8315,0.922,0.8053333333333333,0.8345,0.974,0.7386666666666667,0.7975,0.8425
h2_poker,3,4,1,100,0.0,0.7,0.525,1.3231422344978792,0.5582577721476555,0.6839602097272873,0.7742346666666667,0.849428,0.83476,0.918,0.444,0.5625,0.5829977681462872,0.722,0.5753333333333334,0.612,0.738,0.564,0.6075,1.0,0.3586666666666667,0.519,0.6075
h2_poker,3,4,2,-1,0.06,0.984,0.753,0.888530630900383,0.75485995221138,0.9631182985703151,0.9296786666666667,0.944432,0.9757506666666668,0.952,0.9013333333333333,0.914,0.30150246394142677,0.926,0.906,0.911,0.926,0.9066666666666666,0.9115,0.944,0.904,0.914,0.9145
h2_poker,3,4,2,300,0.01,0.9113333333333333,0.686,1.0461430518672141,0.7051111963987351,0.860983587483565,0.8121873333333334,0.876552,0.9362093333333334,0.936,0.8113333333333334,0.8425,0.3129889850634814,0.882,0.8353333333333334,0.847,0.866,0.8406666666666667,0.847,0.902,0.8353333333333334,0.852,0.853
h2_poker,3,4,2,100,0.0,0.6986666666666667,0.524,1.254241713869964,0.5508774491548538,0.6874739309549331,0.7713906666666667,0.828972,0.8370626666666667,0.742,0.48333333333333334,0.548,0.4207601778865208,0.572,0.6106666666666667,0.601,0.59,0.606,0.602,0.66,0.5826666666666667,0.602,0.6055
h2_poker,3,4,5,-1,0.498,0.9806666666666667,0.86,0.45888062063971774,0.7840227040052414,0.9639814901351929,0.9171400000000001,0.9300560000000001,0.9906453333333334,0.924,0.938,0.9345,0.2569755617256065,0.922,0.944,0.9385,0.92,0.948,0.941,0.92,0.948,0.941,0.941
h2_poker,3,4,5,300,0.574,0.9126666666666666,0.828,0.5750283264555334,0.6480918738245964,0.8619460329612096,0.8668893333333334,0.9267200000000001,0.9757466666666665,0.842,0.856,0.8525,0.2865523780752377,0.82,0.8726666666666667,0.8595,0.812,0.8766666666666667,0.8605,0.818,0.874,0.86,0.8635
h2_poker,3,4,5,100,0.124,0.7273333333333334,0.5765,1.0551473025594624,0.5127867217063904,0.6901699999372164,0.8149933333333335,0.8602839999999999,0.8647813333333334,0.646,0.632,0.6355,0.23761983403741538,0.628,0.6566666666666666,0.6495,0.638,0.65,0.647,0.572,0.6793333333333333,0.6525,0.6525
h2_poker,3,4,10,-1,0.638,0.9853333333333333,0.8985,0.2686381129394515,0.7803316047787666,0.9625244900385539,0.88852,0.899416,0.9971053333333334,0.986,0.9473333333333334,0.957,0.2726399940488339,0.978,0.9566666666666667,0.962,0.972,0.9606666666666667,0.9635,0.98,0.956,0.962,0.9645
h2_poker,3,4,10,300,0.644,0.9146666666666666,0.847,0.44197917908127776,0.7662847872376441,0.8556109967430433,0.6810266666666667,0.7342013333333334,0.9841613333333333,0.88,0.86,0.865,0.2807513255645878,0.864,0.8793333333333333,0.8755,0.858,0.8873333333333333,0.88,0.864,0.8853333333333333,0.88,0.88
h2_poker,3,4,10,100,0.504,0.7653333333333333,0.7,0.8042010009338689,0.5044367703199386,0.6951244589686394,0.8285426666666666,0.8610493333333333,0.9269893333333333,0.84,0.5326666666666666,0.6095,0.2977754571065224,0.754,0.698,0.712,0.774,0.68,0.7035,0.75,0.6966666666666667,0.71,0.7265
h2_poker,3,4,20,-1,0.768,0.9826666666666667,0.929,0.20666587891917582,0.8866156865358352,0.9594481499393781,0.76534,0.7752613333333334,0.9964813333333333,0.922,0.968,0.9565,0.2444676077382782,0.93,0.9673333333333334,0.958,0.926,0.9673333333333334,0.957,0.924,0.9673333333333334,0.9565,0.9585
h2_poker,3,4,20,300,0.732,0.9133333333333333,0.868,0.3802687076665003,0.842937805056572,0.8599090000391006,0.45309066666666664,0.488692,0.9846533333333334,0.822,0.8873333333333333,0.871,0.24182148143703744,0.824,0.8873333333333333,0.8715,0.822,0.8966666666666666,0.878,0.82,0.8986666666666666,0.879,0.8795
h2_poker,3,4,20,100,0.78,0.754,0.7605,0.6382514022477326,0.7517297821640968,0.7152281984289487,0.42351733333333336,0.46883733333333333,0.9522546666666667,0.822,0.644,0.6885,0.23899137419096386,0.796,0.7426666666666667,0.756,0.798,0.73,0.747,0.796,0.7373333333333333,0.752,0.7605
h2_poker,4,4,1,-1,0.0,0.9633333333333334,0.7225,1.2167922384703322,0.9766183644533157,0.9473910749355952,0.539968,0.5459293333333334,0.8629586666666667,1.0,0.066,0.2995,0.945222061987886,0.954,0.562,0.66,0.956,0.56,0.659,1.0,0.004,0.253,0.7795
h2_poker,4,4,1,300,0.0,0.904,0.678,1.3985064641246907,0.9433112806081771,0.9026234376033148,0.32644666666666666,0.349048,0.5977213333333334,1.0,0.0,0.25,0.9999999999999988,0.412,0.6066666666666667,0.558,0.398,0.6106666666666667,0.5575,1.0,0.0,0.25,0.678
h2_poker,4,4,1,100,0.0,0.8593333333333333,0.6445,1.3853932433162246,0.8915348455905915,0.8640009597142537,0.250694,0.25078266666666665,0.4328706666666666,0.0,0.048,0.036,0.010606521864196033,0.02,0.8346666666666667,0.631,0.018,0.84,0.6345,1.0,0.0,0.25,0.6445
h2_poker,4,4,2,-1,0.0,0.9653333333333334,0.724,1.0600868276745392,0.9615061439275742,0.9456494615872701,0.6154906666666666,0.6175293333333333,0.9097733333333333,1.0,0.12,0.34,0.8444465082824673,0.91,0.6566666666666666,0.72,0.912,0.6533333333333333,0.718,1.0,0.18733333333333332,0.3905,0.823
h2_poker,4,4,2,300,0.0,0.902,0.6765,1.3256700367984704,0.9370682662725449,0.8999091876546542,0.36808266666666667,0.39194533333333337,0.6307453333333334,1.0,0.0,0.25,0.999917044629216,0.16,0.7833333333333333,0.6275,0.158,0.784,0.6275,1.0,0.0,0.25,0.6765
h2_poker,4,4,2,100,0.0,0.8593333333333333,0.6445,1.2957113496654513,0.8818027188777924,0.8525816224018733,0.30807,0.3101773333333333,0.4542813333333333,0.0,0.048,0.036,3.490717867903931e-09,0.012,0.85,0.6405,0.01,0.854,0.643,1.0,0.0,0.25,0.6445
h2_poker,4,4,5,-1,0.0,0.964,0.723,0.9179417915749735,0.9379728548526763,0.9411768106619517,0.6844573333333334,0.6816239999999999,0.9660626666666666,1.0,0.13,0.3475,0.7864424933777818,0.866,0.8746666666666667,0.8725,0.868,0.8733333333333333,0.872,1.0,0.26,0.445,0.883
h2_poker,4,4,5,300,0.0,0.9,0.675,1.2206404587977673,0.9227165081501008,0.8895134830474853,0.3635606666666667,0.3885226666666667,0.6823546666666666,0.998,0.15866666666666668,0.3685,0.5850675446280656,0.002,0.8966666666666666,0.673,0.002,0.8966666666666666,0.673,1.0,0.05733333333333333,0.293,0.675
h2_poker,4,4,5,100,0.0,0.8593333333333333,0.6445,1.1498107722465567,0.8539476480484008,0.8342519299586614,0.3534826666666666,0.3566866666666667,0.6584253333333333,0.0,0.048,0.036,2.4934949980657913e-15,0.0,0.8593333333333333,0.6445,0.0,0.8593333333333333,0.6445,0.0,0.8593333333333333,0.6445,0.6445
h2_poker,4,4,10,-1,0.016,0.966,0.7285,0.7097085193125746,0.8634516111016274,0.9397664801677068,0.8001726666666666,0.7958173333333334,0.9733133333333334,0.984,0.6946666666666667,0.767,0.46773727340743865,0.844,0.9266666666666666,0.906,0.846,0.9253333333333333,0.9055,0.968,0.7446666666666667,0.8005,0.909
h2_poker,4,4,10,300,0.0,0.908,0.681,1.0593247089812676,0.9045301953554153,0.8827633528709412,0.46964666666666666,0.48523066666666664,0.8546986666666668,0.0,0.8933333333333333,0.67,0.0022918731449719926,0.0,0.908,0.681,0.0,0.908,0.681,0.0,0.908,0.681,0.683
h2_poker,4,4,10,100,0.0,0.8593333333333333,0.6445,1.0189364371219052,0.8221634057760239,0.801069263378779,0.32717066666666667,0.33696533333333334,0.7196333333333332,0.0,0.048,0.036,3.3277878555324103e-19,0.0,0.8593333333333333,0.6445,0.0,0.8593333333333333,0.6445,0.0,0.8593333333333333,0.6445,0.6445
h2_poker,4,4,20,-1,0.298,0.9686666666666667,0.801,0.420408666147003,0.7439657701849938,0.9396260391871134,0.9056679999999999,0.8938026666666667,0.9857973333333333,0.936,0.8986666666666666,0.908,0.34450221310628065,0.9,0.94,0.93,0.904,0.9406666666666667,0.9315,0.936,0.902,0.9105,0.9355
h2_poker,4,4,20,300,0.0,0.9073333333333333,0.6805,0.7637659277484274,0.8177639427185058,0.8677538081407546,0.7766526666666667,0.7567919999999999,0.9288693333333333,0.054,0.9086666666666666,0.695,0.1927509283958852,0.338,0.8933333333333333,0.7545,0.334,0.892,0.7525,0.204,0.9026666666666666,0.728,0.7995
h2_poker,4,4,20,100,0.0,0.8593333333333333,0.6445,0.8552556832065689,0.7177660882472991,0.729142036875089,0.6154493333333333,0.48336,0.821016,0.0,0.048,0.036,3.9274988174493956e-17,0.0,0.8593333333333333,0.6445,0.0,0.8593333333333333,0.6445,0.0,0.8593333333333333,0.6445,0.689
h2_rialto,0,10,1,-1,0.012,0.7706666666666667,0.581,1.9309238465171863,0.544298189997673,0.7313288995424907,0.7230453333333334,0.7586733333333333,0.8686933333333333,0.558,0.674,0.645,0.21466471084708427,0.62,0.6866666666666666,0.67,0.636,0.6873333333333334,0.6745,0.588,0.7026666666666667,0.674,0.676
h2_rialto,0,10,1,300,0.018,0.6506666666666666,0.4925,2.0532890107788213,0.562075715214014,0.6354817518293857,0.5910973333333334,0.6395120000000001,0.8386613333333333,0.206,0.6293333333333333,0.5235,0.08982730257261282,0.496,0.6166666666666667,0.5865,0.52,0.5933333333333334,0.575,0.22,0.6393333333333333,0.5345,0.575
h2_rialto,0,10,1,100,0.046,0.5093333333333333,0.3935,2.217548543576162,0.5461751280725002,0.47653678261240323,0.4066533333333333,0.4078213333333333,0.8023600000000001,0.126,0.4053333333333333,0.3355,0.07307073224007606,0.372,0.4693333333333333,0.445,0.288,0.4646666666666667,0.4205,0.148,0.506,0.4165,0.4745
h2_rialto,0,10,2,-1,0.026,0.7666666666666667,0.5815,1.558875105877922,0.5285438577532768,0.7320476841032505,0.7383839999999999,0.7808453333333332,0.9145640000000002,0.75,0.6566666666666666,0.68,0.2837076485831439,0.742,0.6946666666666667,0.7065,0.748,0.6906666666666667,0.705,0.762,0.6853333333333333,0.7045,0.7115
h2_rialto,0,10,2,300,0.112,0.652,0.517,1.5527402255784373,0.5191081962883473,0.6317071678539117,0.6396526666666666,0.6880706666666667,0.8897720000000001,0.742,0.48133333333333334,0.5465,0.324324871905733,0.726,0.5806666666666667,0.617,0.742,0.558,0.604,0.762,0.542,0.597,0.624
h2_rialto,0,10,2,100,0.166,0.5,0.4165,1.7768264734401265,0.4818627209365368,0.464507416198651,0.44755200000000006,0.41453599999999996,0.8586053333333333,0.692,0.2713333333333333,0.3765,0.3363507050848485,0.706,0.414,0.487,0.73,0.40066666666666667,0.483,0.752,0.38266666666666665,0.475,0.5035
h2_rialto,0,10,5,-1,0.086,0.7646666666666667,0.595,1.3516445699004633,0.5140528098642826,0.7298032950361569,0.7509159999999999,0.7897493333333334,0.9381200000000001,0.766,0.7113333333333334,0.725,0.2306018427339538,0.79,0.7073333333333334,0.728,0.794,0.706,0.728,0.772,0.7073333333333334,0.7235,0.726
h2_rialto,0,10,5,300,0.22,0.6486666666666666,0.5415,1.4198087604487761,0.5274849438071251,0.6331251055796941,0.6310933333333333,0.6765853333333333,0.9038160000000001,0.7,0.5866666666666667,0.615,0.2221623956363816,0.738,0.6146666666666667,0.6455,0.762,0.5886666666666667,0.632,0.742,0.5946666666666667,0.6315,0.632
h2_rialto,0,10,5,100,0.306,0.49333333333333335,0.4465,1.6371236536571467,0.4694349363446236,0.4629520866374175,0.4786986666666667,0.44114133333333333,0.8883506666666668,0.806,0.288,0.4175,0.299129616757827,0.78,0.4533333333333333,0.535,0.782,0.43266666666666664,0.52,0.772,0.43666666666666665,0.5205,0.522
h2_rialto,0,10,10,-1,0.342,0.7626666666666667,0.6575,1.0974563460486597,0.5683124598264694,0.7271166285177072,0.6940346666666667,0.7327293333333333,0.9543213333333334,0.794,0.7246666666666667,0.742,0.22953069867946657,0.8,0.7186666666666667,0.739,0.8,0.712,0.734,0.788,0.7166666666666667,0.7345,0.735
h2_rialto,0,10,10,300,0.466,0.6466666666666666,0.6015,1.2477557650389197,0.6071418197453022,0.6263034037252267,0.5248866666666667,0.563812,0.9173386666666667,0.712,0.5906666666666667,0.621,0.22827236987961755,0.724,0.6106666666666667,0.639,0.742,0.5966666666666667,0.633,0.734,0.5993333333333334,0.633,0.634
h2_rialto,0,10,10,100,0.56,0.51,0.5225,1.5297845506353702,0.553108920097351,0.46342260684569675,0.38382266666666665,0.36817333333333335,0.8877266666666667,0.742,0.36,0.4555,0.24916574809605727,0.716,0.462,0.5255,0.712,0.46066666666666667,0.5235,0.69,0.4686666666666667,0.524,0.5305
h2_rialto,0,10,20,-1,0.432,0.76,0.678,0.9487101531756575,0.5805413617193699,0.7245949748953183,0.6729613333333333,0.7054200000000002,0.9644933333333332,0.85,0.7206666666666667,0.753,0.23458637374407895,0.856,0.726,0.7585,0.854,0.7186666666666667,0.7525,0.838,0.7213333333333334,0.7505,0.7525
h2_rialto,0,10,20,300,0.598,0.6586666666666666,0.6435,1.1067212049871165,0.6241457800865173,0.6277700374027093,0.5023786666666666,0.5348946666666666,0.93488,0.796,0.612,0.658,0.2256549274191277,0.8,0.63,0.6725,0.806,0.6126666666666667,0.661,0.802,0.616,0.6625,0.664
h2_rialto,0,10,20,100,0.7,0.486,0.5395,1.454940908045584,0.5941458116471767,0.45268518232305843,0.32364000000000004,0.30740133333333336,0.9028666666666666,0.794,0.37733333333333335,0.4815,0.24480454144087563,0.804,0.478,0.5595,0.792,0.4633333333333333,0.5455,0.752,0.4746666666666667,0.544,0.5455
h2_rialto,1,10,1,-1,0.008,0.7973333333333333,0.6,1.617590503649056,0.4942647425234318,0.7443829138875008,0.7700233333333333,0.8179646666666667,0.8357913333333333,0.952,0.336,0.49,0.6822032067814031,0.882,0.532,0.6195,0.89,0.5313333333333333,0.621,0.958,0.36,0.5095,0.695
h2_rialto,1,10,1,300,0.0,0.7066666666666667,0.53,1.6973085345630072,0.3755822228491306,0.5783631754418214,0.762526,0.7837913333333333,0.7929460000000002,0.992,0.074,0.3035,0.9268296124982149,0.93,0.364,0.5055,0.934,0.362,0.505,1.0,0.005333333333333333,0.254,0.623
h2_rialto,1,10,1,100,0.032,0.4846666666666667,0.3715,1.8996206264377404,0.2959068295955658,0.3999705297748248,0.6744846666666667,0.7362833333333333,0.7221233333333333,0.99,0.042,0.279,0.9344604195870596,0.948,0.18,0.372,0.94,0.16933333333333334,0.362,1.0,0.0,0.25,0.4525
h2_rialto,1,10,2,-1,0.018,0.7973333333333333,0.6025,1.547964224239731,0.48877046060562135,0.7426812819143136,0.77173,0.8203673333333333,0.8290126666666667,0.918,0.424,0.5475,0.5767091013598211,0.854,0.59,0.656,0.86,0.586,0.6545,0.926,0.43733333333333335,0.5595,0.6985
h2_rialto,1,10,2,300,0.022,0.7053333333333334,0.5345,1.6368104024486,0.36311314088106156,0.5737616936564446,0.77711,0.792838,0.7836753333333334,0.978,0.202,0.396,0.7956361024650882,0.894,0.44,0.5535,0.902,0.43066666666666664,0.5485,0.986,0.132,0.3455,0.6115
h2_rialto,1,10,2,100,0.044,0.48733333333333334,0.3765,1.8746768563330443,0.28516832360625266,0.39324161887168885,0.6793193333333333,0.730778,0.696106,0.956,0.15266666666666667,0.3535,0.7714195276945346,0.878,0.26666666666666666,0.4195,0.876,0.254,0.4095,0.978,0.058666666666666666,0.2885,0.438
h2_rialto,1,10,5,-1,0.086,0.7973333333333333,0.6195,1.4127032020009334,0.49133350160717965,0.743812402009964,0.7707446666666666,0.8175473333333333,0.852226,0.77,0.6446666666666667,0.676,0.30915148856681285,0.722,0.6853333333333333,0.6945,0.726,0.6913333333333334,0.7,0.766,0.664,0.6895,0.7095
h2_rialto,1,10,5,300,0.116,0.696,0.551,1.4773289721737524,0.38073947712779044,0.5769472807546456,0.7526019999999999,0.77169,0.8228526666666667,0.822,0.494,0.576,0.3459075666582249,0.724,0.5766666666666667,0.6135,0.716,0.572,0.608,0.83,0.5186666666666667,0.5965,0.627
h2_rialto,1,10,5,100,0.252,0.48,0.423,1.6719661527226062,0.2994332320690155,0.39497395388285317,0.6601766666666666,0.7018073333333333,0.7837113333333333,0.794,0.3,0.4235,0.3864133018583404,0.818,0.37,0.482,0.804,0.356,0.468,0.922,0.24933333333333332,0.4175,0.4675
h2_rialto,1,10,10,-1,0.128,0.7973333333333333,0.63,1.270605987440274,0.4816163208782673,0.7411238815983137,0.7761366666666666,0.8261926666666667,0.8774753333333334,0.728,0.7086666666666667,0.7135,0.24656604600181384,0.726,0.7106666666666667,0.7145,0.728,0.7153333333333334,0.7185,0.716,0.7193333333333334,0.7185,0.7175
h2_rialto,1,10,10,300,0.156,0.702,0.5655,1.3442864185001977,0.36016254261136055,0.5724474843839804,0.7702553333333333,0.7742806666666666,0.8420406666666667,0.8,0.5153333333333333,0.5865,0.29615812761917326,0.772,0.5906666666666667,0.636,0.752,0.5906666666666667,0.631,0.778,0.5793333333333334,0.629,0.6405
h2_rialto,1,10,10,100,0.432,0.49533333333333335,0.4795,1.5447560506184368,0.3127295272052288,0.39323386217157047,0.5993273333333334,0.6485846666666666,0.7811606666666667,0.64,0.364,0.433,0.2486101040967043,0.728,0.4086666666666667,0.4885,0.72,0.416,0.492,0.722,0.416,0.4925,0.4955
h2_rialto,1,10,20,-1,0.3,0.7873333333333333,0.6655,1.0171628695153363,0.4697327582836151,0.7364865273634593,0.7789659999999999,0.8260299999999999,0.9207793333333334,0.854,0.6946666666666667,0.7345,0.28462532364109594,0.82,0.7126666666666667,0.7395,0.82,0.71,0.7375,0.834,0.7013333333333334,0.7345,0.7395
h2_rialto,1,10,20,300,0.436,0.7066666666666667,0.639,1.1543395179118348,0.4020276679098606,0.5739474109510581,0.7044473333333333,0.7105779999999999,0.8863713333333333,0.83,0.566,0.632,0.2951716841714723,0.806,0.6133333333333333,0.6615,0.816,0.6193333333333333,0.6685,0.834,0.6053333333333333,0.6625,0.6705
h2_rialto,1,10,20,100,0.64,0.4686666666666667,0.5115,1.4602577730662436,0.4092933382093906,0.3984782447417577,0.460078,0.4956433333333333,0.8210393333333332,0.604,0.38133333333333336,0.437,0.2109184168633447,0.762,0.43866666666666665,0.5195,0.764,0.43066666666666664,0.514,0.766,0.42866666666666664,0.513,0.52
h2_rialto,2,10,1,-1,0.008,0.7753333333333333,0.5835,1.6711211266264505,0.5202568509280682,0.7449916261931261,0.7567413333333332,0.7787773333333333,0.7799066666666667,0.984,0.32866666666666666,0.4925,0.6961213405240094,0.888,0.49333333333333335,0.592,0.88,0.494,0.5905,0.99,0.318,0.486,0.643
h2_rialto,2,10,1,300,0.01,0.6726666666666666,0.507,1.789164140889286,0.41141571882367134,0.5642417025764783,0.6755306666666667,0.6996906666666667,0.6714533333333333,0.982,0.035333333333333335,0.272,0.9194748014478696,0.916,0.32666666666666666,0.474,0.896,0.314,0.4595,1.0,0.0,0.25,0.555
h2_rialto,2,10,1,100,0.002,0.4846666666666667,0.364,2.009724519384485,0.3356688833534718,0.39115544004241626,0.5755786666666667,0.573308,0.5694186666666666,1.0,0.0,0.25,0.9999974956401191,0.968,0.15933333333333333,0.3615,0.944,0.18333333333333332,0.3735,1.0,0.0,0.25,0.4005
h2_rialto,2,10,2,-1,0.032,0.7753333333333333,0.5895,1.5544018729148772,0.5202344061136246,0.7448153706888357,0.7564146666666667,0.7832666666666668,0.8362493333333333,0.968,0.364,0.515,0.6221528393032065,0.846,0.574,0.642,0.83,0.5773333333333334,0.6405,0.974,0.36133333333333334,0.5145,0.678
h2_rialto,2,10,2,300,0.014,0.668,0.5045,1.6552971028631562,0.4040176994800568,0.5618898058136305,0.6842893333333333,0.7196453333333334,0.7920533333333334,1.0,0.09266666666666666,0.3195,0.8294884121658911,0.902,0.44133333333333336,0.5565,0.884,0.44,0.551,1.0,0.05533333333333333,0.2915,0.597
h2_rialto,2,10,2,100,0.016,0.4693333333333333,0.356,1.9387554509741316,0.32990689969062803,0.3825126312176387,0.5668093333333333,0.5651146666666667,0.6235173333333333,1.0,0.0,0.25,0.9999924567223651,0.924,0.21933333333333332,0.3955,0.86,0.21533333333333332,0.3765,1.0,0.0,0.25,0.392
h2_rialto,2,10,5,-1,0.078,0.774,0.6,1.3307830370673075,0.5142665233910084,0.7475235751668612,0.764044,0.7929253333333333,0.9212853333333333,0.958,0.5306666666666666,0.6375,0.4354756880059008,0.89,0.664,0.7205,0.876,0.668,0.72,0.94,0.596,0.682,0.7305
h2_rialto,2,10,5,300,0.078,0.6773333333333333,0.5275,1.4398932640777082,0.39176958963274955,0.5583550688525041,0.6953693333333333,0.727608,0.8749466666666667,0.998,0.25866666666666666,0.4435,0.5860040110624818,0.926,0.49866666666666665,0.6055,0.904,0.494,0.5965,0.996,0.31333333333333335,0.484,0.639
h2_rialto,2,10,5,100,0.08,0.5006666666666667,0.3955,1.7131445783860708,0.31100855860114096,0.38466536030173304,0.6147786666666666,0.6114986666666666,0.8231066666666667,0.952,0.142,0.3445,0.5314016113618073,0.874,0.36466666666666664,0.492,0.852,0.3473333333333333,0.4735,0.998,0.12266666666666666,0.3415,0.4785
h2_rialto,2,10,10,-1,0.188,0.7733333333333333,0.627,1.230771495480958,0.5350738395154476,0.7465119326710701,0.7463919999999999,0.77284,0.9154653333333334,0.684,0.7253333333333334,0.715,0.21987452956544928,0.75,0.724,0.7305,0.738,0.722,0.726,0.688,0.734,0.7225,0.7295
h2_rialto,2,10,10,300,0.186,0.676,0.5535,1.3369518375816651,0.4148856748640537,0.5640742709636688,0.6674753333333333,0.6915026666666666,0.8795413333333334,0.76,0.554,0.6055,0.23892062461551072,0.788,0.5713333333333334,0.6255,0.762,0.5846666666666667,0.629,0.73,0.6033333333333334,0.635,0.635
h2_rialto,2,10,10,100,0.306,0.47333333333333333,0.4315,1.6341306487454845,0.3648828274011612,0.40379658330480256,0.556616,0.5506973333333333,0.8179919999999999,0.488,0.3273333333333333,0.3675,0.176193271624704,0.73,0.422,0.499,0.658,0.3993333333333333,0.464,0.468,0.44266666666666665,0.449,0.466
h2_rialto,2,10,20,-1,0.262,0.7746666666666666,0.6465,1.030167971692651,0.5300306981503964,0.7415044080714385,0.7437386666666665,0.7685346666666668,0.9375239999999999,0.762,0.7193333333333334,0.73,0.23970550619602551,0.784,0.724,0.739,0.772,0.7253333333333334,0.737,0.758,0.7266666666666667,0.7345,0.735
h2_rialto,2,10,20,300,0.362,0.6813333333333333,0.6015,1.1627688955780877,0.4246770532429218,0.5633483636379242,0.656606,0.6640213333333334,0.9198866666666666,0.854,0.5433333333333333,0.621,0.2663821991193422,0.836,0.6006666666666667,0.6595,0.818,0.604,0.6575,0.808,0.6173333333333333,0.665,0.6655
h2_rialto,2,10,20,100,0.626,0.4726666666666667,0.511,1.4667996877789373,0.43724078822135926,0.4213961902757486,0.458032,0.45799066666666666,0.8737653333333333,0.758,0.37533333333333335,0.471,0.2384023754116662,0.816,0.4673333333333333,0.5545,0.748,0.44,0.517,0.68,0.46,0.515,0.5185
h2_rialto,3,10,1,-1,0.002,0.7853333333333333,0.5895,1.816116551741754,0.49495061779022215,0.7406948989729086,0.7769226666666668,0.792024,0.7535306666666667,0.812,0.374,0.4835,0.5705575595139835,0.726,0.5586666666666666,0.6005,0.73,0.554,0.598,0.826,0.388,0.4975,0.6565
h2_rialto,3,10,1,300,0.038,0.6486666666666666,0.496,1.8222372991790057,0.4751118973493576,0.5998683088223139,0.649662,0.685848,0.739336,0.978,0.10266666666666667,0.3215,0.8012553923808488,0.734,0.44666666666666666,0.5185,0.738,0.436,0.5115,1.0,0.056,0.292,0.5475
h2_rialto,3,10,1,100,0.0,0.486,0.3645,2.0079952026276016,0.34461602494120597,0.41878570009271304,0.6272186666666666,0.6580013333333334,0.6547933333333333,1.0,0.006666666666666667,0.255,0.9489711533724047,0.85,0.22333333333333333,0.38,0.85,0.20266666666666666,0.3645,1.0,0.0,0.25,0.413
h2_rialto,3,10,2,-1,0.048,0.7853333333333333,0.601,1.63738675887534,0.4811611932516098,0.7404408285617828,0.7893293333333332,0.804172,0.7833559999999999,0.774,0.4713333333333333,0.547,0.4605557722964244,0.71,0.5993333333333334,0.627,0.71,0.592,0.6215,0.782,0.528,0.5915,0.6765
h2_rialto,3,10,2,300,0.08,0.65,0.5075,1.695197222398243,0.464339586853981,0.593237367361784,0.6552986666666667,0.6960813333333333,0.7814013333333334,0.844,0.32133333333333336,0.452,0.4854271003754976,0.688,0.5166666666666667,0.5595,0.674,0.5033333333333333,0.546,0.866,0.3893333333333333,0.5085,0.5565
h2_rialto,3,10,2,100,0.022,0.48533333333333334,0.3695,1.8856569390299678,0.32758962389826773,0.41044515457749364,0.6482133333333333,0.6802426666666666,0.7078173333333334,0.944,0.14066666666666666,0.3415,0.6360461361572629,0.782,0.274,0.401,0.778,0.26066666666666666,0.39,0.992,0.07866666666666666,0.307,0.424
h2_rialto,3,10,5,-1,0.04,0.7873333333333333,0.6005,1.2904779117064524,0.46859192979335784,0.7374549534519513,0.7967146666666667,0.8182800000000001,0.9114693333333332,0.99,0.38533333333333336,0.5365,0.5788801856369433,0.95,0.61,0.695,0.95,0.61,0.695,0.99,0.4653333333333333,0.5965,0.733
h2_rialto,3,10,5,300,0.062,0.646,0.5,1.465632020762635,0.4432380569577217,0.5880092402398587,0.6753226666666665,0.7155906666666666,0.8454133333333333,0.966,0.30466666666666664,0.47,0.578062617084802,0.826,0.5073333333333333,0.587,0.812,0.49066666666666664,0.571,0.95,0.37533333333333335,0.519,0.583
h2_rialto,3,10,5,100,0.254,0.49066666666666664,0.4315,1.59983839832873,0.31010091251134875,0.4145936648845673,0.6769066666666667,0.7038053333333334,0.853936,0.998,0.094,0.32,0.789495071116333,0.884,0.3606666666666667,0.4915,0.894,0.35,0.486,1.0,0.050666666666666665,0.288,0.4995
h2_rialto,3,10,10,-1,0.106,0.7866666666666666,0.6165,1.1835419496132542,0.45536813235282897,0.7377201562921206,0.80802,0.8274906666666667,0.9277626666666666,0.954,0.5826666666666667,0.6755,0.36845440132380813,0.902,0.6873333333333334,0.741,0.9,0.6853333333333333,0.739,0.942,0.6353333333333333,0.712,0.7485
h2_rialto,3,10,10,300,0.15,0.656,0.5295,1.3111516695702052,0.43419381698966025,0.5887314265072345,0.6819226666666667,0.717364,0.8781599999999999,0.924,0.392,0.525,0.4110017027738648,0.838,0.526,0.604,0.838,0.52,0.5995,0.906,0.47,0.579,0.607
h2_rialto,3,10,10,100,0.438,0.49333333333333335,0.4795,1.5214809648334395,0.32627641087770465,0.40470471409956615,0.6212266666666667,0.6411760000000001,0.860168,0.918,0.25066666666666665,0.4175,0.4342235402360703,0.85,0.412,0.5215,0.85,0.386,0.502,0.96,0.3,0.465,0.5105
h2_rialto,3,10,20,-1,0.264,0.788,0.657,1.0349450233078585,0.46909342750906946,0.7332862063844998,0.7900586666666668,0.7998226666666666,0.9352533333333334,0.924,0.654,0.7215,0.3053656415665135,0.886,0.706,0.751,0.892,0.7053333333333334,0.752,0.91,0.6886666666666666,0.744,0.752
h2_rialto,3,10,20,300,0.33,0.6506666666666666,0.5705,1.1719627769302254,0.4540613599717617,0.5752728298008442,0.6323386666666666,0.6458893333333333,0.8935826666666666,0.872,0.458,0.5615,0.3289815902841906,0.83,0.55,0.62,0.826,0.5426666666666666,0.6135,0.874,0.5193333333333333,0.608,0.622
h2_rialto,3,10,20,100,0.716,0.4493333333333333,0.516,1.4000492234325352,0.4510043812394142,0.43099450193842254,0.442732,0.49318266666666666,0.8732920000000001,0.854,0.2946666666666667,0.4345,0.35094239562885104,0.808,0.43133333333333335,0.5255,0.816,0.4093333333333333,0.511,0.844,0.3873333333333333,0.5015,0.516
h2_rialto,4,10,1,-1,0.0,0.8153333333333334,0.6115,1.745602587422813,0.5387750809788704,0.7569200643301011,0.7702093333333333,0.772216,0.7658733333333333,0.912,0.472,0.582,0.5490464623041784,0.774,0.5973333333333334,0.6415,0.764,0.598,0.6395,0.936,0.48933333333333334,0.601,0.6655
h2_rialto,4,10,1,300,0.0,0.6893333333333334,0.517,1.8028459844017315,0.44715274953842166,0.5997483293116093,0.6967506666666667,0.6709639999999999,0.6890160000000001,1.0,0.15933333333333333,0.3695,0.8068337610994302,0.764,0.426,0.5105,0.784,0.4106666666666667,0.504,1.0,0.052,0.289,0.5595
h2_rialto,4,10,1,100,0.0,0.5153333333333333,0.3865,2.0028818604694862,0.3177926194667816,0.43037584909796717,0.6630706666666666,0.6365346666666667,0.6857233333333332,1.0,0.0,0.25,0.9999953724961067,0.958,0.22,0.4045,0.974,0.22933333333333333,0.4155,1.0,0.0,0.25,0.446
h2_rialto,4,10,2,-1,0.018,0.8166666666666667,0.617,1.4216486211061188,0.5262532821893692,0.7579921196997166,0.7818346666666666,0.7890919999999999,0.8755653333333334,0.986,0.43066666666666664,0.5695,0.6000305046204073,0.864,0.6453333333333333,0.7,0.874,0.646,0.703,0.98,0.49066666666666664,0.613,0.7275
h2_rialto,4,10,2,300,0.014,0.6826666666666666,0.5155,1.6125165632318958,0.4309650583863258,0.5984654317597549,0.7147666666666667,0.7022493333333333,0.8245173333333333,0.998,0.166,0.374,0.7998696933612449,0.856,0.48533333333333334,0.578,0.878,0.48133333333333334,0.5805,1.0,0.11666666666666667,0.3375,0.618
h2_rialto,4,10,2,100,0.006,0.49533333333333335,0.373,1.9427023118851168,0.29862471359968185,0.4159315175712109,0.6708226666666668,0.6459746666666667,0.7464839999999999,1.0,0.0,0.25,0.9895530860282261,0.894,0.25333333333333335,0.4135,0.936,0.268,0.435,1.0,0.0,0.25,0.445
h2_rialto,4,10,5,-1,0.094,0.8186666666666667,0.6375,1.2026255387787097,0.5181947253346443,0.7597980511585871,0.7934173333333334,0.796448,0.9158133333333334,0.952,0.544,0.646,0.48454590001012704,0.892,0.676,0.73,0.896,0.6786666666666666,0.733,0.944,0.5853333333333334,0.675,0.767
h2_rialto,4,10,5,300,0.146,0.6906666666666667,0.5545,1.3416654037598752,0.4157683198451996,0.595079345613718,0.7348,0.7292066666666666,0.9004013333333332,0.986,0.26666666666666666,0.4465,0.6627301493559684,0.884,0.5573333333333333,0.639,0.888,0.552,0.636,0.972,0.34,0.498,0.6735
h2_rialto,4,10,5,100,0.14,0.5013333333333333,0.411,1.7445337821116662,0.2652149278819561,0.4016738153398037,0.7123173333333335,0.6763586666666667,0.862772,0.938,0.07133333333333333,0.288,0.627399478440372,0.97,0.324,0.4855,0.958,0.3,0.4645,0.988,0.12333333333333334,0.3395,0.5095
h2_rialto,4,10,10,-1,0.104,0.8153333333333334,0.6375,1.1098979580199626,0.49657649159431455,0.7559107222656409,0.808444,0.8114586666666668,0.9126240000000001,0.936,0.618,0.6975,0.39124568548600014,0.866,0.7133333333333334,0.7515,0.87,0.7153333333333334,0.754,0.932,0.662,0.7295,0.7605
h2_rialto,4,10,10,300,0.226,0.6873333333333334,0.572,1.2142732521814361,0.4057760189175606,0.5852093256910642,0.7352093333333334,0.7224413333333333,0.9077906666666666,0.972,0.41133333333333333,0.5515,0.4970416334474887,0.888,0.5653333333333334,0.646,0.898,0.572,0.6535,0.97,0.484,0.6055,0.667
h2_rialto,4,10,10,100,0.574,0.4593333333333333,0.488,1.6484879419603504,0.30809102550148965,0.39263811727364856,0.5896493333333334,0.5783880000000001,0.8436146666666666,0.724,0.116,0.268,0.2886259370375539,0.87,0.36533333333333334,0.4915,0.87,0.346,0.477,0.954,0.2693333333333333,0.4405,0.5085
h2_rialto,4,10,20,-1,0.28,0.8193333333333334,0.6845,0.9305329265577748,0.512260578751564,0.7518211557865143,0.7906733333333333,0.7937119999999999,0.9331786666666667,0.932,0.678,0.7415,0.3382716979124185,0.88,0.732,0.769,0.884,0.7313333333333333,0.7695,0.916,0.6986666666666667,0.753,0.7885
h2_rialto,4,10,20,300,0.642,0.6666666666666666,0.6605,1.0941895945876747,0.44272033888101575,0.5791660282313824,0.681108,0.6603533333333335,0.924488,0.946,0.482,0.598,0.3968332893824181,0.892,0.5826666666666667,0.66,0.902,0.5833333333333334,0.663,0.928,0.5446666666666666,0.6405,0.685
h2_rialto,4,10,20,100,0.786,0.42866666666666664,0.518,1.521219450987085,0.47853345263004304,0.4406931672692299,0.41786266666666666,0.4359333333333333,0.888208,0.692,0.24533333333333332,0.357,0.2056627178393846,0.87,0.43066666666666664,0.5405,0.85,0.4013333333333333,0.5135,0.894,0.38133333333333336,0.5095,0.522
h3_covertype_b,0,6,1,-1,0.002,0.958,0.719,2.2314362227201814,0.9521630918383598,0.9554355325102806,0.5614466666666666,0.5672813333333333,0.7151333333333333,0.174,0.9326666666666666,0.743,0.0739815435313791,0.21,0.9266666666666666,0.7475,0.21,0.9246666666666666,0.746,0.174,0.9313333333333333,0.742,0.755
h3_covertype_b,0,6,1,300,0.0,0.9353333333333333,0.7015,1.7457338408633285,0.9241998512148857,0.9102703059911728,0.48672266666666664,0.49983600000000006,0.6874466666666667,0.186,0.8966666666666666,0.719,0.09252401536150467,0.24,0.888,0.726,0.24,0.896,0.732,0.186,0.9046666666666666,0.725,0.737
h3_covertype_b,0,6,1,100,0.0,0.8733333333333333,0.655,1.45366770101165,0.8895306766033173,0.8767189364035924,0.46353533333333335,0.4753386666666667,0.5795653333333333,0.222,0.792,0.6495,0.11533040268397887,0.296,0.8366666666666667,0.7015,0.292,0.806,0.6775,0.222,0.844,0.6885,0.689
h3_covertype_b,0,6,2,-1,0.014,0.9566666666666667,0.721,1.9821235385367444,0.9379571015238762,0.9541750181913375,0.5789333333333333,0.586328,0.7460026666666668,0.192,0.93,0.7455,0.0809334819423768,0.25,0.9226666666666666,0.7545,0.25,0.9213333333333333,0.7535,0.186,0.928,0.7425,0.772
h3_covertype_b,0,6,2,300,0.022,0.93,0.703,1.6480255809521493,0.9113191620707511,0.9091270842552185,0.4862286666666667,0.4957,0.6835226666666666,0.172,0.8973333333333333,0.716,0.08589656858064412,0.238,0.8886666666666667,0.726,0.238,0.894,0.73,0.17,0.9013333333333333,0.7185,0.746
h3_covertype_b,0,6,2,100,0.012,0.8726666666666667,0.6575,1.428409450095397,0.8695329728126526,0.8767759535511335,0.49122466666666664,0.501576,0.6144133333333333,0.192,0.7893333333333333,0.64,0.07466210359099619,0.266,0.852,0.7055,0.264,0.8366666666666667,0.6935,0.174,0.8493333333333334,0.6805,0.6955
h3_covertype_b,0,6,5,-1,0.018,0.9546666666666667,0.7205,1.3147219978724596,0.9297451808452606,0.9497952178915342,0.5914460000000001,0.5982,0.791652,0.238,0.928,0.7555,0.12512869694099393,0.346,0.9173333333333333,0.7745,0.344,0.9146666666666666,0.772,0.222,0.9353333333333333,0.757,0.7875
h3_covertype_b,0,6,5,300,0.014,0.936,0.7055,1.135759053611553,0.882413879096508,0.9016909310420355,0.52905,0.540984,0.7739400000000001,0.258,0.8853333333333333,0.7285,0.15390730603457908,0.31,0.8733333333333333,0.7325,0.31,0.8793333333333333,0.737,0.258,0.8953333333333333,0.736,0.7385
h3_covertype_b,0,6,5,100,0.07,0.8553333333333333,0.659,1.0168475348870591,0.8175861036777496,0.8494794966777166,0.5433520000000001,0.540904,0.6935099999999998,0.262,0.7553333333333333,0.632,0.13194290748535625,0.34,0.7873333333333333,0.6755,0.336,0.768,0.66,0.24,0.832,0.684,0.687
h3_covertype_b,0,6,10,-1,0.016,0.9573333333333334,0.722,0.9771158014416406,0.8986756871938706,0.9473528317213058,0.7110653333333334,0.7148413333333333,0.9035946666666667,0.35,0.9386666666666666,0.7915,0.1535528315099073,0.502,0.92,0.8155,0.502,0.9186666666666666,0.8145,0.362,0.9353333333333333,0.792,0.8265
h3_covertype_b,0,6,10,300,0.026,0.9326666666666666,0.706,0.8647884510532958,0.8427650292515755,0.8932937580148379,0.655712,0.6660640000000001,0.8743573333333333,0.222,0.9033333333333333,0.733,0.13519369546456692,0.384,0.8653333333333333,0.745,0.382,0.8673333333333333,0.746,0.274,0.8953333333333333,0.74,0.7735
h3_covertype_b,0,6,10,100,0.17,0.856,0.6845,0.7359712413916892,0.7421548464298249,0.8257023433844248,0.6701013333333334,0.6542413333333335,0.8701279999999999,0.412,0.7573333333333333,0.671,0.22899237222817337,0.384,0.8446666666666667,0.7295,0.374,0.8213333333333334,0.7095,0.276,0.844,0.702,0.719
h3_covertype_b,0,6,20,-1,0.056,0.9566666666666667,0.7315,0.806341604269025,0.8511928654313088,0.9435716010332108,0.764616,0.7659613333333334,0.9193799999999999,0.376,0.946,0.8035,0.137406005948465,0.546,0.926,0.831,0.55,0.9233333333333333,0.83,0.396,0.9393333333333334,0.8035,0.8415
h3_covertype_b,0,6,20,300,0.138,0.9273333333333333,0.73,0.7102368545305178,0.7623603648543358,0.8683999426762263,0.7075786666666667,0.7154039999999999,0.8739013333333333,0.336,0.8926666666666667,0.7535,0.16444358615988525,0.52,0.8593333333333333,0.7745,0.52,0.8593333333333333,0.7745,0.432,0.8813333333333333,0.769,0.7745
h3_covertype_b,0,6,20,100,0.408,0.838,0.7305,0.642051820818577,0.6924009317159653,0.7975177919268608,0.697858,0.661976,0.8732226666666667,0.54,0.7026666666666667,0.662,0.217473316369938,0.52,0.8246666666666667,0.7485,0.51,0.806,0.732,0.432,0.8313333333333334,0.7315,0.7345
h3_covertype_b,1,6,1,-1,0.01,0.9653333333333334,0.7265,1.7707695737091436,0.895656609594822,0.9729230183760326,0.7164666666666667,0.7229613333333333,0.7211653333333333,0.2,0.9373333333333334,0.753,0.12837247246958738,0.354,0.8973333333333333,0.7615,0.348,0.894,0.7575,0.192,0.946,0.7575,0.7615
h3_covertype_b,1,6,1,300,0.0,0.9366666666666666,0.7025,1.5078635278732517,0.8460720787644387,0.9265940659443538,0.6527126666666667,0.66962,0.504464,0.872,0.14733333333333334,0.3285,0.7653762243220956,0.272,0.7693333333333333,0.645,0.262,0.758,0.634,0.742,0.2926666666666667,0.405,0.7065
h3_covertype_b,1,6,1,100,0.0,0.8946666666666667,0.671,1.339019526820275,0.8092827251553536,0.9147115762233734,0.6770826666666667,0.6868106666666667,0.5547893333333332,0.562,0.4046666666666667,0.444,0.4994233564051085,0.202,0.7826666666666666,0.6375,0.192,0.7766666666666666,0.6305,0.568,0.5313333333333333,0.5405,0.675
h3_covertype_b,1,6,2,-1,0.012,0.9646666666666667,0.7265,1.3458947966485588,0.8751390815377236,0.9712219475706418,0.743904,0.7503400000000001,0.7862346666666666,0.65,0.7746666666666666,0.7435,0.37375603985246103,0.572,0.8626666666666667,0.79,0.564,0.8546666666666667,0.782,0.638,0.788,0.7505,0.8
h3_covertype_b,1,6,2,300,0.004,0.938,0.7045,1.2181148919063516,0.8339445327520371,0.9254116152524948,0.676188,0.6955706666666668,0.7339133333333333,0.722,0.5526666666666666,0.595,0.505277698370006,0.448,0.8646666666666667,0.7605,0.422,0.8593333333333333,0.75,0.646,0.6966666666666667,0.684,0.7495
h3_covertype_b,1,6,2,100,0.01,0.896,0.6745,1.05947015264342,0.7739563835263252,0.9078092284798622,0.715742,0.7249706666666667,0.7623986666666666,0.62,0.7373333333333333,0.708,0.3688444046022876,0.474,0.8086666666666666,0.725,0.47,0.8086666666666666,0.724,0.638,0.7413333333333333,0.7155,0.721
h3_covertype_b,1,6,5,-1,0.008,0.964,0.725,1.2786432732481818,0.8657172771692276,0.9697722669839859,0.7371946666666667,0.7452586666666666,0.8026106666666666,0.356,0.9326666666666666,0.7885,0.13651730383147517,0.476,0.9146666666666666,0.805,0.474,0.914,0.804,0.354,0.9366666666666666,0.791,0.805
h3_covertype_b,1,6,5,300,0.004,0.9373333333333334,0.704,1.0787693839515975,0.8052037989497185,0.9209342462817828,0.6882766666666666,0.7055893333333333,0.785744,0.334,0.8746666666666667,0.7395,0.15720188186498482,0.458,0.868,0.7655,0.454,0.8653333333333333,0.7625,0.272,0.9026666666666666,0.745,0.763
h3_covertype_b,1,6,5,100,0.082,0.8853333333333333,0.6845,0.9225013607560779,0.7379431977868081,0.8996164650519689,0.7353573333333333,0.7431586666666667,0.7935399999999999,0.25,0.8606666666666667,0.708,0.13093857834804679,0.462,0.8453333333333334,0.7495,0.444,0.846,0.7455,0.266,0.872,0.7205,0.7475
h3_covertype_b,1,6,10,-1,0.02,0.966,0.7295,1.0915195042845665,0.8427595388293266,0.9685616134405136,0.7586993333333333,0.7659826666666666,0.822692,0.38,0.9453333333333334,0.804,0.13042765479293414,0.486,0.9286666666666666,0.818,0.484,0.9306666666666666,0.819,0.362,0.946,0.8,0.819
h3_covertype_b,1,6,10,300,0.048,0.942,0.7185,0.9236532082036054,0.7795607290267944,0.9109996289610863,0.6867133333333334,0.7028400000000001,0.7748839999999999,0.356,0.9066666666666666,0.769,0.1456507925951523,0.456,0.8853333333333333,0.778,0.448,0.8853333333333333,0.776,0.29,0.9133333333333333,0.7575,0.776
h3_covertype_b,1,6,10,100,0.298,0.8773333333333333,0.7325,0.7889119133585585,0.718707168996334,0.8716505510409673,0.7201213333333333,0.729892,0.7726986666666666,0.474,0.83,0.741,0.21690194400613363,0.492,0.8253333333333334,0.742,0.496,0.8266666666666667,0.744,0.466,0.8393333333333334,0.746,0.7455
h3_covertype_b,1,6,20,-1,0.146,0.9646666666666667,0.76,0.9174577141734442,0.8262194567918777,0.9659566065470377,0.7806773333333333,0.7861986666666667,0.8489400000000001,0.382,0.9506666666666667,0.8085,0.1272494390307653,0.498,0.936,0.8265,0.492,0.9346666666666666,0.824,0.382,0.9506666666666667,0.8085,0.8255
h3_covertype_b,1,6,20,300,0.202,0.93,0.748,0.7738405075069789,0.7739784151911736,0.9029622761805852,0.703284,0.7193533333333333,0.8076986666666666,0.332,0.9153333333333333,0.7695,0.13007190457401124,0.444,0.888,0.777,0.426,0.8853333333333333,0.7705,0.312,0.9166666666666666,0.7655,0.774
h3_covertype_b,1,6,20,100,0.376,0.8653333333333333,0.743,0.6781840084683769,0.7505529763102532,0.8581531462868055,0.7196800000000001,0.7314346666666667,0.8128893333333334,0.344,0.8586666666666667,0.73,0.15080766421551306,0.444,0.852,0.75,0.438,0.8533333333333334,0.7495,0.366,0.866,0.741,0.7565
h3_covertype_b,2,6,1,-1,0.046,0.866,0.661,0.886282936242007,0.7809748206734657,0.8770811354120572,0.7749039999999999,0.8752066666666666,0.9955639999999999,0.974,0.846,0.878,0.27710918275458984,0.974,0.8486666666666667,0.88,0.974,0.8486666666666667,0.88,0.974,0.848,0.8795,0.8835
h3_covertype_b,2,6,1,300,0.08,0.7733333333333333,0.6,0.8141193095437482,0.6640056486725807,0.816714664041996,0.8152306666666668,0.9618639999999999,0.993296,0.998,0.35933333333333334,0.519,0.2935084013738478,0.982,0.7533333333333333,0.8105,0.982,0.744,0.8035,0.99,0.7413333333333333,0.8035,0.8135
h3_covertype_b,2,6,1,100,0.11,0.7293333333333333,0.5745,0.8889956661269311,0.5961718010902405,0.7051568734049797,0.7382813333333333,0.9629373333333333,0.9936546666666667,0.996,0.6513333333333333,0.7375,0.29537673700809475,0.986,0.6993333333333334,0.771,0.98,0.708,0.776,0.988,0.706,0.7765,0.782
h3_covertype_b,2,6,2,-1,0.082,0.866,0.67,0.7319286491495854,0.7036949494481086,0.8747434240976969,0.8427506666666666,0.9484466666666667,0.99506,0.972,0.85,0.8805,0.268496984733118,0.972,0.8506666666666667,0.881,0.972,0.8513333333333334,0.8815,0.972,0.8506666666666667,0.881,0.884
h3_covertype_b,2,6,2,300,0.258,0.7646666666666667,0.638,0.7097019822744706,0.6135350789427757,0.809354797244072,0.8603200000000001,0.9516159999999999,0.9924186666666667,0.97,0.366,0.517,0.2742507141562864,0.964,0.7613333333333333,0.812,0.964,0.7506666666666667,0.804,0.964,0.7493333333333333,0.803,0.81
h3_covertype_b,2,6,2,100,0.256,0.7286666666666667,0.6105,0.8327594029625645,0.5543116407990456,0.7093115814725558,0.8523053333333334,0.961624,0.9929,0.974,0.656,0.7355,0.27496155719857307,0.966,0.712,0.7755,0.966,0.7153333333333334,0.778,0.966,0.7153333333333334,0.778,0.7835
h3_covertype_b,2,6,5,-1,0.226,0.8673333333333333,0.707,0.6501577402301141,0.6370840547084808,0.8719387863874435,0.8897799999999999,0.9613759999999999,0.9952506666666667,0.966,0.8506666666666667,0.8795,0.248880635929444,0.966,0.852,0.8805,0.966,0.854,0.882,0.966,0.8546666666666667,0.8825,0.8845
h3_covertype_b,2,6,5,300,0.532,0.756,0.7,0.641055744011354,0.5717815656065941,0.797148048043251,0.9001333333333333,0.9369866666666666,0.992664,0.962,0.38066666666666665,0.526,0.25160183468613606,0.962,0.7526666666666667,0.805,0.962,0.7493333333333333,0.8025,0.962,0.7493333333333333,0.8025,0.8055
h3_covertype_b,2,6,5,100,0.798,0.7166666666666667,0.737,0.7560276370577924,0.5833743979930878,0.7098028091788292,0.7693413333333333,0.9047533333333333,0.9936879999999999,0.83,0.6493333333333333,0.6945,0.15287656993119414,0.962,0.7113333333333334,0.774,0.962,0.7153333333333334,0.777,0.962,0.7153333333333334,0.777,0.777
h3_covertype_b,2,6,10,-1,0.466,0.866,0.766,0.5541186144904514,0.6365113635063171,0.8703866055607796,0.8863146666666665,0.930332,0.9959800000000001,0.964,0.86,0.886,0.2337322728457043,0.966,0.8566666666666667,0.884,0.966,0.8573333333333333,0.8845,0.964,0.8573333333333333,0.884,0.8845
h3_covertype_b,2,6,10,300,0.794,0.75,0.761,0.5996084608903686,0.6535758672356605,0.7886362312237422,0.76844,0.7874826666666667,0.9932906666666667,0.962,0.3393333333333333,0.495,0.20774152618750472,0.962,0.7546666666666667,0.8065,0.962,0.748,0.8015,0.962,0.748,0.8015,0.802
h3_covertype_b,2,6,10,100,0.942,0.724,0.7785,0.7160276806096321,0.7018948827981949,0.7099390612443288,0.493088,0.5948279999999999,0.993752,0.154,0.642,0.52,0.09612373353536943,0.962,0.706,0.77,0.962,0.724,0.7835,0.962,0.724,0.7835,0.7835
h3_covertype_b,2,6,20,-1,0.816,0.8666666666666667,0.854,0.4293369739105629,0.7184209572076797,0.8718756035765012,0.790572,0.8087560000000001,0.996524,0.972,0.8533333333333334,0.883,0.26029603918242766,0.972,0.8573333333333333,0.886,0.972,0.858,0.8865,0.972,0.858,0.8865,0.8885
h3_covertype_b,2,6,20,300,0.962,0.7533333333333333,0.8055,0.5133293378326321,0.7925355672836304,0.7974339282910029,0.5686373333333332,0.5786386666666667,0.994696,0.974,0.36733333333333335,0.519,0.25916924714454814,0.972,0.752,0.807,0.972,0.7493333333333333,0.805,0.972,0.7493333333333333,0.805,0.8065
h3_covertype_b,2,6,20,100,0.972,0.704,0.771,0.6674223866088477,0.8351852166652679,0.6959902361631394,0.20846533333333334,0.22685866666666668,0.994512,0.946,0.64,0.7165,0.17392173222295199,0.972,0.7,0.768,0.972,0.7026666666666667,0.77,0.972,0.7026666666666667,0.77,0.7715
h3_covertype_b,3,6,1,-1,0.002,0.8573333333333333,0.6435,2.283346658224125,0.9425487208366394,0.8815720935662588,0.36779266666666666,0.3884626666666667,0.8112813333333334,0.014,0.8046666666666666,0.607,0.06947948906190986,0.148,0.7926666666666666,0.6315,0.138,0.796,0.6315,0.008,0.8286666666666667,0.6235,0.693
h3_covertype_b,3,6,1,300,0.008,0.8053333333333333,0.606,1.8964170398575215,0.9032116391658783,0.7520452872912089,0.21818533333333334,0.23279066666666665,0.8278120000000001,0.008,0.68,0.512,0.055210647791292644,0.03,0.7473333333333333,0.568,0.024,0.742,0.5625,0.008,0.8046666666666666,0.6055,0.6675
h3_covertype_b,3,6,1,100,0.008,0.7326666666666667,0.5515,1.676519682190334,0.925747062087059,0.7340842075943946,0.08781733333333336,0.10378800000000002,0.7955199999999999,0.008,0.5306666666666666,0.4,0.05845983639077113,0.066,0.6646666666666666,0.515,0.044,0.6693333333333333,0.513,0.0,0.7326666666666667,0.5495,0.5875
h3_covertype_b,3,6,2,-1,0.006,0.8546666666666667,0.6425,1.5094423098361531,0.9265910078287125,0.8779576925436655,0.421466,0.4625066666666666,0.8864666666666666,0.668,0.742,0.7235,0.3043821209306224,0.596,0.7513333333333333,0.7125,0.568,0.7686666666666667,0.7185,0.614,0.7526666666666667,0.718,0.733
h3_covertype_b,3,6,2,300,0.008,0.8053333333333333,0.606,1.3681020001814381,0.8867314732074738,0.7538174215753873,0.25560933333333336,0.3097213333333333,0.9075653333333333,1.0,0.404,0.553,0.4573384694851503,0.698,0.716,0.7115,0.656,0.7326666666666667,0.7135,0.944,0.6033333333333334,0.6885,0.7185
h3_covertype_b,3,6,2,100,0.008,0.728,0.548,1.2052521168320869,0.8687358239889145,0.7235315328637759,0.192944,0.253456,0.9071093333333332,1.0,0.11666666666666667,0.3375,0.5195617453009462,0.71,0.638,0.656,0.572,0.6473333333333333,0.6285,0.926,0.5326666666666666,0.631,0.664
h3_covertype_b,3,6,5,-1,0.0,0.858,0.6435,1.0581935088961982,0.8536999735236168,0.8734943978587786,0.5680893333333333,0.6208039999999999,0.9525706666666668,0.988,0.5826666666666667,0.684,0.4211294467047038,0.856,0.7766666666666666,0.7965,0.834,0.7806666666666666,0.794,0.95,0.6966666666666667,0.76,0.796
h3_covertype_b,3,6,5,300,0.006,0.7933333333333333,0.5965,0.9633190147766083,0.7870914946198464,0.7398260550300281,0.4221453333333334,0.577516,0.9781626666666666,1.0,0.458,0.5935,0.43302818246042146,0.92,0.736,0.782,0.908,0.7346666666666667,0.778,0.97,0.6826666666666666,0.7545,0.7805
h3_covertype_b,3,6,5,100,0.0,0.726,0.5445,0.9586228050771748,0.7689698465466499,0.7012718263467153,0.35917733333333335,0.45334800000000003,0.9544666666666666,1.0,0.009333333333333334,0.257,0.4884158830599617,0.87,0.6353333333333333,0.694,0.82,0.6533333333333333,0.695,0.948,0.6053333333333333,0.691,0.698
h3_covertype_b,3,6,10,-1,0.156,0.8513333333333334,0.6775,0.8136687204881564,0.7486717606186867,0.8725188888907432,0.7584200000000001,0.7860893333333334,0.9637440000000002,0.878,0.7706666666666667,0.7975,0.3137713196686578,0.838,0.8,0.8095,0.828,0.8046666666666666,0.8105,0.856,0.794,0.8095,0.812
h3_covertype_b,3,6,10,300,0.314,0.7953333333333333,0.675,0.7320273018829551,0.6344484876394272,0.7350853173136711,0.6987506666666666,0.8054640000000001,0.977492,0.914,0.7073333333333334,0.759,0.2971939764461949,0.9,0.756,0.792,0.892,0.7533333333333333,0.788,0.9,0.746,0.7845,0.789
h3_covertype_b,3,6,10,100,0.576,0.724,0.687,0.7200392043042436,0.6343205590844154,0.6919071523149808,0.6484573333333333,0.6471826666666667,0.9775106666666666,0.998,0.024,0.2675,0.3774712871045351,0.85,0.6886666666666666,0.729,0.812,0.6886666666666666,0.7195,0.888,0.6753333333333333,0.7285,0.7275
h3_covertype_b,3,6,20,-1,0.446,0.846,0.746,0.6935873369618133,0.734845645070076,0.8747936911980311,0.788836,0.8011653333333333,0.9701879999999999,0.784,0.8213333333333334,0.812,0.23904797212844267,0.79,0.822,0.814,0.784,0.8226666666666667,0.813,0.782,0.824,0.8135,0.8165
h3_covertype_b,3,6,20,300,0.726,0.7853333333333333,0.7705,0.6261534876765925,0.7219518889784813,0.7326444548765818,0.5232346666666667,0.553996,0.9809720000000001,0.868,0.7513333333333333,0.7805,0.24555612161996268,0.874,0.774,0.799,0.87,0.7653333333333333,0.7915,0.866,0.7653333333333333,0.7905,0.7915
h3_covertype_b,3,6,20,100,0.802,0.7253333333333334,0.7445,0.6091029816023797,0.7869133560061454,0.7067621260881424,0.3206613333333333,0.287148,0.9857693333333334,0.912,0.26266666666666666,0.425,0.26028147810150354,0.87,0.706,0.747,0.86,0.7146666666666667,0.751,0.858,0.7166666666666667,0.752,0.755
h3_covertype_b,4,6,1,-1,0.028,0.8693333333333333,0.659,1.6513798431227151,0.8397331857681274,0.8833863552212715,0.64306,0.6744319999999999,0.867618,0.472,0.796,0.715,0.20088070685770598,0.49,0.7986666666666666,0.7215,0.49,0.7993333333333333,0.722,0.474,0.8033333333333333,0.721,0.7395
h3_covertype_b,4,6,1,300,0.034,0.8166666666666667,0.621,1.5614891460730285,0.7549374933838844,0.7476611405014991,0.47485999999999995,0.5715613333333334,0.8700493333333335,0.49,0.7606666666666667,0.693,0.16400460570859232,0.516,0.7746666666666666,0.71,0.516,0.7766666666666666,0.7115,0.49,0.7793333333333333,0.707,0.718
h3_covertype_b,4,6,1,100,0.0,0.7486666666666667,0.5615,1.7389140794643811,0.7588192061781883,0.7455029792189598,0.4703486666666667,0.5363626666666667,0.9075193333333333,0.478,0.7046666666666667,0.648,0.15474298656625285,0.502,0.7033333333333334,0.653,0.498,0.708,0.6555,0.478,0.7106666666666667,0.6525,0.679
h3_covertype_b,4,6,2,-1,0.016,0.8686666666666667,0.6555,1.1052067883828525,0.83080708694458,0.8808054570555687,0.6637406666666666,0.7095946666666667,0.9495973333333333,0.956,0.6826666666666666,0.751,0.3972380120664669,0.896,0.7546666666666667,0.79,0.896,0.752,0.788,0.948,0.6933333333333334,0.757,0.8015
h3_covertype_b,4,6,2,300,0.0,0.816,0.612,1.0827318799073735,0.7583148673772812,0.7426722194949786,0.461196,0.616852,0.93442,1.0,0.556,0.667,0.42228504196814776,0.742,0.7213333333333334,0.7265,0.74,0.7226666666666667,0.727,0.994,0.6346666666666667,0.7245,0.7355
h3_covertype_b,4,6,2,100,0.0,0.7446666666666667,0.5585,1.1914884368588587,0.7433030149936676,0.7326292739311854,0.4804413333333334,0.6871386666666667,0.9472520000000001,0.996,0.5613333333333334,0.67,0.36597123158761513,0.77,0.656,0.6845,0.768,0.672,0.696,0.832,0.652,0.697,0.7
h3_covertype_b,4,6,5,-1,0.17,0.8706666666666667,0.6955,0.8971897506947826,0.7603847469091416,0.8822971379359563,0.7298086666666667,0.7751173333333334,0.9592306666666667,0.814,0.78,0.7885,0.28753601253169975,0.816,0.802,0.8055,0.822,0.7953333333333333,0.802,0.844,0.7826666666666666,0.798,0.806
h3_covertype_b,4,6,5,300,0.062,0.8153333333333334,0.627,0.8978118303654685,0.6913845936655998,0.7407255085905393,0.5976506666666667,0.767748,0.9578559999999999,0.89,0.6986666666666667,0.7465,0.3167621663203439,0.856,0.7413333333333333,0.77,0.854,0.7433333333333333,0.771,0.87,0.7346666666666667,0.7685,0.771
h3_covertype_b,4,6,5,100,0.058,0.7546666666666667,0.5805,0.997293455257812,0.620348926961422,0.7262343708276748,0.7222146666666666,0.869692,0.9562746666666668,0.984,0.5733333333333334,0.676,0.35181412241022625,0.904,0.6693333333333333,0.728,0.904,0.6746666666666666,0.732,0.908,0.6653333333333333,0.726,0.733
h3_covertype_b,4,6,10,-1,0.198,0.866,0.699,0.8269057917023562,0.7610234173536301,0.8809254191120466,0.7324633333333334,0.7820093333333333,0.962596,0.746,0.8246666666666667,0.805,0.22494319174892524,0.802,0.812,0.8095,0.806,0.812,0.8105,0.796,0.8126666666666666,0.8085,0.809
h3_covertype_b,4,6,10,300,0.162,0.8133333333333334,0.6505,0.81084329931822,0.6669111996889114,0.7378489630818367,0.6566253333333333,0.8334546666666667,0.9552706666666666,0.692,0.7433333333333333,0.7305,0.20799084271125728,0.814,0.7366666666666667,0.756,0.812,0.7366666666666667,0.7555,0.774,0.744,0.7515,0.7685
h3_covertype_b,4,6,10,100,0.394,0.74,0.6535,0.9058918142569502,0.568665776193142,0.7133020118077597,0.8184866666666667,0.9001213333333333,0.965784,1.0,0.5633333333333334,0.6725,0.3033096972237182,0.97,0.652,0.7315,0.956,0.6566666666666666,0.7315,0.96,0.656,0.732,0.733
h3_covertype_b,4,6,20,-1,0.378,0.8593333333333333,0.739,0.6439283072050969,0.7459087032079696,0.8704986259142558,0.7511853333333333,0.7878493333333334,0.9721066666666667,0.748,0.8206666666666667,0.8025,0.22792044708400883,0.806,0.808,0.8075,0.808,0.8073333333333333,0.8075,0.806,0.8086666666666666,0.808,0.815
h3_covertype_b,4,6,20,300,0.488,0.8006666666666666,0.7225,0.6724100748765975,0.6429853193163871,0.7302624510327975,0.6787613333333333,0.7580066666666666,0.9613613333333334,0.856,0.716,0.751,0.2511108693340178,0.836,0.748,0.77,0.834,0.7453333333333333,0.7675,0.806,0.7486666666666667,0.763,0.773
h3_covertype_b,4,6,20,100,0.68,0.7073333333333334,0.7005,0.8391101795705441,0.6795987671017647,0.7246972817182541,0.593716,0.674376,0.968488,0.806,0.6773333333333333,0.7095,0.23849798011225237,0.87,0.678,0.726,0.826,0.6833333333333333,0.719,0.784,0.6886666666666666,0.7125,0.7385
h4_covertype_d,0,6,1,-1,0.02,0.9426666666666667,0.712,1.4119319147360148,0.8863068076372147,0.9509050250848134,0.6987346666666667,0.706724,0.8652946666666665,0.706,0.758,0.745,0.37526736924216203,0.652,0.836,0.79,0.652,0.8346666666666667,0.789,0.702,0.7933333333333333,0.7705,0.81
h4_covertype_d,0,6,1,300,0.0,0.8773333333333333,0.658,1.3969011375293083,0.8866091192960739,0.900548710346222,0.5610040000000001,0.5564986666666667,0.7760746666666667,1.0,0.0,0.25,0.9982907805143681,0.522,0.7473333333333333,0.691,0.516,0.7573333333333333,0.697,1.0,0.0,0.25,0.7135
h4_covertype_d,0,6,1,100,0.0,0.8633333333333333,0.6475,1.4453595329341147,0.836777748465538,0.8850344723264376,0.6409226666666666,0.6363773333333334,0.8047479999999999,1.0,0.0,0.25,0.9176215742653571,0.582,0.746,0.705,0.56,0.736,0.692,1.0,0.0,0.25,0.6995
h4_covertype_d,0,6,2,-1,0.024,0.94,0.711,1.2077558011586411,0.8754251596331596,0.9490778528849284,0.7352446666666667,0.7413986666666667,0.8950013333333334,0.836,0.74,0.764,0.4136389263438012,0.726,0.8446666666666667,0.815,0.728,0.8413333333333334,0.813,0.836,0.7486666666666667,0.7705,0.821
h4_covertype_d,0,6,2,300,0.0,0.8753333333333333,0.6565,1.2996161669201824,0.8871160015463829,0.8981840143203735,0.5623206666666667,0.5605653333333334,0.813748,0.81,0.194,0.348,0.36706821435538395,0.428,0.8233333333333334,0.7245,0.438,0.8266666666666667,0.7295,0.808,0.5306666666666666,0.6,0.729
h4_covertype_d,0,6,2,100,0.0,0.8693333333333333,0.652,1.3856770726252388,0.8419092344045639,0.8794419999917348,0.6372613333333333,0.631536,0.8114426666666665,0.87,0.38266666666666665,0.5045,0.5305101779250488,0.448,0.782,0.6985,0.46,0.796,0.712,0.88,0.406,0.5245,0.7095
h4_covertype_d,0,6,5,-1,0.046,0.9393333333333334,0.716,1.0659172252880529,0.8319665185809135,0.9461284553408623,0.7619273333333334,0.7693226666666666,0.9028773333333332,0.672,0.844,0.801,0.25454069896809794,0.672,0.884,0.831,0.668,0.8793333333333333,0.8265,0.66,0.8846666666666667,0.8285,0.8275
h4_covertype_d,0,6,5,300,0.026,0.874,0.662,1.1319454805564146,0.8366390692591668,0.8928006608486175,0.6064466666666666,0.6103986666666668,0.8400466666666667,0.334,0.5,0.4585,0.12766283630368194,0.482,0.816,0.7325,0.488,0.8093333333333333,0.729,0.382,0.8366666666666667,0.723,0.7315
h4_covertype_d,0,6,5,100,0.068,0.8633333333333333,0.6645,1.1783754891096718,0.742360192835331,0.8561794669628143,0.693708,0.6928146666666666,0.8297199999999999,0.6,0.6473333333333333,0.6355,0.3017975088652335,0.576,0.7306666666666667,0.692,0.564,0.7226666666666667,0.683,0.564,0.7226666666666667,0.683,0.6985
h4_covertype_d,0,6,10,-1,0.032,0.9413333333333334,0.714,0.9085030268615671,0.8200311875343322,0.9453989542126655,0.8008999999999998,0.8051293333333333,0.9333226666666667,0.644,0.904,0.839,0.21877863455475613,0.692,0.9026666666666666,0.85,0.69,0.902,0.849,0.656,0.9053333333333333,0.843,0.848
h4_covertype_d,0,6,10,300,0.002,0.878,0.659,0.9313512210851382,0.8175168739557266,0.8803762151797613,0.6781546666666667,0.671668,0.8726013333333333,0.684,0.38066666666666665,0.4565,0.21809251076756325,0.554,0.814,0.749,0.542,0.816,0.7475,0.482,0.8293333333333334,0.7425,0.7515
h4_covertype_d,0,6,10,100,0.042,0.866,0.66,1.04597420850852,0.6610128982067108,0.807281974196434,0.733504,0.7158800000000001,0.8424066666666666,0.812,0.5333333333333333,0.603,0.37366655656054065,0.662,0.7286666666666667,0.712,0.66,0.728,0.711,0.778,0.658,0.688,0.7115
h4_covertype_d,0,6,20,-1,0.164,0.9386666666666666,0.745,0.7905956513542505,0.79275055539608,0.9436141475439072,0.8158399999999999,0.8174573333333333,0.9352186666666666,0.526,0.9206666666666666,0.822,0.1669671448328787,0.61,0.9073333333333333,0.833,0.614,0.9066666666666666,0.8335,0.542,0.922,0.827,0.8475
h4_covertype_d,0,6,20,300,0.12,0.8773333333333333,0.688,0.7608610674888423,0.7253693205714226,0.8601800689697265,0.7372786666666666,0.7148786666666667,0.8802213333333333,0.67,0.7013333333333334,0.6935,0.24350709064576245,0.618,0.812,0.7635,0.62,0.8146666666666667,0.766,0.596,0.8193333333333334,0.7635,0.767
h4_covertype_d,0,6,20,100,0.412,0.8113333333333334,0.7115,0.9726629873708688,0.6198609792590142,0.7784759426911672,0.7532533333333333,0.7186346666666666,0.8600333333333333,0.754,0.632,0.6625,0.30732569260667764,0.678,0.76,0.7395,0.666,0.756,0.7335,0.74,0.7086666666666667,0.7165,0.732
h4_covertype_d,1,6,1,-1,0.002,0.9393333333333334,0.705,1.5433756006291783,0.8648113099336624,0.9462730832497279,0.725642,0.7410039999999999,0.8514733333333333,0.582,0.862,0.792,0.23671551401325852,0.596,0.8693333333333333,0.801,0.59,0.868,0.7985,0.568,0.874,0.7975,0.8035
h4_covertype_d,1,6,1,300,0.036,0.8846666666666667,0.6725,1.5654453600008393,0.8226211933493615,0.8979028575023016,0.6484540000000001,0.6687079999999999,0.7693666666666666,0.444,0.814,0.7215,0.1953009612205518,0.476,0.8026666666666666,0.721,0.474,0.804,0.7215,0.438,0.8173333333333334,0.7225,0.7255
h4_covertype_d,1,6,1,100,0.052,0.8686666666666667,0.6645,1.2173849617558725,0.7622816483974457,0.8917431814074517,0.6843786666666667,0.703188,0.779648,0.25,0.8326666666666667,0.687,0.10946497970577734,0.514,0.8046666666666666,0.732,0.516,0.8013333333333333,0.73,0.498,0.8066666666666666,0.7295,0.732
h4_covertype_d,1,6,2,-1,0.0,0.9413333333333334,0.706,1.2980593716274718,0.8615750029087067,0.9444719579021136,0.7446953333333334,0.7613306666666667,0.8572613333333333,0.898,0.452,0.5635,0.5520663591416586,0.63,0.8406666666666667,0.788,0.63,0.8386666666666667,0.7865,0.882,0.6126666666666667,0.68,0.8045
h4_covertype_d,1,6,2,300,0.0,0.8813333333333333,0.661,1.2851030522068883,0.8153038187623024,0.8903593282898267,0.6630513333333332,0.6821079999999999,0.802736,0.484,0.788,0.712,0.2883904946154448,0.458,0.8026666666666666,0.7165,0.456,0.7986666666666666,0.713,0.476,0.7886666666666666,0.7105,0.7135
h4_covertype_d,1,6,2,100,0.004,0.868,0.652,1.003642733100352,0.7490163120329381,0.8722852767705918,0.6877253333333333,0.711204,0.8088146666666667,0.0,0.7866666666666666,0.59,0.016016689170140395,0.558,0.7613333333333333,0.7105,0.55,0.764,0.7105,0.626,0.7266666666666667,0.7015,0.7205
h4_covertype_d,1,6,5,-1,0.018,0.9433333333333334,0.712,1.2656408031972437,0.8502343487739563,0.9449796197414398,0.7474653333333334,0.763984,0.8783426666666666,0.236,0.9293333333333333,0.756,0.10396731414495516,0.474,0.9033333333333333,0.796,0.476,0.906,0.7985,0.27,0.9233333333333333,0.76,0.8005
h4_covertype_d,1,6,5,300,0.014,0.878,0.662,1.1932790477775657,0.7918385877609253,0.8886335834463437,0.672458,0.6850026666666666,0.8158506666666666,0.338,0.8333333333333334,0.7095,0.1455331947103397,0.416,0.816,0.716,0.416,0.812,0.713,0.34,0.8353333333333334,0.7115,0.713
h4_covertype_d,1,6,5,100,0.164,0.854,0.6815,0.9522908732092566,0.7479645896553994,0.872038102030754,0.6863033333333333,0.70614,0.795288,0.0,0.774,0.5805,2.5588676034018053e-10,0.486,0.8013333333333333,0.7225,0.482,0.8006666666666666,0.721,0.396,0.818,0.7125,0.723
h4_covertype_d,1,6,10,-1,0.024,0.942,0.7125,1.0571847479498309,0.8325304093360901,0.9425993928114573,0.7769520000000001,0.7924346666666666,0.8990053333333333,0.218,0.9353333333333333,0.756,0.097638912177332,0.504,0.9073333333333333,0.8065,0.508,0.9073333333333333,0.8075,0.254,0.9293333333333333,0.7605,0.8165
h4_covertype_d,1,6,10,300,0.088,0.878,0.6805,1.019472115189564,0.7641276822686195,0.880598887125651,0.702456,0.71128,0.8283386666666667,0.142,0.8633333333333333,0.683,0.0955868347790071,0.444,0.808,0.717,0.44,0.806,0.7145,0.326,0.8313333333333334,0.705,0.717
h4_covertype_d,1,6,10,100,0.276,0.8473333333333334,0.7045,0.7642765386611853,0.7039642788171768,0.8493552650213242,0.7327206666666666,0.756832,0.83486,0.0,0.7373333333333333,0.553,1.1779024144877988e-10,0.552,0.784,0.726,0.544,0.7866666666666666,0.726,0.46,0.8153333333333334,0.7265,0.7275
h4_covertype_d,1,6,20,-1,0.1,0.9413333333333334,0.731,0.880618358030223,0.7917982265353203,0.9414063138365746,0.8138573333333333,0.8279920000000001,0.9189293333333333,0.322,0.9333333333333333,0.7805,0.10163683182484151,0.528,0.918,0.8205,0.53,0.9173333333333333,0.8205,0.356,0.9306666666666666,0.787,0.834
h4_covertype_d,1,6,20,300,0.246,0.8813333333333333,0.7225,0.8209726888387489,0.6945837677717209,0.8733274341026942,0.764076,0.7701226666666666,0.8618413333333333,0.292,0.8646666666666667,0.7215,0.12123448582135882,0.584,0.8233333333333334,0.7635,0.584,0.8206666666666667,0.7615,0.482,0.8446666666666667,0.754,0.761
h4_covertype_d,1,6,20,100,0.556,0.8146666666666667,0.75,0.6677773385795244,0.7184864835739135,0.8364950700203577,0.7101986666666666,0.7611680000000001,0.8567026666666666,0.0,0.7226666666666667,0.542,3.6633271934605746e-10,0.618,0.788,0.7455,0.624,0.7866666666666666,0.746,0.602,0.7906666666666666,0.7435,0.75
h4_covertype_d,2,6,1,-1,0.0,0.862,0.6465,1.384545690278997,0.6845474271178246,0.8665650224685669,0.8250693333333332,0.90224,0.9701839999999999,0.804,0.836,0.828,0.2316550730573262,0.828,0.834,0.8325,0.83,0.8333333333333334,0.8325,0.816,0.8346666666666667,0.83,0.847
h4_covertype_d,2,6,1,300,0.004,0.768,0.577,1.121448928678984,0.5876842279434205,0.7403235139846802,0.7808440000000001,0.9300719999999999,0.9717786666666667,0.998,0.6766666666666666,0.757,0.32979689980949173,0.982,0.7086666666666667,0.777,0.988,0.7113333333333334,0.7805,0.994,0.6986666666666667,0.7725,0.7805
h4_covertype_d,2,6,1,100,0.0,0.6673333333333333,0.5005,1.2200514265065072,0.4961234028339386,0.6823420464992523,0.815884,0.9087413333333333,0.96008,0.908,0.6113333333333333,0.6855,0.3102735709775833,0.864,0.6446666666666667,0.6995,0.874,0.6166666666666667,0.681,0.884,0.6166666666666667,0.6835,0.6815
h4_covertype_d,2,6,2,-1,0.0,0.8606666666666667,0.6455,1.1017573605442406,0.6672905436158181,0.8644569541414578,0.8429439999999999,0.9299413333333332,0.9697733333333334,0.986,0.7906666666666666,0.8395,0.3130976918584344,0.974,0.806,0.848,0.974,0.8046666666666666,0.847,0.974,0.798,0.842,0.8545
h4_covertype_d,2,6,2,300,0.0,0.7726666666666666,0.5795,1.0230137684563472,0.5622055335640908,0.7405619862476984,0.8278760000000001,0.9496626666666667,0.969936,1.0,0.6273333333333333,0.7205,0.35781610544425013,0.998,0.692,0.7685,0.998,0.6926666666666667,0.769,1.0,0.6713333333333333,0.7535,0.7815
h4_covertype_d,2,6,2,100,0.0,0.666,0.4995,1.1043446052390964,0.4772328216433525,0.6751176445682844,0.8242893333333333,0.924984,0.9578333333333332,0.98,0.5693333333333334,0.672,0.34195432789335634,0.908,0.6326666666666667,0.7015,0.908,0.6086666666666667,0.6835,0.92,0.6046666666666667,0.6835,0.685
h4_covertype_d,2,6,5,-1,0.066,0.862,0.663,0.8059959359488601,0.5936770153641701,0.8729738644361495,0.900584,0.9606000000000001,0.9865266666666668,0.99,0.8093333333333333,0.8545,0.2939530304872403,0.988,0.8206666666666667,0.8625,0.988,0.8166666666666667,0.8595,0.99,0.8133333333333334,0.8575,0.8695
h4_covertype_d,2,6,5,300,0.418,0.7753333333333333,0.686,0.7695530529207517,0.4821551265120506,0.73482329672575,0.9262986666666666,0.974856,0.9865480000000001,0.992,0.7093333333333334,0.78,0.31384994946367356,0.986,0.72,0.7865,0.988,0.724,0.79,0.99,0.7193333333333334,0.787,0.7965
h4_covertype_d,2,6,5,100,0.54,0.6653333333333333,0.634,0.9030652177228601,0.39229491490125656,0.6711155743996302,0.9435053333333334,0.9492759999999999,0.9822413333333333,0.0,0.6153333333333333,0.4615,0.051051515582313065,0.958,0.6533333333333333,0.7295,0.96,0.624,0.708,0.958,0.628,0.7105,0.7145
h4_covertype_d,2,6,10,-1,0.286,0.8613333333333333,0.7175,0.646606968830201,0.5413985778093338,0.8670455098946889,0.9255266666666667,0.9666533333333334,0.9879146666666667,0.98,0.828,0.866,0.27977133290419726,0.978,0.834,0.87,0.978,0.8286666666666667,0.866,0.98,0.8266666666666667,0.865,0.867
h4_covertype_d,2,6,10,300,0.758,0.766,0.764,0.6451065071647583,0.5812710002064705,0.7298515882094702,0.7793439999999999,0.9368413333333334,0.9867933333333333,0.97,0.7146666666666667,0.7785,0.29294925540287703,0.958,0.7306666666666667,0.7875,0.958,0.7333333333333333,0.7895,0.958,0.73,0.787,0.7955
h4_covertype_d,2,6,10,100,0.816,0.6593333333333333,0.6985,0.8134473396434135,0.5266944637298584,0.6664104804992675,0.7830373333333334,0.8866826666666666,0.981524,0.0,0.6106666666666667,0.458,0.0053154242241691555,0.934,0.668,0.7345,0.938,0.6373333333333333,0.7125,0.924,0.6426666666666667,0.713,0.712
h4_covertype_d,2,6,20,-1,0.576,0.8586666666666667,0.788,0.5200634882456324,0.5977746896743774,0.8626049278577169,0.8919693333333333,0.9564853333333332,0.9899853333333334,0.994,0.826,0.868,0.28511147446500174,0.982,0.836,0.8725,0.982,0.8293333333333334,0.8675,0.994,0.828,0.8695,0.869
h4_covertype_d,2,6,20,300,0.876,0.7593333333333333,0.7885,0.5691666727928132,0.6711763632893563,0.7387294234037399,0.622144,0.7731520000000001,0.988684,0.994,0.7133333333333334,0.7835,0.3035933002299659,0.978,0.7286666666666667,0.791,0.98,0.724,0.788,0.986,0.7173333333333334,0.7845,0.7975
h4_covertype_d,2,6,20,100,0.906,0.6573333333333333,0.7195,0.7430438045677763,0.6529909418225288,0.6659009666045507,0.5155106666666667,0.670748,0.9848386666666666,0.0,0.5986666666666667,0.449,0.018219258901329465,0.96,0.6693333333333333,0.742,0.964,0.638,0.7195,0.948,0.6466666666666666,0.722,0.724
h4_covertype_d,3,6,1,-1,0.004,0.866,0.6505,2.122381118988783,0.8505387759804726,0.8748278726140658,0.5700373333333334,0.6039826666666667,0.8530826666666667,0.13,0.7933333333333333,0.6275,0.09923512321942914,0.208,0.8,0.652,0.206,0.7986666666666666,0.6505,0.128,0.824,0.65,0.7215
h4_covertype_d,3,6,1,300,0.002,0.7733333333333333,0.5805,1.7910099379008677,0.8221678916215897,0.7924504781961441,0.4391946666666667,0.49540400000000007,0.8474506666666667,0.172,0.704,0.571,0.13626104488514293,0.28,0.6953333333333334,0.5915,0.272,0.6966666666666667,0.5905,0.206,0.7113333333333334,0.585,0.6645
h4_covertype_d,3,6,1,100,0.0,0.6786666666666666,0.509,1.7188598773999577,0.8588409197926521,0.774446592271328,0.262492,0.31653466666666663,0.8328373333333333,0.136,0.5946666666666667,0.48,0.12506907973564277,0.246,0.6113333333333333,0.52,0.238,0.608,0.5155,0.12,0.654,0.5205,0.5975
h4_covertype_d,3,6,2,-1,0.006,0.868,0.6525,1.6358441326562365,0.8376393865942955,0.8720572873751322,0.5810053333333334,0.6219493333333332,0.871184,0.274,0.776,0.6505,0.16634771645772203,0.416,0.7766666666666666,0.6865,0.416,0.7773333333333333,0.687,0.32,0.7913333333333333,0.6735,0.7395
h4_covertype_d,3,6,2,300,0.002,0.7726666666666666,0.58,1.4392193221844427,0.8058902551531791,0.7883519754012426,0.457488,0.5332533333333334,0.8631506666666666,0.31,0.6826666666666666,0.5895,0.1961227682745075,0.396,0.668,0.6,0.372,0.676,0.6,0.328,0.6833333333333333,0.5945,0.686
h4_covertype_d,3,6,2,100,0.14,0.6753333333333333,0.5415,1.3533075397328898,0.773789476275444,0.759647442917029,0.416864,0.4838186666666667,0.8614733333333334,0.4,0.5753333333333334,0.5315,0.1967360252955177,0.464,0.6266666666666667,0.586,0.452,0.6313333333333333,0.5865,0.422,0.6426666666666667,0.5875,0.6005
h4_covertype_d,3,6,5,-1,0.042,0.8646666666666667,0.659,1.1927020214997264,0.8100364194512367,0.8717044590115547,0.64656,0.7069693333333333,0.9063199999999999,0.66,0.758,0.7335,0.2556899031236079,0.728,0.7733333333333333,0.762,0.71,0.7726666666666666,0.757,0.684,0.7753333333333333,0.7525,0.761
h4_covertype_d,3,6,5,300,0.088,0.7606666666666667,0.5925,1.1540434198993397,0.7813914718031884,0.7888369621634483,0.5376706666666666,0.6651026666666666,0.8871733333333334,0.446,0.68,0.6215,0.22363537105341394,0.56,0.6766666666666666,0.6475,0.54,0.672,0.639,0.46,0.6873333333333334,0.6305,0.6855
h4_covertype_d,3,6,5,100,0.108,0.676,0.534,1.116894905851593,0.7545948082208633,0.7499436873793602,0.47307999999999995,0.58314,0.8944453333333333,0.29,0.6146666666666667,0.5335,0.17168984743995477,0.528,0.6206666666666667,0.5975,0.484,0.624,0.589,0.358,0.638,0.568,0.6425
h4_covertype_d,3,6,10,-1,0.138,0.8693333333333333,0.6865,0.9388392059186861,0.7428208785057068,0.8688011082410813,0.7302306666666666,0.7786786666666667,0.9388106666666667,0.726,0.7826666666666666,0.7685,0.24748084668487136,0.762,0.79,0.783,0.756,0.79,0.7815,0.744,0.794,0.7815,0.7895
h4_covertype_d,3,6,10,300,0.224,0.7633333333333333,0.6285,0.8779919208164745,0.7002476062774659,0.7772685918211937,0.6595266666666666,0.7816853333333333,0.9287639999999999,0.772,0.6833333333333333,0.7055,0.26821480181981605,0.76,0.6873333333333334,0.7055,0.756,0.6913333333333334,0.7075,0.76,0.6886666666666666,0.7065,0.7085
h4_covertype_d,3,6,10,100,0.342,0.6646666666666666,0.584,0.9127676176280664,0.6352579618692398,0.7341001938184102,0.7153286666666665,0.7974613333333332,0.9242293333333333,0.754,0.6013333333333334,0.6395,0.263228000490463,0.76,0.61,0.6475,0.746,0.6153333333333333,0.648,0.754,0.614,0.649,0.6555
h4_covertype_d,3,6,20,-1,0.282,0.8646666666666667,0.719,0.7646481309255501,0.7490185201764107,0.8678069830735524,0.7452293333333333,0.7945106666666667,0.9557493333333333,0.672,0.8173333333333334,0.781,0.21798680804109216,0.802,0.808,0.8065,0.79,0.808,0.8035,0.744,0.8153333333333334,0.7975,0.8085
h4_covertype_d,3,6,20,300,0.358,0.746,0.649,0.7864020064330528,0.7351684373021126,0.7808307118813197,0.6009093333333333,0.6730213333333334,0.936488,0.662,0.7146666666666667,0.7015,0.22119125611005452,0.73,0.7053333333333334,0.7115,0.71,0.7093333333333334,0.7095,0.682,0.7113333333333334,0.704,0.72
h4_covertype_d,3,6,20,100,0.682,0.6526666666666666,0.66,0.8546826338750872,0.7250908621549607,0.7480089509884517,0.5468746666666666,0.5404746666666667,0.9352320000000001,0.784,0.63,0.6685,0.2516963120427542,0.806,0.6253333333333333,0.6705,0.788,0.6353333333333333,0.6735,0.79,0.6353333333333333,0.674,0.6765
h4_covertype_d,4,6,1,-1,0.012,0.8586666666666667,0.647,1.6207542023009298,0.7768849307894706,0.881851115902265,0.6999746666666666,0.7527666666666666,0.936468,0.558,0.8113333333333334,0.748,0.18697437917588833,0.61,0.8066666666666666,0.7575,0.614,0.8093333333333333,0.7605,0.562,0.8153333333333334,0.752,0.7875
h4_covertype_d,4,6,1,300,0.002,0.7986666666666666,0.5995,1.3955646670802484,0.7418176093697548,0.8191409051616987,0.6661653333333333,0.7782893333333335,0.9369066666666666,0.504,0.7453333333333333,0.685,0.18703499631089046,0.598,0.7493333333333333,0.7115,0.618,0.7393333333333333,0.709,0.54,0.7453333333333333,0.694,0.756
h4_covertype_d,4,6,1,100,0.022,0.73,0.553,1.0932399723123076,0.5818174138069153,0.7350252317984899,0.7494466666666666,0.918388,0.9469573333333333,0.274,0.42866666666666664,0.39,0.14367991151954132,0.974,0.6386666666666667,0.7225,0.974,0.64,0.7235,1.0,0.6113333333333333,0.7085,0.7335
h4_covertype_d,4,6,2,-1,0.012,0.86,0.648,1.5402206945112584,0.7737960854172706,0.8804203553597132,0.7175346666666667,0.7762226666666667,0.9387666666666667,0.508,0.8126666666666666,0.7365,0.1571554092294713,0.582,0.8106666666666666,0.7535,0.59,0.8153333333333334,0.759,0.532,0.8166666666666667,0.7455,0.804
h4_covertype_d,4,6,2,300,0.024,0.7926666666666666,0.6005,1.2867062281623645,0.7291177098751068,0.8169455234209696,0.6744039999999999,0.7953586666666668,0.9385933333333333,0.426,0.6986666666666667,0.6305,0.14407760532945313,0.582,0.7393333333333333,0.7,0.594,0.734,0.699,0.49,0.7426666666666667,0.6795,0.759
h4_covertype_d,4,6,2,100,0.072,0.7266666666666667,0.563,1.027406262918206,0.5941903814077377,0.7364951399167379,0.7714653333333333,0.9263893333333333,0.9472959999999999,0.0,0.37733333333333335,0.283,0.010573547678126355,0.922,0.674,0.736,0.922,0.672,0.7345,0.922,0.672,0.7345,0.7345
h4_covertype_d,4,6,5,-1,0.266,0.8606666666666667,0.712,0.836940797909302,0.6901214648485183,0.8751478683551153,0.7962653333333334,0.8548133333333333,0.9812186666666666,0.94,0.7973333333333333,0.833,0.28981953857080134,0.918,0.8106666666666666,0.8375,0.918,0.8106666666666666,0.8375,0.93,0.8086666666666666,0.839,0.8415
h4_covertype_d,4,6,5,300,0.252,0.7953333333333333,0.6595,0.8518113343541813,0.6247728039622307,0.8093470834891001,0.7904133333333334,0.8818213333333333,0.9694853333333333,0.92,0.7346666666666667,0.781,0.24571294728485824,0.894,0.7533333333333333,0.7885,0.924,0.7453333333333333,0.79,0.932,0.7426666666666667,0.79,0.79
h4_covertype_d,4,6,5,100,0.444,0.722,0.6525,0.8264877217863147,0.5130226773023605,0.7279407062530517,0.8828893333333332,0.9485199999999999,0.96542,0.0,0.402,0.3015,0.000372556900401291,0.914,0.6773333333333333,0.7365,0.942,0.6726666666666666,0.74,0.956,0.668,0.74,0.7425
h4_covertype_d,4,6,10,-1,0.372,0.8666666666666667,0.743,0.6917691618350722,0.711797075510025,0.8774962731202444,0.7974146666666667,0.8629773333333333,0.9844346666666668,0.916,0.816,0.841,0.2541615113629866,0.906,0.832,0.8505,0.908,0.832,0.851,0.906,0.8326666666666667,0.851,0.8535
h4_covertype_d,4,6,10,300,0.476,0.782,0.7055,0.6895636722656671,0.6118457311987877,0.8144953549901645,0.8328146666666666,0.9089586666666666,0.9779773333333334,0.944,0.7153333333333334,0.7725,0.23965921906808996,0.92,0.7566666666666667,0.7975,0.934,0.75,0.796,0.94,0.748,0.796,0.7985
h4_covertype_d,4,6,10,100,0.708,0.724,0.72,0.7385819697552454,0.6215127564072609,0.7403229807813962,0.700648,0.8196119999999999,0.9708453333333333,0.056,0.4226666666666667,0.331,0.07041086100371201,0.896,0.7046666666666667,0.7525,0.916,0.6966666666666667,0.7515,0.912,0.698,0.7515,0.754
h4_covertype_d,4,6,20,-1,0.652,0.864,0.811,0.5036186444650562,0.7590775314569473,0.8747817374666532,0.7359346666666666,0.7970893333333333,0.9908653333333334,0.922,0.84,0.8605,0.24767867623248827,0.926,0.8413333333333334,0.8625,0.926,0.8393333333333334,0.861,0.926,0.8393333333333334,0.861,0.8635
h4_covertype_d,4,6,20,300,0.766,0.78,0.7765,0.573606830427772,0.7814397764205933,0.81353836419185,0.5486599999999999,0.6278186666666666,0.9847986666666667,0.892,0.742,0.7795,0.22760531247298105,0.898,0.7766666666666666,0.807,0.906,0.768,0.8025,0.904,0.7686666666666667,0.8025,0.805
h4_covertype_d,4,6,20,100,0.832,0.732,0.757,0.6783864385813985,0.792108074247837,0.7643370784123739,0.42766266666666664,0.4785373333333333,0.9771453333333333,0.592,0.43333333333333335,0.473,0.16453048873935572,0.874,0.7273333333333334,0.764,0.884,0.7246666666666667,0.7645,0.876,0.726,0.7635,0.7645
h3_insects_b,0,6,1,-1,0.0,0.786,0.5895,1.6067535051441586,0.7548309960365296,0.8157908536791801,0.6586066666666667,0.6866613333333335,0.8769493333333332,0.974,0.48933333333333334,0.6105,0.5584141090568586,0.938,0.5233333333333333,0.627,0.938,0.5246666666666666,0.628,0.984,0.48,0.606,0.692
h3_insects_b,0,6,1,300,0.0,0.774,0.5805,1.4117858135114356,0.7048791775107384,0.7843183179100355,0.7069239999999999,0.7778293333333333,0.8869826666666667,0.982,0.4633333333333333,0.593,0.5810112564201978,0.958,0.5146666666666667,0.6255,0.96,0.5153333333333333,0.6265,0.988,0.458,0.5905,0.696
h3_insects_b,0,6,1,100,0.0,0.7186666666666667,0.539,1.3986269166684422,0.5662308575212955,0.7858287773331006,0.7932506666666667,0.8192240000000001,0.812708,0.966,0.352,0.5055,0.6377528935239365,0.774,0.5333333333333333,0.5935,0.78,0.5433333333333333,0.6025,0.974,0.33266666666666667,0.493,0.6355
h3_insects_b,0,6,2,-1,0.0,0.7866666666666666,0.59,1.5044678457906508,0.7480564950108528,0.8147693454027176,0.6795233333333334,0.7186746666666667,0.8714333333333333,0.944,0.5013333333333333,0.612,0.5269683871435529,0.906,0.5373333333333333,0.6295,0.906,0.5406666666666666,0.632,0.956,0.49733333333333335,0.612,0.677
h3_insects_b,0,6,2,300,0.0,0.7733333333333333,0.58,1.2896926546812415,0.6658732786178588,0.7778376621603966,0.759312,0.8295573333333334,0.8917413333333334,0.968,0.4673333333333333,0.5925,0.5491169876657214,0.944,0.5406666666666666,0.6415,0.944,0.5426666666666666,0.643,0.97,0.48,0.6025,0.6985
h3_insects_b,0,6,2,100,0.006,0.7186666666666667,0.5405,1.3382020394172713,0.5137523969113826,0.775409685353438,0.8316946666666667,0.8469026666666666,0.8058626666666666,0.722,0.36866666666666664,0.457,0.4948709077278421,0.706,0.5873333333333334,0.617,0.7,0.5873333333333334,0.6155,0.8,0.5013333333333333,0.576,0.6365
h3_insects_b,0,6,5,-1,0.0,0.784,0.588,1.3153924930195118,0.7253166025280953,0.8132065423528353,0.7312693333333332,0.7723693333333334,0.9252106666666666,0.958,0.5053333333333333,0.6185,0.5151253157539324,0.93,0.604,0.6855,0.928,0.6093333333333333,0.689,0.956,0.546,0.6485,0.7315
h3_insects_b,0,6,5,300,0.0,0.7706666666666667,0.578,1.0853397497450568,0.6218521019816399,0.7745725666085879,0.8197693333333332,0.8770826666666668,0.9340546666666667,0.958,0.47933333333333333,0.599,0.4350778234059938,0.924,0.6626666666666666,0.728,0.924,0.6586666666666666,0.725,0.942,0.6166666666666667,0.698,0.733
h3_insects_b,0,6,5,100,0.33,0.7146666666666667,0.6185,1.0455755835200073,0.4707034873664379,0.7635004909733931,0.871516,0.8721413333333333,0.9017333333333334,0.0,0.43066666666666664,0.323,0.002592547948732901,0.824,0.63,0.6785,0.818,0.6246666666666667,0.673,0.872,0.594,0.6635,0.6815
h3_insects_b,0,6,10,-1,0.0,0.7846666666666666,0.5885,1.0765024725077381,0.6673473070263862,0.8125527294079463,0.808836,0.8456400000000001,0.9574453333333334,0.944,0.6653333333333333,0.735,0.3305534803815717,0.902,0.7006666666666667,0.751,0.898,0.7013333333333334,0.7505,0.932,0.684,0.746,0.751
h3_insects_b,0,6,10,300,0.274,0.7653333333333333,0.6425,0.8913946921450392,0.5142211371660232,0.7654009440342585,0.8955173333333333,0.9075546666666667,0.9532666666666666,0.906,0.542,0.633,0.29336296369616816,0.896,0.686,0.7385,0.896,0.6853333333333333,0.738,0.902,0.682,0.737,0.7475
h3_insects_b,0,6,10,100,0.764,0.68,0.701,0.8828833123784122,0.6151428743302823,0.7798100987275441,0.75874,0.8151013333333333,0.948908,0.0,0.49466666666666664,0.371,0.001289655432036665,0.88,0.658,0.7135,0.872,0.6433333333333333,0.7005,0.886,0.6366666666666667,0.699,0.707
h3_insects_b,0,6,20,-1,0.234,0.78,0.6435,0.9497723524457274,0.6369873744249344,0.8084113810261091,0.8406733333333334,0.873788,0.95758,0.796,0.7286666666666667,0.7455,0.23270911864208524,0.848,0.7186666666666667,0.751,0.842,0.718,0.749,0.822,0.72,0.7455,0.754
h3_insects_b,0,6,20,300,0.66,0.7406666666666667,0.7205,0.8093379234110655,0.6086661716699601,0.7680952208638191,0.788972,0.82806,0.955424,0.878,0.56,0.6395,0.2530922211241445,0.876,0.702,0.7455,0.876,0.6993333333333334,0.7435,0.88,0.6993333333333334,0.7445,0.7485
h3_insects_b,0,6,20,100,0.816,0.6653333333333333,0.703,0.8577449407396877,0.741043588757515,0.7950446820457776,0.6274906666666666,0.6681853333333334,0.9526573333333332,0.0,0.5053333333333333,0.379,0.008451720749722613,0.864,0.664,0.714,0.848,0.6606666666666666,0.7075,0.848,0.6606666666666666,0.7075,0.7075
h3_insects_b,1,6,1,-1,0.0,0.78,0.585,1.6920174832662802,0.7454527122378349,0.7846873395641645,0.5757053333333333,0.6431826666666667,0.862576,0.914,0.4646666666666667,0.577,0.539222181960618,0.852,0.5326666666666666,0.6125,0.848,0.536,0.614,0.926,0.45666666666666667,0.574,0.686
h3_insects_b,1,6,1,300,0.0,0.77,0.5775,1.5841743652581386,0.6510351064801216,0.7558592615326246,0.6756733333333333,0.7391733333333333,0.8224626666666668,0.934,0.45266666666666666,0.573,0.5276968488735738,0.788,0.5846666666666667,0.6355,0.794,0.5646666666666667,0.622,0.918,0.46066666666666667,0.575,0.647
h3_insects_b,1,6,1,100,0.01,0.746,0.562,1.592891697226008,0.6778518974184989,0.7516512846549352,0.6355613333333333,0.7228586666666666,0.7612106666666667,0.524,0.5893333333333334,0.573,0.27369241193611726,0.454,0.6206666666666667,0.579,0.488,0.608,0.578,0.454,0.618,0.577,0.579
h3_insects_b,1,6,2,-1,0.006,0.7753333333333333,0.583,1.6701289284814542,0.7372734661698341,0.785366004606088,0.5888653333333334,0.6531800000000001,0.8576146666666667,0.83,0.48133333333333334,0.5685,0.4457689325111738,0.726,0.6473333333333333,0.667,0.718,0.6533333333333333,0.6695,0.768,0.596,0.639,0.6845
h3_insects_b,1,6,2,300,0.006,0.7693333333333333,0.5785,1.5666437987494917,0.649915833055973,0.7559533777435621,0.6794546666666667,0.7430093333333333,0.8256026666666666,0.218,0.7153333333333334,0.591,0.14417577754923352,0.496,0.7106666666666667,0.657,0.51,0.7026666666666667,0.6545,0.302,0.7353333333333333,0.627,0.6545
h3_insects_b,1,6,2,100,0.034,0.7506666666666667,0.5715,1.42273265262937,0.6539904690980911,0.7588034214973449,0.6732506666666666,0.7512920000000001,0.7912306666666666,0.44,0.6633333333333333,0.6075,0.21311291863410245,0.49,0.6593333333333333,0.617,0.528,0.6366666666666667,0.6095,0.444,0.6626666666666666,0.608,0.611
h3_insects_b,1,6,5,-1,0.0,0.7753333333333333,0.5815,1.4247726116357677,0.7227278558611869,0.781869705915451,0.6172173333333333,0.6998133333333334,0.886272,0.852,0.5153333333333333,0.5995,0.38452395175397003,0.78,0.6793333333333333,0.7045,0.76,0.68,0.7,0.814,0.6553333333333333,0.695,0.7015
h3_insects_b,1,6,5,300,0.03,0.7573333333333333,0.5755,1.3336292792590347,0.6066618118286132,0.7441826959649722,0.7309479999999999,0.805052,0.8524693333333334,0.32,0.6873333333333334,0.5955,0.1521541447643909,0.534,0.7066666666666667,0.6635,0.542,0.6966666666666667,0.658,0.394,0.7146666666666667,0.6345,0.665
h3_insects_b,1,6,5,100,0.372,0.732,0.642,1.1400293481738446,0.6047303175926209,0.7430039260983468,0.720632,0.780876,0.8559866666666667,0.45,0.5453333333333333,0.5215,0.1535233528924095,0.646,0.6666666666666666,0.6615,0.658,0.6606666666666666,0.66,0.654,0.6613333333333333,0.6595,0.6655
h3_insects_b,1,6,10,-1,0.0,0.7753333333333333,0.5815,1.2022298239314764,0.6840679886937141,0.7806199757655462,0.6959426666666666,0.7809920000000001,0.9142493333333334,0.792,0.706,0.7275,0.26873983517324956,0.808,0.7126666666666667,0.7365,0.802,0.712,0.7345,0.806,0.712,0.7355,0.734
h3_insects_b,1,6,10,300,0.198,0.7566666666666667,0.617,1.0269333451130391,0.5307496795058251,0.7384830034573873,0.826638,0.8726053333333333,0.9160653333333333,0.776,0.7013333333333334,0.72,0.22682395327143484,0.784,0.7066666666666667,0.726,0.776,0.7026666666666667,0.721,0.758,0.71,0.722,0.729
h3_insects_b,1,6,10,100,0.782,0.7126666666666667,0.73,0.855809864840769,0.783772586107254,0.761326844294866,0.432596,0.48526933333333333,0.9238106666666667,0.872,0.508,0.599,0.28077914522719966,0.866,0.694,0.737,0.864,0.6913333333333334,0.7345,0.874,0.6873333333333334,0.734,0.735
h3_insects_b,1,6,20,-1,0.124,0.7773333333333333,0.614,1.0648056879948447,0.6380742651224136,0.7771938352187474,0.7450626666666667,0.8021026666666666,0.9264533333333334,0.74,0.728,0.731,0.21559105340201612,0.774,0.7246666666666667,0.737,0.772,0.7233333333333334,0.7355,0.75,0.728,0.7335,0.7395
h3_insects_b,1,6,20,300,0.546,0.7306666666666667,0.6845,0.880843641398394,0.5685278497338295,0.7374029162724813,0.784704,0.8230040000000001,0.9274866666666667,0.824,0.5213333333333333,0.597,0.24535007778900678,0.83,0.7046666666666667,0.736,0.828,0.7026666666666667,0.734,0.814,0.7046666666666667,0.732,0.7365
h3_insects_b,1,6,20,100,0.862,0.7113333333333334,0.749,0.8804892157734889,0.9034958364367485,0.7802965176701546,0.237436,0.25493733333333335,0.9349533333333333,0.876,0.512,0.603,0.2853262247606202,0.876,0.7026666666666667,0.746,0.876,0.702,0.7455,0.882,0.696,0.7425,0.752
h3_insects_b,2,6,1,-1,0.0,0.8346666666666667,0.626,1.5399549129348042,0.7320834805965424,0.8333272933562597,0.7081733333333333,0.7476373333333333,0.8784786666666667,0.906,0.6013333333333334,0.6775,0.4626641975409679,0.828,0.7,0.732,0.826,0.7,0.7315,0.866,0.6573333333333333,0.7095,0.7375
h3_insects_b,2,6,1,300,0.0,0.8286666666666667,0.6215,1.461951436182818,0.7351990984678268,0.8103128421703975,0.620648,0.6771053333333334,0.8608800000000001,0.712,0.7366666666666667,0.7305,0.2929404654562755,0.706,0.7413333333333333,0.7325,0.706,0.734,0.727,0.708,0.7333333333333333,0.727,0.7295
h3_insects_b,2,6,1,100,0.0,0.7833333333333333,0.5875,1.240263449165288,0.7119051283597946,0.7981273729403814,0.6494933333333333,0.6979413333333333,0.8744826666666665,0.814,0.664,0.7015,0.3749438669856474,0.738,0.6953333333333334,0.706,0.73,0.698,0.706,0.79,0.6706666666666666,0.7005,0.7065
h3_insects_b,2,6,2,-1,0.0,0.834,0.6255,1.359350204205678,0.7244566883444786,0.8337246204217275,0.721924,0.7719813333333334,0.9026093333333333,0.908,0.6926666666666667,0.7465,0.38636458870576734,0.868,0.72,0.757,0.86,0.7233333333333334,0.7575,0.904,0.7006666666666667,0.7515,0.76
h3_insects_b,2,6,2,300,0.0,0.828,0.621,1.3695469753601246,0.7234713896512985,0.8101333811680476,0.6348026666666666,0.6960706666666667,0.8523173333333333,0.668,0.7566666666666667,0.7345,0.2551059448198939,0.688,0.754,0.7375,0.678,0.7513333333333333,0.733,0.668,0.754,0.7325,0.7365
h3_insects_b,2,6,2,100,0.0,0.7813333333333333,0.586,1.1817839155476386,0.688012730717659,0.7963508397539457,0.6734386666666667,0.71372,0.8715373333333334,0.634,0.7106666666666667,0.6915,0.2603457672210304,0.652,0.7246666666666667,0.7065,0.652,0.72,0.703,0.628,0.724,0.7,0.704
h3_insects_b,2,6,5,-1,0.0,0.8313333333333334,0.6235,1.2751412959371495,0.7097645346522331,0.8328890248735745,0.744208,0.7951026666666666,0.9028240000000001,0.752,0.7573333333333333,0.756,0.28147384944032544,0.742,0.762,0.757,0.742,0.76,0.7555,0.736,0.7606666666666667,0.7545,0.7555
h3_insects_b,2,6,5,300,0.0,0.826,0.6195,1.2788291930850904,0.6831030602455139,0.8023366265495618,0.6681826666666666,0.714004,0.8511280000000001,0.614,0.7686666666666667,0.73,0.21855084529527688,0.646,0.7646666666666667,0.735,0.636,0.7626666666666667,0.731,0.61,0.766,0.727,0.735
h3_insects_b,2,6,5,100,0.068,0.776,0.599,1.1185504980707575,0.640322191953659,0.7953657502333323,0.7151106666666667,0.73096,0.8786093333333334,0.25,0.744,0.6205,0.09495180749181308,0.612,0.734,0.7035,0.618,0.728,0.7005,0.496,0.7393333333333333,0.6785,0.7105
h3_insects_b,2,6,10,-1,0.0,0.834,0.6255,1.171781291124896,0.7045034483671189,0.8288435222109158,0.7429053333333333,0.7966546666666666,0.8997773333333334,0.644,0.7626666666666667,0.733,0.20410447461769526,0.764,0.7493333333333333,0.753,0.742,0.7486666666666667,0.747,0.72,0.7533333333333333,0.745,0.7525
h3_insects_b,2,6,10,300,0.024,0.8246666666666667,0.6245,1.0485740764766727,0.6631830485165119,0.7920369565486908,0.6875846666666666,0.7288533333333334,0.88188,0.474,0.7666666666666667,0.6935,0.1530647296271384,0.668,0.7546666666666667,0.733,0.66,0.7566666666666667,0.7325,0.624,0.768,0.732,0.7395
h3_insects_b,2,6,10,100,0.2,0.762,0.6215,0.9559268145400865,0.6117163504958153,0.7800990305642287,0.7481546666666667,0.7551253333333334,0.878708,0.0,0.7113333333333334,0.5335,0.0014774668596782496,0.63,0.7253333333333334,0.7015,0.628,0.7193333333333334,0.6965,0.362,0.7473333333333333,0.651,0.7105
h3_insects_b,2,6,20,-1,0.0,0.8333333333333334,0.625,1.0347465203728747,0.6732249943017959,0.8234693551560243,0.7704906666666667,0.8206093333333333,0.9060826666666666,0.026,0.824,0.6245,0.07114913437563125,0.732,0.7646666666666667,0.7565,0.72,0.7646666666666667,0.7535,0.662,0.7753333333333333,0.747,0.755
h3_insects_b,2,6,20,300,0.166,0.814,0.652,0.9140645022284899,0.6241755646467209,0.7880962705016136,0.7253533333333333,0.74344,0.8887599999999999,0.028,0.824,0.625,0.07640349880985235,0.684,0.7646666666666667,0.7445,0.686,0.766,0.746,0.614,0.7753333333333333,0.735,0.7485
h3_insects_b,2,6,20,100,0.51,0.7246666666666667,0.671,0.8504478491597331,0.6046641627550126,0.7622132236560186,0.7462693333333333,0.7593506666666665,0.8886879999999999,0.0,0.748,0.561,0.0003757327186133549,0.646,0.7133333333333334,0.6965,0.636,0.7053333333333334,0.688,0.438,0.7313333333333333,0.658,0.6975
h3_insects_b,3,6,1,-1,0.0,0.7893333333333333,0.592,1.9198987090341526,0.7881845342516899,0.7976899953683217,0.5251613333333334,0.49379733333333337,0.7436533333333334,0.344,0.24866666666666667,0.2725,0.5359179999288799,0.492,0.6833333333333333,0.6355,0.49,0.6833333333333333,0.635,0.944,0.16866666666666666,0.3625,0.6385
h3_insects_b,3,6,1,300,0.0,0.7773333333333333,0.583,1.7069261970855283,0.7529173300266266,0.7695494247873624,0.5238066666666666,0.5181706666666667,0.7018253333333334,0.408,0.20733333333333334,0.2575,0.6910268066884696,0.516,0.642,0.6105,0.456,0.6453333333333333,0.598,0.998,0.023333333333333334,0.267,0.6195
h3_insects_b,3,6,1,100,0.0,0.754,0.5655,1.51726750371098,0.49182504120469095,0.7307376496195793,0.7849079999999999,0.8001133333333333,0.7033466666666667,0.912,0.20333333333333334,0.3805,0.8052401060371445,0.766,0.486,0.556,0.76,0.488,0.556,0.966,0.10333333333333333,0.319,0.6395
h3_insects_b,3,6,2,-1,0.002,0.788,0.5915,1.5333824740262558,0.7672765573263168,0.7983022171060244,0.5633173333333334,0.5543853333333334,0.9056546666666667,0.45,0.7233333333333334,0.655,0.2506900390883364,0.788,0.7233333333333334,0.7395,0.786,0.7233333333333334,0.739,0.834,0.6893333333333334,0.7255,0.745
h3_insects_b,3,6,2,300,0.0,0.7773333333333333,0.583,1.4180286096957078,0.7361479397416115,0.7691339253981908,0.5509333333333334,0.5618813333333332,0.8603200000000001,0.324,0.6526666666666666,0.5705,0.27899932377316017,0.754,0.6766666666666666,0.696,0.68,0.6793333333333333,0.6795,0.862,0.5546666666666666,0.6315,0.683
h3_insects_b,3,6,2,100,0.0,0.7546666666666667,0.566,1.3618039740262176,0.4778946736752987,0.7306086078584194,0.7925066666666667,0.8094053333333333,0.799168,0.83,0.30466666666666664,0.436,0.6315983520523134,0.732,0.606,0.6375,0.728,0.588,0.623,0.854,0.36466666666666664,0.487,0.6935
h3_insects_b,3,6,5,-1,0.0,0.7886666666666666,0.5915,1.181993943475969,0.7143663460612297,0.7930868060986201,0.6465466666666666,0.66702,0.9490413333333333,0.886,0.704,0.7495,0.3239248053227149,0.87,0.724,0.7605,0.868,0.7226666666666667,0.759,0.88,0.7113333333333334,0.7535,0.761
h3_insects_b,3,6,5,300,0.026,0.7766666666666666,0.589,1.0546192753674655,0.633202297359705,0.7590779080192248,0.7061813333333333,0.7300866666666667,0.9440106666666666,0.872,0.6766666666666666,0.7255,0.3061056974292158,0.842,0.6966666666666667,0.733,0.852,0.6953333333333334,0.7345,0.866,0.68,0.7265,0.7395
h3_insects_b,3,6,5,100,0.424,0.7373333333333333,0.659,1.0098403415253787,0.46860506349802017,0.7276490529378256,0.8214266666666666,0.8396413333333334,0.9279559999999999,0.854,0.6513333333333333,0.702,0.3098416565460236,0.814,0.6833333333333333,0.716,0.81,0.686,0.717,0.86,0.652,0.704,0.721
h3_insects_b,3,6,10,-1,0.0,0.7906666666666666,0.593,1.0413690660639923,0.6592270981073379,0.7900981920758883,0.7189413333333333,0.748276,0.9536506666666668,0.878,0.7286666666666667,0.766,0.28330097516844666,0.874,0.7326666666666667,0.768,0.874,0.734,0.769,0.874,0.7326666666666667,0.768,0.7695
h3_insects_b,3,6,10,300,0.094,0.7766666666666666,0.606,0.9274591134664941,0.5480105470120907,0.7566642949581146,0.8208906666666665,0.7755986666666667,0.944932,0.812,0.7333333333333333,0.753,0.20492707814852618,0.83,0.724,0.7505,0.834,0.7206666666666667,0.749,0.83,0.724,0.7505,0.752
h3_insects_b,3,6,10,100,0.674,0.7306666666666667,0.7165,0.8586158134372779,0.6086867878735065,0.7427891051769256,0.698504,0.71986,0.942368,0.014,0.7066666666666667,0.5335,0.09654906637804932,0.826,0.708,0.7375,0.828,0.708,0.738,0.828,0.7093333333333334,0.739,0.739
h3_insects_b,3,6,20,-1,0.132,0.7846666666666666,0.6215,0.9648877102360545,0.6152668116092682,0.7850334747831027,0.7669546666666666,0.76346,0.9526786666666667,0.66,0.7526666666666667,0.7295,0.16597049841307812,0.85,0.734,0.763,0.848,0.7313333333333333,0.7605,0.84,0.732,0.759,0.7605
h3_insects_b,3,6,20,300,0.506,0.7513333333333333,0.69,0.8660141526162236,0.5692846111059189,0.7415831685463588,0.773696,0.7284773333333334,0.9421746666666666,0.0,0.7346666666666667,0.551,0.0600590685320524,0.816,0.7106666666666667,0.737,0.818,0.708,0.7355,0.804,0.7133333333333334,0.736,0.736
h3_insects_b,3,6,20,100,0.744,0.7046666666666667,0.7145,0.8296157637977074,0.694660565584898,0.7453671135306358,0.5831373333333333,0.595372,0.9380013333333332,0.238,0.704,0.5875,0.10489525511224795,0.812,0.684,0.716,0.81,0.6846666666666666,0.716,0.794,0.6886666666666666,0.715,0.718
h3_insects_b,4,6,1,-1,0.0,0.7973333333333333,0.598,1.9250588370979154,0.8076324316859246,0.802480573117733,0.4712186666666667,0.4668946666666666,0.765552,0.796,0.4826666666666667,0.561,0.4213590220685688,0.51,0.646,0.612,0.488,0.6426666666666667,0.604,0.582,0.5986666666666667,0.5945,0.608
h3_insects_b,4,6,1,300,0.0,0.8026666666666666,0.602,1.6542684556338831,0.8018095269799232,0.8059623739918073,0.5105733333333333,0.5129893333333333,0.777056,0.842,0.366,0.485,0.4552323830501609,0.558,0.6446666666666667,0.623,0.55,0.6473333333333333,0.623,0.64,0.6,0.61,0.635
h3_insects_b,4,6,1,100,0.0,0.77,0.5775,1.410504445398997,0.7551248180866241,0.7598897447387377,0.5316433333333334,0.5504399999999999,0.7916346666666666,0.856,0.36,0.484,0.5072320452784324,0.696,0.5773333333333334,0.607,0.658,0.5793333333333334,0.599,0.866,0.4593333333333333,0.561,0.606
h3_insects_b,4,6,2,-1,0.0,0.7986666666666666,0.599,1.636328458861581,0.8019785084724427,0.7994978573322297,0.4785066666666667,0.4881173333333333,0.770108,0.914,0.44733333333333336,0.564,0.5657392648896128,0.674,0.5713333333333334,0.597,0.646,0.5726666666666667,0.591,0.858,0.4666666666666667,0.5645,0.611
h3_insects_b,4,6,2,300,0.0,0.8033333333333333,0.6025,1.4550196337416244,0.7885597266554832,0.8018355174462001,0.5304093333333333,0.5498293333333334,0.7810733333333333,0.854,0.338,0.467,0.5180961823466802,0.642,0.6126666666666667,0.62,0.638,0.6126666666666667,0.619,0.71,0.5466666666666666,0.5875,0.6375
h3_insects_b,4,6,2,100,0.0,0.774,0.5805,1.3150053735400624,0.7435896288156509,0.7520103636980057,0.5352413333333332,0.552036,0.7648813333333333,0.844,0.36733333333333335,0.4865,0.5118772504558139,0.626,0.5746666666666667,0.5875,0.608,0.574,0.5825,0.754,0.49,0.556,0.603
h3_insects_b,4,6,5,-1,0.0,0.798,0.5985,1.4697393218145018,0.7985633286833763,0.7994379897514979,0.4923706666666666,0.5159466666666667,0.8140466666666667,0.876,0.5386666666666666,0.623,0.4602138674013072,0.74,0.5826666666666667,0.622,0.706,0.594,0.622,0.85,0.5473333333333333,0.623,0.6255
h3_insects_b,4,6,5,300,0.0,0.8086666666666666,0.6065,1.3172576690542421,0.7743717995882035,0.7991738433043162,0.5624306666666666,0.5940026666666666,0.8022440000000001,0.768,0.44066666666666665,0.5225,0.3684999631823097,0.62,0.6266666666666667,0.625,0.612,0.6406666666666667,0.6335,0.566,0.6593333333333333,0.636,0.6425
h3_insects_b,4,6,5,100,0.0,0.7753333333333333,0.5815,1.1691546141949107,0.6824358941912652,0.7352180792888006,0.605836,0.6265373333333333,0.7979533333333334,0.772,0.418,0.5065,0.3740789923458383,0.662,0.59,0.608,0.642,0.5953333333333334,0.607,0.56,0.634,0.6155,0.62
h3_insects_b,4,6,10,-1,0.0,0.8013333333333333,0.601,1.4020723758770746,0.7875032085776329,0.7943689361612002,0.5071733333333334,0.5375759999999999,0.8146893333333334,0.662,0.6,0.6155,0.25797238706251047,0.6,0.6206666666666667,0.6155,0.558,0.64,0.6195,0.394,0.7073333333333334,0.629,0.625
h3_insects_b,4,6,10,300,0.0,0.802,0.6015,1.2163080737739205,0.740333125948906,0.7851823926766713,0.6087146666666667,0.6344386666666666,0.8017186666666667,0.646,0.52,0.5515,0.26404101513658956,0.562,0.6426666666666667,0.6225,0.538,0.648,0.6205,0.396,0.706,0.6285,0.6285
h3_insects_b,4,6,10,100,0.082,0.7586666666666667,0.5895,1.0907822820459059,0.6075024268031121,0.7185787983139356,0.6835239999999999,0.6193573333333334,0.8061213333333334,0.7,0.428,0.496,0.3235064688795053,0.578,0.628,0.6155,0.56,0.6373333333333333,0.618,0.49,0.6753333333333333,0.629,0.6285
h3_insects_b,4,6,20,-1,0.0,0.7993333333333333,0.5995,1.2579958274006535,0.7652939907312393,0.7885222804745038,0.55628,0.6108,0.8280986666666668,0.002,0.798,0.599,0.07371680764024229,0.468,0.6826666666666666,0.629,0.42,0.7026666666666667,0.632,0.142,0.7813333333333333,0.6215,0.636
h3_insects_b,4,6,20,300,0.008,0.808,0.608,1.0426977774440358,0.6824679260849953,0.769907847126325,0.6784666666666667,0.693292,0.82048,0.346,0.6353333333333333,0.563,0.16967130325911617,0.464,0.69,0.6335,0.444,0.696,0.633,0.3,0.7466666666666667,0.635,0.6395
h3_insects_b,4,6,20,100,0.358,0.7106666666666667,0.6225,0.9744671319523741,0.6408774155080319,0.7053152647813161,0.6105426666666667,0.574492,0.8210013333333332,0.524,0.504,0.509,0.2257317445719691,0.498,0.668,0.6255,0.452,0.6733333333333333,0.618,0.374,0.7073333333333334,0.624,0.625
insects_gradual_balanced,0,6,1,-1,0.028,0.6126666666666667,0.4665,2.316708253880114,0.535785049945116,0.6025127244591713,0.6532426666666667,0.5805546666666667,0.8750893333333333,0.202,0.5706666666666667,0.4785,0.07066161094927259,0.418,0.59,0.547,0.42,0.586,0.5445,0.246,0.6033333333333334,0.514,0.5615
insects_gradual_balanced,0,6,1,300,0.054,0.5393333333333333,0.418,1.99022425923833,0.5060969934761524,0.5722221222221852,0.6353053333333334,0.624816,0.8496306666666666,0.392,0.4846666666666667,0.4615,0.1586016427984357,0.57,0.4786666666666667,0.5015,0.568,0.4746666666666667,0.498,0.496,0.49333333333333335,0.494,0.506
insects_gradual_balanced,0,6,1,100,0.094,0.47,0.376,1.615752377929561,0.4079258171916008,0.5047838444511096,0.7047973333333334,0.7382786666666666,0.878244,0.996,0.24466666666666667,0.4325,0.6077575038352667,0.902,0.334,0.476,0.9,0.3273333333333333,0.4705,1.0,0.23,0.4225,0.485
insects_gradual_balanced,0,6,2,-1,0.044,0.6093333333333333,0.468,2.3733862802539805,0.5414470321238041,0.6025916813313961,0.64364,0.5772586666666666,0.8577573333333334,0.124,0.5733333333333334,0.461,0.04033396455366152,0.312,0.5993333333333334,0.5275,0.318,0.598,0.528,0.164,0.6053333333333333,0.495,0.558
insects_gradual_balanced,0,6,2,300,0.074,0.5406666666666666,0.424,2.01543710975806,0.5191953865885734,0.576220650613308,0.620024,0.6153266666666667,0.8585293333333334,0.17,0.5013333333333333,0.4185,0.07202494207101423,0.418,0.5186666666666667,0.4935,0.42,0.5166666666666667,0.4925,0.244,0.5326666666666666,0.4605,0.514
insects_gradual_balanced,0,6,2,100,0.17,0.47,0.395,1.6500171583077445,0.4441505705714226,0.5055971460143726,0.6357986666666666,0.6794333333333333,0.8753413333333334,0.324,0.4246666666666667,0.3995,0.13995674367337754,0.64,0.444,0.493,0.624,0.43466666666666665,0.482,0.504,0.446,0.4605,0.494
insects_gradual_balanced,0,6,5,-1,0.018,0.6113333333333333,0.463,1.586471227106911,0.5222521758973598,0.5960839315652847,0.6719106666666667,0.6441520000000001,0.8944386666666666,0.984,0.338,0.4995,0.49478247657964364,0.974,0.44133333333333336,0.5745,0.976,0.43533333333333335,0.5705,0.984,0.4013333333333333,0.547,0.5945
insects_gradual_balanced,0,6,5,300,0.024,0.5406666666666666,0.4115,1.5149177462709538,0.46889199057221415,0.5614293350279331,0.702172,0.6889000000000001,0.8724066666666666,0.968,0.316,0.479,0.47869808942154446,0.924,0.408,0.537,0.93,0.4073333333333333,0.538,0.964,0.374,0.5215,0.5425
insects_gradual_balanced,0,6,5,100,0.118,0.4826666666666667,0.3915,1.3521389945853068,0.368330387622118,0.4783241224884987,0.7485293333333333,0.705572,0.8840373333333333,0.982,0.276,0.4525,0.5077186813324805,0.966,0.3466666666666667,0.5015,0.964,0.3393333333333333,0.4955,0.982,0.30533333333333335,0.4745,0.5075
insects_gradual_balanced,0,6,10,-1,0.014,0.6113333333333333,0.462,1.4378552836195257,0.5120927891433239,0.5918715613683064,0.687364,0.6591986666666667,0.9226946666666668,0.988,0.37933333333333336,0.5315,0.4442847880547378,0.952,0.4673333333333333,0.5885,0.954,0.464,0.5865,0.984,0.4266666666666667,0.566,0.5985
insects_gradual_balanced,0,6,10,300,0.132,0.5386666666666666,0.437,1.337629793927564,0.4585755878388882,0.5630399737656117,0.7269746666666667,0.7100693333333333,0.89988,0.974,0.3273333333333333,0.489,0.43152374990820486,0.888,0.428,0.543,0.898,0.4266666666666667,0.5445,0.954,0.39466666666666667,0.5345,0.5475
insects_gradual_balanced,0,6,10,100,0.61,0.4513333333333333,0.491,1.247855004756736,0.4184171147048473,0.46593157121539114,0.5919413333333333,0.5391320000000001,0.9089386666666667,0.98,0.29933333333333334,0.4695,0.4743748683819033,0.96,0.36133333333333334,0.511,0.948,0.3586666666666667,0.506,0.974,0.336,0.4955,0.515
insects_gradual_balanced,0,6,20,-1,0.12,0.6046666666666667,0.4835,1.2907264428336738,0.5019392728507519,0.5865432751973471,0.6958280000000001,0.6775813333333333,0.9238986666666666,0.966,0.458,0.585,0.3102795947914366,0.91,0.49133333333333334,0.596,0.91,0.488,0.5935,0.936,0.474,0.5895,0.6
insects_gradual_balanced,0,6,20,300,0.3,0.5306666666666666,0.473,1.2443092719515758,0.47091323852539063,0.5526362678209941,0.6941586666666666,0.6653666666666667,0.9031506666666665,0.918,0.39266666666666666,0.524,0.29257466688843903,0.854,0.44333333333333336,0.546,0.86,0.438,0.5435,0.874,0.43466666666666665,0.5445,0.5435
insects_gradual_balanced,0,6,20,100,0.798,0.4026666666666667,0.5015,1.2159043569345973,0.5502843101024628,0.5039563192427159,0.437172,0.460948,0.896976,0.966,0.29133333333333333,0.46,0.40680585515254825,0.926,0.372,0.5105,0.914,0.378,0.512,0.944,0.36333333333333334,0.5085,0.5105
insects_gradual_balanced,1,6,1,-1,0.0,0.6473333333333333,0.4855,1.9320529030926699,0.5826506517529487,0.6436798027356465,0.6086986666666666,0.6259,0.8065093333333333,0.878,0.32866666666666666,0.466,0.5726010991070516,0.74,0.49466666666666664,0.556,0.744,0.48933333333333334,0.553,0.92,0.3253333333333333,0.474,0.562
insects_gradual_balanced,1,6,1,300,0.0,0.6126666666666667,0.4595,1.783095009509852,0.6180716712474823,0.6503289283315341,0.556112,0.581456,0.7826666666666666,0.762,0.37066666666666664,0.4685,0.5121039848022976,0.698,0.47933333333333333,0.534,0.692,0.48133333333333334,0.534,0.824,0.344,0.464,0.5435
insects_gradual_balanced,1,6,1,100,0.0,0.5513333333333333,0.4135,1.8821618534519493,0.6469196935892105,0.5786312832037608,0.37610799999999994,0.370724,0.523088,0.568,0.13666666666666666,0.2445,0.6652506390634835,0.41,0.3586666666666667,0.3715,0.45,0.36333333333333334,0.385,0.852,0.04666666666666667,0.248,0.4355
insects_gradual_balanced,1,6,2,-1,0.0,0.6453333333333333,0.484,1.8689370416906568,0.582414566040039,0.6449364307721456,0.6093559999999999,0.631224,0.7884693333333334,0.708,0.4033333333333333,0.4795,0.4337918504658542,0.674,0.518,0.557,0.682,0.5113333333333333,0.554,0.748,0.45466666666666666,0.528,0.5565
insects_gradual_balanced,1,6,2,300,0.0,0.61,0.4575,1.7577471839927779,0.6177461106181145,0.6537013197739919,0.5613706666666666,0.5865426666666667,0.7436586666666667,0.642,0.42866666666666664,0.482,0.3879490653549399,0.596,0.5133333333333333,0.534,0.59,0.516,0.5345,0.646,0.48933333333333334,0.5285,0.5345
insects_gradual_balanced,1,6,2,100,0.058,0.5406666666666666,0.42,1.7885220655167837,0.6450296091735364,0.5848118935724099,0.39725333333333335,0.3766706666666666,0.6180453333333333,0.432,0.3413333333333333,0.364,0.3552804919626333,0.408,0.44066666666666665,0.4325,0.418,0.452,0.4435,0.452,0.43266666666666664,0.4375,0.4475
insects_gradual_balanced,1,6,5,-1,0.0,0.6433333333333333,0.4825,1.5765614733149662,0.572595510661602,0.642473943134149,0.6232946666666668,0.66674,0.861004,0.97,0.282,0.454,0.6206234776164401,0.854,0.51,0.596,0.852,0.5006666666666667,0.5885,0.958,0.334,0.49,0.6035
insects_gradual_balanced,1,6,5,300,0.0,0.6146666666666667,0.461,1.4706743085811282,0.5882527253627777,0.6436522242327531,0.59688,0.6508066666666666,0.862592,0.93,0.33466666666666667,0.4835,0.4591649701507169,0.754,0.52,0.5785,0.758,0.5173333333333333,0.5775,0.86,0.4553333333333333,0.5565,0.5785
insects_gradual_balanced,1,6,5,100,0.002,0.5486666666666666,0.412,1.4036088216223448,0.556890167504549,0.5442264300882816,0.4710533333333333,0.466896,0.7933186666666667,0.91,0.254,0.418,0.573128544768039,0.678,0.3953333333333333,0.466,0.728,0.36666666666666664,0.457,0.906,0.2866666666666667,0.4415,0.4595
insects_gradual_balanced,1,6,10,-1,0.0,0.6453333333333333,0.484,1.4749776393649168,0.5593777554035186,0.640669596850872,0.6432773333333333,0.698652,0.8792973333333333,0.866,0.4826666666666667,0.5785,0.35660711055566263,0.798,0.548,0.6105,0.804,0.5453333333333333,0.61,0.856,0.524,0.607,0.6115
insects_gradual_balanced,1,6,10,300,0.0,0.626,0.4695,1.350313198696407,0.5660305359363555,0.6442309385339419,0.6355046666666667,0.691012,0.8763226666666667,0.596,0.5573333333333333,0.567,0.20009624660850117,0.726,0.556,0.5985,0.716,0.5546666666666666,0.595,0.614,0.5726666666666667,0.583,0.6025
insects_gradual_balanced,1,6,10,100,0.166,0.5446666666666666,0.45,1.3143973143365415,0.5267288517355919,0.5344202348987261,0.5159493333333333,0.46165333333333336,0.8046399999999999,0.544,0.40066666666666667,0.4365,0.29217148549427674,0.624,0.44466666666666665,0.4895,0.642,0.416,0.4725,0.748,0.36933333333333335,0.464,0.483
insects_gradual_balanced,1,6,20,-1,0.012,0.642,0.4845,1.3468596452389996,0.5438419416546821,0.6359207665324211,0.65964,0.720112,0.8862413333333334,0.76,0.5453333333333333,0.599,0.2541503643273374,0.792,0.5526666666666666,0.6125,0.8,0.5486666666666666,0.6115,0.8,0.548,0.611,0.6125
insects_gradual_balanced,1,6,20,300,0.06,0.6166666666666667,0.4775,1.2245680128822674,0.5315799520611763,0.6229118736783663,0.6593473333333333,0.7180293333333333,0.8824426666666667,0.458,0.5553333333333333,0.531,0.16645219902784528,0.732,0.5353333333333333,0.5845,0.728,0.534,0.5825,0.544,0.5713333333333334,0.5645,0.5935
insects_gradual_balanced,1,6,20,100,0.394,0.5246666666666666,0.492,1.2312698596776808,0.4951265357732773,0.49990422536929446,0.49384933333333325,0.397136,0.84816,0.164,0.47933333333333333,0.4005,0.12320083715340721,0.614,0.47333333333333333,0.5085,0.702,0.44666666666666666,0.5105,0.738,0.4226666666666667,0.5015,0.51
insects_gradual_balanced,2,6,1,-1,0.0,0.636,0.477,2.054625605820924,0.6351316586732865,0.666914789934953,0.556816,0.600252,0.7749573333333333,0.804,0.3546666666666667,0.467,0.482001530366044,0.694,0.46,0.5185,0.674,0.4686666666666667,0.52,0.772,0.43,0.5155,0.521
insects_gradual_balanced,2,6,1,300,0.0,0.628,0.471,1.9693388140060297,0.6769098000526428,0.6836793441772461,0.5130573333333333,0.548384,0.7263946666666666,0.702,0.40066666666666667,0.476,0.40340616129129603,0.476,0.486,0.4835,0.436,0.502,0.4855,0.514,0.4746666666666667,0.4845,0.4865
insects_gradual_balanced,2,6,1,100,0.0,0.5793333333333334,0.4345,1.7045442429009163,0.6362810121178627,0.6493229041695595,0.5209986666666666,0.5677386666666666,0.7036506666666665,0.988,0.17133333333333334,0.3755,0.7079088293936192,0.65,0.3953333333333333,0.459,0.632,0.38133333333333336,0.444,1.0,0.154,0.3655,0.4565
insects_gradual_balanced,2,6,2,-1,0.0,0.6346666666666667,0.476,1.8687459785931888,0.6317649441361427,0.6660130578676859,0.561416,0.612932,0.8043960000000001,0.82,0.38333333333333336,0.4925,0.45531369110578884,0.718,0.4726666666666667,0.534,0.708,0.482,0.5385,0.764,0.4553333333333333,0.5325,0.5385
insects_gradual_balanced,2,6,2,300,0.0,0.6306666666666667,0.473,1.8322941738770855,0.6736330869793892,0.6842140654722849,0.5189626666666667,0.562396,0.7517693333333333,0.586,0.4686666666666667,0.498,0.3007378269000707,0.486,0.5093333333333333,0.5035,0.462,0.524,0.5085,0.418,0.5306666666666666,0.5025,0.5105
insects_gradual_balanced,2,6,2,100,0.006,0.576,0.4335,1.6153702035898845,0.6236375065147877,0.6487229726314545,0.5389586666666666,0.5855440000000001,0.7581946666666668,0.668,0.4106666666666667,0.475,0.39950881204186656,0.478,0.47933333333333333,0.479,0.466,0.476,0.4735,0.764,0.38466666666666666,0.4795,0.4885
insects_gradual_balanced,2,6,5,-1,0.0,0.6333333333333333,0.475,1.7526722010871354,0.624576411664486,0.6620426440834999,0.5677706666666666,0.6243733333333333,0.8058493333333332,0.722,0.46,0.5255,0.3243499131109774,0.66,0.492,0.534,0.648,0.5006666666666667,0.5375,0.656,0.49666666666666665,0.5365,0.539
insects_gradual_balanced,2,6,5,300,0.002,0.628,0.4715,1.7062225076309243,0.6622228012681007,0.6790947334170342,0.5285146666666667,0.5713053333333333,0.7605120000000001,0.284,0.5746666666666667,0.502,0.1557652391788614,0.444,0.5246666666666666,0.5045,0.422,0.5333333333333333,0.5055,0.244,0.5853333333333334,0.5,0.5115
insects_gradual_balanced,2,6,5,100,0.09,0.5686666666666667,0.449,1.4570608729846444,0.5914678827226162,0.6321353255709012,0.5661706666666667,0.6146240000000001,0.7743933333333334,0.366,0.5,0.4665,0.2073438796485391,0.446,0.506,0.491,0.472,0.496,0.49,0.446,0.5006666666666667,0.487,0.498
insects_gradual_balanced,2,6,10,-1,0.0,0.6333333333333333,0.475,1.608842327340212,0.6192602421045303,0.6590614608128865,0.5727186666666667,0.6327959999999999,0.8195013333333333,0.64,0.5046666666666667,0.5385,0.2454029247027905,0.646,0.5133333333333333,0.5465,0.63,0.5186666666666667,0.5465,0.54,0.5366666666666666,0.5375,0.544
insects_gradual_balanced,2,6,10,300,0.026,0.634,0.482,1.4843163505374632,0.6471883428096771,0.6722459329168001,0.5412093333333333,0.5907746666666667,0.787172,0.202,0.6033333333333334,0.503,0.12884912655517064,0.45,0.5386666666666666,0.5165,0.416,0.5566666666666666,0.5215,0.198,0.608,0.5055,0.522
insects_gradual_balanced,2,6,10,100,0.142,0.574,0.466,1.2976346104704897,0.5394428125321865,0.5998585001130898,0.60272,0.6372186666666666,0.7741426666666665,0.754,0.412,0.4975,0.3159836706738306,0.578,0.49466666666666664,0.5155,0.594,0.4613333333333333,0.4945,0.728,0.4186666666666667,0.496,0.4975
insects_gradual_balanced,2,6,20,-1,0.004,0.6373333333333333,0.479,1.4185419103315267,0.6000759989023209,0.6520856745441754,0.592252,0.6491226666666666,0.8396013333333333,0.492,0.5573333333333333,0.541,0.1899176139723143,0.626,0.5346666666666666,0.5575,0.59,0.5446666666666666,0.556,0.456,0.5806666666666667,0.5495,0.5555
insects_gradual_balanced,2,6,20,300,0.056,0.6286666666666667,0.4855,1.314002500342555,0.6108512285351754,0.6517506214181582,0.5678426666666667,0.6105613333333333,0.8001839999999999,0.134,0.616,0.4955,0.10709215618770068,0.44,0.5526666666666666,0.5245,0.4,0.5646666666666667,0.5235,0.158,0.6146666666666667,0.5005,0.529
insects_gradual_balanced,2,6,20,100,0.356,0.5346666666666666,0.49,1.2085476034609293,0.5089832146763802,0.5683856764833133,0.6102346666666667,0.638936,0.793352,0.618,0.4706666666666667,0.5075,0.2632209957880868,0.582,0.4786666666666667,0.5045,0.62,0.4553333333333333,0.4965,0.7,0.428,0.496,0.4995
insects_gradual_balanced,3,6,1,-1,0.038,0.6713333333333333,0.513,2.232466485053723,0.8191779555678368,0.6787137265006701,0.29833533333333334,0.3180426666666667,0.8276146666666668,0.12,0.648,0.516,0.05856033040820639,0.348,0.6206666666666667,0.5525,0.324,0.6226666666666667,0.548,0.168,0.658,0.5355,0.5695
insects_gradual_balanced,3,6,1,300,0.038,0.6433333333333333,0.492,1.905615140741513,0.7192504186034202,0.6486402291854223,0.39212400000000003,0.4132693333333334,0.821464,0.28,0.604,0.523,0.13169441095462017,0.522,0.558,0.549,0.506,0.5666666666666667,0.5515,0.348,0.6013333333333334,0.538,0.5555
insects_gradual_balanced,3,6,1,100,0.094,0.5726666666666667,0.453,1.7626063497601265,0.6269543939232827,0.599099896510442,0.44894,0.5217573333333334,0.7578066666666666,0.52,0.44066666666666665,0.4605,0.2653021469459254,0.526,0.4673333333333333,0.482,0.534,0.462,0.48,0.596,0.44066666666666665,0.4795,0.482
insects_gradual_balanced,3,6,2,-1,0.024,0.6726666666666666,0.5105,1.9273202357168657,0.8130910317897797,0.6743898688356081,0.3019133333333333,0.33109466666666665,0.7754706666666666,0.382,0.5193333333333333,0.485,0.2609240717705568,0.424,0.5673333333333334,0.5315,0.412,0.5693333333333334,0.53,0.432,0.5593333333333333,0.5275,0.538
insects_gradual_balanced,3,6,2,300,0.03,0.6413333333333333,0.4885,1.6886990000879056,0.7123495050668717,0.6449752003848552,0.3973773333333333,0.42665333333333333,0.78668,0.504,0.46,0.471,0.31475632644261337,0.512,0.5326666666666666,0.5275,0.472,0.5373333333333333,0.521,0.6,0.492,0.519,0.529
insects_gradual_balanced,3,6,2,100,0.074,0.5766666666666667,0.451,1.6376398249067412,0.603879871070385,0.5911054998437564,0.4809653333333333,0.5445199999999999,0.7041200000000001,0.708,0.22066666666666668,0.3425,0.5186781688475879,0.484,0.44133333333333336,0.452,0.49,0.426,0.442,0.836,0.24,0.389,0.4595
insects_gradual_balanced,3,6,5,-1,0.038,0.67,0.512,1.6337648046353852,0.7833461418747902,0.670408371925354,0.33729733333333334,0.35994266666666663,0.8508533333333334,0.496,0.5926666666666667,0.5685,0.21843090363913664,0.562,0.568,0.5665,0.54,0.57,0.5625,0.514,0.584,0.5665,0.57
insects_gradual_balanced,3,6,5,300,0.054,0.6346666666666667,0.4895,1.4841831826494896,0.6719825627207756,0.6406843305329482,0.44942666666666664,0.47058,0.8407613333333334,0.436,0.5833333333333334,0.5465,0.1927896574787343,0.546,0.5546666666666666,0.5525,0.522,0.5673333333333334,0.556,0.446,0.5853333333333334,0.5505,0.5565
insects_gradual_balanced,3,6,5,100,0.116,0.5633333333333334,0.4515,1.4302752709184012,0.5539521217346192,0.5859417120218277,0.5574706666666667,0.5885,0.8041506666666667,0.722,0.412,0.4895,0.3197277083194454,0.646,0.43866666666666665,0.4905,0.634,0.4533333333333333,0.4985,0.656,0.442,0.4955,0.502
insects_gradual_balanced,3,6,10,-1,0.002,0.678,0.509,1.447495897162668,0.7733004058003425,0.6654250681797663,0.3476306666666667,0.37805600000000006,0.8610133333333334,0.804,0.49533333333333335,0.5725,0.3380965968450265,0.678,0.5493333333333333,0.5815,0.662,0.5566666666666666,0.583,0.696,0.5486666666666666,0.5855,0.5885
insects_gradual_balanced,3,6,10,300,0.03,0.6326666666666667,0.482,1.330488595341841,0.6509406129419804,0.6293946622610093,0.4616786666666667,0.49107066666666666,0.8509693333333334,0.484,0.5666666666666667,0.546,0.20276566078357738,0.642,0.5366666666666666,0.563,0.606,0.5426666666666666,0.5585,0.528,0.5646666666666667,0.5555,0.5585
insects_gradual_balanced,3,6,10,100,0.28,0.5306666666666666,0.468,1.3148679004118475,0.5318411517739295,0.5700838468472162,0.5735986666666667,0.5861466666666666,0.801496,0.726,0.43133333333333335,0.505,0.31998521167727434,0.626,0.46066666666666667,0.502,0.642,0.4553333333333333,0.502,0.672,0.43,0.4905,0.5065
insects_gradual_balanced,3,6,20,-1,0.002,0.6673333333333333,0.501,1.3361244756760926,0.7370558711886406,0.6624321239590645,0.3905093333333333,0.404084,0.8599506666666668,0.676,0.554,0.5845,0.2612673692654787,0.654,0.5646666666666667,0.587,0.64,0.572,0.589,0.626,0.5746666666666667,0.5875,0.5875
insects_gradual_balanced,3,6,20,300,0.092,0.638,0.5015,1.2032046577414477,0.5895963764190674,0.6130258896450201,0.5318933333333333,0.499408,0.8510559999999998,0.582,0.5553333333333333,0.562,0.21202685187508002,0.634,0.5393333333333333,0.563,0.61,0.5493333333333333,0.5645,0.536,0.5726666666666667,0.5635,0.565
insects_gradual_balanced,3,6,20,100,0.548,0.49466666666666664,0.508,1.2370066487930858,0.5729742833077908,0.5750596972703934,0.5025799999999999,0.51376,0.820908,0.644,0.45,0.4985,0.25359878257723956,0.63,0.466,0.507,0.626,0.458,0.5,0.626,0.46,0.5015,0.508
insects_gradual_balanced,4,6,1,-1,0.0,0.6666666666666666,0.5,2.2896936628124296,0.6460209833979607,0.6674942290584246,0.5427733333333333,0.5681573333333333,0.6162946666666667,0.522,0.3606666666666667,0.401,0.4070372502221514,0.406,0.44533333333333336,0.4355,0.414,0.444,0.4365,0.454,0.41133333333333333,0.422,0.5
insects_gradual_balanced,4,6,1,300,0.0,0.6246666666666667,0.4685,2.085206744479352,0.6947353701591492,0.6340456928014755,0.3711,0.4416373333333333,0.6072266666666666,0.55,0.304,0.3655,0.4635798002290523,0.44,0.37733333333333335,0.393,0.464,0.37466666666666665,0.397,0.506,0.35,0.389,0.469
insects_gradual_balanced,4,6,1,100,0.0,0.5826666666666667,0.437,1.8621424872611363,0.6742781023979187,0.6316389523943265,0.422656,0.4467986666666667,0.5911106666666667,0.608,0.28,0.362,0.5105023338757926,0.396,0.37133333333333335,0.3775,0.394,0.36866666666666664,0.375,0.536,0.31466666666666665,0.37,0.437
insects_gradual_balanced,4,6,2,-1,0.0,0.6633333333333333,0.4975,2.2513147220121272,0.6457928402423858,0.6679154525001844,0.543696,0.5735373333333333,0.621588,0.384,0.43666666666666665,0.4235,0.31199773684168647,0.358,0.4866666666666667,0.4545,0.37,0.4806666666666667,0.453,0.368,0.484,0.455,0.499
insects_gradual_balanced,4,6,2,300,0.0,0.6206666666666667,0.4655,2.080128387573995,0.6996640397310256,0.6339852004448573,0.3639246666666667,0.43678933333333336,0.6235813333333333,0.518,0.31866666666666665,0.3685,0.38175864760423406,0.352,0.45666666666666667,0.4305,0.388,0.438,0.4255,0.368,0.454,0.4325,0.4665
insects_gradual_balanced,4,6,2,100,0.0,0.5906666666666667,0.443,1.856954001863101,0.6597416973114014,0.6241310923099518,0.43263066666666666,0.45830399999999993,0.6015133333333333,0.326,0.36866666666666664,0.358,0.30457073834167736,0.32,0.416,0.392,0.32,0.4166666666666667,0.3925,0.202,0.49533333333333335,0.422,0.445
insects_gradual_balanced,4,6,5,-1,0.0,0.6713333333333333,0.5035,1.8322257016763461,0.6409367275834084,0.6677649184266726,0.5482420000000001,0.591124,0.7028373333333333,0.638,0.37466666666666665,0.4405,0.4414281857024509,0.556,0.4653333333333333,0.488,0.564,0.4653333333333333,0.49,0.616,0.44533333333333336,0.488,0.5135
insects_gradual_balanced,4,6,5,300,0.0,0.6206666666666667,0.4655,1.7889104556420374,0.6787166944742202,0.623976381490628,0.38394,0.47554799999999997,0.6596813333333333,0.474,0.4053333333333333,0.4225,0.292795721440772,0.408,0.462,0.4485,0.442,0.4553333333333333,0.452,0.288,0.5026666666666667,0.449,0.4675
insects_gradual_balanced,4,6,5,100,0.0,0.5786666666666667,0.434,1.5435129839212132,0.6268763328194619,0.6063901929756006,0.4598333333333333,0.5112973333333333,0.6443293333333333,0.56,0.33466666666666667,0.391,0.32027940113100795,0.324,0.454,0.4215,0.306,0.4553333333333333,0.418,0.11,0.5353333333333333,0.429,0.434
insects_gradual_balanced,4,6,10,-1,0.0,0.672,0.504,1.55698419149221,0.6236779580116272,0.6642300866444906,0.573608,0.6274373333333334,0.7884933333333333,0.764,0.43866666666666665,0.52,0.38408767194802745,0.654,0.5166666666666667,0.551,0.67,0.5013333333333333,0.5435,0.722,0.476,0.5375,0.5565
insects_gradual_balanced,4,6,10,300,0.016,0.62,0.469,1.4175828291846135,0.6167646310329438,0.6069199859499931,0.46038133333333336,0.5658773333333332,0.7637693333333333,0.62,0.4093333333333333,0.462,0.3225292160423897,0.486,0.48933333333333334,0.4885,0.574,0.4693333333333333,0.4955,0.59,0.4673333333333333,0.498,0.5025
insects_gradual_balanced,4,6,10,100,0.098,0.574,0.455,1.3378384961733658,0.5621790442466735,0.5810883662899335,0.534564,0.5458813333333333,0.739456,0.544,0.4226666666666667,0.453,0.2651853153467438,0.526,0.4693333333333333,0.4835,0.506,0.472,0.4805,0.286,0.5386666666666666,0.4755,0.477
insects_gradual_balanced,4,6,20,-1,0.012,0.6686666666666666,0.5045,1.4255824301218942,0.611436894774437,0.6630167446931203,0.592904,0.6415079999999999,0.796604,0.292,0.6153333333333333,0.5345,0.15695021705071927,0.49,0.58,0.5575,0.5,0.5733333333333334,0.555,0.374,0.6106666666666667,0.5515,0.555
insects_gradual_balanced,4,6,20,300,0.098,0.6166666666666667,0.487,1.3225793102561918,0.5865113934874535,0.5977334526578585,0.5050866666666667,0.574024,0.762988,0.422,0.4666666666666667,0.4555,0.20692936620144822,0.448,0.5153333333333333,0.4985,0.494,0.49866666666666665,0.4975,0.422,0.5273333333333333,0.501,0.507
insects_gradual_balanced,4,6,20,100,0.242,0.5466666666666666,0.4705,1.2470236969175084,0.5498210727870464,0.5688142533799012,0.5308786666666667,0.5147706666666667,0.7335066666666668,0.46,0.44666666666666666,0.45,0.22096396303076607,0.484,0.478,0.4795,0.482,0.4746666666666667,0.4765,0.28,0.538,0.4735,0.477
insects_incremental_balanced,0,6,1,-1,0.0,0.616,0.462,1.8781448306961943,0.5338909911215305,0.5950928887724877,0.6488746666666667,0.6236413333333333,0.8808239999999999,1.0,0.2,0.4,0.7377961357956608,0.978,0.36133333333333334,0.5155,0.962,0.372,0.5195,1.0,0.16933333333333334,0.377,0.5725
insects_incremental_balanced,0,6,1,300,0.0,0.5933333333333334,0.445,1.696915828456828,0.5867906424999237,0.6009693900942803,0.5236573333333334,0.604224,0.8996013333333333,1.0,0.214,0.4105,0.7069316892227636,0.952,0.3546666666666667,0.504,0.952,0.3506666666666667,0.501,1.0,0.204,0.403,0.58
insects_incremental_balanced,0,6,1,100,0.0,0.5213333333333333,0.391,1.5955543167126252,0.39794278195500377,0.46408269133170443,0.6848666666666667,0.7783333333333333,0.8257253333333334,1.0,0.0,0.25,0.9750250826553274,1.0,0.23133333333333334,0.4235,1.0,0.23666666666666666,0.4275,1.0,0.0,0.25,0.5035
insects_incremental_balanced,0,6,2,-1,0.0,0.6166666666666667,0.4625,1.6451323735680836,0.5266120400428772,0.5953657641510168,0.6684239999999999,0.6667853333333335,0.9204226666666667,0.998,0.2986666666666667,0.4735,0.6088392507156776,0.994,0.38533333333333336,0.5375,0.994,0.39266666666666666,0.543,1.0,0.31733333333333336,0.488,0.6085
insects_incremental_balanced,0,6,2,300,0.002,0.5893333333333334,0.4425,1.542007898184709,0.5615714728832245,0.5920235853393873,0.5612973333333333,0.6617706666666667,0.9145453333333334,0.994,0.27466666666666667,0.4545,0.5860589675689218,0.934,0.42,0.5485,0.938,0.41733333333333333,0.5475,0.992,0.32266666666666666,0.49,0.586
insects_incremental_balanced,0,6,2,100,0.0,0.5186666666666667,0.389,1.463428085753175,0.3857837486565113,0.4615304534037908,0.70574,0.792656,0.8890346666666666,1.0,0.09,0.3175,0.8492267293880897,0.982,0.32133333333333336,0.4865,0.99,0.2866666666666667,0.4625,1.0,0.005333333333333333,0.254,0.5315
insects_incremental_balanced,0,6,5,-1,0.006,0.6166666666666667,0.464,1.528237863044232,0.5108885077238083,0.593667758067449,0.7024653333333334,0.6965399999999999,0.9351946666666666,0.996,0.35,0.5115,0.5272234849210001,0.972,0.48533333333333334,0.607,0.954,0.49133333333333334,0.607,0.994,0.404,0.5515,0.62
insects_incremental_balanced,0,6,5,300,0.032,0.5873333333333334,0.4485,1.409150011730223,0.5392374947965145,0.5923001280625662,0.610158,0.6912506666666668,0.9318026666666667,0.86,0.46266666666666667,0.562,0.28064910033368645,0.802,0.536,0.6025,0.806,0.5333333333333333,0.6015,0.836,0.5233333333333333,0.6015,0.6015
insects_incremental_balanced,0,6,5,100,0.26,0.5093333333333333,0.447,1.3041784514774626,0.3998961599767208,0.46468325824538864,0.661468,0.758864,0.8846666666666666,0.956,0.33466666666666667,0.49,0.38890982725634365,0.826,0.4633333333333333,0.554,0.836,0.39666666666666667,0.5065,0.968,0.3313333333333333,0.4905,0.516
insects_incremental_balanced,0,6,10,-1,0.062,0.616,0.4775,1.4233136564376867,0.51312142598629,0.5964803664882978,0.697932,0.7048586666666666,0.9335866666666667,0.83,0.5146666666666667,0.5935,0.2695522609332816,0.796,0.5586666666666666,0.618,0.8,0.5626666666666666,0.622,0.806,0.56,0.6215,0.6205
insects_incremental_balanced,0,6,10,300,0.19,0.5853333333333334,0.4865,1.2900339404872394,0.5305616819262504,0.5930450647075971,0.63506,0.6723466666666666,0.9144453333333333,0.668,0.5166666666666667,0.5545,0.19767073588697426,0.708,0.552,0.591,0.708,0.5513333333333333,0.5905,0.684,0.5566666666666666,0.5885,0.5915
insects_incremental_balanced,0,6,10,100,0.532,0.5206666666666667,0.5235,1.1670359711208012,0.46371663826704024,0.4633377444644769,0.512396,0.625972,0.9120480000000001,0.432,0.4633333333333333,0.4555,0.1676699113577386,0.778,0.49333333333333335,0.5645,0.814,0.45266666666666666,0.543,0.878,0.4186666666666667,0.5335,0.546
insects_incremental_balanced,0,6,20,-1,0.142,0.616,0.4975,1.2709261198019395,0.5065591277182102,0.5942751343846321,0.6985600000000001,0.7005506666666667,0.944756,0.7,0.5813333333333334,0.611,0.2020380272333632,0.758,0.5713333333333334,0.618,0.746,0.5766666666666667,0.619,0.72,0.5826666666666667,0.617,0.624
insects_incremental_balanced,0,6,20,300,0.386,0.5786666666666667,0.5305,1.1713223892653708,0.5588922424912453,0.5949777755141258,0.5785199999999999,0.6149506666666666,0.9250733333333333,0.642,0.524,0.5535,0.17584520965449832,0.714,0.5506666666666666,0.5915,0.716,0.5486666666666666,0.5905,0.682,0.5613333333333334,0.5915,0.593
insects_incremental_balanced,0,6,20,100,0.758,0.486,0.554,1.0944185905645478,0.605029190838337,0.4875246008435885,0.294396,0.39524000000000004,0.9164079999999999,0.618,0.44666666666666666,0.4895,0.1992939260465876,0.806,0.492,0.5705,0.828,0.44733333333333336,0.5425,0.88,0.42733333333333334,0.5405,0.554
insects_incremental_balanced,1,6,1,-1,0.0,0.6146666666666667,0.461,2.6831329477343413,0.5783578777313232,0.6238612714012464,0.6024386666666667,0.5782746666666667,0.5501453333333333,0.034,0.5086666666666667,0.39,0.09289439722573505,0.074,0.52,0.4085,0.074,0.516,0.4055,0.02,0.5886666666666667,0.4465,0.4615
insects_incremental_balanced,1,6,1,300,0.0,0.592,0.444,2.5944338774861038,0.5570934950113297,0.6186122519175211,0.6259773333333333,0.6350986666666667,0.45808,0.03,0.45666666666666667,0.35,0.12227410667997124,0.044,0.47533333333333333,0.3675,0.044,0.476,0.368,0.02,0.564,0.428,0.4445
insects_incremental_balanced,1,6,1,100,0.0,0.5453333333333333,0.409,2.38930218743742,0.564822044968605,0.6009337843259176,0.5738973333333333,0.525092,0.30521733333333334,0.056,0.288,0.23,0.2381101776056868,0.058,0.37666666666666665,0.297,0.058,0.38666666666666666,0.3045,0.028,0.4826666666666667,0.369,0.409
insects_incremental_balanced,1,6,2,-1,0.002,0.616,0.4625,2.1177956482653273,0.5722300863862038,0.6231293939153353,0.613548,0.5994306666666667,0.6623773333333334,0.432,0.3393333333333333,0.3625,0.3744526988197418,0.448,0.46266666666666667,0.459,0.458,0.4613333333333333,0.4605,0.544,0.43533333333333335,0.4625,0.4695
insects_incremental_balanced,1,6,2,300,0.0,0.5853333333333334,0.439,1.9755415684785853,0.5479055505990982,0.6145716744065285,0.6401746666666667,0.6530013333333333,0.612312,0.196,0.416,0.361,0.2518716498025903,0.264,0.456,0.408,0.258,0.454,0.405,0.108,0.5093333333333333,0.409,0.439
insects_incremental_balanced,1,6,2,100,0.0,0.5426666666666666,0.407,1.792318315408781,0.5516093989312649,0.5945840499897798,0.5852093333333334,0.5565093333333333,0.4916453333333333,0.532,0.20733333333333334,0.2885,0.5482877436906601,0.27,0.37866666666666665,0.3515,0.304,0.388,0.367,0.73,0.168,0.3085,0.4075
insects_incremental_balanced,1,6,5,-1,0.0,0.6186666666666667,0.464,1.7038697696825416,0.5539371999502182,0.6199863837162654,0.6457373333333334,0.6756066666666667,0.7864293333333334,0.806,0.2713333333333333,0.405,0.5947365842507403,0.726,0.468,0.5325,0.728,0.4666666666666667,0.532,0.818,0.31666666666666665,0.442,0.5635
insects_incremental_balanced,1,6,5,300,0.0,0.5826666666666667,0.437,1.605609548405452,0.5250191776156425,0.6094882324139277,0.6792493333333333,0.7298333333333333,0.7752626666666665,0.622,0.4166666666666667,0.468,0.2940840926203715,0.648,0.504,0.54,0.638,0.5033333333333333,0.537,0.52,0.528,0.526,0.539
insects_incremental_balanced,1,6,5,100,0.01,0.534,0.403,1.4391077955387241,0.5222468556165695,0.5914948242704073,0.6385986666666666,0.6532226666666667,0.7845759999999999,0.802,0.28,0.4105,0.4460280591034187,0.59,0.46,0.4925,0.624,0.45466666666666666,0.497,0.828,0.3373333333333333,0.46,0.5
insects_incremental_balanced,1,6,10,-1,0.0,0.6193333333333333,0.4645,1.5119864660842368,0.5391236424446106,0.615622201859951,0.6717186666666666,0.7363893333333332,0.84748,0.77,0.44333333333333336,0.525,0.4113004459728934,0.694,0.54,0.5785,0.698,0.5386666666666666,0.5785,0.766,0.48,0.5515,0.5805
insects_incremental_balanced,1,6,10,300,0.0,0.5846666666666667,0.4385,1.352804103835828,0.4852344143986702,0.5997677611112595,0.7384026666666667,0.8006626666666665,0.8658293333333333,0.684,0.5046666666666667,0.5495,0.2522853067640851,0.728,0.5206666666666667,0.5725,0.724,0.52,0.571,0.676,0.5306666666666666,0.567,0.571
insects_incremental_balanced,1,6,10,100,0.378,0.522,0.486,1.238922063711216,0.4538338866233826,0.5709511652986209,0.7365606666666666,0.7023079999999999,0.865072,0.874,0.388,0.5095,0.3712865842157794,0.774,0.4653333333333333,0.5425,0.806,0.456,0.5435,0.896,0.388,0.515,0.542
insects_incremental_balanced,1,6,20,-1,0.032,0.6126666666666667,0.4675,1.3708267320788952,0.5009712157845497,0.61319905291001,0.7292586666666666,0.78142,0.8789506666666667,0.58,0.5513333333333333,0.5585,0.2035252142670154,0.632,0.564,0.581,0.634,0.5606666666666666,0.579,0.608,0.57,0.5795,0.5835
insects_incremental_balanced,1,6,20,300,0.368,0.574,0.5225,1.2125835944678545,0.48571806025505065,0.6025655693809191,0.7385253333333334,0.8155506666666665,0.8844866666666668,0.534,0.532,0.5325,0.1735697912753603,0.63,0.5426666666666666,0.5645,0.636,0.5426666666666666,0.566,0.55,0.5533333333333333,0.5525,0.578
insects_incremental_balanced,1,6,20,100,0.548,0.514,0.5225,1.1858631221744953,0.5892555379867553,0.5905803175369898,0.506724,0.5233840000000001,0.8790693333333334,0.534,0.5073333333333333,0.514,0.17838994573609515,0.618,0.508,0.5355,0.64,0.5033333333333333,0.5375,0.59,0.5073333333333333,0.528,0.5465
insects_incremental_balanced,2,6,1,-1,0.0,0.6726666666666666,0.5045,1.9041122457644695,0.6968197906017304,0.7091564164559047,0.5143933333333334,0.5584066666666667,0.8473626666666667,0.986,0.32666666666666666,0.4915,0.580631726224726,0.868,0.462,0.5635,0.854,0.4666666666666667,0.5635,0.982,0.346,0.505,0.582
insects_incremental_balanced,2,6,1,300,0.0,0.644,0.483,1.6553152847667274,0.6986466551423073,0.6877882335384686,0.47076399999999996,0.5427866666666668,0.8324733333333333,0.972,0.32266666666666666,0.485,0.5515342214922927,0.86,0.45066666666666666,0.553,0.866,0.44266666666666665,0.5485,0.948,0.364,0.51,0.5565
insects_incremental_balanced,2,6,1,100,0.0,0.5613333333333334,0.421,1.584596068600651,0.6308968413472176,0.6831002325812976,0.5842946666666666,0.6606893333333334,0.8124573333333334,0.924,0.3293333333333333,0.478,0.5174386956148933,0.796,0.3973333333333333,0.497,0.79,0.3893333333333333,0.4895,0.932,0.32,0.473,0.4895
insects_incremental_balanced,2,6,2,-1,0.0,0.6753333333333333,0.5065,1.8200221171702808,0.6949957036376,0.7084787981907527,0.5154626666666666,0.5577226666666667,0.8210453333333334,0.992,0.25066666666666665,0.436,0.6838062864321633,0.708,0.5086666666666667,0.5585,0.694,0.51,0.556,0.982,0.27,0.448,0.5765
insects_incremental_balanced,2,6,2,300,0.0,0.6466666666666666,0.485,1.6126792808388772,0.6914925925135612,0.6854350381294886,0.47876799999999997,0.5446813333333334,0.8249386666666666,0.976,0.27666666666666667,0.4515,0.6495126353156169,0.706,0.49,0.544,0.732,0.478,0.5415,0.962,0.30666666666666664,0.4705,0.5485
insects_incremental_balanced,2,6,2,100,0.002,0.558,0.419,1.5560689753935586,0.6301789681911468,0.6826345204710961,0.5842466666666666,0.6514173333333333,0.772116,0.95,0.25,0.425,0.6146859192233805,0.776,0.382,0.4805,0.794,0.36533333333333334,0.4725,0.956,0.226,0.4085,0.4735
insects_incremental_balanced,2,6,5,-1,0.01,0.6686666666666666,0.504,1.630025650526179,0.6844820145368576,0.7077923822800318,0.5296546666666666,0.581844,0.860624,0.864,0.44066666666666665,0.5465,0.3709285184887921,0.632,0.5733333333333334,0.588,0.61,0.5686666666666667,0.579,0.7,0.5413333333333333,0.581,0.5825
insects_incremental_balanced,2,6,5,300,0.01,0.6473333333333333,0.488,1.4627118824459913,0.6721199906766414,0.6818336982925733,0.5009079999999999,0.5780626666666667,0.8511946666666668,0.588,0.556,0.564,0.2464721350029909,0.588,0.5646666666666667,0.5705,0.604,0.556,0.568,0.604,0.556,0.568,0.573
insects_incremental_balanced,2,6,5,100,0.028,0.562,0.4285,1.393992735440649,0.582798167347908,0.6651311090191205,0.6296706666666667,0.6831386666666667,0.8263800000000001,0.822,0.38666666666666666,0.4955,0.3452661808398426,0.6,0.458,0.4935,0.64,0.442,0.4915,0.776,0.4,0.494,0.499
insects_incremental_balanced,2,6,10,-1,0.002,0.6746666666666666,0.5065,1.5378895330584215,0.6732911765575409,0.7003018999497096,0.53502,0.5925386666666668,0.8576013333333334,0.358,0.6413333333333333,0.5705,0.1669264236107681,0.544,0.6026666666666667,0.588,0.532,0.5986666666666667,0.582,0.406,0.6266666666666667,0.5715,0.589
insects_incremental_balanced,2,6,10,300,0.05,0.648,0.4985,1.343384146073073,0.6396077534258365,0.6683826013207436,0.5376013333333333,0.6002093333333334,0.8450573333333333,0.346,0.608,0.5425,0.1642201184371506,0.516,0.5713333333333334,0.5575,0.538,0.5666666666666667,0.5595,0.434,0.5886666666666667,0.55,0.563
insects_incremental_balanced,2,6,10,100,0.216,0.534,0.4545,1.2811924429849257,0.5411943636536598,0.6406377623577912,0.6732119999999999,0.7191000000000001,0.8365973333333334,0.508,0.486,0.4915,0.2230920392681586,0.576,0.4706666666666667,0.497,0.614,0.45066666666666666,0.4915,0.608,0.45266666666666666,0.4915,0.4895
insects_incremental_balanced,2,6,20,-1,0.046,0.6733333333333333,0.5165,1.3999906652292389,0.6561154746413231,0.6965672325690587,0.5564413333333333,0.6269440000000001,0.8613586666666666,0.222,0.6673333333333333,0.556,0.1149994139427103,0.54,0.6106666666666667,0.593,0.502,0.606,0.58,0.298,0.644,0.5575,0.5935
insects_incremental_balanced,2,6,20,300,0.12,0.6466666666666666,0.515,1.228668565867328,0.6072299185395241,0.6546653379996618,0.5754133333333333,0.6432426666666666,0.8505293333333332,0.284,0.6233333333333333,0.5385,0.14491658859257947,0.556,0.5713333333333334,0.5675,0.574,0.566,0.568,0.426,0.6013333333333334,0.5575,0.5715
insects_incremental_balanced,2,6,20,100,0.386,0.49933333333333335,0.471,1.2325772810713773,0.5324806687533855,0.6281871663630009,0.6688333333333333,0.6878506666666666,0.8395053333333333,0.164,0.534,0.4415,0.12977999258296694,0.582,0.472,0.4995,0.642,0.45466666666666666,0.5015,0.534,0.4726666666666667,0.488,0.5015
insects_incremental_balanced,3,6,1,-1,0.0,0.6733333333333333,0.505,1.9927459284858642,0.8402372947335244,0.6725817878047625,0.2731186666666667,0.2630946666666667,0.714,0.926,0.238,0.41,0.6420233638591134,0.612,0.42333333333333334,0.4705,0.6,0.4073333333333333,0.4555,0.95,0.21266666666666667,0.397,0.5185
insects_incremental_balanced,3,6,1,300,0.0,0.6686666666666666,0.5015,1.8972088633841167,0.7675748026371002,0.6214851887822151,0.32069333333333333,0.3387773333333334,0.609032,0.642,0.2713333333333333,0.364,0.6081463175872568,0.5,0.42533333333333334,0.444,0.484,0.4246666666666667,0.4395,0.83,0.19333333333333333,0.3525,0.502
insects_incremental_balanced,3,6,1,100,0.002,0.6326666666666667,0.475,1.7817318525582133,0.6868648590445519,0.5631058839658896,0.355308,0.37852133333333327,0.423084,0.624,0.11933333333333333,0.2455,0.8070233864291778,0.442,0.22866666666666666,0.282,0.474,0.22266666666666668,0.2855,1.0,0.0,0.25,0.487
insects_incremental_balanced,3,6,2,-1,0.0,0.6793333333333333,0.5095,1.5985890675191834,0.8235903452634812,0.6725620300571123,0.2834873333333333,0.27626266666666666,0.8665573333333333,0.97,0.30933333333333335,0.4745,0.6321115910889848,0.924,0.408,0.537,0.924,0.39866666666666667,0.53,0.976,0.2813333333333333,0.455,0.5875
insects_incremental_balanced,3,6,2,300,0.0,0.6666666666666666,0.5,1.498224366566116,0.735769626557827,0.6149018573562304,0.33286533333333335,0.36407599999999996,0.8320906666666668,0.986,0.268,0.4475,0.6687047875101583,0.888,0.37,0.4995,0.884,0.384,0.509,0.986,0.22533333333333333,0.4155,0.559
insects_incremental_balanced,3,6,2,100,0.0,0.622,0.4665,1.4612107817761548,0.6412144738137722,0.5529701306025188,0.38394000000000006,0.416472,0.79936,1.0,0.0,0.25,0.9857106265950922,0.636,0.428,0.48,0.68,0.42133333333333334,0.486,1.0,0.0,0.25,0.525
insects_incremental_balanced,3,6,5,-1,0.0,0.6753333333333333,0.5065,1.5652524538274146,0.8205206307768822,0.6719616768360138,0.28526666666666667,0.2824,0.8507746666666667,0.948,0.37466666666666665,0.518,0.5256491688281572,0.78,0.496,0.567,0.77,0.4846666666666667,0.556,0.89,0.4246666666666667,0.541,0.564
insects_incremental_balanced,3,6,5,300,0.008,0.6653333333333333,0.501,1.4135874792101244,0.7094772152900696,0.6070512542128563,0.35850533333333334,0.395528,0.82334,0.924,0.3506666666666667,0.494,0.4838778838388855,0.67,0.5033333333333333,0.545,0.654,0.5073333333333333,0.544,0.788,0.44533333333333336,0.531,0.55
insects_incremental_balanced,3,6,5,100,0.076,0.62,0.484,1.2896689446175529,0.5766967431604862,0.5305981702208519,0.434292,0.43620533333333333,0.814296,0.924,0.26466666666666666,0.4295,0.4701640412871676,0.648,0.4686666666666667,0.5135,0.688,0.4613333333333333,0.518,0.88,0.36466666666666664,0.4935,0.5245
insects_incremental_balanced,3,6,10,-1,0.0,0.6793333333333333,0.5095,1.5267425028663753,0.8148234336972237,0.6709806561072668,0.2910666666666667,0.2893053333333333,0.8286746666666667,0.498,0.5686666666666667,0.551,0.2620441471888678,0.552,0.5706666666666667,0.566,0.546,0.5606666666666666,0.557,0.636,0.53,0.5565,0.566
insects_incremental_balanced,3,6,10,300,0.014,0.664,0.5015,1.3714564214992337,0.6974713126420975,0.5960572579105695,0.372,0.38942533333333335,0.7879,0.416,0.5673333333333334,0.5295,0.24016109198647895,0.516,0.5593333333333333,0.5485,0.488,0.5626666666666666,0.544,0.548,0.5493333333333333,0.549,0.5445
insects_incremental_balanced,3,6,10,100,0.18,0.6053333333333333,0.499,1.3111895743404585,0.6047861991524697,0.5284514667789141,0.393344,0.40079599999999993,0.7459733333333334,0.198,0.5333333333333333,0.4495,0.1414862336163719,0.434,0.5326666666666666,0.508,0.448,0.5353333333333333,0.5135,0.452,0.5346666666666666,0.514,0.515
insects_incremental_balanced,3,6,20,-1,0.0,0.6733333333333333,0.505,1.3304383157736854,0.7723570479154587,0.6600133320788543,0.32706,0.32744933333333337,0.8740493333333333,0.596,0.5986666666666667,0.598,0.22546567648622884,0.712,0.56,0.598,0.702,0.5473333333333333,0.586,0.726,0.5406666666666666,0.587,0.59
insects_incremental_balanced,3,6,20,300,0.08,0.6593333333333333,0.5145,1.1667409573074672,0.6190966075360775,0.5680077404578526,0.41723200000000005,0.3967426666666667,0.8529293333333333,0.74,0.48533333333333334,0.549,0.30271270188167965,0.69,0.5386666666666666,0.5765,0.656,0.5413333333333333,0.57,0.74,0.5146666666666667,0.571,0.571
insects_incremental_balanced,3,6,20,100,0.48,0.556,0.537,1.1478701444758166,0.5770885936617851,0.5289155333638191,0.386172,0.3466853333333333,0.831728,0.434,0.502,0.485,0.21720102554357326,0.584,0.51,0.5285,0.62,0.5133333333333333,0.54,0.7,0.48,0.535,0.543
insects_incremental_balanced,4,6,1,-1,0.0,0.674,0.5055,2.018993910132305,0.7361821431517601,0.6711388881603877,0.37551066666666666,0.46415199999999995,0.7580053333333333,0.686,0.43066666666666664,0.4945,0.39036681954800784,0.616,0.5253333333333333,0.548,0.618,0.5306666666666666,0.5525,0.652,0.5146666666666667,0.549,0.5705
insects_incremental_balanced,4,6,1,300,0.0,0.654,0.4905,1.8022401541969437,0.7681518797576428,0.6978593660295009,0.38281333333333334,0.43847600000000003,0.7758320000000001,0.716,0.4613333333333333,0.525,0.3865621911576052,0.652,0.5126666666666667,0.5475,0.652,0.5086666666666667,0.5445,0.698,0.48933333333333334,0.5415,0.555
insects_incremental_balanced,4,6,1,100,0.0,0.6,0.45,1.7660631724246498,0.6789996883869172,0.6810492331882317,0.503416,0.5260333333333334,0.7180359999999999,0.768,0.252,0.381,0.5708457701931072,0.664,0.462,0.5125,0.644,0.44266666666666665,0.493,0.806,0.25,0.389,0.5085
insects_incremental_balanced,4,6,2,-1,0.0,0.678,0.5085,1.8083914606475406,0.7284981881976128,0.668708720266819,0.3842013333333333,0.492808,0.8193733333333333,0.694,0.486,0.538,0.3466374657058294,0.644,0.5306666666666666,0.559,0.648,0.5373333333333333,0.565,0.69,0.524,0.5655,0.576
insects_incremental_balanced,4,6,2,300,0.0,0.6573333333333333,0.493,1.6699693771174815,0.7507059398293495,0.6953404618004958,0.40844400000000003,0.47340133333333334,0.8079413333333334,0.686,0.5053333333333333,0.5505,0.32289428205877213,0.64,0.53,0.5575,0.636,0.5306666666666666,0.557,0.636,0.53,0.5565,0.5605
insects_incremental_balanced,4,6,2,100,0.0,0.5973333333333334,0.448,1.6668226396099395,0.651538009762764,0.6698426725367705,0.5268986666666666,0.5523373333333333,0.74384,0.642,0.42866666666666664,0.482,0.34327592165217596,0.622,0.48133333333333334,0.5165,0.61,0.476,0.5095,0.622,0.4653333333333333,0.5045,0.513
insects_incremental_balanced,4,6,5,-1,0.0,0.6786666666666666,0.509,1.5450902311335275,0.722016699552536,0.6668477161924045,0.39120666666666665,0.5264266666666667,0.8518813333333333,0.778,0.4726666666666667,0.549,0.40483544982697156,0.748,0.508,0.568,0.742,0.5126666666666667,0.57,0.782,0.48733333333333334,0.561,0.59
insects_incremental_balanced,4,6,5,300,0.0,0.654,0.4905,1.4640386114271187,0.7378275053501129,0.6875151671866576,0.41563466666666665,0.5044626666666667,0.8411706666666666,0.708,0.5013333333333333,0.553,0.33378946456916386,0.696,0.51,0.5565,0.7,0.5053333333333333,0.554,0.692,0.508,0.554,0.557
insects_incremental_balanced,4,6,5,100,0.002,0.5786666666666667,0.4345,1.521270371918187,0.5930536311268807,0.6468449941575527,0.5744666666666667,0.584112,0.7621159999999999,0.674,0.41733333333333333,0.4815,0.3379608443485157,0.67,0.4553333333333333,0.509,0.654,0.4533333333333333,0.5035,0.656,0.4533333333333333,0.504,0.508
insects_incremental_balanced,4,6,10,-1,0.0,0.6766666666666666,0.5075,1.4806288106678098,0.7106344631910324,0.6668643782536189,0.4122053333333333,0.5571480000000001,0.8486173333333333,0.734,0.498,0.557,0.34486162744771504,0.714,0.5306666666666666,0.5765,0.714,0.5333333333333333,0.5785,0.714,0.5346666666666666,0.5795,0.5945
insects_incremental_balanced,4,6,10,300,0.0,0.6506666666666666,0.488,1.362718902831267,0.7028214024305344,0.6831015285452207,0.46008400000000005,0.5615626666666667,0.8393093333333334,0.694,0.5026666666666667,0.5505,0.30698424581234185,0.69,0.5126666666666667,0.557,0.692,0.5173333333333333,0.561,0.628,0.544,0.565,0.5655
insects_incremental_balanced,4,6,10,100,0.132,0.5593333333333333,0.4525,1.4621102591278312,0.5727705230116844,0.6426027384201686,0.5977213333333333,0.5822666666666667,0.7551066666666666,0.632,0.452,0.497,0.2766017112776773,0.616,0.47533333333333333,0.5105,0.614,0.46,0.4985,0.444,0.5073333333333333,0.4915,0.499
insects_incremental_balanced,4,6,20,-1,0.0,0.678,0.5085,1.347595702643267,0.6891654722690582,0.6596632043917974,0.434708,0.5942266666666667,0.8553266666666667,0.55,0.5846666666666667,0.576,0.18926929582638385,0.692,0.5526666666666666,0.5875,0.684,0.556,0.588,0.576,0.5973333333333334,0.592,0.5915
insects_incremental_balanced,4,6,20,300,0.018,0.6466666666666666,0.4895,1.2555214549624671,0.6597523468136788,0.6749075890680154,0.522864,0.5911066666666667,0.8448826666666666,0.658,0.5073333333333333,0.545,0.20745137840895006,0.632,0.5386666666666666,0.562,0.614,0.542,0.56,0.276,0.616,0.531,0.5655
insects_incremental_balanced,4,6,20,100,0.416,0.52,0.494,1.3675182511601465,0.5691829584240914,0.6326451870600382,0.5907546666666667,0.5496840000000001,0.7821653333333334,0.608,0.4613333333333333,0.498,0.19617745008503704,0.63,0.466,0.507,0.616,0.4686666666666667,0.5055,0.268,0.5493333333333333,0.479,0.508
h3_poker_b,0,4,1,-1,0.0,0.9766666666666667,0.7325,0.9882116686074979,0.9580313328504563,0.953941963672638,0.688358,0.6811226666666668,0.8915200000000001,1.0,0.066,0.2995,0.9345168195658303,0.968,0.49733333333333335,0.615,0.968,0.49,0.6095,1.0,0.066,0.2995,0.8225
h3_poker_b,0,4,1,300,0.0,0.928,0.696,1.2998702651370717,0.9478072037696839,0.8528232964873314,0.24741133333333334,0.261048,0.6711453333333334,1.0,0.0,0.25,0.9999999999999999,0.652,0.5126666666666667,0.5475,0.696,0.49733333333333335,0.547,1.0,0.0,0.25,0.6985
h3_poker_b,0,4,1,100,0.0,0.8486666666666667,0.6365,1.3753988261450099,0.8511013631820679,0.7883540320595106,0.33702133333333334,0.3617026666666666,0.5133733333333333,1.0,0.0,0.25,0.9988543810959214,0.246,0.6653333333333333,0.5605,0.278,0.6386666666666667,0.5485,1.0,0.0,0.25,0.64
h3_poker_b,0,4,2,-1,0.0,0.9773333333333334,0.733,0.9512864707077906,0.9582303774356842,0.9520285247762998,0.7007573333333335,0.6902280000000001,0.9160920000000001,1.0,0.082,0.3115,0.937527765695296,0.974,0.5606666666666666,0.664,0.976,0.5546666666666666,0.66,1.0,0.06,0.295,0.8465
h3_poker_b,0,4,2,300,0.0,0.9193333333333333,0.6895,1.2139143678101652,0.9451179338693618,0.8512973400950432,0.23538333333333333,0.24786266666666668,0.7188319999999999,1.0,0.0,0.25,0.9999999982564215,0.4,0.6966666666666667,0.6225,0.442,0.6706666666666666,0.6135,1.0,0.0,0.25,0.693
h3_poker_b,0,4,2,100,0.0,0.848,0.636,1.2646040971266719,0.8485032041072845,0.7699140216906866,0.2660053333333333,0.2785453333333333,0.6646293333333333,0.0,0.048,0.036,0.001015379072196264,0.142,0.772,0.6145,0.172,0.756,0.61,1.0,0.0,0.25,0.6375
h3_poker_b,0,4,5,-1,0.084,0.978,0.7545,0.5638497240396467,0.8075111257433891,0.9501039282480875,0.8708546666666667,0.8571346666666668,0.9779839999999999,1.0,0.342,0.5065,0.6841370253285111,0.976,0.7886666666666666,0.8355,0.976,0.7813333333333333,0.83,1.0,0.388,0.541,0.915
h3_poker_b,0,4,5,300,0.0,0.9286666666666666,0.6965,1.0278289213420475,0.9125879526138305,0.839961292386055,0.32925200000000004,0.345792,0.872436,1.0,0.05333333333333334,0.29,0.7439405370472371,0.35,0.8773333333333333,0.7455,0.386,0.8926666666666667,0.766,1.0,0.051333333333333335,0.2885,0.771
h3_poker_b,0,4,5,100,0.0,0.8526666666666667,0.6395,1.1136627246963118,0.8263271225690841,0.752711823741595,0.2761093333333333,0.29723866666666665,0.7365073333333333,0.0,0.048,0.036,9.637524574866129e-11,0.0,0.8386666666666667,0.629,0.0,0.8526666666666667,0.6395,1.0,0.0,0.25,0.6395
h3_poker_b,0,4,10,-1,0.222,0.978,0.789,0.4378429363004624,0.7481347929835319,0.9486137705246608,0.9129186666666667,0.8966000000000001,0.9865973333333333,1.0,0.6353333333333333,0.7265,0.5061362541606029,0.962,0.8853333333333333,0.9045,0.964,0.882,0.9025,0.998,0.6573333333333333,0.7425,0.933
h3_poker_b,0,4,10,300,0.0,0.9346666666666666,0.701,0.8487342354649183,0.8685729274749756,0.8372055297493934,0.4614646666666667,0.45987733333333336,0.922716,0.788,0.77,0.7745,0.40460022386546357,0.366,0.894,0.762,0.4,0.9086666666666666,0.7815,0.93,0.6646666666666666,0.731,0.799
h3_poker_b,0,4,10,100,0.0,0.8526666666666667,0.6395,0.9441780595394612,0.7664028995037079,0.7358917646209399,0.4190426666666667,0.4333626666666667,0.7973173333333334,0.0,0.048,0.036,5.96931110067221e-13,0.112,0.8273333333333334,0.6485,0.142,0.822,0.652,0.99,0.114,0.333,0.6565
h3_poker_b,0,4,20,-1,0.578,0.9786666666666667,0.8785,0.2712441830935659,0.731231956243515,0.9461364236871401,0.9207919999999999,0.9013533333333332,0.9918106666666666,0.976,0.8726666666666667,0.8985,0.3645625029089309,0.96,0.93,0.9375,0.968,0.9286666666666666,0.9385,0.976,0.8753333333333333,0.9005,0.95
h3_poker_b,0,4,20,300,0.108,0.9373333333333334,0.73,0.5961401864953312,0.7197703068256378,0.8271257812778156,0.7468586666666666,0.7080199999999999,0.948512,0.84,0.828,0.831,0.3451650529598714,0.702,0.882,0.837,0.724,0.8846666666666667,0.8445,0.882,0.8053333333333333,0.8245,0.8445
h3_poker_b,0,4,20,100,0.136,0.828,0.655,0.7960067817715869,0.6554867126345635,0.692945924560229,0.6178186666666666,0.5076386666666667,0.8429413333333333,0.0,0.048,0.036,3.987447752673834e-08,0.292,0.8,0.673,0.324,0.7906666666666666,0.674,0.584,0.7126666666666667,0.6805,0.685
h3_poker_b,1,4,1,-1,0.01,0.9986666666666667,0.7515,0.9222579087377272,0.7961433640122414,0.9923324756820997,0.9683993333333334,0.9684773333333334,0.9686026666666667,0.958,0.8673333333333333,0.89,0.3403103316753503,0.934,0.9086666666666666,0.915,0.936,0.908,0.915,0.956,0.8966666666666666,0.9115,0.9205
h3_poker_b,1,4,1,300,0.014,0.9886666666666667,0.745,1.1108074468485452,0.7794066992998123,0.974592583934466,0.9102306666666665,0.9093386666666667,0.8954706666666666,0.672,0.8653333333333333,0.817,0.28150739966407456,0.668,0.8873333333333333,0.8325,0.646,0.8913333333333333,0.83,0.672,0.8853333333333333,0.832,0.835
h3_poker_b,1,4,1,100,0.002,0.9453333333333334,0.7095,1.2652874292612843,0.7227781222462654,0.8977552442550659,0.8309513333333333,0.8189813333333332,0.73632,0.172,0.8686666666666667,0.6945,0.1643094277592788,0.296,0.8306666666666667,0.697,0.29,0.83,0.695,0.174,0.876,0.7005,0.714
h3_poker_b,1,4,2,-1,0.024,0.9986666666666667,0.755,0.7548627595709749,0.7604131751060486,0.9918379381299018,0.9741533333333333,0.9736706666666667,0.9768786666666668,0.962,0.884,0.9035,0.32636567480224865,0.942,0.9186666666666666,0.9245,0.942,0.918,0.924,0.954,0.9066666666666666,0.9185,0.931
h3_poker_b,1,4,2,300,0.014,0.9886666666666667,0.745,0.9520528642842258,0.7762007236480712,0.9739342879652977,0.9131706666666667,0.911656,0.9058373333333333,0.656,0.8826666666666667,0.826,0.2542931790517314,0.67,0.8906666666666667,0.8355,0.66,0.8986666666666666,0.839,0.612,0.908,0.834,0.851
h3_poker_b,1,4,2,100,0.0,0.9406666666666667,0.7055,1.0624170324454552,0.7014684390425682,0.882016105512778,0.8196173333333334,0.8125333333333332,0.776208,0.272,0.8486666666666667,0.7045,0.19717560959039132,0.344,0.8193333333333334,0.7005,0.34,0.8273333333333334,0.7055,0.264,0.8513333333333334,0.7045,0.7375
h3_poker_b,1,4,5,-1,0.07,0.998,0.766,0.6543722040044714,0.7266464266777038,0.9914647769331932,0.9815146666666666,0.9804026666666668,0.979436,0.918,0.9333333333333333,0.9295,0.26133891299211437,0.91,0.9453333333333334,0.9365,0.912,0.9433333333333334,0.9355,0.912,0.9433333333333334,0.9355,0.936
h3_poker_b,1,4,5,300,0.026,0.9873333333333333,0.747,0.7686165123818771,0.7263495614528656,0.968598001897335,0.937948,0.9342773333333333,0.9237986666666667,0.65,0.9126666666666666,0.847,0.1995421337586939,0.706,0.9026666666666666,0.8535,0.696,0.9106666666666666,0.857,0.562,0.9366666666666666,0.843,0.8645
h3_poker_b,1,4,5,100,0.004,0.942,0.7075,0.8334870114840142,0.6497543140053749,0.8620471170544625,0.8230080000000001,0.8168013333333334,0.7934506666666666,0.572,0.772,0.722,0.2894010833489144,0.514,0.8,0.7285,0.476,0.818,0.7325,0.35,0.8653333333333333,0.7365,0.7395
h3_poker_b,1,4,10,-1,0.12,0.998,0.7785,0.503392108314563,0.6593659104704856,0.98961005260547,0.9890506666666666,0.9884573333333333,0.9895999999999999,0.958,0.9573333333333334,0.9575,0.2504283879152914,0.96,0.9613333333333334,0.961,0.958,0.96,0.9595,0.96,0.96,0.96,0.9625
h3_poker_b,1,4,10,300,0.066,0.9906666666666667,0.7595,0.5857466314407895,0.6715553556680679,0.9627753207484882,0.9567066666666667,0.9509933333333334,0.9446013333333334,0.588,0.9533333333333334,0.862,0.18409445286196827,0.734,0.9206666666666666,0.874,0.73,0.9286666666666666,0.879,0.576,0.9566666666666667,0.8615,0.8825
h3_poker_b,1,4,10,100,0.026,0.9393333333333334,0.711,0.7300216207432934,0.6072525757551194,0.824224644502004,0.8220053333333334,0.8125026666666667,0.7820093333333333,0.084,0.9186666666666666,0.71,0.1386648917334691,0.41,0.8373333333333334,0.7305,0.376,0.8486666666666667,0.7305,0.132,0.9186666666666666,0.722,0.7365
h3_poker_b,1,4,20,-1,0.328,0.998,0.8305,0.3596800726415752,0.6479034162163735,0.9893394333521525,0.989264,0.9882493333333333,0.9924386666666667,0.918,0.98,0.9645,0.22964514345208764,0.93,0.9773333333333334,0.9655,0.93,0.9773333333333334,0.9655,0.92,0.9793333333333333,0.9645,0.9655
h3_poker_b,1,4,20,300,0.276,0.9906666666666667,0.812,0.41383610213244815,0.6281489755511284,0.9575294661919276,0.9627533333333333,0.9568653333333335,0.965308,0.62,0.9706666666666667,0.883,0.17738772009079296,0.758,0.9446666666666667,0.898,0.752,0.9506666666666667,0.901,0.646,0.9706666666666667,0.8895,0.906
h3_poker_b,1,4,20,100,0.152,0.8993333333333333,0.7125,0.6835438555540476,0.5854967890381813,0.7779655539592107,0.780288,0.7819986666666666,0.7573946666666667,0.0,0.9253333333333333,0.694,0.0514825809068299,0.332,0.8433333333333334,0.7155,0.28,0.8573333333333333,0.713,0.02,0.934,0.7055,0.728
h3_poker_b,2,4,1,-1,0.0,0.9953333333333333,0.7465,0.7067754614844958,0.7661809293627739,0.9850212996006011,0.9742533333333334,0.9794746666666666,0.988116,1.0,0.7646666666666667,0.8235,0.4269275784002501,0.996,0.8666666666666667,0.899,0.996,0.868,0.9,1.0,0.8086666666666666,0.8565,0.9455
h3_poker_b,2,4,1,300,0.012,0.9406666666666667,0.7085,0.9760313488825865,0.8274385117888451,0.8636443775892257,0.6386626666666667,0.7110093333333334,0.9314226666666667,1.0,0.39866666666666667,0.549,0.7065848493500462,0.972,0.7133333333333334,0.778,0.966,0.7266666666666667,0.7865,1.0,0.374,0.5305,0.8225
h3_poker_b,2,4,1,100,0.0,0.7273333333333334,0.5455,1.2881564726840242,0.683956541121006,0.632324654340744,0.34459333333333336,0.6488293333333334,0.8587786666666668,1.0,0.0,0.25,0.9999997697873338,0.948,0.3953333333333333,0.5335,0.948,0.39,0.5295,1.0,0.0,0.25,0.619
h3_poker_b,2,4,2,-1,0.016,0.9946666666666667,0.75,0.6254869957938033,0.7416066876649856,0.9832181241909663,0.9747359999999999,0.9802893333333332,0.98878,1.0,0.822,0.8665,0.3880189791144685,0.996,0.8873333333333333,0.9145,0.996,0.888,0.915,0.998,0.8413333333333334,0.8805,0.942
h3_poker_b,2,4,2,300,0.014,0.9413333333333334,0.7095,0.9188778798125045,0.811416314303875,0.8647212832570076,0.6564093333333333,0.7253053333333334,0.930328,1.0,0.436,0.577,0.6350190992397702,0.9,0.8,0.825,0.894,0.8033333333333333,0.826,0.996,0.6026666666666667,0.701,0.827
h3_poker_b,2,4,2,100,0.0,0.7226666666666667,0.542,1.205445079066164,0.6636597698330879,0.6217870304783185,0.36320600000000003,0.712176,0.8753399999999999,1.0,0.0,0.25,0.9744249992887419,0.742,0.5686666666666667,0.612,0.75,0.5686666666666667,0.614,1.0,0.0,0.25,0.6165
h3_poker_b,2,4,5,-1,0.04,0.9953333333333333,0.7565,0.4939436891335281,0.6844599129557609,0.9832632561922073,0.983864,0.9887159999999999,0.9949426666666666,0.996,0.908,0.93,0.3360232224506225,0.988,0.9306666666666666,0.945,0.988,0.9326666666666666,0.9465,0.994,0.9173333333333333,0.9365,0.9635
h3_poker_b,2,4,5,300,0.024,0.942,0.7125,0.7599645671657977,0.7464054225087166,0.8621035512487094,0.759116,0.8387866666666667,0.947256,0.956,0.7906666666666666,0.832,0.364027344145616,0.834,0.862,0.855,0.818,0.8653333333333333,0.8535,0.904,0.826,0.8455,0.853
h3_poker_b,2,4,5,100,0.0,0.7253333333333334,0.544,1.0901129972918182,0.6019771353006363,0.602995238939921,0.49899333333333334,0.751944,0.8636360000000001,0.0,0.024,0.018,4.744852614161345e-05,0.46,0.6386666666666667,0.594,0.46,0.638,0.5935,0.962,0.4026666666666667,0.5425,0.5995
h3_poker_b,2,4,10,-1,0.202,0.9953333333333333,0.797,0.38874157263240416,0.6448767668604851,0.9822907947301864,0.9860293333333334,0.989048,0.994864,0.982,0.924,0.9385,0.309477081536252,0.98,0.9426666666666667,0.952,0.98,0.946,0.9545,0.982,0.934,0.946,0.965
h3_poker_b,2,4,10,300,0.13,0.948,0.7435,0.5767461553421863,0.6710329865217208,0.8613240029017131,0.8341679999999999,0.8855666666666666,0.9604946666666666,0.984,0.786,0.8355,0.36688534655165644,0.864,0.8633333333333333,0.8635,0.86,0.8626666666666667,0.862,0.926,0.832,0.8555,0.864
h3_poker_b,2,4,10,100,0.016,0.728,0.55,0.9032557927674623,0.5665579033493996,0.6162797347307205,0.64012,0.816496,0.9111093333333333,0.0,0.024,0.018,2.805470180685587e-07,0.602,0.6573333333333333,0.6435,0.606,0.656,0.6435,0.962,0.48333333333333334,0.603,0.6515
h3_poker_b,2,4,20,-1,0.598,0.9946666666666667,0.8955,0.2315830441330086,0.69908371591568,0.9783221657077471,0.9734893333333334,0.9774386666666667,0.9968253333333333,1.0,0.9446666666666667,0.9585,0.28479844267941173,0.996,0.9626666666666667,0.971,0.994,0.9653333333333334,0.9725,0.996,0.9626666666666667,0.971,0.972
h3_poker_b,2,4,20,300,0.414,0.9306666666666666,0.8015,0.41381726983322437,0.6493000032901763,0.8523243152101835,0.8486853333333333,0.879032,0.9747599999999998,0.964,0.842,0.8725,0.3359962700341798,0.916,0.8766666666666667,0.8865,0.912,0.876,0.885,0.946,0.8513333333333334,0.875,0.885
h3_poker_b,2,4,20,100,0.414,0.708,0.6345,0.7627666210256541,0.5644374738931656,0.6413455936312675,0.6868466666666666,0.6287440000000001,0.9249946666666665,0.0,0.044,0.033,0.0001438709796131937,0.664,0.6746666666666666,0.672,0.664,0.674,0.6715,0.7,0.668,0.676,0.68
h3_poker_b,3,4,1,-1,0.192,0.9806666666666667,0.7835,0.648090449846155,0.650369122326374,0.947053776105245,0.9487186666666667,0.9669799999999998,0.988236,1.0,0.736,0.802,0.4531085343741841,0.996,0.8313333333333334,0.8725,0.996,0.8306666666666667,0.872,1.0,0.7613333333333333,0.821,0.933
h3_poker_b,3,4,1,300,0.002,0.8806666666666667,0.661,0.9176443899754799,0.6367122644782066,0.837652672290802,0.8169066666666666,0.8524693333333333,0.94988,1.0,0.4093333333333333,0.557,0.6745446257027113,0.94,0.682,0.7465,0.944,0.6753333333333333,0.7425,1.0,0.438,0.5785,0.802
h3_poker_b,3,4,1,100,0.0,0.692,0.519,1.4047265417447685,0.6803952899575233,0.6442439173658688,0.3931226666666667,0.584564,0.75634,1.0,0.0006666666666666666,0.2505,0.9150287961626514,0.772,0.428,0.514,0.754,0.44066666666666665,0.519,1.0,0.0,0.25,0.5815
h3_poker_b,3,4,2,-1,0.358,0.9813333333333333,0.8255,0.5409882956962895,0.7301523410081864,0.9480319680571556,0.903344,0.9227853333333333,0.9925493333333334,0.996,0.8653333333333333,0.898,0.35113453547140266,0.99,0.9006666666666666,0.923,0.992,0.9046666666666666,0.9265,0.994,0.8806666666666667,0.909,0.947
h3_poker_b,3,4,2,300,0.356,0.8746666666666667,0.745,0.8223756447220082,0.6655413283705711,0.8358513943950335,0.7855906666666667,0.8302053333333335,0.9611546666666666,0.954,0.7033333333333334,0.766,0.39813887239744117,0.852,0.7833333333333333,0.8005,0.858,0.7826666666666666,0.8015,0.932,0.7246666666666667,0.7765,0.814
h3_poker_b,3,4,2,100,0.048,0.686,0.5265,1.3255112811399103,0.6404675143361092,0.6417023815512657,0.49703600000000003,0.6435946666666666,0.7804266666666666,0.844,0.368,0.487,0.4862158016793342,0.546,0.5446666666666666,0.545,0.534,0.5513333333333333,0.547,0.738,0.46,0.5295,0.5875
h3_poker_b,3,4,5,-1,0.474,0.9813333333333333,0.8545,0.36505002904723705,0.743766465485096,0.9472185943325361,0.8551573333333333,0.8714319999999999,0.9985586666666667,1.0,0.872,0.904,0.35280836097518803,1.0,0.9306666666666666,0.948,1.0,0.9333333333333333,0.95,1.0,0.904,0.928,0.9695
h3_poker_b,3,4,5,300,0.43,0.868,0.7585,0.6277735002949703,0.6751905089020729,0.8260463345448176,0.7768466666666667,0.8391120000000001,0.9810013333333334,0.924,0.786,0.8205,0.3402398121075807,0.876,0.818,0.8325,0.882,0.824,0.8385,0.924,0.7933333333333333,0.826,0.841
h3_poker_b,3,4,5,100,0.154,0.7173333333333334,0.5765,0.9804425378443085,0.5684135802388192,0.6536220857898394,0.7229106666666667,0.7871226666666666,0.9025946666666667,0.86,0.4086666666666667,0.5215,0.36868224805611827,0.702,0.66,0.6705,0.668,0.6653333333333333,0.666,0.85,0.57,0.64,0.672
h3_poker_b,3,4,10,-1,0.64,0.9833333333333333,0.8975,0.2631132707578655,0.7384123392701148,0.9466549817919732,0.8607940000000001,0.8746813333333333,0.9987253333333332,0.998,0.9433333333333334,0.957,0.29463429255387397,0.992,0.956,0.965,0.992,0.9586666666666667,0.967,0.996,0.9493333333333334,0.961,0.973
h3_poker_b,3,4,10,300,0.67,0.8726666666666667,0.822,0.47931643850149613,0.7261279460787773,0.8230564604798952,0.6826466666666666,0.7263733333333333,0.9862546666666667,0.916,0.8173333333333334,0.842,0.29412887413692224,0.888,0.8333333333333334,0.847,0.892,0.838,0.8515,0.918,0.83,0.852,0.8515
h3_poker_b,3,4,10,100,0.422,0.7186666666666667,0.6445,0.8809607067293445,0.5938869026899338,0.6480390914479891,0.6154586666666667,0.6083680000000001,0.9131453333333333,0.74,0.4026666666666667,0.487,0.28679859487914844,0.712,0.668,0.679,0.698,0.6686666666666666,0.676,0.718,0.6633333333333333,0.677,0.677
h3_poker_b,3,4,20,-1,0.7,0.9793333333333333,0.9095,0.23299068541770668,0.821484867811203,0.9478285234769185,0.737576,0.7489853333333334,0.998324,0.962,0.9686666666666667,0.967,0.24175966600943144,0.962,0.9686666666666667,0.967,0.962,0.97,0.968,0.962,0.9706666666666667,0.9685,0.971
h3_poker_b,3,4,20,300,0.752,0.8726666666666667,0.8425,0.42645254545032296,0.8735377897024155,0.8402321959932645,0.3953373333333333,0.42411466666666664,0.9840000000000001,0.78,0.8473333333333334,0.8305,0.23379840581056596,0.79,0.8506666666666667,0.8355,0.792,0.852,0.837,0.788,0.8533333333333334,0.837,0.847
h3_poker_b,3,4,20,100,0.668,0.7006666666666667,0.6925,0.7798955988484411,0.7284993922114372,0.675401615301768,0.41478533333333334,0.391784,0.9394186666666666,0.76,0.464,0.538,0.2270261175083037,0.736,0.682,0.6955,0.726,0.688,0.6975,0.706,0.6933333333333334,0.6965,0.6985
h3_poker_b,4,4,1,-1,0.002,0.9733333333333334,0.7305,1.0206088192438685,0.9521749249696732,0.9465714947581291,0.6176553333333333,0.6150493333333332,0.9447519999999999,1.0,0.13466666666666666,0.351,0.8424533323246899,0.952,0.6766666666666666,0.7455,0.952,0.6753333333333333,0.7445,1.0,0.194,0.3955,0.873
h3_poker_b,4,4,1,300,0.0,0.884,0.663,1.3375156062902298,0.9551860774755478,0.8818696495095889,0.236416,0.24757733333333332,0.7482733333333333,1.0,0.0,0.25,1.0,0.714,0.5146666666666667,0.5645,0.7,0.528,0.571,1.0,0.0,0.25,0.6745
h3_poker_b,4,4,1,100,0.0,0.836,0.627,1.414142480650959,0.9351494475603104,0.8949648753205935,0.33020666666666665,0.33014933333333335,0.5199586666666667,1.0,0.0,0.25,0.9999999999990318,0.2,0.6813333333333333,0.561,0.15,0.7153333333333334,0.574,1.0,0.0,0.25,0.627
h3_poker_b,4,4,2,-1,0.056,0.972,0.743,0.8330979848929199,0.9039389880895614,0.9440310803453128,0.707208,0.7009773333333333,0.9501306666666667,1.0,0.2713333333333333,0.4535,0.7112769808047801,0.938,0.7693333333333333,0.8115,0.938,0.77,0.812,1.0,0.35133333333333333,0.5135,0.8725
h3_poker_b,4,4,2,300,0.0,0.88,0.66,1.27895109471173,0.9486729820966721,0.8830213593244552,0.2634826666666667,0.27424533333333334,0.761256,1.0,0.0,0.25,0.995680261002552,0.386,0.776,0.6785,0.366,0.7753333333333333,0.673,1.0,0.0,0.25,0.6895
h3_poker_b,4,4,2,100,0.0,0.8346666666666667,0.626,1.3107165012777218,0.9210233772993088,0.8805501338442167,0.3372113333333333,0.33138,0.568936,1.0,0.0,0.25,0.999724877188719,0.18,0.7166666666666667,0.5825,0.154,0.7393333333333333,0.593,1.0,0.0,0.25,0.631
h3_poker_b,4,4,5,-1,0.086,0.97,0.749,0.7623561633517005,0.8766248470544815,0.939724281569322,0.7227826666666668,0.715056,0.9485693333333332,0.974,0.6866666666666666,0.7585,0.4774123557030807,0.826,0.868,0.8575,0.83,0.8706666666666667,0.8605,0.966,0.7093333333333334,0.7735,0.863
h3_poker_b,4,4,5,300,0.0,0.8793333333333333,0.6595,1.1473637923128839,0.9301853995323182,0.8759680551687876,0.34086266666666665,0.3461146666666667,0.7993186666666667,0.194,0.828,0.6695,0.24173426855816527,0.266,0.8386666666666667,0.6955,0.256,0.836,0.691,0.334,0.812,0.6925,0.693
h3_poker_b,4,4,5,100,0.0,0.8346666666666667,0.626,1.1920004693395816,0.8986625533103942,0.8641886769135793,0.3912999999999999,0.37979066666666667,0.5836133333333333,0.0,0.832,0.624,0.18071428464223174,0.03,0.8193333333333334,0.622,0.026,0.826,0.626,0.088,0.7933333333333333,0.617,0.626
h3_poker_b,4,4,10,-1,0.158,0.968,0.7655,0.6134331726403882,0.8287259815335274,0.935441109418869,0.7877813333333332,0.7786546666666666,0.9632080000000001,0.904,0.8586666666666667,0.87,0.3537130233703462,0.806,0.908,0.8825,0.808,0.9066666666666666,0.882,0.898,0.862,0.871,0.882
h3_poker_b,4,4,10,300,0.0,0.888,0.666,0.903415531341528,0.8788978934288025,0.8668420787453651,0.5417253333333334,0.5266933333333333,0.9037626666666667,0.228,0.848,0.693,0.19159671208216414,0.422,0.8686666666666667,0.757,0.404,0.8606666666666667,0.7465,0.364,0.864,0.739,0.771
h3_poker_b,4,4,10,100,0.0,0.8346666666666667,0.626,1.0303618481390648,0.8294341251850128,0.8188670136332512,0.5428613333333333,0.46840133333333334,0.7051773333333333,0.396,0.6653333333333333,0.598,0.37276165634737607,0.052,0.8126666666666666,0.6225,0.024,0.8273333333333334,0.6265,0.498,0.6373333333333333,0.6025,0.635
h3_poker_b,4,4,20,-1,0.382,0.968,0.8215,0.4061208496002834,0.7794573936462402,0.9305631030201912,0.8386866666666666,0.8251586666666667,0.976804,0.93,0.8786666666666667,0.8915,0.3409950539996489,0.884,0.908,0.902,0.884,0.9066666666666666,0.901,0.926,0.8773333333333333,0.8895,0.906
h3_poker_b,4,4,20,300,0.078,0.8826666666666667,0.6815,0.715843972945611,0.7716947259306908,0.8519262964924177,0.7127973333333334,0.6756453333333334,0.9175386666666667,0.428,0.8453333333333334,0.741,0.21008259478250202,0.548,0.844,0.77,0.538,0.846,0.769,0.522,0.848,0.7665,0.7805
h3_poker_b,4,4,20,100,0.022,0.832,0.6295,0.8968848223436637,0.7086054172515869,0.7649790885647137,0.6855646666666667,0.5978493333333333,0.7737719999999999,0.228,0.7793333333333333,0.6415,0.2667566359289147,0.234,0.786,0.648,0.188,0.802,0.6485,0.366,0.7706666666666667,0.6695,0.666
rbf_s10,0,4,1,-1,0.098,0.9293333333333333,0.7215,1.3312373702594802,0.6359592344164848,0.9024755800763766,0.8712706666666666,0.8744159999999999,0.9067653333333334,1.0,0.5793333333333334,0.6845,0.4845966061349126,0.982,0.7333333333333333,0.7955,0.982,0.7366666666666667,0.798,1.0,0.586,0.6895,0.8285
rbf_s10,0,4,1,300,0.092,0.904,0.701,1.1999555026729523,0.6333722523450851,0.8549175187150637,0.8127040000000001,0.83246,0.9119426666666667,0.982,0.6453333333333333,0.7295,0.3895573921311898,0.896,0.7826666666666666,0.811,0.896,0.778,0.8075,0.978,0.6413333333333333,0.7255,0.8245
rbf_s10,0,4,1,100,0.098,0.796,0.6215,1.1194256389185007,0.5703589509725571,0.7528050121068954,0.7260959999999999,0.7579906666666667,0.8755093333333334,1.0,0.3606666666666667,0.5205,0.6160196902951938,0.922,0.604,0.6835,0.91,0.598,0.676,1.0,0.354,0.5155,0.7
rbf_s10,0,4,2,-1,0.228,0.928,0.753,1.092231589626293,0.6286586269140243,0.9000203989744187,0.8731340000000001,0.8720426666666666,0.8898786666666666,0.992,0.6453333333333333,0.732,0.4342062621592809,0.952,0.752,0.802,0.94,0.7486666666666667,0.7965,0.994,0.648,0.7345,0.8145
rbf_s10,0,4,2,300,0.23,0.9013333333333333,0.7335,1.0552513905702816,0.6382448358535766,0.8534428631265958,0.7985666666666668,0.8123079999999999,0.870248,0.632,0.7946666666666666,0.754,0.24539364359935148,0.65,0.802,0.764,0.656,0.7986666666666666,0.763,0.65,0.8013333333333333,0.7635,0.766
rbf_s10,0,4,2,100,0.236,0.7913333333333333,0.6525,0.9909553686279053,0.6063126891851425,0.7480763392647107,0.6910853333333333,0.7237413333333333,0.88046,0.742,0.6746666666666666,0.6915,0.28874322843895817,0.678,0.712,0.7035,0.668,0.702,0.6935,0.728,0.6906666666666667,0.7,0.701
rbf_s10,0,4,5,-1,0.246,0.928,0.7575,0.8591519308589609,0.6230659888982772,0.8991227245926857,0.8588893333333334,0.8651093333333333,0.9325013333333334,0.988,0.6933333333333334,0.767,0.39955565047321573,0.938,0.8,0.8345,0.93,0.8006666666666666,0.833,0.99,0.6933333333333334,0.7675,0.8475
rbf_s10,0,4,5,300,0.262,0.9073333333333333,0.746,0.8249449045167798,0.6415504313707352,0.8538817960421244,0.7814,0.7961266666666666,0.9034426666666667,0.706,0.82,0.7915,0.26407582247039396,0.686,0.8306666666666667,0.7945,0.694,0.828,0.7945,0.73,0.8106666666666666,0.7905,0.794
rbf_s10,0,4,5,100,0.276,0.802,0.6705,0.8711382288400782,0.5914411388039589,0.7344650109608968,0.6873853333333333,0.705516,0.8581520000000001,0.612,0.7113333333333334,0.6865,0.26399498089275564,0.59,0.732,0.6965,0.596,0.7326666666666667,0.6985,0.618,0.724,0.6975,0.698
rbf_s10,0,4,10,-1,0.352,0.9306666666666666,0.786,0.6363299984083988,0.6126747355461121,0.8990304869413376,0.8625760000000001,0.8719893333333334,0.9659026666666667,0.97,0.776,0.8245,0.35766859036464493,0.932,0.84,0.863,0.934,0.8426666666666667,0.8655,0.97,0.7793333333333333,0.827,0.88
rbf_s10,0,4,10,300,0.388,0.9046666666666666,0.7755,0.577497428370296,0.6273388038873673,0.8470989393790563,0.773236,0.789396,0.9528693333333333,0.926,0.7906666666666666,0.8245,0.31351631010320347,0.874,0.8266666666666667,0.8385,0.874,0.8233333333333334,0.836,0.93,0.788,0.8235,0.8465
rbf_s10,0,4,10,100,0.504,0.8213333333333334,0.742,0.6436446824082792,0.5846128447055816,0.7364238609870275,0.6924733333333333,0.7029546666666667,0.941516,0.876,0.718,0.7575,0.312032598895007,0.836,0.764,0.782,0.826,0.758,0.775,0.87,0.7233333333333334,0.76,0.783
rbf_s10,0,4,20,-1,0.46,0.928,0.811,0.536193776693593,0.66128229367733,0.8968942556579907,0.8033153333333333,0.813588,0.975388,0.924,0.876,0.888,0.26801303877884775,0.906,0.8826666666666667,0.8885,0.9,0.8873333333333333,0.8905,0.916,0.8806666666666667,0.8895,0.89
rbf_s10,0,4,20,300,0.514,0.9006666666666666,0.804,0.4915799953641807,0.6753545532822609,0.8512122731606165,0.7177853333333333,0.7320880000000001,0.9661893333333332,0.808,0.8686666666666667,0.8535,0.23454267911144677,0.83,0.8646666666666667,0.856,0.834,0.8666666666666667,0.8585,0.822,0.8686666666666667,0.857,0.8585
rbf_s10,0,4,20,100,0.678,0.7973333333333333,0.7675,0.5667890666817561,0.6776905804872513,0.7467446372509002,0.5873980000000001,0.596568,0.9520426666666668,0.764,0.752,0.755,0.22966636638545,0.798,0.7866666666666666,0.7895,0.796,0.7726666666666666,0.7785,0.782,0.7793333333333333,0.78,0.778
rbf_s10,1,4,1,-1,0.058,0.9246666666666666,0.708,1.519738027049226,0.6998407819271087,0.9093651518623034,0.8465906666666667,0.8462866666666666,0.7888573333333334,0.908,0.642,0.7085,0.4120553288565152,0.654,0.7313333333333333,0.712,0.658,0.7286666666666667,0.711,0.926,0.6326666666666667,0.706,0.7255
rbf_s10,1,4,1,300,0.058,0.9066666666666666,0.6945,1.4316354775326274,0.7216378334164619,0.8738592756787936,0.7754933333333334,0.7739119999999999,0.7574866666666666,0.378,0.7873333333333333,0.685,0.23688251704559163,0.388,0.79,0.6895,0.386,0.7906666666666666,0.6895,0.374,0.7993333333333333,0.693,0.704
rbf_s10,1,4,1,100,0.068,0.8453333333333334,0.651,1.3290694491732282,0.5964313714504242,0.7846527196764946,0.7488106666666666,0.7498239999999999,0.7016693333333334,0.332,0.7486666666666667,0.6445,0.22078004087687358,0.376,0.7313333333333333,0.6425,0.352,0.7313333333333333,0.6365,0.304,0.764,0.649,0.661
rbf_s10,1,4,2,-1,0.06,0.9246666666666666,0.7085,1.2824358555502662,0.6915514750480651,0.9094020606676737,0.8508746666666667,0.8529466666666666,0.8399626666666666,0.946,0.6206666666666667,0.702,0.4395507658944752,0.716,0.7333333333333333,0.729,0.706,0.7326666666666667,0.726,0.96,0.624,0.708,0.761
rbf_s10,1,4,2,300,0.06,0.9046666666666666,0.6935,1.184996471813015,0.7144528113603592,0.8722613364656766,0.7759933333333333,0.7818826666666666,0.8400033333333333,0.482,0.7933333333333333,0.7155,0.2604601539528279,0.514,0.8113333333333334,0.737,0.506,0.804,0.7295,0.544,0.7866666666666666,0.726,0.73
rbf_s10,1,4,2,100,0.08,0.8586666666666667,0.664,1.120589117422749,0.5805678833127021,0.7894364423950513,0.7701746666666667,0.7750093333333332,0.7985506666666666,0.276,0.8213333333333334,0.685,0.1623068024714579,0.414,0.7726666666666666,0.683,0.418,0.772,0.6835,0.294,0.822,0.69,0.699
rbf_s10,1,4,5,-1,0.124,0.924,0.724,1.0312932281677254,0.6945510846376419,0.9068208730816841,0.8405120000000001,0.8459226666666667,0.884412,0.8,0.7346666666666667,0.751,0.342895752132214,0.736,0.792,0.778,0.736,0.792,0.778,0.812,0.7373333333333333,0.756,0.8065
rbf_s10,1,4,5,300,0.126,0.898,0.705,0.9573410501573298,0.7281256753206253,0.8694519024292628,0.7494066666666666,0.7594493333333333,0.8792066666666667,0.37,0.8626666666666667,0.7395,0.18583632275908935,0.46,0.842,0.7465,0.47,0.8453333333333334,0.7515,0.376,0.864,0.742,0.759
rbf_s10,1,4,5,100,0.172,0.84,0.673,0.9552529073459326,0.6178133199214936,0.7772604836026827,0.7074473333333333,0.7234106666666665,0.79842,0.258,0.8206666666666667,0.68,0.13734104026267294,0.386,0.78,0.6815,0.38,0.7786666666666666,0.679,0.264,0.818,0.6795,0.688
rbf_s10,1,4,10,-1,0.25,0.926,0.757,0.8549690759469748,0.683132181942463,0.9055500257412593,0.837832,0.8390626666666667,0.9057173333333335,0.652,0.8586666666666667,0.807,0.2509478483991136,0.624,0.8626666666666667,0.803,0.612,0.864,0.801,0.612,0.8653333333333333,0.802,0.8195
rbf_s10,1,4,10,300,0.256,0.902,0.7405,0.7887234103400392,0.7336434590220451,0.8631910407741864,0.7126373333333333,0.719096,0.8764053333333334,0.516,0.8686666666666667,0.7805,0.192665667871858,0.584,0.85,0.7835,0.592,0.8473333333333334,0.7835,0.538,0.8646666666666667,0.783,0.7855
rbf_s10,1,4,10,100,0.314,0.84,0.7085,0.7970429715646531,0.617688743531704,0.7574020094275474,0.6678773333333333,0.6690946666666666,0.820612,0.428,0.8106666666666666,0.715,0.17702110964706239,0.526,0.78,0.7165,0.53,0.78,0.7175,0.456,0.8213333333333334,0.73,0.73
rbf_s10,1,4,20,-1,0.576,0.9233333333333333,0.8365,0.5036000603058288,0.7785165061354637,0.9016621565818786,0.7232726666666667,0.7271213333333334,0.954936,0.838,0.8653333333333333,0.8585,0.2822012236151864,0.826,0.8766666666666667,0.864,0.828,0.878,0.8655,0.838,0.8706666666666667,0.8625,0.8755
rbf_s10,1,4,20,300,0.614,0.892,0.8225,0.49405353551718667,0.7781852585077286,0.8505434392690658,0.6060573333333334,0.6068226666666666,0.9392946666666666,0.846,0.836,0.8385,0.28514953461573517,0.832,0.8466666666666667,0.843,0.832,0.846,0.8425,0.85,0.8326666666666667,0.837,0.847
rbf_s10,1,4,20,100,0.788,0.82,0.812,0.5403320481836892,0.7663389086127281,0.7515798295934994,0.473298,0.4799386666666666,0.9320026666666666,0.848,0.7666666666666667,0.787,0.28510071075999444,0.828,0.79,0.7995,0.832,0.7926666666666666,0.8025,0.848,0.782,0.7985,0.812
rbf_s10,2,4,1,-1,0.086,0.9226666666666666,0.7135,1.4304325391503492,0.667959750533104,0.912253765543302,0.8725066666666665,0.881,0.8343306666666668,0.692,0.7346666666666667,0.724,0.3290891284742862,0.55,0.7806666666666666,0.723,0.556,0.78,0.724,0.762,0.7453333333333333,0.7495,0.7535
rbf_s10,2,4,1,300,0.048,0.916,0.699,1.2854204289695028,0.6472877684831619,0.8854570799469947,0.8485546666666667,0.8605813333333334,0.8065373333333333,0.72,0.6813333333333333,0.691,0.351631339034138,0.592,0.7753333333333333,0.7295,0.588,0.7713333333333333,0.7255,0.724,0.7086666666666667,0.7125,0.734
rbf_s10,2,4,1,100,0.042,0.7793333333333333,0.595,1.1798644151268536,0.5741198757886886,0.7820350474317869,0.771172,0.7962386666666667,0.8350080000000001,0.998,0.37866666666666665,0.5335,0.5938778722386587,0.796,0.654,0.6895,0.774,0.6426666666666667,0.6755,0.996,0.3973333333333333,0.547,0.6845
rbf_s10,2,4,2,-1,0.15,0.9286666666666666,0.734,1.2218430314085427,0.6559488417506218,0.9117354548374812,0.8787693333333333,0.8850866666666667,0.8456719999999999,0.768,0.7473333333333333,0.7525,0.3277495734341802,0.57,0.7993333333333333,0.742,0.568,0.798,0.7405,0.732,0.76,0.753,0.768
rbf_s10,2,4,2,300,0.126,0.9133333333333333,0.7165,1.0994785497969701,0.6558510959148407,0.8835611068805059,0.8398106666666666,0.8548453333333335,0.8309253333333333,0.66,0.7833333333333333,0.7525,0.2856860384998532,0.592,0.81,0.7555,0.6,0.8046666666666666,0.7535,0.646,0.7886666666666666,0.753,0.7555
rbf_s10,2,4,2,100,0.162,0.78,0.6255,1.013751126753597,0.5819273535013199,0.786345431804657,0.7744013333333333,0.8023133333333333,0.859196,0.878,0.6206666666666667,0.685,0.3652004184385999,0.64,0.706,0.6895,0.654,0.6886666666666666,0.68,0.878,0.6173333333333333,0.6825,0.6975
rbf_s10,2,4,5,-1,0.18,0.926,0.7395,0.9549528212028938,0.6553299596309662,0.9091959608594576,0.8755506666666667,0.8821866666666666,0.8872906666666667,0.89,0.7046666666666667,0.751,0.3851007111198147,0.8,0.7906666666666666,0.793,0.796,0.7906666666666666,0.792,0.908,0.7113333333333334,0.7605,0.7955
rbf_s10,2,4,5,300,0.194,0.9146666666666666,0.7345,0.8812242719084834,0.6847223496437073,0.8849516661564509,0.8209,0.834092,0.8694413333333333,0.624,0.838,0.7845,0.25278928697673025,0.622,0.8353333333333334,0.782,0.624,0.84,0.786,0.624,0.8373333333333334,0.784,0.786
rbf_s10,2,4,5,100,0.206,0.79,0.644,0.8644785888628962,0.590424582540989,0.774286884089311,0.7416426666666666,0.7597173333333334,0.873216,0.764,0.6786666666666666,0.7,0.3067806916273828,0.616,0.7253333333333334,0.698,0.698,0.738,0.728,0.776,0.7026666666666667,0.721,0.7305
rbf_s10,2,4,10,-1,0.322,0.9293333333333333,0.7775,0.7214351105757946,0.6841259632706642,0.9049576106667518,0.8424933333333333,0.8516079999999999,0.9333813333333333,0.848,0.7873333333333333,0.8025,0.3356306308613839,0.762,0.83,0.813,0.762,0.8326666666666667,0.815,0.854,0.7873333333333333,0.804,0.837
rbf_s10,2,4,10,300,0.368,0.916,0.779,0.599204355382958,0.6798862282037735,0.873350065211455,0.7811980000000001,0.7902533333333334,0.9361106666666666,0.85,0.8033333333333333,0.815,0.31081765039250375,0.774,0.838,0.822,0.782,0.838,0.824,0.858,0.8053333333333333,0.8185,0.8285
rbf_s10,2,4,10,100,0.408,0.786,0.6915,0.7210975825625769,0.6382792121171952,0.76134314930439,0.6670946666666666,0.6719386666666667,0.8904080000000001,0.736,0.69,0.7015,0.30907185610065613,0.66,0.7313333333333333,0.7135,0.664,0.7233333333333334,0.7085,0.75,0.698,0.711,0.7135
rbf_s10,2,4,20,-1,0.47,0.9273333333333333,0.813,0.5293822352992374,0.7003562806844711,0.9000633622209231,0.8102126666666667,0.8166319999999999,0.966528,0.83,0.846,0.842,0.3006595512447548,0.818,0.8693333333333333,0.8565,0.81,0.8686666666666667,0.854,0.834,0.8466666666666667,0.8435,0.8595
rbf_s10,2,4,20,300,0.58,0.91,0.8275,0.42760335431618784,0.6890323222875595,0.8673753633499145,0.74912,0.7509493333333332,0.9796186666666667,0.916,0.8493333333333334,0.866,0.28867988674407885,0.88,0.8626666666666667,0.867,0.882,0.862,0.867,0.908,0.8493333333333334,0.864,0.87
rbf_s10,2,4,20,100,0.616,0.76,0.724,0.6227544584506152,0.6429230623245239,0.7198056056698163,0.6037946666666667,0.6028773333333334,0.9351773333333333,0.85,0.706,0.742,0.30183000165656565,0.778,0.7433333333333333,0.752,0.798,0.734,0.75,0.856,0.7073333333333334,0.7445,0.7515
rbf_s10,3,4,1,-1,0.03,0.9286666666666666,0.704,1.3376172271769047,0.6665409634709358,0.9200474695364634,0.8894693333333333,0.8978506666666667,0.8622773333333332,1.0,0.534,0.6505,0.5582732795523992,0.952,0.6853333333333333,0.752,0.944,0.682,0.7475,1.0,0.5373333333333333,0.653,0.775
rbf_s10,3,4,1,300,0.04,0.9026666666666666,0.687,1.346646130650243,0.6804933736920357,0.8896606269876163,0.8384426666666667,0.8415426666666667,0.7479933333333334,0.948,0.5053333333333333,0.616,0.4962683740740495,0.46,0.7333333333333333,0.665,0.456,0.7373333333333333,0.667,0.98,0.5106666666666667,0.628,0.702
rbf_s10,3,4,1,100,0.044,0.8886666666666667,0.6775,1.164525476066881,0.5947346124649048,0.8095155282815297,0.7934293333333333,0.8011239999999998,0.7907866666666666,1.0,0.41533333333333333,0.5615,0.5550512270159038,0.64,0.7026666666666667,0.687,0.676,0.6953333333333334,0.6905,1.0,0.4146666666666667,0.561,0.701
rbf_s10,3,4,2,-1,0.03,0.9286666666666666,0.704,1.1458631360748954,0.65146433532238,0.9187102660139401,0.8938373333333333,0.903532,0.9016519999999999,0.986,0.5986666666666667,0.6955,0.4963657177926183,0.894,0.7246666666666667,0.767,0.89,0.722,0.764,0.99,0.594,0.693,0.822
rbf_s10,3,4,2,300,0.056,0.904,0.692,1.0805573931745596,0.6454179394841194,0.8870330148339272,0.8567313333333333,0.8650053333333334,0.8654826666666667,0.91,0.6253333333333333,0.6965,0.43075595242813697,0.756,0.7833333333333333,0.7765,0.756,0.776,0.771,0.912,0.6273333333333333,0.6985,0.771
rbf_s10,3,4,2,100,0.048,0.8806666666666667,0.6725,0.98730476552242,0.5659919763803483,0.8058414260347684,0.8132933333333334,0.835808,0.86434,0.878,0.6026666666666667,0.6715,0.3937013554924162,0.716,0.7486666666666667,0.7405,0.736,0.7406666666666667,0.7395,0.88,0.5886666666666667,0.6615,0.749
rbf_s10,3,4,5,-1,0.1,0.928,0.721,0.933539387524765,0.6204897525310517,0.9153754977583886,0.9034746666666668,0.9151106666666666,0.9429373333333334,0.986,0.6833333333333333,0.759,0.41484607362774906,0.928,0.7953333333333333,0.8285,0.92,0.7946666666666666,0.826,0.988,0.6873333333333334,0.7625,0.8555
rbf_s10,3,4,5,300,0.108,0.9046666666666666,0.7055,0.8157790790169311,0.6257665851712226,0.8829915462334951,0.8605893333333332,0.8765253333333334,0.9391706666666668,0.894,0.7986666666666666,0.8225,0.2990218609526541,0.844,0.8353333333333334,0.8375,0.838,0.8353333333333334,0.836,0.898,0.7993333333333333,0.824,0.837
rbf_s10,3,4,5,100,0.156,0.884,0.702,0.7443478367574375,0.5245536159873009,0.792038997888565,0.8290973333333334,0.8536079999999999,0.9284226666666666,0.844,0.7426666666666667,0.768,0.2896987125266126,0.794,0.7946666666666666,0.7945,0.806,0.7913333333333333,0.795,0.874,0.7146666666666667,0.7545,0.811
rbf_s10,3,4,10,-1,0.262,0.926,0.76,0.6919135825068385,0.6202967715263367,0.9136255579392115,0.8952946666666666,0.9062173333333333,0.9529546666666667,0.94,0.7646666666666667,0.8085,0.35959422786121087,0.906,0.8266666666666667,0.8465,0.908,0.8233333333333334,0.8445,0.952,0.7646666666666667,0.8115,0.856
rbf_s10,3,4,10,300,0.312,0.9073333333333333,0.7585,0.5987238135344195,0.6274945155382157,0.8786891140937805,0.8385653333333334,0.8429426666666666,0.9543533333333334,0.88,0.8266666666666667,0.84,0.2799531253529128,0.858,0.8453333333333334,0.8485,0.856,0.8426666666666667,0.846,0.876,0.828,0.84,0.85
rbf_s10,3,4,10,100,0.416,0.8873333333333333,0.7695,0.6054353353645572,0.5538777661323547,0.7836281957626343,0.7814373333333334,0.7754013333333334,0.9400679999999999,0.782,0.85,0.833,0.23136101332476144,0.818,0.8346666666666667,0.8305,0.816,0.838,0.8325,0.812,0.8386666666666667,0.832,0.8335
rbf_s10,3,4,20,-1,0.476,0.9293333333333333,0.816,0.48947556451697927,0.6212990938425064,0.9087460994124412,0.8744946666666666,0.882832,0.9759866666666666,0.95,0.8233333333333334,0.855,0.3324172804443557,0.92,0.8633333333333333,0.8775,0.926,0.862,0.878,0.952,0.8213333333333334,0.854,0.891
rbf_s10,3,4,20,300,0.634,0.9066666666666666,0.8385,0.4158905298303653,0.6727360038757324,0.8748723809917768,0.773922,0.7704706666666666,0.9760506666666667,0.926,0.8593333333333333,0.876,0.28720063324600326,0.906,0.87,0.879,0.904,0.868,0.877,0.928,0.8566666666666667,0.8745,0.8775
rbf_s10,3,4,20,100,0.778,0.8766666666666667,0.852,0.4742953329138239,0.6620620647668839,0.7789013366500537,0.6619039999999999,0.6583706666666668,0.9706213333333332,0.822,0.8653333333333333,0.8545,0.2321740626293602,0.842,0.864,0.8585,0.838,0.864,0.8575,0.834,0.8686666666666667,0.86,0.8585
rbf_s10,4,4,1,-1,0.0,0.928,0.696,1.4418572434040435,0.6476090608239173,0.9082433033982913,0.871772,0.8739146666666667,0.8637279999999999,0.86,0.62,0.68,0.45894500589100234,0.812,0.7353333333333333,0.7545,0.816,0.738,0.7575,0.862,0.6213333333333333,0.6815,0.7995
rbf_s10,4,4,1,300,0.0,0.8953333333333333,0.6715,1.2093934101109445,0.6399918020963669,0.8759453934232394,0.8408013333333332,0.8518413333333332,0.8862626666666666,1.0,0.49533333333333335,0.6215,0.5365116020463478,0.82,0.714,0.7405,0.84,0.7053333333333334,0.739,1.0,0.5046666666666667,0.6285,0.7695
rbf_s10,4,4,1,100,0.016,0.846,0.6385,1.1746473418447159,0.6126613383293151,0.8155565269986789,0.7765706666666667,0.7819733333333334,0.8340266666666667,0.922,0.5853333333333334,0.6695,0.3996340626543863,0.62,0.7126666666666667,0.6895,0.752,0.6966666666666667,0.7105,0.966,0.5486666666666666,0.653,0.71
rbf_s10,4,4,2,-1,0.052,0.9286666666666666,0.7095,1.2134160936066412,0.6263332255482673,0.9077178672154744,0.8821306666666666,0.8872333333333332,0.8808506666666667,0.846,0.672,0.7155,0.4177506606700001,0.788,0.758,0.7655,0.788,0.758,0.7655,0.858,0.6706666666666666,0.7175,0.811
rbf_s10,4,4,2,300,0.062,0.9026666666666666,0.6925,0.9865851230587919,0.6325035157203674,0.8725239033897718,0.8438026666666667,0.8612400000000001,0.9103293333333333,1.0,0.5346666666666666,0.651,0.5008783017321257,0.928,0.7193333333333334,0.7715,0.932,0.7166666666666667,0.7705,1.0,0.534,0.6505,0.787
rbf_s10,4,4,2,100,0.096,0.848,0.66,0.9908863884526441,0.6260126429200172,0.8174443518916766,0.7674520000000002,0.77764,0.8560560000000002,0.732,0.6493333333333333,0.67,0.35154275547763825,0.584,0.7306666666666667,0.694,0.734,0.7173333333333334,0.7215,0.932,0.6193333333333333,0.6975,0.722
rbf_s10,4,4,5,-1,0.094,0.9313333333333333,0.722,1.160302479102176,0.653068502008915,0.9045307754675548,0.856996,0.8609653333333332,0.834652,0.7,0.7793333333333333,0.7595,0.279720767548516,0.688,0.8073333333333333,0.7775,0.688,0.8086666666666666,0.7785,0.694,0.7946666666666666,0.7695,0.79
rbf_s10,4,4,5,300,0.112,0.8933333333333333,0.698,0.9902737255729326,0.6597719005346299,0.8732943081855774,0.8126773333333333,0.8292186666666667,0.8571666666666666,0.536,0.8373333333333334,0.762,0.19798990846461137,0.63,0.8166666666666667,0.77,0.634,0.8233333333333334,0.776,0.528,0.8573333333333333,0.775,0.779
rbf_s10,4,4,5,100,0.168,0.8493333333333334,0.679,0.8680832856105416,0.6251419169902801,0.808619027376175,0.744746,0.75318,0.83278,0.52,0.7906666666666666,0.723,0.20183896150271993,0.568,0.7766666666666666,0.7245,0.58,0.7786666666666666,0.729,0.542,0.7953333333333333,0.732,0.7315
rbf_s10,4,4,10,-1,0.23,0.9266666666666666,0.7525,0.7873701905332159,0.6456930661797523,0.9012362427314122,0.8464173333333334,0.8541546666666666,0.9358746666666666,0.864,0.8326666666666667,0.8405,0.2841522005370131,0.844,0.85,0.8485,0.844,0.8466666666666667,0.846,0.862,0.832,0.8395,0.8545
rbf_s10,4,4,10,300,0.248,0.902,0.7385,0.7180507161020425,0.6447046760320664,0.8661889600555102,0.782872,0.796564,0.9328786666666667,0.554,0.868,0.7895,0.20140473729814543,0.648,0.8573333333333333,0.805,0.664,0.8586666666666667,0.81,0.568,0.8753333333333333,0.7985,0.8205
rbf_s10,4,4,10,100,0.354,0.8433333333333334,0.721,0.687490333943334,0.6365780649185181,0.7978811690409978,0.68088,0.6870826666666665,0.9031853333333333,0.6,0.8026666666666666,0.752,0.20025628497258585,0.682,0.7926666666666666,0.765,0.668,0.8006666666666666,0.7675,0.572,0.8166666666666667,0.7555,0.7675
rbf_s10,4,4,20,-1,0.408,0.9253333333333333,0.796,0.5979980425907241,0.689940172970295,0.9014042061169942,0.7915380000000001,0.7981093333333333,0.9521133333333334,0.816,0.8786666666666667,0.863,0.24329666833767452,0.824,0.876,0.863,0.818,0.878,0.863,0.818,0.8786666666666667,0.8635,0.8655
rbf_s10,4,4,20,300,0.5,0.9073333333333333,0.8055,0.49957788483933196,0.6873262288570404,0.8564272890488307,0.705892,0.7119986666666667,0.9625133333333332,0.792,0.868,0.849,0.24451949225011674,0.794,0.8666666666666667,0.8485,0.79,0.8686666666666667,0.849,0.778,0.87,0.847,0.8525
rbf_s10,4,4,20,100,0.666,0.8253333333333334,0.7855,0.5292507858438564,0.7167795213460922,0.7931898010969162,0.5680186666666667,0.5691093333333332,0.9462240000000001,0.736,0.8133333333333334,0.794,0.23952086533442524,0.744,0.81,0.7935,0.766,0.8026666666666666,0.7935,0.762,0.8053333333333333,0.7945,0.7945
