seed,stream,source,c,policy,period,n_c_mean,acc,roc_auc,weighted_f1,macro_f1,f1_c,recall_c,acc_old,logloss,ece,brier,ent_c,ent_old
0,covertype__c0,covertype,0,fifo,window,52.8,0.736,0.9489942254335565,0.7492167881042582,0.7167085416378393,0.432,0.48214285714285715,0.7680180180180181,0.6893331810448416,0.050125855455337036,0.3685809061972889,0.6928688421284744,0.5340722005181747
0,covertype__c0,covertype,0,fifo,late,34.766666666666666,0.693,0.9334027479274992,0.7003939177314369,0.6328075852323156,0.24615384615384617,0.22018348623853212,0.710826703562781,0.8733006791509561,0.07373284551084583,0.4325361468587471,0.7839954001782626,0.5807226331004549
0,covertype__c0,covertype,0,fifo,all,32.14857142857143,0.8081142857142857,0.9662902608828788,0.8065170654654013,0.7661484949134346,0.517814726840855,0.545,0.8174556213017752,0.6261055085877191,0.0605298303970878,0.28204684236996513,0.5304635099110392,0.33194660155402667
0,covertype__c0,covertype,0,ltm,window,52.8,0.736,0.9489942254335565,0.7492167881042582,0.7167085416378393,0.432,0.48214285714285715,0.7680180180180181,0.6893331810448416,0.050125855455337036,0.3685809061972889,0.6928688421284744,0.5340722005181747
0,covertype__c0,covertype,0,ltm,late,34.766666666666666,0.693,0.9334027479274992,0.7003939177314369,0.6328075852323156,0.24615384615384617,0.22018348623853212,0.710826703562781,0.8733006791509561,0.07373284551084583,0.4325361468587471,0.7839954001782626,0.5807226331004549
0,covertype__c0,covertype,0,ltm,all,32.14857142857143,0.8081142857142857,0.9662902608828788,0.8065170654654013,0.7661484949134346,0.517814726840855,0.545,0.8174556213017752,0.6261055085877191,0.0605298303970878,0.28204684236996513,0.5304635099110392,0.33194660155402667
0,covertype__c0,covertype,0,em,window,52.8,0.576,0.8684744276198009,0.6051924816560452,0.6049914944195434,0.42643923240938164,0.8928571428571429,0.536036036036036,2.7209630486084238,0.262030270827489,0.6850363015999917,0.40524001279512323,0.4051211286962209
0,covertype__c0,covertype,0,em,late,34.766666666666666,0.5886666666666667,0.8520720998002554,0.6089396429597679,0.55518857247111,0.3277310924369748,0.7155963302752294,0.5838810100311311,2.453386819798144,0.24786478032416417,0.6555219003011571,0.3561226814583729,0.4085193738764803
0,covertype__c0,covertype,0,em,all,32.14857142857143,0.7643428571428571,0.9262136698020411,0.7691317847406473,0.7231748449230242,0.4505723204994797,0.7216666666666667,0.7658579881656805,1.3485500819851113,0.13801957607565646,0.37479993947412316,0.3083491365290241,0.2411004308584558
0,covertype__c0,covertype,0,rp,window,52.8,0.713,0.9436742275698559,0.7347813508451682,0.7013292414562521,0.453416149068323,0.6517857142857143,0.7207207207207207,0.8048123004753603,0.08979643347500546,0.4192143547357314,0.5960001029263479,0.5315867355567966
0,covertype__c0,covertype,0,rp,late,34.766666666666666,0.6913333333333334,0.9302761102967774,0.6979649233714502,0.6366599716526172,0.3111111111111111,0.3211009174311927,0.7052922864060879,0.9179146537864518,0.09212717561824965,0.4441587347674264,0.7841941718172023,0.5461489973873775
0,covertype__c0,covertype,0,rp,all,32.14857142857143,0.8137714285714286,0.9657432072563291,0.814106611789351,0.771819190723784,0.5113122171945701,0.565,0.822603550295858,0.6466607623783391,0.0636419934792279,0.27909796275050003,0.5073887962327585,0.30411871190211476
0,covertype__c0,covertype,0,rp5,window,52.8,0.709,0.9460801970752568,0.7298534235403867,0.7001486753019014,0.46557377049180326,0.6339285714285714,0.7184684684684685,0.7498553476022022,0.06802430236857282,0.39972164951479033,0.6518989358793037,0.5525299175392344
0,covertype__c0,covertype,0,rp5,late,34.766666666666666,0.6886666666666666,0.9307307779538194,0.6974760466613429,0.6317127105943413,0.2647058823529412,0.24770642201834864,0.7052922864060879,0.8993343685429944,0.08668585638645662,0.4423386896747796,0.7791030463117942,0.5717811331575219
0,covertype__c0,covertype,0,rp5,all,32.14857142857143,0.8075428571428571,0.9658588762847418,0.8067010999774721,0.7670924399833193,0.5261514441842311,0.5616666666666666,0.8162721893491124,0.6362754537888888,0.06493681956793843,0.28216128028854354,0.5203895220462288,0.3223795084926565
0,covertype__c0,covertype,0,oracle,window,52.8,0.714,0.9514801932384017,0.7344038448333277,0.7119331447216538,0.48484848484848486,0.7142857142857143,0.713963963963964,0.6998045636449886,0.07754472197993986,0.3817742940140605,0.6056793245830082,0.4946158359995084
0,covertype__c0,covertype,0,oracle,late,34.766666666666666,0.7276666666666667,0.9457129394992839,0.7290433830583111,0.6818060789286403,0.45217391304347826,0.47706422018348627,0.7371151850570736,0.7838052054091468,0.07219288409703178,0.39147938512144387,0.7865726401558509,0.4974816535616457
0,covertype__c0,covertype,0,oracle,all,32.14857142857143,0.8291428571428572,0.9721795473904435,0.8295584481908141,0.7916900679211519,0.5632958801498127,0.6266666666666667,0.8363313609467455,0.5719114322992263,0.05796415496542226,0.2552552939980703,0.4870557927820237,0.28006663261524767
0,covertype__c1,covertype,1,fifo,window,9.7,0.801,0.954059951996269,0.8017352442541599,0.7006160045967413,0.17391304347826086,0.19047619047619047,0.8140960163432074,0.5257376319674952,0.042862722346839056,0.2810310494787159,0.7227022921053828,0.47101614981266476
0,covertype__c1,covertype,1,fifo,late,21.4,0.738,0.9444984273168321,0.743355667009459,0.6632306528734863,0.1724137931034483,0.2127659574468085,0.7463596342702337,0.7796032635772996,0.04575458611765358,0.381948279448777,0.8959400384956607,0.5567926007952354
0,covertype__c1,covertype,1,fifo,all,28.21527777777778,0.7986111111111112,0.9659115498579859,0.8007472914823643,0.7831450039071299,0.6363636363636364,0.6841186736474695,0.8033557532364215,0.6807954411220539,0.053679545897842594,0.29847115452035083,0.35509277605369916,0.37485210345800785
0,covertype__c1,covertype,1,ltm,window,9.7,0.801,0.954059951996269,0.8017352442541599,0.7006160045967413,0.17391304347826086,0.19047619047619047,0.8140960163432074,0.5257376319674952,0.042862722346839056,0.2810310494787159,0.7227022921053828,0.47101614981266476
0,covertype__c1,covertype,1,ltm,late,21.4,0.738,0.9444984273168321,0.743355667009459,0.6632306528734863,0.1724137931034483,0.2127659574468085,0.7463596342702337,0.7796032635772996,0.04575458611765358,0.381948279448777,0.8959400384956607,0.5567926007952354
0,covertype__c1,covertype,1,ltm,all,28.21527777777778,0.7986111111111112,0.9659115498579859,0.8007472914823643,0.7831450039071299,0.6363636363636364,0.6841186736474695,0.8033557532364215,0.6807954411220539,0.053679545897842594,0.29847115452035083,0.35509277605369916,0.37485210345800785
0,covertype__c1,covertype,1,em,window,9.7,0.531,0.8538197248668552,0.5532068023587492,0.4812503414905573,0.09302325581395349,0.7619047619047619,0.526046986721144,2.9367338436434354,0.30399266665486074,0.7492837471240023,0.4150782906443216,0.39797992059504617
0,covertype__c1,covertype,1,em,late,21.4,0.5766666666666667,0.8719026521237835,0.6245615823611504,0.5485315115143472,0.08320950965824665,0.5957446808510638,0.576363020656959,2.206516522706941,0.26389004191934506,0.6633753278240284,0.46411641403188536,0.39688330873496885
0,covertype__c1,covertype,1,em,all,28.21527777777778,0.7214583333333333,0.9278859603807745,0.7408157560126067,0.705139842232085,0.38588415803605675,0.8778359511343804,0.714977941708252,1.5219930086455435,0.16608795818473285,0.4481832971819074,0.15160004928929446,0.28523865820431965
0,covertype__c1,covertype,1,rp,window,9.7,0.749,0.9523425684102792,0.7541203450334009,0.6710484185468171,0.2222222222222222,0.42857142857142855,0.7558733401430031,0.6745015865802692,0.08818974345981963,0.3628568566063875,0.6801382513728902,0.44155137488413787
0,covertype__c1,covertype,1,rp,late,21.4,0.7153333333333334,0.9389248096455333,0.7206941765072968,0.6387840822563445,0.136986301369863,0.2127659574468085,0.7233322045377583,0.8402566690396549,0.0666924546727832,0.3997280022599763,0.8596064907728489,0.5376202236061537
0,covertype__c1,covertype,1,rp,all,28.21527777777778,0.7925694444444444,0.9650168617870453,0.7954061171381812,0.7771882752603734,0.6149253731343284,0.7190226876090751,0.7956172705576047,0.7147911432882663,0.06762530562390363,0.30757553591205583,0.3374025031945367,0.3535289219892251
0,covertype__c1,covertype,1,rp5,window,9.7,0.78,0.952418581607705,0.781443562789062,0.690536380851484,0.17543859649122806,0.23809523809523808,0.7916241062308478,0.590542332898356,0.054409012997051386,0.3172874345371265,0.7357223282175918,0.47094832046161106
0,covertype__c1,covertype,1,rp5,late,21.4,0.7386666666666667,0.9433434156183637,0.7409941526190343,0.6599821791941987,0.1652892561983471,0.2127659574468085,0.7470369116153065,0.7944465695011755,0.04316451626943222,0.3827550457474836,0.8952223409880371,0.5547195893097723
0,covertype__c1,covertype,1,rp5,all,28.21527777777778,0.8002777777777778,0.9652844383268367,0.8022653676971897,0.7840256803037855,0.629746835443038,0.6945898778359512,0.8046575540608953,0.6983940434257708,0.055653857096586774,0.30163941987982096,0.3521246341293977,0.36608449081920624
0,covertype__c1,covertype,1,oracle,window,9.7,0.793,0.9642806408434468,0.7966493195224574,0.7160537809348226,0.2571428571428571,0.42857142857142855,0.8008171603677222,0.5677408495395764,0.06816044336148577,0.304708048567281,0.6423938719514151,0.3930074044419215
0,covertype__c1,covertype,1,oracle,late,21.4,0.7576666666666667,0.9526765777482892,0.7557086641854903,0.6760446209730134,0.18421052631578946,0.14893617021276595,0.7673552319674907,0.7082068559623438,0.051483815571210505,0.3450909406158475,0.8539823213634852,0.4790592403632904
0,covertype__c1,covertype,1,oracle,all,28.21527777777778,0.816875,0.971652226787944,0.8185987461802311,0.8035526287719211,0.6748278500382555,0.7696335078534031,0.8188327185940552,0.6281860740006174,0.05369623065100293,0.27362472560124274,0.2894090580816512,0.3275142203291246
0,covertype__c2,covertype,2,fifo,window,43.4,0.698,0.9363941897432909,0.7084307885748639,0.685558734657977,0.5166666666666667,0.5636363636363636,0.7058201058201058,0.7759170914479577,0.07379246507222144,0.42423643581251314,0.7248392452728909,0.598467207544039
0,covertype__c2,covertype,2,fifo,late,130.56666666666666,0.636,0.9177506198329534,0.6473137589631072,0.6362978843999848,0.5315712187958884,0.6487455197132617,0.6346931275266446,1.0959587870237204,0.10281838207831145,0.506058828385822,0.7297307903834817,0.6212892618844786
0,covertype__c2,covertype,2,fifo,all,31.9672131147541,0.7889617486338798,0.9636040515620354,0.7897730292529584,0.7629645633373606,0.5349032800672834,0.5435897435897435,0.7970646344905448,0.6676084781362563,0.06530415345730871,0.30560048221699476,0.7258515950022785,0.3534476030844238
0,covertype__c2,covertype,2,ltm,window,43.4,0.698,0.9363941897432909,0.7084307885748639,0.685558734657977,0.5166666666666667,0.5636363636363636,0.7058201058201058,0.7759170914479577,0.07379246507222144,0.42423643581251314,0.7248392452728909,0.598467207544039
0,covertype__c2,covertype,2,ltm,late,130.56666666666666,0.636,0.9177506198329534,0.6473137589631072,0.6362978843999848,0.5315712187958884,0.6487455197132617,0.6346931275266446,1.0959587870237204,0.10281838207831145,0.506058828385822,0.7297307903834817,0.6212892618844786
0,covertype__c2,covertype,2,ltm,all,31.9672131147541,0.7889617486338798,0.9636040515620354,0.7897730292529584,0.7629645633373606,0.5349032800672834,0.5435897435897435,0.7970646344905448,0.6676084781362563,0.06530415345730871,0.30560048221699476,0.7258515950022785,0.3534476030844238
0,covertype__c2,covertype,2,em,window,43.4,0.567,0.8590746572047975,0.5649813751463362,0.5571605492633073,0.5185185185185185,0.8909090909090909,0.5481481481481482,2.018325809168781,0.2520759956382723,0.661211988413908,0.3620506629404858,0.4604102825008837
0,covertype__c2,covertype,2,em,late,130.56666666666666,0.546,0.8540268796413343,0.5525968552143747,0.5455266148577557,0.5059920106524634,0.6810035842293907,0.5321572951120911,2.5429707466438427,0.3026213025659614,0.7297529829011581,0.45022274379450994,0.37729480918666
0,covertype__c2,covertype,2,em,all,31.9672131147541,0.7510382513661202,0.9329363814467841,0.7529937395112626,0.7277581603823268,0.5322793148880105,0.6905982905982906,0.7530341518487158,1.3093800162337725,0.1457913244999442,0.3948033313419801,0.4162444671335844,0.24996134841025244
0,covertype__c2,covertype,2,rp,window,43.4,0.663,0.9317235580641406,0.673281983681653,0.640259892159107,0.4936708860759494,0.7090909090909091,0.6603174603174603,0.8972216831731532,0.12032754122025505,0.47482265857787126,0.534712324561093,0.5626771871869057
0,covertype__c2,covertype,2,rp,late,130.56666666666666,0.6226666666666667,0.9125376278423276,0.6284790483633396,0.6163842550049413,0.5,0.5878136200716846,0.6262403528114664,1.1610507069035216,0.14089361448278503,0.5252271108137666,0.708533805500318,0.560216699515425
0,covertype__c2,covertype,2,rp,all,31.9672131147541,0.7877049180327869,0.9622134194700802,0.7890471284288091,0.7571341929147012,0.5039123630672926,0.5504273504273505,0.7955405023990968,0.7005068627864761,0.07698943649203857,0.3112293528497231,0.6408352426544309,0.32472802256244593
0,covertype__c2,covertype,2,rp5,window,43.4,0.697,0.9350562966893046,0.7078203184158788,0.6786054436696521,0.5072463768115942,0.6363636363636364,0.7005291005291006,0.8168061659368724,0.07556750053355395,0.43775418978382585,0.6215643777043712,0.5916858030345912
0,covertype__c2,covertype,2,rp5,late,130.56666666666666,0.6183333333333333,0.9119823324931821,0.6268386966233199,0.6157840264904667,0.49445324881141045,0.5591397849462365,0.6244027930907754,1.1374541303274963,0.12172540738172258,0.5222693110667793,0.7615576559424508,0.6084138407632831
0,covertype__c2,covertype,2,rp5,all,31.9672131147541,0.7856284153005465,0.9633450388633695,0.7858818643626787,0.7563984514651708,0.5107851596203624,0.505982905982906,0.7948631103584533,0.6786388990795716,0.07122539330669397,0.31026814029637406,0.7055438326032647,0.3428763022703821
0,covertype__c2,covertype,2,oracle,window,43.4,0.689,0.9429549336427847,0.6973046166496865,0.6761825750306906,0.5875,0.8545454545454545,0.6793650793650794,0.7877335538135845,0.09447238918864456,0.42988646454136664,0.5662922427590469,0.5457980089400774
0,covertype__c2,covertype,2,oracle,late,130.56666666666666,0.6816666666666666,0.9334843029861594,0.687230303187172,0.6771073799364796,0.5669291338582677,0.6451612903225806,0.6854097758177141,0.9710416397432092,0.0902537621275604,0.44291166226619333,0.677868938117549,0.5441581811710487
0,covertype__c2,covertype,2,oracle,all,31.9672131147541,0.8103825136612022,0.9705586794395865,0.8120136163823495,0.7897796355494308,0.5992452830188679,0.6786324786324787,0.8147332768839967,0.5968539301623865,0.05853077819506978,0.27398821871996915,0.5860025871142632,0.3121162658613218
0,covertype__c3,covertype,3,fifo,window,200.9,0.729,0.945443054126492,0.7343232596063585,0.637865621280671,0.8456221198156681,0.7978260869565217,0.6703703703703704,0.764677615935246,0.0919419183662006,0.4033223346043813,0.3141567456205784,0.6087502595830568
0,covertype__c3,covertype,3,fifo,late,0.0,0.9176666666666666,0.9695289701813331,0.9193753412209262,0.8584061047941725,0.0,,0.9176666666666666,0.2472630516827054,0.03687007052045707,0.12168185301014314,,0.15754579394608362
0,covertype__c3,covertype,3,fifo,all,29.67032967032967,0.7637362637362637,0.9604431513070291,0.7640055385597165,0.7659672942373446,0.8347996089931574,0.7907407407407407,0.7629105322763307,0.7274314609202945,0.07322158635066088,0.3388142198837788,0.34114755917869793,0.40705577620079364
0,covertype__c3,covertype,3,ltm,window,200.9,0.729,0.945443054126492,0.7343232596063585,0.637865621280671,0.8456221198156681,0.7978260869565217,0.6703703703703704,0.764677615935246,0.0919419183662006,0.4033223346043813,0.3141567456205784,0.6087502595830568
0,covertype__c3,covertype,3,ltm,late,0.0,0.9176666666666666,0.9695289701813331,0.9193753412209262,0.8584061047941725,0.0,,0.9176666666666666,0.2472630516827054,0.03687007052045707,0.12168185301014314,,0.15754579394608362
0,covertype__c3,covertype,3,ltm,all,29.67032967032967,0.7637362637362637,0.9604431513070291,0.7640055385597165,0.7659672942373446,0.8347996089931574,0.7907407407407407,0.7629105322763307,0.7274314609202945,0.07322158635066088,0.3388142198837788,0.34114755917869793,0.40705577620079364
0,covertype__c3,covertype,3,em,window,200.9,0.701,0.8500251474295668,0.6939808320421117,0.5497147255444492,0.8314606741573034,0.8043478260869565,0.6129629629629629,1.5667525643645683,0.18358567494359201,0.4958860453056239,0.20506619973706658,0.3778898259732167
0,covertype__c3,covertype,3,em,late,0.0,0.9283333333333333,0.9181531228359511,0.9269398356302745,0.8609451673392008,0.0,,0.9283333333333333,0.4169339709710719,0.043711954281804806,0.11983091192839553,,0.08388126138466423
0,covertype__c3,covertype,3,em,all,29.67032967032967,0.7310989010989011,0.9254987482930611,0.7308024624206667,0.7300314712000749,0.8003952569169961,0.75,0.7305209513023783,1.4486008969431894,0.1580897144696833,0.42763223643219644,0.2637439031371667,0.27401729122164886
0,covertype__c3,covertype,3,rp,window,200.9,0.732,0.9426737647235678,0.7294077690662866,0.6174569336579315,0.8543478260869565,0.8543478260869565,0.6277777777777778,0.7709962156937784,0.10594943479944643,0.39316587225570865,0.24385084533208423,0.55438551153495
0,covertype__c3,covertype,3,rp,late,0.0,0.8986666666666666,0.9630957268847912,0.9106584233089998,0.844238958587928,0.0,,0.8986666666666666,0.38368663512913037,0.06290731098042117,0.16508350488245788,,0.1157722306489711
0,covertype__c3,covertype,3,rp,all,29.67032967032967,0.7682417582417582,0.9590686768258461,0.769043266619632,0.7697938401677645,0.8322274881516588,0.812962962962963,0.7668742921857304,0.7621555854066503,0.08301436092979562,0.3393183137516597,0.3027293937280265,0.370027968602905
0,covertype__c3,covertype,3,rp5,window,200.9,0.727,0.9422848051257049,0.7275214450814161,0.6334102170698193,0.8456375838926175,0.8217391304347826,0.6462962962962963,0.7699325704898741,0.10457353221866325,0.40402939501631374,0.2885429515398409,0.5776640491549859
0,covertype__c3,covertype,3,rp5,late,0.0,0.9103333333333333,0.9679230087874139,0.9205357862851047,0.8610380258380163,0.0,,0.9103333333333333,0.25883852272704294,0.03336013245392208,0.12442093595588839,,0.1486274838957903
0,covertype__c3,covertype,3,rp5,all,29.67032967032967,0.7637912087912088,0.9602352526244962,0.7642090183214032,0.765878769508042,0.8352490421455939,0.8074074074074075,0.7624575311438279,0.7380259052597878,0.07622511290258334,0.33970862549137754,0.33362779258440173,0.39438079618850447
0,covertype__c3,covertype,3,oracle,window,200.9,0.767,0.9544560233968837,0.7653982573030058,0.7099773746743125,0.8643326039387309,0.8586956521739131,0.6888888888888889,0.6560358776769499,0.09762000457385323,0.3566566387154667,0.24228914084548867,0.5330991168956642
0,covertype__c3,covertype,3,oracle,late,0.0,0.9343333333333333,0.9754711647580593,0.9328864359035355,0.8751925902113983,0.0,,0.9343333333333333,0.20976901041010598,0.0292734709069686,0.10323625972013024,,0.10587133798963451
0,covertype__c3,covertype,3,oracle,all,29.67032967032967,0.7937912087912088,0.9682929530444991,0.7944212056755048,0.7946511017122215,0.8413001912045889,0.8148148148148148,0.7931483578708947,0.6446223373176364,0.06364909539768766,0.2984324707649592,0.30487976265439576,0.3503844539096883
0,covertype__c4,covertype,4,fifo,window,72.8,0.747,0.9489015310555393,0.7513323924653761,0.7523046317483031,0.7475728155339806,0.6363636363636364,0.7622298065984073,0.6649392997158923,0.034699797952206325,0.3569722879039634,0.6367116080927789,0.5441673437350606
0,covertype__c4,covertype,4,fifo,late,76.4,0.6433333333333333,0.9211206136760389,0.6448334727319271,0.6400676642102224,0.5673469387755102,0.46179401993355484,0.6635791033716191,1.0165267666750373,0.09936420158261487,0.49286192510921123,0.7972306414881479,0.6071820182158487
0,covertype__c4,covertype,4,fifo,all,33.425414364640886,0.7947513812154696,0.9640660585426175,0.7952147618495179,0.772923843338907,0.6547507055503292,0.5733113673805601,0.802435259818213,0.6442489510600569,0.05448141039550912,0.29566047743631985,0.6196866632947164,0.3641338330384642
0,covertype__c4,covertype,4,ltm,window,72.8,0.747,0.9489015310555393,0.7513323924653761,0.7523046317483031,0.7475728155339806,0.6363636363636364,0.7622298065984073,0.6649392997158923,0.034699797952206325,0.3569722879039634,0.6367116080927789,0.5441673437350606
0,covertype__c4,covertype,4,ltm,late,76.4,0.6433333333333333,0.9211206136760389,0.6448334727319271,0.6400676642102224,0.5673469387755102,0.46179401993355484,0.6635791033716191,1.0165267666750373,0.09936420158261487,0.49286192510921123,0.7972306414881479,0.6071820182158487
0,covertype__c4,covertype,4,ltm,all,33.425414364640886,0.7947513812154696,0.9640660585426175,0.7952147618495179,0.772923843338907,0.6547507055503292,0.5733113673805601,0.802435259818213,0.6442489510600569,0.05448141039550912,0.29566047743631985,0.6196866632947164,0.3641338330384642
0,covertype__c4,covertype,4,em,window,72.8,0.659,0.8853584520827913,0.6573741406528558,0.6549106867624842,0.671875,0.7107438016528925,0.6518771331058021,1.5439133417175634,0.16999034105069927,0.5181744693364135,0.39600402568776316,0.43033811831247437
0,covertype__c4,covertype,4,em,late,76.4,0.5673333333333334,0.8392186653582169,0.5671683469179746,0.558696979922421,0.4021543985637343,0.37209302325581395,0.5891070766950722,2.5559252686221727,0.27845299666217,0.6938707508167149,0.40199323179561813,0.3928873546664418
0,covertype__c4,covertype,4,em,all,33.425414364640886,0.7603314917127072,0.9335985515598634,0.7625076192283752,0.7296691119439239,0.5391444713478611,0.5502471169686985,0.767621334247985,1.2075907385140952,0.13578624503188608,0.37991221513892404,0.33198356406980867,0.2595626108065037
0,covertype__c4,covertype,4,rp,window,72.8,0.719,0.9459122471657029,0.7174699656685043,0.7233368867333855,0.7935222672064778,0.8099173553719008,0.7064846416382252,0.7209134866524691,0.07671964794504997,0.39359092826362896,0.528990302481895,0.5329163890548223
0,covertype__c4,covertype,4,rp,late,76.4,0.6283333333333333,0.9161009373679961,0.628831886103809,0.6227175315885238,0.5421245421245421,0.49169435215946844,0.643571693219711,1.081557836107054,0.129503830584094,0.5107184232666515,0.733206162607816,0.571310119801349
0,covertype__c4,covertype,4,rp,all,33.425414364640886,0.7941988950276243,0.9638116839132927,0.7955345471196128,0.773602101592241,0.659303313508921,0.6392092257001647,0.7995769736466015,0.6662524797209081,0.06741007543905078,0.3005906146711907,0.5454570115743238,0.33629595414900204
0,covertype__c4,covertype,4,rp5,window,72.8,0.729,0.9471549742905268,0.731442191236474,0.7373076765345962,0.7982456140350878,0.7520661157024794,0.7258248009101251,0.679560396753261,0.06459739010176913,0.3700911402019492,0.5594679394696365,0.5503260797591976
0,covertype__c4,covertype,4,rp5,late,76.4,0.627,0.9146657489950198,0.6265296857918242,0.6219959661535448,0.5267175572519084,0.4584717607973422,0.6457947387921452,1.078711919506913,0.11523342423602997,0.5076303294176143,0.7729673287671909,0.6017491160354796
0,covertype__c4,covertype,4,rp5,all,33.425414364640886,0.7916574585635359,0.9638651235319344,0.7920716584731405,0.7693364026213985,0.6470588235294118,0.5980230642504119,0.7983764934545247,0.656837237235803,0.060295644355532974,0.29853425795779504,0.5845081397117419,0.3548703722569548
0,covertype__c4,covertype,4,oracle,window,72.8,0.735,0.9504870096647404,0.7344466274170212,0.7394082022784912,0.7773279352226721,0.7933884297520661,0.726962457337884,0.669289725736195,0.06691206495610319,0.36736033056939404,0.4941826001133514,0.5151007457360934
0,covertype__c4,covertype,4,oracle,late,76.4,0.6586666666666666,0.928998346139589,0.6572993984060191,0.6568023659578281,0.5925925925925926,0.584717607973422,0.6669136717302705,0.9762891147984425,0.11422831146638467,0.4728618605352285,0.7165893648538304,0.5380126036537296
0,covertype__c4,covertype,4,oracle,all,33.425414364640886,0.8123756906077348,0.9693663946774915,0.8135280749179707,0.7924308072899737,0.6782464846980976,0.6754530477759473,0.8171268507402961,0.6060211668321421,0.05627067847917903,0.27655402694708164,0.5346825552375812,0.31450572668459437
0,covertype__c5,covertype,5,fifo,window,31.2,0.695,0.9359603274167654,0.7040480343493264,0.7053123873567873,0.7777777777777778,0.711864406779661,0.69394261424017,0.8008375479255424,0.07903831875628983,0.4255065526185575,0.6082889505871113,0.5686542271990704
0,covertype__c5,covertype,5,fifo,late,124.86666666666666,0.649,0.9191683678224492,0.6556398032139327,0.6471891541988838,0.4857685009487666,0.40894568690095845,0.6769631559359881,1.080091618963947,0.10423698123563602,0.495179311214948,0.7570133370709456,0.6009604067021131
0,covertype__c5,covertype,5,fifo,all,30.92896174863388,0.7881967213114754,0.9648173105850032,0.7881831395321618,0.7649858290815865,0.5797101449275363,0.5300353356890459,0.7964362242020977,0.6615847497157329,0.0666610574817352,0.30367967674781116,0.7092850627625481,0.35131617909237317
0,covertype__c5,covertype,5,ltm,window,31.2,0.695,0.9359603274167654,0.7040480343493264,0.7053123873567873,0.7777777777777778,0.711864406779661,0.69394261424017,0.8008375479255424,0.07903831875628983,0.4255065526185575,0.6082889505871113,0.5686542271990704
0,covertype__c5,covertype,5,ltm,late,124.86666666666666,0.649,0.9191683678224492,0.6556398032139327,0.6471891541988838,0.4857685009487666,0.40894568690095845,0.6769631559359881,1.080091618963947,0.10423698123563602,0.495179311214948,0.7570133370709456,0.6009604067021131
0,covertype__c5,covertype,5,ltm,all,30.92896174863388,0.7881967213114754,0.9648173105850032,0.7881831395321618,0.7649858290815865,0.5797101449275363,0.5300353356890459,0.7964362242020977,0.6615847497157329,0.0666610574817352,0.30367967674781116,0.7092850627625481,0.35131617909237317
0,covertype__c5,covertype,5,em,window,31.2,0.603,0.8724920711563872,0.6066223394922174,0.5986858443086818,0.5964912280701754,0.864406779661017,0.5866099893730075,1.914228546658484,0.2147237631281944,0.6228803811589892,0.2155525422607433,0.4688164804743017
0,covertype__c5,covertype,5,em,late,124.86666666666666,0.5793333333333334,0.8380838115914786,0.5858727219928187,0.5745676079332406,0.3796477495107632,0.30990415335463256,0.6107182731671008,2.6258838231471007,0.2552096440389572,0.664522957935884,0.5514078157014373,0.38683995309234454
0,covertype__c5,covertype,5,em,all,30.92896174863388,0.7628415300546448,0.9280318932407055,0.7629451766752602,0.7359894280210295,0.5226039783001808,0.5106007067137809,0.7708920717266268,1.2800139017990342,0.12992061968562874,0.37613771589018735,0.44725494723901676,0.2561245999064324
0,covertype__c5,covertype,5,rp,window,31.2,0.677,0.9313435569401113,0.6797957119741258,0.6789673401656887,0.7555555555555555,0.864406779661017,0.665249734325186,0.8725779997096472,0.11558895061411194,0.45394114731352603,0.41094383405780266,0.5372751175856153
0,covertype__c5,covertype,5,rp,late,124.86666666666666,0.638,0.9146768829593521,0.643059655713114,0.6323180857010353,0.5063752276867031,0.4440894568690096,0.6605880163751395,1.1147192546430025,0.1279447422104946,0.5019650981990673,0.7254796421162557,0.5529162695805211
0,covertype__c5,covertype,5,rp,all,30.92896174863388,0.7883606557377049,0.9627917352858617,0.7889699613897707,0.766442953465431,0.5988909426987061,0.5724381625441696,0.795252058193301,0.6977074402408038,0.07821227258763991,0.3099984580593623,0.6338133358232291,0.3229065137276063
0,covertype__c5,covertype,5,rp5,window,31.2,0.695,0.9349202994879388,0.7018516588974812,0.707419374083492,0.8305084745762712,0.8305084745762712,0.6865037194473964,0.8112782167186449,0.08259489955940585,0.4294034567719576,0.5556691345622593,0.5623771386898677
0,covertype__c5,covertype,5,rp5,late,124.86666666666666,0.6376666666666667,0.9147388056013632,0.642852380288259,0.6337946989376498,0.45506692160611856,0.3801916932907348,0.6676590993673241,1.1098162217904037,0.11354391780200708,0.5035792185371644,0.7476288968843899,0.5900252790364082
0,covertype__c5,covertype,5,rp5,all,30.92896174863388,0.7843169398907104,0.9645095551534021,0.7842288215683496,0.7594277402120725,0.5672514619883041,0.5141342756183745,0.7929401150332694,0.6690574039408503,0.07289106410305823,0.30626983611102154,0.7017724681245812,0.34168630249879245
0,covertype__c5,covertype,5,oracle,window,31.2,0.697,0.9399655805487419,0.699100884743235,0.7008405868538675,0.7851851851851852,0.8983050847457628,0.6843783209351754,0.8176660702515072,0.0982330934410682,0.434193926146265,0.3230794145293588,0.5329477214792819
0,covertype__c5,covertype,5,oracle,late,124.86666666666666,0.6733333333333333,0.9299416614831193,0.6778798763667989,0.6687067584145042,0.5314685314685315,0.48562300319488816,0.6951991068105694,0.9739969863388663,0.10107484345801906,0.4518326912180877,0.7311136974144024,0.5347379929946603
0,covertype__c5,covertype,5,oracle,all,30.92896174863388,0.8068306010928962,0.9705171122945784,0.807659789632233,0.787355222958202,0.6145454545454545,0.5971731448763251,0.8135220480433066,0.6011827628870985,0.06384410669224025,0.2783812619930828,0.5941174002094219,0.310368317351546
0,covertype__c6,covertype,6,fifo,window,44.2,0.72,0.9390800003701645,0.7278555427797089,0.7227340556180306,0.6527777777777778,0.5595238095238095,0.7347161572052402,0.7448388443256315,0.07353833763620109,0.4053249621824643,0.6267397834857338,0.5842798532034547
0,covertype__c6,covertype,6,fifo,late,38.86666666666667,0.6233333333333333,0.9125313208002329,0.6334011877460812,0.6211526532004253,0.6685714285714286,0.5735294117647058,0.626967095851216,1.071943263850789,0.11389924758272471,0.5211858512446316,0.5931675534621452,0.6486864866820363
0,covertype__c6,covertype,6,fifo,all,31.092896174863387,0.7709836065573771,0.9612123347475221,0.769691911488566,0.7602290867429051,0.735812133072407,0.6608084358523726,0.7745192036546162,0.7025399110037657,0.07000919875735771,0.3291005951810933,0.5097015782796754,0.39337241221180536
0,covertype__c6,covertype,6,ltm,window,44.2,0.72,0.9390800003701645,0.7278555427797089,0.7227340556180306,0.6527777777777778,0.5595238095238095,0.7347161572052402,0.7448388443256315,0.07353833763620109,0.4053249621824643,0.6267397834857338,0.5842798532034547
0,covertype__c6,covertype,6,ltm,late,38.86666666666667,0.6233333333333333,0.9125313208002329,0.6334011877460812,0.6211526532004253,0.6685714285714286,0.5735294117647058,0.626967095851216,1.071943263850789,0.11389924758272471,0.5211858512446316,0.5931675534621452,0.6486864866820363
0,covertype__c6,covertype,6,ltm,all,31.092896174863387,0.7709836065573771,0.9612123347475221,0.769691911488566,0.7602290867429051,0.735812133072407,0.6608084358523726,0.7745192036546162,0.7025399110037657,0.07000919875735771,0.3291005951810933,0.5097015782796754,0.39337241221180536
0,covertype__c6,covertype,6,em,window,44.2,0.642,0.8899519892029738,0.6544422703599557,0.6466314943148589,0.5675675675675675,0.5,0.6550218340611353,1.6347902847777644,0.16848666947766325,0.5474112221017804,0.42133140788596796,0.4735336121518185
0,covertype__c6,covertype,6,em,late,38.86666666666667,0.5443333333333333,0.8326005713823292,0.5542746511633898,0.5465921317747089,0.649746192893401,0.6274509803921569,0.5382689556509299,2.70269017954999,0.2949865824335872,0.7314319788401402,0.3709822994486653,0.39925952662746517
0,covertype__c6,covertype,6,em,all,31.092896174863387,0.7365027322404372,0.9276824413032261,0.7342023139673524,0.7217112111410641,0.6949152542372882,0.648506151142355,0.7393266031244713,1.3829559983609692,0.1506861494069806,0.41570893462161035,0.3664491208182603,0.27561953294691494
0,covertype__c6,covertype,6,rp,window,44.2,0.694,0.9318148242160159,0.7010187156002474,0.6917456340339404,0.6174496644295302,0.5476190476190477,0.7074235807860262,0.8049870844226743,0.09042748513603195,0.42258739235637666,0.43900204411381133,0.5554175826151548
0,covertype__c6,covertype,6,rp,late,38.86666666666667,0.6113333333333333,0.9082541690392094,0.6174897116829042,0.6030837515687942,0.6267029972752044,0.5637254901960784,0.6148068669527897,1.1336338163767947,0.14173737137293183,0.5428709488358338,0.48327006479816415,0.6131729624301874
0,covertype__c6,covertype,6,rp,all,31.092896174863387,0.7699453551912568,0.959875293566144,0.7694946238003059,0.7567009894245126,0.720226843100189,0.6695957820738138,0.7731656420957644,0.7344123996536214,0.08243223525598427,0.3321665172640882,0.42558719660971656,0.3636806418599932
0,covertype__c6,covertype,6,rp5,window,44.2,0.71,0.9355737693797757,0.7168024850789938,0.7063695826694708,0.6351351351351351,0.5595238095238095,0.7237991266375546,0.7659415404869813,0.082090727998742,0.41257178642815895,0.5360757785719159,0.5872725848063173
0,covertype__c6,covertype,6,rp5,late,38.86666666666667,0.603,0.9089298808971585,0.6121463223729564,0.6019538355317735,0.6703601108033241,0.5931372549019608,0.6037195994277539,1.1137637534351605,0.1343406035945432,0.5380918019682133,0.5717086338232048,0.6442045329228075
0,covertype__c6,covertype,6,rp5,all,31.092896174863387,0.7668306010928961,0.9606700582567856,0.7653457491035492,0.7555127001170627,0.7370441458733206,0.6748681898066784,0.7697817381986352,0.716328216863425,0.07637213955809205,0.33145930439997445,0.48594539874880543,0.3837700003954487
0,covertype__c6,covertype,6,oracle,window,44.2,0.724,0.9436300385383106,0.7301460800416056,0.7271438716653661,0.6842105263157895,0.6190476190476191,0.7336244541484717,0.7203021141537642,0.07196189695085142,0.3855997865172799,0.4655419887261858,0.5233571537883901
0,covertype__c6,covertype,6,oracle,late,38.86666666666667,0.653,0.9260998453520052,0.6568173089566931,0.6464385807859115,0.7183462532299741,0.6813725490196079,0.6509298998569385,0.9582998234459139,0.10902263897466541,0.4736374602917543,0.490858026090587,0.5884262253833583
0,covertype__c6,covertype,6,oracle,all,31.092896174863387,0.7926229508196722,0.9681150659882337,0.7925346396531827,0.784594470705844,0.772937905468026,0.7328646748681898,0.7945406350459647,0.6347720252593722,0.0669406516744977,0.2987298837705123,0.4195326706497634,0.3436593054476448
0,h2_poker__c0,h2_poker,0,fifo,window,104.2,0.883,0.882758396227419,0.8843248279810076,0.692900283237362,0.7696629213483146,0.9013157894736842,0.8797169811320755,0.6392428650651775,0.060618231465659936,0.20590145958941883,0.3614090432527714,0.140743365684839
0,h2_poker__c0,h2_poker,0,fifo,late,77.0,0.839,0.8624666200279938,0.843835620053254,0.5589162101317701,0.6275862068965518,0.9578947368421052,0.8309608540925267,0.6435774548222438,0.07359241596132725,0.25988550468849214,0.2501396911436603,0.31018570091364384
0,h2_poker__c0,h2_poker,0,fifo,all,58.76190476190476,0.8916190476190476,0.8642516659846613,0.8951383848385848,0.6173581780453112,0.7139107611548556,0.8816855753646677,0.8922391986238997,0.5277735179217523,0.043306635945414215,0.18096704317380521,0.26209717834968366,0.21220837599847867
0,h2_poker__c0,h2_poker,0,ltm,window,104.2,0.883,0.882758396227419,0.8843248279810076,0.692900283237362,0.7696629213483146,0.9013157894736842,0.8797169811320755,0.6392428650651775,0.060618231465659936,0.20590145958941883,0.3614090432527714,0.140743365684839
0,h2_poker__c0,h2_poker,0,ltm,late,77.0,0.839,0.8624666200279938,0.843835620053254,0.5589162101317701,0.6275862068965518,0.9578947368421052,0.8309608540925267,0.6435774548222438,0.07359241596132725,0.25988550468849214,0.2501396911436603,0.31018570091364384
0,h2_poker__c0,h2_poker,0,ltm,all,58.76190476190476,0.8916190476190476,0.8642516659846613,0.8951383848385848,0.6173581780453112,0.7139107611548556,0.8816855753646677,0.8922391986238997,0.5277735179217523,0.043306635945414215,0.18096704317380521,0.26209717834968366,0.21220837599847867
0,h2_poker__c0,h2_poker,0,em,window,104.2,0.688,0.7750601253541671,0.7538035596459846,0.5108264709309372,0.6875,0.7960526315789473,0.6686320754716981,1.8984382558789452,0.2354329520788438,0.5157450576852908,0.1851970831440229,0.19021526445278575
0,h2_poker__c0,h2_poker,0,em,late,77.0,0.6953333333333334,0.7672521535825467,0.7689270724378228,0.39729515872373644,0.48217317487266553,0.7473684210526316,0.691814946619217,2.3123413656034897,0.2590934242803581,0.5585208198465371,0.10664075784669362,0.1317689912454542
0,h2_poker__c0,h2_poker,0,em,all,58.76190476190476,0.7515238095238095,0.8004801962920058,0.808367138146581,0.39138329641001135,0.5947271612507664,0.7860615883306321,0.7493676009308914,1.5292082071809656,0.18946428905334955,0.42107342233671596,0.13574096351533213,0.15105514960952515
0,h2_poker__c0,h2_poker,0,rp,window,104.2,0.839,0.8986582593551449,0.8487839832708324,0.6259216891846853,0.684931506849315,0.8223684210526315,0.8419811320754716,0.6875473089519358,0.08658797576857397,0.24288803170081044,0.29319326111188104,0.19277409492218245
0,h2_poker__c0,h2_poker,0,rp,late,77.0,0.7903333333333333,0.8591398974980583,0.8193596346797051,0.46404812392354783,0.5986159169550173,0.9105263157894737,0.7822064056939502,0.7869306563973115,0.09023652451023326,0.30233427712390276,0.34432422581938715,0.31876934330094475
0,h2_poker__c0,h2_poker,0,rp,all,58.76190476190476,0.857904761904762,0.8602062061518125,0.8734584788954826,0.5303997670484618,0.6604527296937417,0.8038897893030794,0.8612769402003441,0.6168584116776963,0.06226177078392735,0.2200445156068341,0.28146471795114253,0.21910463095906352
0,h2_poker__c0,h2_poker,0,rp5,window,104.2,0.886,0.8914459304388729,0.887162745586155,0.676248159490852,0.7878787878787878,0.9407894736842105,0.8761792452830188,0.6942336117618068,0.05907906274460428,0.2078106899232227,0.2986746982325093,0.1427155849246432
0,h2_poker__c0,h2_poker,0,rp5,late,77.0,0.8246666666666667,0.8610731603535638,0.8386757779641081,0.5059823670412313,0.6040268456375839,0.9473684210526315,0.8163701067615659,0.6587829762026455,0.07072254205925332,0.26910869872600857,0.2773497279161971,0.3047319791222393
0,h2_poker__c0,h2_poker,0,rp5,all,58.76190476190476,0.8835238095238095,0.8642284215229109,0.8904778977860756,0.5597699107601175,0.7090084251458199,0.8865478119935171,0.8833350197308509,0.5468424319898207,0.04430724753008748,0.1896023821387511,0.2411070554064523,0.20758831665524172
0,h2_poker__c0,h2_poker,0,oracle,window,104.2,0.92,0.9215784498259918,0.9216777706461275,0.6975593455182671,0.8888888888888888,0.9210526315789473,0.9198113207547169,0.28651065293714456,0.024928901243186717,0.11714935978398745,0.2645560011701543,0.18968025417506387
0,h2_poker__c0,h2_poker,0,oracle,late,77.0,0.841,0.8766813426968331,0.8586248751612718,0.5156646946441701,0.6563106796116505,0.8894736842105263,0.8377224199288256,0.5394375133158906,0.09359351907456329,0.25626694211979323,0.20391940105746661,0.20395349518756267
0,h2_poker__c0,h2_poker,0,oracle,all,58.76190476190476,0.8980952380952381,0.879671151800141,0.9050879734300102,0.5611593500158689,0.7797356828193832,0.8606158833063209,0.9004350905595467,0.3918541500859839,0.04315398175063752,0.1609161819783821,0.1729556561483815,0.16189815522312082
0,h2_poker__c1,h2_poker,1,fifo,window,23.2,0.959,0.693721317335566,0.9512961275022197,0.35726481662564213,0.24,0.13636363636363635,0.9968619246861925,0.17851389985290678,0.020313905469402,0.06331989468437851,0.7204531509623919,0.08431293526007613
0,h2_poker__c1,h2_poker,1,fifo,late,70.83333333333333,0.9223333333333333,0.9396885736085222,0.9247231850087347,0.7676491504881058,0.6632825719120136,0.8235294117647058,0.9308472121650978,0.2999296632728629,0.03179162990777878,0.12802224873048185,0.30746714821330606,0.19663266772395727
0,h2_poker__c1,h2_poker,1,fifo,all,40.168067226890756,0.9384873949579832,0.8748928530229444,0.9370275764217305,0.6214933024934203,0.689807976366322,0.771900826446281,0.9474103585657371,0.26557493496860385,0.021145448344313773,0.0997761248350828,0.41550085237551804,0.1778761011825529
0,h2_poker__c1,h2_poker,1,ltm,window,23.2,0.959,0.693721317335566,0.9512961275022197,0.35726481662564213,0.24,0.13636363636363635,0.9968619246861925,0.17851389985290678,0.020313905469402,0.06331989468437851,0.7204531509623919,0.08431293526007613
0,h2_poker__c1,h2_poker,1,ltm,late,70.83333333333333,0.9223333333333333,0.9396885736085222,0.9247231850087347,0.7676491504881058,0.6632825719120136,0.8235294117647058,0.9308472121650978,0.2999296632728629,0.03179162990777878,0.12802224873048185,0.30746714821330606,0.19663266772395727
0,h2_poker__c1,h2_poker,1,ltm,all,40.168067226890756,0.9384873949579832,0.8748928530229444,0.9370275764217305,0.6214933024934203,0.689807976366322,0.771900826446281,0.9474103585657371,0.26557493496860385,0.021145448344313773,0.0997761248350828,0.41550085237551804,0.1778761011825529
0,h2_poker__c1,h2_poker,1,em,window,23.2,0.832,0.7375551430250847,0.8747712960159734,0.3395235182687763,0.1791044776119403,0.4090909090909091,0.8514644351464435,0.44326177215426443,0.1101012402152853,0.24529371522141158,0.49023320217972716,0.13506340294863514
0,h2_poker__c1,h2_poker,1,em,late,70.83333333333333,0.715,0.8582791706420261,0.7841733942885988,0.566767793904104,0.44660194174757284,0.773109243697479,0.7099927588703838,2.1200714185347,0.21080777242915053,0.4929990782021512,0.2452852618357657,0.17516232723866
0,h2_poker__c1,h2_poker,1,em,all,40.168067226890756,0.752436974789916,0.7868333990114775,0.8164475165954737,0.3309396762219058,0.48246674727932287,0.6595041322314049,0.7574147853032315,1.766860169344154,0.1890987679774163,0.4267844333594441,0.30634382638342456,0.13766496778201726
0,h2_poker__c1,h2_poker,1,rp,window,23.2,0.963,0.6947630666186577,0.9587076365094409,0.41106728876576515,0.41379310344827586,0.2727272727272727,0.9947698744769874,0.15861215493516095,0.029468941007641414,0.05917932661111935,0.9036627469758141,0.1353168207290696
0,h2_poker__c1,h2_poker,1,rp,late,70.83333333333333,0.8866666666666667,0.9337936986585877,0.8979215074603576,0.7098454139382001,0.5878787878787879,0.8151260504201681,0.8928312816799421,0.3958562659632136,0.029145593321286523,0.17635372368596433,0.33101875654322266,0.24628347173022697
0,h2_poker__c1,h2_poker,1,rp,all,40.168067226890756,0.9083193277310925,0.8744480857857987,0.9168354452422541,0.5821669095009818,0.6459363957597173,0.7553719008264462,0.9165117308543603,0.32145095162003623,0.019720983186744926,0.13179540142245252,0.4413202006692135,0.21241616768602764
0,h2_poker__c1,h2_poker,1,rp5,window,23.2,0.981,0.6998014937098312,0.978502701432934,0.5118628141883956,0.7777777777777778,0.6363636363636364,0.9968619246861925,0.12935854099372948,0.0288822513664665,0.04103198085473971,0.8909307802352827,0.11201756420380139
0,h2_poker__c1,h2_poker,1,rp5,late,70.83333333333333,0.9203333333333333,0.9373692506065054,0.9229373012730745,0.7686495600255374,0.6643835616438356,0.8151260504201681,0.9293989862418537,0.3133952994377915,0.029631696334307255,0.12971083568710884,0.31173324175725997,0.21544302365186416
0,h2_poker__c1,h2_poker,1,rp5,all,40.168067226890756,0.9318487394957983,0.875657442969146,0.9335393174581583,0.6114505751950113,0.7050147492625368,0.7900826446280992,0.9394422310756972,0.27443002860421833,0.013341970546735415,0.10325872558746288,0.4454740671088453,0.18065235640303587
0,h2_poker__c1,h2_poker,1,oracle,window,23.2,0.943,0.7364175004698368,0.9470880662609872,0.422709601081812,0.47058823529411764,0.5454545454545454,0.9612970711297071,0.16073525193655397,0.03412637730212416,0.08245144119423281,0.5254524980747666,0.06028180642464579
0,h2_poker__c1,h2_poker,1,oracle,late,70.83333333333333,0.911,0.9503777269614269,0.9191076598013758,0.7363291716670981,0.6701570680628273,0.8067226890756303,0.9199855177407675,0.2687769221170097,0.020141143691199258,0.12836428440483968,0.32866592043739296,0.1976086295551386
0,h2_poker__c1,h2_poker,1,oracle,all,40.168067226890756,0.9223529411764706,0.8846751579420068,0.9301646573718807,0.6138520166849872,0.6820143884892086,0.7834710743801653,0.92979194333776,0.2472087354800997,0.014039536238921835,0.10911735813927526,0.3538853081761507,0.1483794826164708
0,h2_poker__c2,h2_poker,2,fifo,window,11.4,0.94,0.8634043848002406,0.9357407336347446,0.5756782318007706,1.0,1.0,0.9396378269617707,0.22297327503596345,0.022272674291054215,0.08514668290837983,0.18791075038040672,0.16370430252845133
0,h2_poker__c2,h2_poker,2,fifo,late,17.566666666666666,0.9406666666666667,0.9405905019817965,0.9396745714411207,0.8400519959274776,0.8539325842696629,0.7450980392156863,0.9440488301119023,0.2084000145039138,0.009862400106358502,0.09081496475607048,0.3337655594235165,0.14738543393605744
0,h2_poker__c2,h2_poker,2,fifo,all,26.44102564102564,0.9175384615384615,0.86186906243616,0.9176143612178134,0.6086142461760906,0.7921714818266542,0.7071547420965059,0.9242287951743479,0.32547611675612054,0.0172759765987845,0.12545851449344678,0.430559171784067,0.2012229694302712
0,h2_poker__c2,h2_poker,2,ltm,window,11.4,0.94,0.8634043848002406,0.9357407336347446,0.5756782318007706,1.0,1.0,0.9396378269617707,0.22297327503596345,0.022272674291054215,0.08514668290837983,0.18791075038040672,0.16370430252845133
0,h2_poker__c2,h2_poker,2,ltm,late,17.566666666666666,0.9406666666666667,0.9405905019817965,0.9396745714411207,0.8400519959274776,0.8539325842696629,0.7450980392156863,0.9440488301119023,0.2084000145039138,0.009862400106358502,0.09081496475607048,0.3337655594235165,0.14738543393605744
0,h2_poker__c2,h2_poker,2,ltm,all,26.44102564102564,0.9175384615384615,0.86186906243616,0.9176143612178134,0.6086142461760906,0.7921714818266542,0.7071547420965059,0.9242287951743479,0.32547611675612054,0.0172759765987845,0.12545851449344678,0.430559171784067,0.2012229694302712
0,h2_poker__c2,h2_poker,2,em,window,11.4,0.871,0.8490615484653056,0.9097528664053431,0.4516211925190253,0.35294117647058826,1.0,0.8702213279678068,1.0618658057160448,0.10767294195071211,0.23730601716615007,0.021819514685141483,0.10320453299903458
0,h2_poker__c2,h2_poker,2,em,late,17.566666666666666,0.8603333333333333,0.8966315225815098,0.8915555982482759,0.5738992948304751,0.37751004016064255,0.9215686274509803,0.8592743302814514,1.0507715796976556,0.08719719432039497,0.22676566805376755,0.10686012758823556,0.12863735261457598
0,h2_poker__c2,h2_poker,2,em,all,26.44102564102564,0.7597948717948718,0.8151948131214444,0.8297938959840935,0.39141713386323806,0.6061093247588425,0.627287853577371,0.7640086777078152,1.6870089734932543,0.170828839010445,0.4091831925827074,0.263884210144132,0.1676154632748648
0,h2_poker__c2,h2_poker,2,rp,window,11.4,0.842,0.8548729491081015,0.8617067988874857,0.5078874993432451,0.75,1.0,0.8410462776659959,0.5632665859524513,0.11624078095294138,0.25903999834879843,0.03613866301532421,0.12517849235476255
0,h2_poker__c2,h2_poker,2,rp,late,17.566666666666666,0.9263333333333333,0.9416177505141373,0.9355181145869498,0.7613318729497034,0.8571428571428571,0.9411764705882353,0.9260766361478467,0.24319734746549124,0.02016061279561558,0.1082107761528614,0.33295451259098635,0.15703867277833428
0,h2_poker__c2,h2_poker,2,rp,all,26.44102564102564,0.8862564102564102,0.8581459028805403,0.8963997009985598,0.5324930918801679,0.7405405405405405,0.6838602329450915,0.8926927350653474,0.45069573486565934,0.031107501397228537,0.17161615986486844,0.44509467372419637,0.21582209478237105
0,h2_poker__c2,h2_poker,2,rp5,window,11.4,0.902,0.8625013042049712,0.9111080490792338,0.5571202580112533,0.8571428571428571,1.0,0.9014084507042254,0.28852602104620306,0.03570765876933473,0.13192676541748966,0.07739754638708911,0.16428508452989415
0,h2_poker__c2,h2_poker,2,rp5,late,17.566666666666666,0.9416666666666667,0.9411821669466892,0.9438691287185556,0.804634427437405,0.8539325842696629,0.7450980392156863,0.9450661241098678,0.2075903548841995,0.00989035149972491,0.08815123225070189,0.4301396873053641,0.15299225826496415
0,h2_poker__c2,h2_poker,2,rp5,all,26.44102564102564,0.9091282051282051,0.861151228155059,0.9122315841601432,0.5865532990061102,0.7741347905282332,0.7071547420965059,0.9155510873591195,0.34740801045861236,0.017447681597837356,0.1371593608629632,0.43654178922475334,0.20076954959580223
0,h2_poker__c2,h2_poker,2,oracle,window,11.4,0.91,0.8658490982211943,0.9332037322750734,0.5643999968188578,0.8571428571428571,1.0,0.9094567404426559,0.30326742520385946,0.04961519580073311,0.13314300561037862,0.058977660831080164,0.10429877678030171
0,h2_poker__c2,h2_poker,2,oracle,late,17.566666666666666,0.9316666666666666,0.9498620862273481,0.9432408922443885,0.73235627273136,0.5813953488372093,0.9803921568627451,0.930824008138352,0.23389353437445343,0.0253755480487834,0.10642135266817504,0.14323030713629037,0.12124811670583731
0,h2_poker__c2,h2_poker,2,oracle,all,26.44102564102564,0.9193333333333333,0.8692230306292593,0.9233942715863905,0.5641019652009016,0.7144006436041834,0.7387687188019967,0.925075400814858,0.29638215184779415,0.02559219396445002,0.12390553266362006,0.27704398877290687,0.13630228327817703
0,h2_rialto__c0,h2_rialto,0,fifo,window,28.1,0.528,0.8757146468464063,0.5330718736823319,0.5338589171861414,0.5504587155963303,0.5263157894736842,0.528101802757158,1.5247516514420945,0.10025546074435152,0.6344387225518683,1.1279263676981366,1.0702934188203326
0,h2_rialto__c0,h2_rialto,0,fifo,late,53.666666666666664,0.7303333333333333,0.9506122518006512,0.7304268216441503,0.7292071385453962,0.7065527065527065,0.7848101265822784,0.727304714989444,0.8885663717066018,0.02883682859818325,0.361335507164999,0.5995051206813815,0.809637027776218
0,h2_rialto__c0,h2_rialto,0,fifo,all,30.956756756756757,0.7247567567567568,0.9573356491191912,0.723770709949865,0.7207474349577819,0.6803519061583577,0.770764119601329,0.7232092971281707,0.8511317255195359,0.02723967946248473,0.3721507813289828,0.6055383360430789,0.685285599753166
0,h2_rialto__c0,h2_rialto,0,ltm,window,28.1,0.528,0.8757146468464063,0.5330718736823319,0.5338589171861414,0.5504587155963303,0.5263157894736842,0.528101802757158,1.5247516514420945,0.10025546074435152,0.6344387225518683,1.1279263676981366,1.0702934188203326
0,h2_rialto__c0,h2_rialto,0,ltm,late,53.666666666666664,0.7303333333333333,0.9506122518006512,0.7304268216441503,0.7292071385453962,0.7065527065527065,0.7848101265822784,0.727304714989444,0.8885663717066018,0.02883682859818325,0.361335507164999,0.5995051206813815,0.809637027776218
0,h2_rialto__c0,h2_rialto,0,ltm,all,30.956756756756757,0.7247567567567568,0.9573356491191912,0.723770709949865,0.7207474349577819,0.6803519061583577,0.770764119601329,0.7232092971281707,0.8511317255195359,0.02723967946248473,0.3721507813289828,0.6055383360430789,0.685285599753166
0,h2_rialto__c0,h2_rialto,0,em,window,28.1,0.405,0.6977265221117392,0.4122738064302096,0.4117185585250433,0.4,0.6140350877192983,0.39236479321314954,5.1621512748276634,0.35796949610120327,0.9410616920875268,0.6310627987900508,0.6277566136808529
0,h2_rialto__c0,h2_rialto,0,em,late,53.666666666666664,0.6503333333333333,0.8407208378265585,0.6579044718554852,0.6523253617035527,0.5466970387243736,0.759493670886076,0.6442646023926812,2.544520216235969,0.16315014133966793,0.5509849203514934,0.3810258228204698,0.5582622856077619
0,h2_rialto__c0,h2_rialto,0,em,all,30.956756756756757,0.6519459459459459,0.8663276470229245,0.6521387521784967,0.645352213796287,0.5547355473554736,0.7491694352159468,0.6486758297016426,2.2519714929293344,0.178260787697258,0.5390376029698608,0.38232053989521214,0.4802425269971525
0,h2_rialto__c0,h2_rialto,0,rp,window,28.1,0.51,0.8772626201662973,0.5173369076582999,0.5167075584409279,0.5035971223021583,0.6140350877192983,0.503711558854719,1.522088162721237,0.0914843648398658,0.6357170633528926,1.0276757763110385,1.0889365235268025
0,h2_rialto__c0,h2_rialto,0,rp,late,53.666666666666664,0.7316666666666667,0.9499181874517365,0.7316421756325461,0.7303560478078865,0.7065527065527065,0.7848101265822784,0.7287121745249824,0.8951383011332573,0.029101972603023343,0.36411765800883755,0.5839771794010448,0.8076042880647298
0,h2_rialto__c0,h2_rialto,0,rp,all,30.956756756756757,0.7234594594594594,0.957234379831057,0.7225651267462946,0.7185394683169457,0.6647686832740214,0.7757475083056479,0.7217007486870042,0.8535853199860902,0.0282690743344042,0.3734503966558355,0.5878430926071444,0.6858004565646287
0,h2_rialto__c0,h2_rialto,0,rp5,window,28.1,0.526,0.8766963592783579,0.5304625290994456,0.5319290878094116,0.5625,0.631578947368421,0.5196182396606575,1.5187965205280725,0.10549024469955667,0.6342608052042581,1.07626796221806,1.0810105946585185
0,h2_rialto__c0,h2_rialto,0,rp5,late,53.666666666666664,0.7313333333333333,0.9504625801885883,0.731334312354923,0.7302524086681493,0.7102272727272727,0.7911392405063291,0.7280084447572133,0.8902656598349726,0.03071409259944734,0.3620762999570822,0.5934443781263801,0.8093942482645463
0,h2_rialto__c0,h2_rialto,0,rp5,all,30.956756756756757,0.7247567567567568,0.9574079207015901,0.7237808496945005,0.7207767530699655,0.680635838150289,0.782392026578073,0.7228181919767572,0.850964013868933,0.02767220148814999,0.3722879674569006,0.6010544909781986,0.6860012907683921
0,h2_rialto__c0,h2_rialto,0,oracle,window,28.1,0.529,0.8796110891186562,0.534343640807692,0.5357426305587253,0.5648854961832062,0.6491228070175439,0.5217391304347826,1.501898182759503,0.08605279988473469,0.6288733908460047,1.0379021365479817,1.094799262233339
0,h2_rialto__c0,h2_rialto,0,oracle,late,53.666666666666664,0.7313333333333333,0.9513258182286524,0.7314627613773731,0.7300185917626221,0.7031700288184438,0.7721518987341772,0.729064039408867,0.8811959302895851,0.0358816855588237,0.35822557601581045,0.6112547182455621,0.810908675502334
0,h2_rialto__c0,h2_rialto,0,oracle,all,30.956756756756757,0.7240540540540541,0.9576984077830032,0.7231593811797111,0.7199969985287524,0.6777456647398844,0.7790697674418605,0.722203598167393,0.8481097115430679,0.027172942965530276,0.3711602686941007,0.5959157168292114,0.6859378696576576
0,h2_rialto__c1,h2_rialto,1,fifo,window,29.2,0.539,0.883182398909445,0.5378497241634626,0.5206221610615207,0.21978021978021978,0.20408163265306123,0.5562565720294427,1.4068282147563778,0.07956060017915081,0.5930240101907283,1.2449783037896978,1.1204416653521272
0,h2_rialto__c1,h2_rialto,1,fifo,late,51.7,0.732,0.9504990242747038,0.7319712304723911,0.7301744908536978,0.6964856230031949,0.6987179487179487,0.7338255977496484,0.8961787323322729,0.027838962486334107,0.36364242312014516,0.9462432287029466,0.8000273858082624
0,h2_rialto__c1,h2_rialto,1,fifo,all,30.505434782608695,0.7330434782608696,0.9602091300848363,0.7323845041298518,0.7236276704307631,0.6073131955484896,0.6452702702702703,0.7359613656783468,0.8162260285210532,0.022512056411014766,0.35982336862085396,0.8433128599172465,0.6679471326702652
0,h2_rialto__c1,h2_rialto,1,ltm,window,29.2,0.539,0.883182398909445,0.5378497241634626,0.5206221610615207,0.21978021978021978,0.20408163265306123,0.5562565720294427,1.4068282147563778,0.07956060017915081,0.5930240101907283,1.2449783037896978,1.1204416653521272
0,h2_rialto__c1,h2_rialto,1,ltm,late,51.7,0.732,0.9504990242747038,0.7319712304723911,0.7301744908536978,0.6964856230031949,0.6987179487179487,0.7338255977496484,0.8961787323322729,0.027838962486334107,0.36364242312014516,0.9462432287029466,0.8000273858082624
0,h2_rialto__c1,h2_rialto,1,ltm,all,30.505434782608695,0.7330434782608696,0.9602091300848363,0.7323845041298518,0.7236276704307631,0.6073131955484896,0.6452702702702703,0.7359613656783468,0.8162260285210532,0.022512056411014766,0.35982336862085396,0.8433128599172465,0.6679471326702652
0,h2_rialto__c1,h2_rialto,1,em,window,29.2,0.379,0.6722494411248976,0.3986928560442057,0.3864054528749391,0.17534246575342466,0.6530612244897959,0.3648790746582545,5.876084079255762,0.4301489324022753,1.0424153463498882,0.4295922485234814,0.514475352001826
0,h2_rialto__c1,h2_rialto,1,em,late,51.7,0.6296666666666667,0.8298175151639304,0.6375279055513887,0.6263113027386602,0.416,0.6666666666666666,0.6276371308016878,2.787549242668079,0.1780419214414449,0.5672235474638188,0.6118078052672508,0.5453210656026604
0,h2_rialto__c1,h2_rialto,1,em,all,30.505434782608695,0.6541847826086956,0.8642440883953579,0.6580075456733011,0.6401172633914204,0.4025974025974026,0.6807432432432432,0.6533018867924528,2.3164229450508915,0.18449474237925062,0.5426649532126895,0.5266509196095657,0.4542109623194044
0,h2_rialto__c1,h2_rialto,1,rp,window,29.2,0.533,0.8798027070399497,0.5408328449678516,0.5236450259945017,0.2222222222222222,0.3877551020408163,0.5404837013669821,1.4670057525924336,0.06524960543995953,0.6133017292259572,1.1104567203805873,1.1257764969185229
0,h2_rialto__c1,h2_rialto,1,rp,late,51.7,0.732,0.9500538131620824,0.7323842108208453,0.7304844557584412,0.6948640483383686,0.7371794871794872,0.7317158931082982,0.8994524442668642,0.02947997762701246,0.36438044450430296,0.923352512592493,0.8021412185692628
0,h2_rialto__c1,h2_rialto,1,rp,all,30.505434782608695,0.7325,0.959970799270304,0.7322267128858919,0.7215522361265977,0.5797950219619327,0.668918918918919,0.7346136567834681,0.8205678114361781,0.024153788997219358,0.36136465418716485,0.8248953441369057,0.6692848067675398
0,h2_rialto__c1,h2_rialto,1,rp5,window,29.2,0.542,0.8825409806033908,0.5437825586642283,0.5266694445292737,0.22764227642276422,0.2857142857142857,0.555205047318612,1.4276098498050251,0.07443572510527376,0.5968947256834205,1.201522191635832,1.1315983818011406
0,h2_rialto__c1,h2_rialto,1,rp5,late,51.7,0.7326666666666667,0.9504741380260159,0.7327898274854052,0.7311295830557646,0.7,0.717948717948718,0.7334739803094233,0.8965723082748009,0.027280713129456954,0.36362499815536026,0.937912454446421,0.8012011193462947
0,h2_rialto__c1,h2_rialto,1,rp5,all,30.505434782608695,0.7329891304347826,0.9601608211236528,0.732456613410493,0.7228702066737032,0.5955487336914812,0.6554054054054054,0.7355682839173405,0.8176196661507084,0.023245236311441222,0.36019671649580853,0.8363109269693038,0.6688238770786681
0,h2_rialto__c1,h2_rialto,1,oracle,window,29.2,0.527,0.8808934447175062,0.54188196300243,0.5220827933643069,0.17475728155339806,0.3673469387755102,0.5352260778128286,1.4641369015123815,0.0770146582510034,0.6109361738260273,1.1570641958352366,1.118872497640957
0,h2_rialto__c1,h2_rialto,1,oracle,late,51.7,0.731,0.9511688286926926,0.7311252013518102,0.7288351879110825,0.6858974358974359,0.6858974358974359,0.7334739803094233,0.8909187949860182,0.024643379850232294,0.363671957556252,0.9459010462020004,0.7993745871779362
0,h2_rialto__c1,h2_rialto,1,oracle,all,30.505434782608695,0.732554347826087,0.9603528190149728,0.732245344271716,0.7213331822891986,0.5764192139737991,0.668918918918919,0.7346698113207547,0.8171106090667227,0.023865811409435764,0.3601779147308471,0.8288343417801288,0.6669026479418413
0,h2_rialto__c2,h2_rialto,2,fifo,window,29.0,0.502,0.869767604216233,0.5053868055280524,0.49513536883962556,0.2916666666666667,0.25925925925925924,0.5158562367864693,1.521370378662671,0.09667424785924283,0.6428891318114847,1.1517078151886335,1.1208970457898997
0,h2_rialto__c2,h2_rialto,2,fifo,late,51.666666666666664,0.7196666666666667,0.956448602567353,0.7210765216813974,0.7175028730670553,0.6532951289398281,0.7549668874172185,0.7177957177957178,0.8485246723114734,0.03180886447189889,0.3631064544451959,0.8686221112092317,0.8059145402243767
0,h2_rialto__c2,h2_rialto,2,fifo,all,31.15135135135135,0.7309729729729729,0.9598259194356137,0.7300730449711218,0.7282503892060415,0.7039370078740157,0.745,0.7305027932960894,0.8215482471269075,0.02253327587527882,0.363067883662514,0.801492977609965,0.6756595002421723
0,h2_rialto__c2,h2_rialto,2,ltm,window,29.0,0.502,0.869767604216233,0.5053868055280524,0.49513536883962556,0.2916666666666667,0.25925925925925924,0.5158562367864693,1.521370378662671,0.09667424785924283,0.6428891318114847,1.1517078151886335,1.1208970457898997
0,h2_rialto__c2,h2_rialto,2,ltm,late,51.666666666666664,0.7196666666666667,0.956448602567353,0.7210765216813974,0.7175028730670553,0.6532951289398281,0.7549668874172185,0.7177957177957178,0.8485246723114734,0.03180886447189889,0.3631064544451959,0.8686221112092317,0.8059145402243767
0,h2_rialto__c2,h2_rialto,2,ltm,all,31.15135135135135,0.7309729729729729,0.9598259194356137,0.7300730449711218,0.7282503892060415,0.7039370078740157,0.745,0.7305027932960894,0.8215482471269075,0.02253327587527882,0.363067883662514,0.801492977609965,0.6756595002421723
0,h2_rialto__c2,h2_rialto,2,em,window,29.0,0.359,0.6603478575277498,0.3710917922481535,0.36372416921309575,0.21830985915492956,0.5740740740740741,0.346723044397463,5.855125797115518,0.40633399964870714,1.0209417947593353,0.5588525268237575,0.6159109090869799
0,h2_rialto__c2,h2_rialto,2,em,late,51.666666666666664,0.6256666666666667,0.8404167222285798,0.6383014633030715,0.6273644900906378,0.42994241842610365,0.7417218543046358,0.6195156195156195,2.6371040936753656,0.17694995342165531,0.5646933215507555,0.5501196658045664,0.5681200554935484
0,h2_rialto__c2,h2_rialto,2,em,all,31.15135135135135,0.654,0.8692329880162515,0.6560781184373242,0.6454144496806897,0.5033333333333333,0.755,0.6506145251396648,2.238158236588048,0.17695007980861083,0.5376071014985826,0.5238356056413597,0.47427459657862225
0,h2_rialto__c2,h2_rialto,2,rp,window,29.0,0.499,0.8688738808142578,0.5091371186046434,0.496827675145858,0.25333333333333335,0.35185185185185186,0.507399577167019,1.54847340517513,0.10600326676960288,0.6487130200340778,1.1084326425759852,1.1416298045730615
0,h2_rialto__c2,h2_rialto,2,rp,late,51.666666666666664,0.7173333333333334,0.956380350174985,0.7187298379756913,0.7156816542587141,0.6610169491525424,0.7748344370860927,0.7142857142857143,0.8509927203273111,0.02952700851063687,0.3646251178046996,0.8642945647334912,0.8069613826890942
0,h2_rialto__c2,h2_rialto,2,rp,all,31.15135135135135,0.7297837837837838,0.9597467885703616,0.7289660289250129,0.725584311206164,0.6805040770941438,0.765,0.7286033519553072,0.8247719067622538,0.022698550982536078,0.36424890735180077,0.7896513817265104,0.6772083787762313
0,h2_rialto__c2,h2_rialto,2,rp5,window,29.0,0.505,0.8702169865537479,0.5098867046212926,0.499995849273151,0.30357142857142855,0.3148148148148148,0.5158562367864693,1.524426635933085,0.1134260036549461,0.6411583038223388,1.1310276458892228,1.1390771881137745
0,h2_rialto__c2,h2_rialto,2,rp5,late,51.666666666666664,0.7186666666666667,0.956467822641555,0.720219023108363,0.716600230426361,0.6515580736543909,0.7615894039735099,0.7163917163917164,0.848259091301193,0.033645098601831194,0.3628113743149169,0.8666141416720687,0.806194389613416
0,h2_rialto__c2,h2_rialto,2,rp5,all,31.15135135135135,0.7305405405405405,0.9599085228339854,0.7296927391663887,0.727285103889114,0.6951788491446346,0.745,0.7300558659217877,0.8217696846372817,0.023978064417781525,0.3629230436873083,0.798616071299796,0.6768455434905121
0,h2_rialto__c2,h2_rialto,2,oracle,window,29.0,0.507,0.8726720939935679,0.5125722400591447,0.5039885748628026,0.3333333333333333,0.4074074074074074,0.5126849894291755,1.5146149905486677,0.09180862157160179,0.6343909465531059,1.1180676413023396,1.1548916252013244
0,h2_rialto__c2,h2_rialto,2,oracle,late,51.666666666666664,0.7206666666666667,0.9569054904155644,0.72134084002998,0.7188446460087778,0.6742209631728046,0.7880794701986755,0.717093717093717,0.8416435813940609,0.040128762896558506,0.359800326434566,0.8561788380995947,0.8046796973465713
0,h2_rialto__c2,h2_rialto,2,oracle,all,31.15135135135135,0.7314594594594594,0.9601029027557868,0.7305341845039887,0.7283779544211102,0.6996197718631179,0.7666666666666667,0.7302793296089386,0.819786859774068,0.023828319835623835,0.36193004740636575,0.7892566256110239,0.6765952554539943
0,h2_rialto__c3,h2_rialto,3,fifo,window,24.4,0.54,0.8822006074442633,0.5487913479688391,0.5387775337798839,0.375,0.3333333333333333,0.5497382198952879,1.4300098667914332,0.09658145102155492,0.6056084019793992,1.3242113387569643,1.0986623896426613
0,h2_rialto__c3,h2_rialto,3,fifo,late,56.333333333333336,0.7223333333333334,0.9511524280984537,0.722672004630456,0.7192714442219187,0.6472303206997084,0.6491228070175439,0.7267585719335454,0.8952209794288909,0.03776585278970837,0.36931708175821615,0.8028085034074566,0.7885660966111334
0,h2_rialto__c3,h2_rialto,3,fifo,all,31.032432432432433,0.7328108108108108,0.9587468495420289,0.731759406629134,0.7267197773244825,0.6592465753424658,0.6363636363636364,0.7360715283598771,0.8284208828131595,0.03084668027598186,0.36325665629425635,0.7857008853174079,0.6579165824883917
0,h2_rialto__c3,h2_rialto,3,ltm,window,24.4,0.54,0.8822006074442633,0.5487913479688391,0.5387775337798839,0.375,0.3333333333333333,0.5497382198952879,1.4300098667914332,0.09658145102155492,0.6056084019793992,1.3242113387569643,1.0986623896426613
0,h2_rialto__c3,h2_rialto,3,ltm,late,56.333333333333336,0.7223333333333334,0.9511524280984537,0.722672004630456,0.7192714442219187,0.6472303206997084,0.6491228070175439,0.7267585719335454,0.8952209794288909,0.03776585278970837,0.36931708175821615,0.8028085034074566,0.7885660966111334
0,h2_rialto__c3,h2_rialto,3,ltm,all,31.032432432432433,0.7328108108108108,0.9587468495420289,0.731759406629134,0.7267197773244825,0.6592465753424658,0.6363636363636364,0.7360715283598771,0.8284208828131595,0.03084668027598186,0.36325665629425635,0.7857008853174079,0.6579165824883917
0,h2_rialto__c3,h2_rialto,3,em,window,24.4,0.384,0.6702548756833582,0.4190158892899495,0.40556448210883717,0.1853035143769968,0.6444444444444445,0.3717277486910995,5.786043982687224,0.3931275284353489,1.006936409113634,0.46493963357646206,0.5951373079479354
0,h2_rialto__c3,h2_rialto,3,em,late,56.333333333333336,0.642,0.8314445482409077,0.6503034266848803,0.6422736183811448,0.4735632183908046,0.6023391812865497,0.6443973135383527,2.765139976246829,0.19105293040167912,0.5790155177171651,0.4967535921400432,0.5029519006028129
0,h2_rialto__c3,h2_rialto,3,em,all,31.032432432432433,0.6575135135135135,0.8617659590072886,0.6597144047626137,0.6460183664854718,0.46274038461538464,0.6363636363636364,0.6582285554624197,2.303599531507934,0.1810279804308122,0.5370562834649094,0.5055745323695869,0.45301318272049745
0,h2_rialto__c3,h2_rialto,3,rp,window,24.4,0.534,0.881411541794279,0.5462647564521934,0.5390617818090939,0.42105263157894735,0.5333333333333333,0.5340314136125655,1.4565908545407091,0.09726435224316558,0.6159378586583396,1.2116578465243164,1.1230991523089502
0,h2_rialto__c3,h2_rialto,3,rp,late,56.333333333333336,0.7223333333333334,0.9505973728866834,0.7230551893329277,0.7189041203932325,0.6312849162011173,0.6608187134502924,0.7260516083421704,0.9010443550229442,0.0443062684342375,0.37158740503800036,0.7899711279626234,0.7881460183694577
0,h2_rialto__c3,h2_rialto,3,rp,all,31.032432432432433,0.7320540540540541,0.9585186720375548,0.7311407110978927,0.7252402306152957,0.6462530217566479,0.6628099173553719,0.7343950824252584,0.8319191959523554,0.03274443568068731,0.3646833367498848,0.766546339224057,0.6597685733946119
0,h2_rialto__c3,h2_rialto,3,rp5,window,24.4,0.546,0.8826581010890202,0.5542173237635118,0.5493478230387422,0.46938775510204084,0.5111111111111111,0.5476439790575917,1.4335625747218623,0.0994884598129307,0.6066542996402366,1.2816584596870029,1.1157148251389684
0,h2_rialto__c3,h2_rialto,3,rp5,late,56.333333333333336,0.722,0.9511297679632355,0.7224185786492426,0.7186910863293428,0.6397694524495677,0.6491228070175439,0.7264050901378579,0.8956472734798712,0.037812657116183424,0.36946735247348034,0.8000866745200151,0.7889610794013961
0,h2_rialto__c3,h2_rialto,3,rp5,all,31.032432432432433,0.7325945945945946,0.9587833322235435,0.7315918066569531,0.7261902709203357,0.6538782318598833,0.6479338842975206,0.7354568315171836,0.8286896615345767,0.03199367802372702,0.36341578210862724,0.7797482745593303,0.6590359493656255
0,h2_rialto__c3,h2_rialto,3,oracle,window,24.4,0.534,0.881935085486299,0.5468888901445653,0.5380481088752105,0.39344262295081966,0.5333333333333333,0.5340314136125655,1.445935991598866,0.10074248934527288,0.6113491512579408,1.2155622230832572,1.1210437207602295
0,h2_rialto__c3,h2_rialto,3,oracle,late,56.333333333333336,0.7213333333333334,0.9516021557148889,0.7216765607010396,0.718132915832091,0.6432748538011696,0.6432748538011696,0.7260516083421704,0.8923037382800032,0.034020366764269526,0.36839301488438353,0.7953896488614867,0.7883816939047273
0,h2_rialto__c3,h2_rialto,3,oracle,all,31.032432432432433,0.7325405405405405,0.9589376735613143,0.7316637959753487,0.7254585033820796,0.6423948220064725,0.656198347107438,0.7351215423302598,0.8282087251437159,0.03135798993632131,0.36314931338003975,0.7717457651786411,0.658534350458003
0,h2_rialto__c4,h2_rialto,4,fifo,window,32.1,0.522,0.8822481624627312,0.5292126724763504,0.5194205315303323,0.32967032967032966,0.2830188679245283,0.5353748680042238,1.4177257490513648,0.09797015746521506,0.6090931715325423,1.3647376220361098,1.060705297142264
0,h2_rialto__c4,h2_rialto,4,fifo,late,50.266666666666666,0.74,0.9528341958423316,0.7401243773122212,0.7211553499758856,0.3767123287671233,0.36423841059602646,0.7599157599157599,0.8558909477488854,0.03755257076451071,0.3498113901175685,1.009073243374925,0.7752839552939575
0,h2_rialto__c4,h2_rialto,4,fifo,all,31.513513513513512,0.7410810810810811,0.9598282617899538,0.7404511723813175,0.7252860212204142,0.520618556701031,0.49188311688311687,0.749664504585104,0.8143017126420954,0.02811974697717463,0.35381958500759336,0.9114955764254359,0.6391805180925868
0,h2_rialto__c4,h2_rialto,4,ltm,window,32.1,0.522,0.8822481624627312,0.5292126724763504,0.5194205315303323,0.32967032967032966,0.2830188679245283,0.5353748680042238,1.4177257490513648,0.09797015746521506,0.6090931715325423,1.3647376220361098,1.060705297142264
0,h2_rialto__c4,h2_rialto,4,ltm,late,50.266666666666666,0.74,0.9528341958423316,0.7401243773122212,0.7211553499758856,0.3767123287671233,0.36423841059602646,0.7599157599157599,0.8558909477488854,0.03755257076451071,0.3498113901175685,1.009073243374925,0.7752839552939575
0,h2_rialto__c4,h2_rialto,4,ltm,all,31.513513513513512,0.7410810810810811,0.9598282617899538,0.7404511723813175,0.7252860212204142,0.520618556701031,0.49188311688311687,0.749664504585104,0.8143017126420954,0.02811974697717463,0.35381958500759336,0.9114955764254359,0.6391805180925868
0,h2_rialto__c4,h2_rialto,4,em,window,32.1,0.378,0.6573070487179161,0.40384165599754945,0.3933164360828606,0.18791946308724833,0.5283018867924528,0.36958817317845827,6.0622994553973335,0.4525371998111703,1.0609470847364229,0.26304158001753325,0.48493332811862017
0,h2_rialto__c4,h2_rialto,4,em,late,50.266666666666666,0.655,0.8364787063140483,0.6737994998623846,0.6518933373749946,0.25384615384615383,0.4370860927152318,0.6665496665496665,2.569791015714829,0.17237788597912407,0.553041031816936,0.5121909035698177,0.5040421370470863
0,h2_rialto__c4,h2_rialto,4,em,all,31.513513513513512,0.6675675675675675,0.8677277653628612,0.6722935901897892,0.6511399475209764,0.3656716417910448,0.5568181818181818,0.6713822411093715,2.17500361719947,0.17494295901709078,0.5253134436320889,0.5022521754656756,0.44403917261862563
0,h2_rialto__c4,h2_rialto,4,rp,window,32.1,0.51,0.8783465179138072,0.5223947474631239,0.5122214684553257,0.3146067415730337,0.5283018867924528,0.5089757127771911,1.4772238843766279,0.10577953393811834,0.6363078151383059,1.2609588488549035,1.068670871103304
0,h2_rialto__c4,h2_rialto,4,rp,late,50.266666666666666,0.7426666666666667,0.9529347008994635,0.7412436411923069,0.7236723915540667,0.40458015267175573,0.3509933774834437,0.7634257634257634,0.8563920329856739,0.03455924347321771,0.3495893633455674,0.998381658090376,0.7777924389849359
0,h2_rialto__c4,h2_rialto,4,rp,all,31.513513513513512,0.741027027027027,0.9594331725992822,0.7406022660190665,0.7240041350667827,0.5,0.4967532467532468,0.7494408409751734,0.8195204055144192,0.02846308977053308,0.3559835799065,0.8966475979087308,0.6402354116339791
0,h2_rialto__c4,h2_rialto,4,rp5,window,32.1,0.523,0.88220597194441,0.532260576511492,0.523080212892892,0.3448275862068966,0.37735849056603776,0.5311510031678986,1.432233511810142,0.0938700254027354,0.6167775194247647,1.3269406673206805,1.074191963191882
0,h2_rialto__c4,h2_rialto,4,rp5,late,50.266666666666666,0.7393333333333333,0.9525156314731312,0.7395364050537303,0.7209563977786353,0.3835616438356164,0.3708609271523179,0.7588627588627589,0.8576023315362413,0.041000995990079246,0.3503380265020663,1.0035040436262317,0.7757383619182676
0,h2_rialto__c4,h2_rialto,4,rp5,all,31.513513513513512,0.7409729729729729,0.9597515145537365,0.7405368635564985,0.7251189789550754,0.5170407315045719,0.5048701298701299,0.7491053455602773,0.8156989792942013,0.027990173218736966,0.3544447663502665,0.9075752910928682,0.6400683086523028
0,h2_rialto__c4,h2_rialto,4,oracle,window,32.1,0.505,0.8812405691767417,0.5162903686338993,0.50683178587307,0.32335329341317365,0.5094339622641509,0.5047518479408659,1.4571258105561797,0.10884031760215532,0.6274344439695927,1.2943054901437006,1.06615776929489
0,h2_rialto__c4,h2_rialto,4,oracle,late,50.266666666666666,0.743,0.9536701498228508,0.7422693498879522,0.727679362000391,0.4626865671641791,0.4105960264900662,0.7606177606177607,0.851234297824812,0.03582397118991227,0.34769242473534245,0.9983978776187279,0.7763156772705507
0,h2_rialto__c4,h2_rialto,4,oracle,all,31.513513513513512,0.7401081081081081,0.9599152147390013,0.7396979396938034,0.7241511723897104,0.5143325143325144,0.5097402597402597,0.7480429434131067,0.8154680658637883,0.030549710265068832,0.35445025981031514,0.9010675132507058,0.6391598486227904
0,h2_rialto__c5,h2_rialto,5,fifo,window,29.0,0.543,0.8800069463179009,0.5467756956886379,0.5287641333989846,0.22857142857142856,0.17391304347826086,0.560796645702306,1.4704127684849837,0.07943490233048026,0.6140260827838092,1.1758220612385377,1.0595203376263598
0,h2_rialto__c5,h2_rialto,5,fifo,late,53.86666666666667,0.7456666666666667,0.9545028758908296,0.7454745484734351,0.7388011039912225,0.6022727272727273,0.6347305389221557,0.752206141899047,0.8600537780147873,0.038266611690724095,0.35053933058199693,0.9937962069102523,0.76942033293063
0,h2_rialto__c5,h2_rialto,5,fifo,all,30.641304347826086,0.7422282608695652,0.9604073782819954,0.7415489404947275,0.7299592392053255,0.5759865659109992,0.5784148397976391,0.7476834952546751,0.8149236089904827,0.025390094143249567,0.35358450271257125,0.8660878939392679,0.6427176626475116
0,h2_rialto__c5,h2_rialto,5,ltm,window,29.0,0.543,0.8800069463179009,0.5467756956886379,0.5287641333989846,0.22857142857142856,0.17391304347826086,0.560796645702306,1.4704127684849837,0.07943490233048026,0.6140260827838092,1.1758220612385377,1.0595203376263598
0,h2_rialto__c5,h2_rialto,5,ltm,late,53.86666666666667,0.7456666666666667,0.9545028758908296,0.7454745484734351,0.7388011039912225,0.6022727272727273,0.6347305389221557,0.752206141899047,0.8600537780147873,0.038266611690724095,0.35053933058199693,0.9937962069102523,0.76942033293063
0,h2_rialto__c5,h2_rialto,5,ltm,all,30.641304347826086,0.7422282608695652,0.9604073782819954,0.7415489404947275,0.7299592392053255,0.5759865659109992,0.5784148397976391,0.7476834952546751,0.8149236089904827,0.025390094143249567,0.35358450271257125,0.8660878939392679,0.6427176626475116
0,h2_rialto__c5,h2_rialto,5,em,window,29.0,0.364,0.6833374319973524,0.3875955198828473,0.37511827417841126,0.16716417910447762,0.6086956521739131,0.3522012578616352,5.3714446911310025,0.421763529872859,1.0062392284391988,0.4727695253354621,0.5719713616228498
0,h2_rialto__c5,h2_rialto,5,em,late,53.86666666666667,0.6403333333333333,0.8530588513043892,0.6610094880089381,0.6464019141424606,0.3484224965706447,0.7604790419161677,0.6332509707024356,2.4209975128735945,0.1749774210797757,0.5547125349367279,0.5594871427590583,0.5360156708938235
0,h2_rialto__c5,h2_rialto,5,em,all,30.641304347826086,0.66125,0.8682133975264994,0.667189282319254,0.6467980059705905,0.37591776798825255,0.6475548060708263,0.661706070646375,2.2132706529407766,0.17909975198348782,0.5288244878667452,0.49566823684594824,0.4517529856648467
0,h2_rialto__c5,h2_rialto,5,rp,window,29.0,0.54,0.8768878018253126,0.5499797177127902,0.5317584228670811,0.22807017543859648,0.2826086956521739,0.5524109014675053,1.5134686469440737,0.07972151861817416,0.621821416979795,1.2072233936677625,1.0739509617391239
0,h2_rialto__c5,h2_rialto,5,rp,late,53.86666666666667,0.7466666666666667,0.9543766229503319,0.7470837747810544,0.7389919935947526,0.5737265415549598,0.6407185628742516,0.752912107306742,0.8635458779119363,0.03665056451982353,0.35161114808887295,0.9852147814612939,0.7708277658564687
0,h2_rialto__c5,h2_rialto,5,rp,all,30.641304347826086,0.7416847826086956,0.9601591554126145,0.7413585781003782,0.7276943730069361,0.5461720599842147,0.5834738617200674,0.7469534452743303,0.8190107913478138,0.025042145296804014,0.35477756000557353,0.8611344655879403,0.6439442663796565
0,h2_rialto__c5,h2_rialto,5,rp5,window,29.0,0.542,0.8787819351689231,0.5476805171071412,0.5299982680810988,0.23529411764705882,0.21739130434782608,0.5576519916142557,1.483730093531855,0.0861154300415948,0.6151056456921774,1.1959744322607426,1.0716424660207862
0,h2_rialto__c5,h2_rialto,5,rp5,late,53.86666666666667,0.7476666666666667,0.9545166986266305,0.7478365926116733,0.7402371627005366,0.584958217270195,0.6287425149700598,0.7546770208259795,0.8610094880462555,0.03345821970835468,0.3507533401726073,0.9956825742338818,0.7696829746085252
0,h2_rialto__c5,h2_rialto,5,rp5,all,30.641304347826086,0.7428260869565217,0.9603484499760867,0.7422713437413219,0.7299648323180818,0.5664739884393064,0.5784148397976391,0.7483012298534284,0.815875352058676,0.02424016670325789,0.35366599827024314,0.8656267106013084,0.6435301958348167
0,h2_rialto__c5,h2_rialto,5,oracle,window,29.0,0.544,0.8779229285994375,0.5527527512372162,0.5340434760099523,0.2222222222222222,0.2391304347826087,0.5587002096436059,1.498365772275435,0.09176296512750355,0.6154066742777589,1.2045871092373006,1.0721031378747878
0,h2_rialto__c5,h2_rialto,5,oracle,late,53.86666666666667,0.7426666666666667,0.9547625185141578,0.7426373019779106,0.735597238189795,0.5915492957746479,0.6287425149700598,0.7493822802682668,0.8591772318808638,0.03911990984242367,0.35009377892952653,0.98650940995685,0.7695523032828328
0,h2_rialto__c5,h2_rialto,5,oracle,all,30.641304347826086,0.7417391304347826,0.9604753160819012,0.7413538133497164,0.7288792386639585,0.5631536604987932,0.5902192242833052,0.7467849722019431,0.8151996921952148,0.025066706262411226,0.3535676724109574,0.8567231474319648,0.6427109863086499
0,h2_rialto__c6,h2_rialto,6,fifo,window,26.1,0.532,0.8738718912545327,0.5378930774812892,0.5388188890515401,0.5542168674698795,0.48936170212765956,0.534102833158447,1.5303983811235942,0.10254423277217421,0.6307577956427819,0.9291817964836047,1.0362193953915317
0,h2_rialto__c6,h2_rialto,6,fifo,late,57.0,0.7236666666666667,0.9538155418333496,0.723342352195347,0.7217852708479389,0.6909975669099757,0.8502994011976048,0.7162019061066007,0.8825759949885367,0.03839459391356446,0.3678307512908125,0.754180886681118,0.8066245870795824
0,h2_rialto__c6,h2_rialto,6,fifo,all,31.308108108108108,0.7247027027027027,0.9563813727321204,0.7239853444807548,0.7252953875348049,0.7427258805513017,0.7950819672131147,0.72230296254891,0.8668434225372548,0.028032830489684076,0.3761257200758648,0.5770908054874055,0.682207576611728
0,h2_rialto__c6,h2_rialto,6,ltm,window,26.1,0.532,0.8738718912545327,0.5378930774812892,0.5388188890515401,0.5542168674698795,0.48936170212765956,0.534102833158447,1.5303983811235942,0.10254423277217421,0.6307577956427819,0.9291817964836047,1.0362193953915317
0,h2_rialto__c6,h2_rialto,6,ltm,late,57.0,0.7236666666666667,0.9538155418333496,0.723342352195347,0.7217852708479389,0.6909975669099757,0.8502994011976048,0.7162019061066007,0.8825759949885367,0.03839459391356446,0.3678307512908125,0.754180886681118,0.8066245870795824
0,h2_rialto__c6,h2_rialto,6,ltm,all,31.308108108108108,0.7247027027027027,0.9563813727321204,0.7239853444807548,0.7252953875348049,0.7427258805513017,0.7950819672131147,0.72230296254891,0.8668434225372548,0.028032830489684076,0.3761257200758648,0.5770908054874055,0.682207576611728
0,h2_rialto__c6,h2_rialto,6,em,window,26.1,0.398,0.695011635711975,0.4153446293149861,0.40686785229493694,0.2627118644067797,0.6595744680851063,0.385099685204617,5.024077628249865,0.38909747105284265,0.9741389740311923,0.48909921465066364,0.5722591450563236
0,h2_rialto__c6,h2_rialto,6,em,late,57.0,0.6503333333333333,0.8423942731435696,0.6535944857733677,0.6495681113928711,0.5685884691848907,0.8562874251497006,0.6381927285563007,2.6001236531018614,0.1680721863976931,0.5641448118992511,0.5074202855822929,0.5302665306250267
0,h2_rialto__c6,h2_rialto,6,em,all,31.308108108108108,0.6515135135135135,0.8604589429317808,0.6522040423975447,0.6468127866788405,0.5742345465049105,0.8147540983606557,0.6459474566797093,2.3399765334532328,0.1843088646223297,0.5530169157129919,0.38596407146917444,0.4664917882043854
0,h2_rialto__c6,h2_rialto,6,rp,window,26.1,0.511,0.8716523265043692,0.5194574142959247,0.5122273570993541,0.3888888888888889,0.5957446808510638,0.5068205666316894,1.5756266017814646,0.1125161658606413,0.6442696980662923,0.8328145023487846,1.0553873214994538
0,h2_rialto__c6,h2_rialto,6,rp,late,57.0,0.7203333333333334,0.9540583167118163,0.7195985134494708,0.7182757739655681,0.6923076923076923,0.8622754491017964,0.7119661136604306,0.8805769385789196,0.044249388078553505,0.36753770899163735,0.7500955499383366,0.8089070009158976
0,h2_rialto__c6,h2_rialto,6,rp,all,31.308108108108108,0.7226486486486486,0.9562559728443902,0.7219474536878921,0.7218155337252004,0.7198838896952104,0.8131147540983606,0.719564002235886,0.8701700213267961,0.030127741404591225,0.3773174324478296,0.5649472048320617,0.6837444917624955
0,h2_rialto__c6,h2_rialto,6,rp5,window,26.1,0.533,0.8739397582471119,0.5390925951760925,0.541463274047272,0.5813953488372093,0.5319148936170213,0.5330535152151101,1.5421740348621455,0.10348440440842706,0.6321224130332704,0.8943368617965395,1.0539958750651868
0,h2_rialto__c6,h2_rialto,6,rp5,late,57.0,0.722,0.9538078184409267,0.7216188450986452,0.7199067393553846,0.6859903381642513,0.8502994011976048,0.7144369925873633,0.8833550349919612,0.0404516908431185,0.36792721537303547,0.7547538868573581,0.8062022786130578
0,h2_rialto__c6,h2_rialto,6,rp5,all,31.308108108108108,0.7245405405405405,0.9563664647262927,0.7238074862210945,0.7252384473909922,0.7442922374429224,0.8016393442622951,0.7219116825041922,0.8677992399206027,0.02779760047880408,0.3763229079420521,0.5737360968165669,0.6832017684128484
0,h2_rialto__c6,h2_rialto,6,oracle,window,26.1,0.527,0.8737355962026883,0.5323247837450404,0.5310335085792937,0.5087719298245614,0.6170212765957447,0.5225603357817419,1.5454458150506343,0.09740592987119576,0.6335371370951225,0.8481653993390753,1.0638546733544323
0,h2_rialto__c6,h2_rialto,6,oracle,late,57.0,0.726,0.9539293800690197,0.7253171223866457,0.723960525001881,0.6973365617433414,0.8622754491017964,0.7179668196258383,0.8814583953162279,0.03773349974401378,0.3674696043855139,0.7447863141282467,0.8038564408361133
0,h2_rialto__c6,h2_rialto,6,oracle,all,31.308108108108108,0.7241081081081081,0.9564914615788507,0.7232403947200624,0.724924058171658,0.7473684210526316,0.8147540983606557,0.7210173281162661,0.8664238409909053,0.029019504885004595,0.3758026222077404,0.5638436040581208,0.683194451732003
0,h2_rialto__c7,h2_rialto,7,fifo,window,29.4,0.547,0.8815480438303192,0.5520398074469555,0.542660077739856,0.3829787234042553,0.375,0.555672268907563,1.4602024333960504,0.07096445585230293,0.6205886156649133,1.2387634413340938,1.0935127871960841
0,h2_rialto__c7,h2_rialto,7,fifo,late,52.8,0.7496666666666667,0.9577409440551514,0.7491549450457535,0.7398077643229214,0.5597269624573379,0.5093167701863354,0.7632969355406833,0.8191258358135683,0.031611824444399805,0.34347854465742494,1.0631868092591048,0.7503385847629073
0,h2_rialto__c7,h2_rialto,7,fifo,all,32.12972972972973,0.7496756756756757,0.9608354743944243,0.748907667846647,0.7389205545274041,0.6030664395229983,0.5654952076677316,0.7561262168512923,0.8070441030766188,0.017358644456042363,0.35214761534983524,0.8469189506983168,0.6478749287706473
0,h2_rialto__c7,h2_rialto,7,ltm,window,29.4,0.547,0.8815480438303192,0.5520398074469555,0.542660077739856,0.3829787234042553,0.375,0.555672268907563,1.4602024333960504,0.07096445585230293,0.6205886156649133,1.2387634413340938,1.0935127871960841
0,h2_rialto__c7,h2_rialto,7,ltm,late,52.8,0.7496666666666667,0.9577409440551514,0.7491549450457535,0.7398077643229214,0.5597269624573379,0.5093167701863354,0.7632969355406833,0.8191258358135683,0.031611824444399805,0.34347854465742494,1.0631868092591048,0.7503385847629073
0,h2_rialto__c7,h2_rialto,7,ltm,all,32.12972972972973,0.7496756756756757,0.9608354743944243,0.748907667846647,0.7389205545274041,0.6030664395229983,0.5654952076677316,0.7561262168512923,0.8070441030766188,0.017358644456042363,0.35214761534983524,0.8469189506983168,0.6478749287706473
0,h2_rialto__c7,h2_rialto,7,em,window,29.4,0.339,0.6664167523051938,0.35664024679850065,0.3468397356609275,0.1793478260869565,0.6875,0.32142857142857145,6.091020202242976,0.45882408555577087,1.0899719171127968,0.44343742516802154,0.5239383983954368
0,h2_rialto__c7,h2_rialto,7,em,late,52.8,0.666,0.8548131769817415,0.6732953495969892,0.6594699360655368,0.3930131004366812,0.5590062111801242,0.6720676294469884,2.259148989722749,0.1361880244903434,0.5094214178361987,0.6590979154852374,0.5562990158325171
0,h2_rialto__c7,h2_rialto,7,em,all,32.12972972972973,0.6683243243243243,0.8712345364309726,0.6716597407747404,0.6543737097886126,0.41923284710967046,0.6198083067092651,0.6700234978180597,2.12196183656483,0.16436799325204896,0.5165444265254117,0.5042744941208436,0.46993823498054466
0,h2_rialto__c7,h2_rialto,7,rp,window,29.4,0.525,0.8746191856633221,0.534813518303608,0.5217516799197695,0.2978723404255319,0.4375,0.5294117647058824,1.5244169927388092,0.07512732024981478,0.644570988193643,1.0990102971596087,1.1071194694530915
0,h2_rialto__c7,h2_rialto,7,rp,late,52.8,0.7466666666666667,0.9574717151767551,0.7468374797045887,0.7355069610115071,0.5169230769230769,0.5217391304347826,0.7594223318069743,0.8236745631752168,0.034318584319258646,0.34584976137895984,1.0667942184795889,0.7512512279753626
0,h2_rialto__c7,h2_rialto,7,rp,all,32.12972972972973,0.7468108108108108,0.9604538487913168,0.7462776260710307,0.7343974670533345,0.5727923627684964,0.5750798722044729,0.7528253328857558,0.8120899049244256,0.019966579843377307,0.3541879204300288,0.8369563212051868,0.6496367095528439
0,h2_rialto__c7,h2_rialto,7,rp5,window,29.4,0.541,0.8801518750998071,0.5485761653691864,0.5386623741640775,0.3697478991596639,0.4583333333333333,0.5451680672268907,1.4789795598374476,0.07009920115791163,0.6258912108626944,1.1889988755833831,1.1079703003217043
0,h2_rialto__c7,h2_rialto,7,rp5,late,52.8,0.7496666666666667,0.9575732910765442,0.7492812106820915,0.7398891727096268,0.5589225589225589,0.515527950310559,0.7629446988376188,0.8201327615762246,0.03607002225918425,0.343870543086345,1.0583965384763552,0.7504256430232382
0,h2_rialto__c7,h2_rialto,7,rp5,all,32.12972972972973,0.7495135135135135,0.9607629671037294,0.7488889511266182,0.7383751512906256,0.5953565505804311,0.5734824281150159,0.75567863936444,0.8081513057554351,0.017655401549913796,0.3525034149744027,0.8410891632987422,0.648872989010987
0,h2_rialto__c7,h2_rialto,7,oracle,window,29.4,0.525,0.8779117697582886,0.5361498884144167,0.5238924603299567,0.3142857142857143,0.4583333333333333,0.5283613445378151,1.5059522997619794,0.07825917889223576,0.6379287775954384,1.1012590990303583,1.0984172908264158
0,h2_rialto__c7,h2_rialto,7,oracle,late,52.8,0.7516666666666667,0.9580335937215011,0.7511182610208352,0.7432088567312919,0.5910652920962199,0.5341614906832298,0.7640014089468122,0.8166621925574918,0.03378857554949437,0.34248983584804954,1.0575038149997902,0.7490237552691429
0,h2_rialto__c7,h2_rialto,7,oracle,all,32.12972972972973,0.7501081081081081,0.960830429178718,0.7495697318819992,0.7388241794099842,0.5926530612244898,0.5798722044728435,0.7560702696654358,0.8082689577875861,0.018791815787971764,0.35242984246171033,0.8303133754588412,0.647895709874463
0,h2_rialto__c8,h2_rialto,8,fifo,window,28.4,0.527,0.8807212823707868,0.5310173363315095,0.5279581098162908,0.47058823529411764,0.3137254901960784,0.5384615384615384,1.4362973150823193,0.08638276875131572,0.6131076385102494,1.3047847390456837,1.0658046358395925
0,h2_rialto__c8,h2_rialto,8,fifo,late,54.43333333333333,0.737,0.956505264881786,0.7359726551001454,0.7320377225462938,0.6547619047619048,0.6832298136645962,0.740049313138429,0.8424438390781321,0.030126147183202282,0.35381756232847056,0.9368240892541094,0.7652101826099953
0,h2_rialto__c8,h2_rialto,8,fifo,all,31.302702702702703,0.736,0.9601585642093295,0.73531476907844,0.7298416458598677,0.6565008025682183,0.6738056013179572,0.7381098753702565,0.8159526019973471,0.026703319632556614,0.3586154603699987,0.8056435210428182,0.6505240555871424
0,h2_rialto__c8,h2_rialto,8,ltm,window,28.4,0.527,0.8807212823707868,0.5310173363315095,0.5279581098162908,0.47058823529411764,0.3137254901960784,0.5384615384615384,1.4362973150823193,0.08638276875131572,0.6131076385102494,1.3047847390456837,1.0658046358395925
0,h2_rialto__c8,h2_rialto,8,ltm,late,54.43333333333333,0.737,0.956505264881786,0.7359726551001454,0.7320377225462938,0.6547619047619048,0.6832298136645962,0.740049313138429,0.8424438390781321,0.030126147183202282,0.35381756232847056,0.9368240892541094,0.7652101826099953
0,h2_rialto__c8,h2_rialto,8,ltm,all,31.302702702702703,0.736,0.9601585642093295,0.73531476907844,0.7298416458598677,0.6565008025682183,0.6738056013179572,0.7381098753702565,0.8159526019973471,0.026703319632556614,0.3586154603699987,0.8056435210428182,0.6505240555871424
0,h2_rialto__c8,h2_rialto,8,em,window,28.4,0.374,0.6527128288491526,0.3959673083216116,0.3844542444282019,0.17222222222222222,0.6078431372549019,0.36143308746048475,6.194339771681565,0.4343869082537054,1.0620082522937135,0.6368020370683934,0.4974808782110343
0,h2_rialto__c8,h2_rialto,8,em,late,54.43333333333333,0.6463333333333333,0.8472252614723972,0.6495147202499127,0.6414609509519755,0.48372093023255813,0.6459627329192547,0.6463543501232828,2.432789980414419,0.16669338132625716,0.5504560650022866,0.6325034446005278,0.5274813405712131
0,h2_rialto__c8,h2_rialto,8,em,all,31.302702702702703,0.6606486486486487,0.8674770024868049,0.6640723367224276,0.6485068769562228,0.43995859213250516,0.700164744645799,0.6593081093164925,2.2213902041560605,0.17769011340524038,0.5366623241831181,0.5014829307273845,0.45188829057541535
0,h2_rialto__c8,h2_rialto,8,rp,window,28.4,0.517,0.8774139283837272,0.5281889247206366,0.5147467836945832,0.26666666666666666,0.39215686274509803,0.523709167544784,1.4715829329397905,0.09214619394426497,0.6253243513163335,1.256234587536382,1.0834327706147513
0,h2_rialto__c8,h2_rialto,8,rp,late,54.43333333333333,0.7346666666666667,0.9563219213279008,0.7336439765121305,0.7298180926190065,0.6546546546546547,0.6770186335403726,0.7379358929200422,0.8436478777407522,0.040682247506820673,0.3537114860303447,0.9265671667909117,0.7660842064484207
0,h2_rialto__c8,h2_rialto,8,rp,all,31.302702702702703,0.7332972972972973,0.9599639897870345,0.7328798403249526,0.7244572568553436,0.6116071428571429,0.6771004942339374,0.7352037109484156,0.8199222678150734,0.028164118386372762,0.3601625758532189,0.792279684346442,0.6518261562756925
0,h2_rialto__c8,h2_rialto,8,rp5,window,28.4,0.528,0.8809613366903142,0.5330289685484536,0.5304592051968765,0.4819277108433735,0.39215686274509803,0.5353003161222339,1.441603842525998,0.08183283634988373,0.613839760127817,1.2649674308049734,1.0816946673208996
0,h2_rialto__c8,h2_rialto,8,rp5,late,54.43333333333333,0.7386666666666667,0.956672677377426,0.7376234017174292,0.734289068722797,0.6686746987951807,0.6894409937888198,0.7414582599506868,0.8417385215594282,0.029866021392409882,0.353543462934654,0.9393371007686396,0.765900342970787
0,h2_rialto__c8,h2_rialto,8,rp5,all,31.302702702702703,0.7363783783783784,0.960208040275876,0.7357244926722394,0.7301516686038074,0.6554756195043965,0.6754530477759473,0.7384452020343151,0.8162437003943913,0.026997156244080372,0.35860714718074777,0.8028514121401485,0.65175743592846
0,h2_rialto__c8,h2_rialto,8,oracle,window,28.4,0.526,0.8840066740656269,0.5321529914298327,0.5290309324175596,0.47058823529411764,0.47058823529411764,0.5289778714436248,1.4329974316048146,0.08365622373182606,0.6134008984767717,1.2302430481306543,1.0878323930131946
0,h2_rialto__c8,h2_rialto,8,oracle,late,54.43333333333333,0.7386666666666667,0.9567404015078799,0.7377191885590775,0.7345778592875167,0.6726726726726727,0.6956521739130435,0.7411060232476224,0.839686479675381,0.034871470667204155,0.35198685115932804,0.9281179446362159,0.7628709351264318
0,h2_rialto__c8,h2_rialto,8,oracle,all,31.302702702702703,0.7355135135135135,0.9604479706780331,0.7348706023875808,0.7288163769844171,0.6476923076923077,0.6935749588138386,0.7369362320460515,0.8143376014328501,0.02640504715283577,0.35824504338616875,0.7885068391113932,0.6507316400728169
0,h2_rialto__c9,h2_rialto,9,fifo,window,28.5,0.512,0.8827217918584541,0.5155771572260979,0.5227035131432258,0.6521739130434783,0.6,0.5073684210526316,1.4724967516515388,0.0929568451992064,0.6367904027955237,1.003207197391589,1.1201451391951291
0,h2_rialto__c9,h2_rialto,9,fifo,late,56.233333333333334,0.7286666666666667,0.9591187248545827,0.7271079373839842,0.7321209831230004,0.8305647840531561,0.7763975155279503,0.7259598450158506,0.8225262738852432,0.02547718709937714,0.3546903519820459,0.6700761736174764,0.8027326226218571
0,h2_rialto__c9,h2_rialto,9,fifo,all,30.983783783783785,0.7182702702702702,0.9574163132297494,0.7174634296685326,0.7231169022743338,0.798443579766537,0.8535773710482529,0.7137270238560813,0.8608830300941461,0.027083012610273547,0.3827420387620706,0.5316337025116514,0.7065452927522046
0,h2_rialto__c9,h2_rialto,9,ltm,window,28.5,0.512,0.8827217918584541,0.5155771572260979,0.5227035131432258,0.6521739130434783,0.6,0.5073684210526316,1.4724967516515388,0.0929568451992064,0.6367904027955237,1.003207197391589,1.1201451391951291
0,h2_rialto__c9,h2_rialto,9,ltm,late,56.233333333333334,0.7286666666666667,0.9591187248545827,0.7271079373839842,0.7321209831230004,0.8305647840531561,0.7763975155279503,0.7259598450158506,0.8225262738852432,0.02547718709937714,0.3546903519820459,0.6700761736174764,0.8027326226218571
0,h2_rialto__c9,h2_rialto,9,ltm,all,30.983783783783785,0.7182702702702702,0.9574163132297494,0.7174634296685326,0.7231169022743338,0.798443579766537,0.8535773710482529,0.7137270238560813,0.8608830300941461,0.027083012610273547,0.3827420387620706,0.5316337025116514,0.7065452927522046
0,h2_rialto__c9,h2_rialto,9,em,window,28.5,0.381,0.6770143373131856,0.38640474847532236,0.3870361296281254,0.4,0.7,0.3642105263157895,5.366866643590467,0.4081765078624515,1.021343500153982,0.45151539215694764,0.5721337237929064
0,h2_rialto__c9,h2_rialto,9,em,late,56.233333333333334,0.6443333333333333,0.8530060846828933,0.6442561431187084,0.6513320922844985,0.7896440129449838,0.7577639751552795,0.6379006692497359,2.39558610621142,0.16527724698376894,0.5347999373360764,0.5190352171935653,0.5519391155251369
0,h2_rialto__c9,h2_rialto,9,em,all,30.983783783783785,0.638054054054054,0.8646980332748267,0.6377795271085226,0.6402341485055996,0.6729222520107239,0.8352745424292846,0.6314319235711492,2.296741426233741,0.18630619216453426,0.5580003180596956,0.3796381205658708,0.492808926752271
0,h2_rialto__c9,h2_rialto,9,rp,window,28.5,0.509,0.8826944932865987,0.5108405606062622,0.5180627983707078,0.6491228070175439,0.74,0.4968421052631579,1.4797509347487714,0.0903848985527426,0.6321103257496168,0.9351421949637847,1.1423072170032456
0,h2_rialto__c9,h2_rialto,9,rp,late,56.233333333333334,0.7296666666666667,0.9588912628238301,0.7282781654489563,0.7331546558970018,0.8289473684210527,0.782608695652174,0.7266643184219795,0.8240211820757296,0.02769346816383779,0.3553691755848378,0.6728088029803319,0.802699006636683
0,h2_rialto__c9,h2_rialto,9,rp,all,30.983783783783785,0.7174054054054054,0.9573260054242431,0.7165424583072445,0.7216510281878786,0.789712556732224,0.8685524126455907,0.712330297781999,0.8630443906145887,0.027399433458091222,0.3832382844436601,0.5265893818340842,0.7081277130669226
0,h2_rialto__c9,h2_rialto,9,rp5,window,28.5,0.511,0.8835764705329652,0.5147304918159998,0.5226461127629658,0.6666666666666666,0.64,0.5042105263157894,1.4688986008391594,0.09768892837846,0.6318090551714411,0.9641518843575885,1.1344558430759608
0,h2_rialto__c9,h2_rialto,9,rp5,late,56.233333333333334,0.7303333333333333,0.9591123022091326,0.7288082572365818,0.7337937244219737,0.8316831683168316,0.782608695652174,0.7273687918281085,0.822609308572544,0.026425163150598736,0.3546308261863284,0.6766519574704678,0.8025009324542011
0,h2_rialto__c9,h2_rialto,9,rp5,all,30.983783783783785,0.7181621621621621,0.9574286504627111,0.717339756734042,0.722894970934842,0.7969111969111969,0.8585690515806988,0.7134476786412649,0.8612565309207397,0.02742678045226951,0.3827542811944183,0.5284913147359577,0.7073776967154362
0,h2_rialto__c9,h2_rialto,9,oracle,window,28.5,0.514,0.8831968218267099,0.515359616033857,0.522682549688595,0.6551724137931034,0.76,0.5010526315789474,1.4699944505294074,0.0916035787768416,0.628196981973504,0.9256912913622994,1.1437398303100152
0,h2_rialto__c9,h2_rialto,9,oracle,late,56.233333333333334,0.733,0.9590144904792866,0.7312270605276922,0.7359067593116739,0.8278145695364238,0.7763975155279503,0.7305389221556886,0.8233345014018816,0.02691385285788181,0.3556748263573741,0.6731470555054263,0.800557972792686
0,h2_rialto__c9,h2_rialto,9,oracle,all,30.983783783783785,0.7189189189189189,0.9575316097432995,0.7180791378412599,0.7235416922389974,0.7963246554364471,0.8652246256239601,0.7140063690708978,0.8604068224414315,0.028884292037102167,0.38253527664377296,0.515688950940524,0.7071607446936781
0,insects_abrupt_balanced__c0,insects_abrupt_balanced,0,fifo,window,42.6,0.772,0.9468494481859522,0.7517473359543903,0.659048211309499,0.7941176470588235,0.782608695652174,0.7712137486573577,0.6044460918586909,0.03309822065240087,0.33771494057890306,0.5719928064447571,0.5621001560371625
0,insects_abrupt_balanced__c0,insects_abrupt_balanced,0,fifo,late,34.4,0.8033333333333333,0.9362772806605433,0.8118050854528192,0.7313522860466662,0.8368794326241135,0.8082191780821918,0.8032114793303724,0.7066161824775479,0.036060084115993464,0.28462220606879235,0.47476660198849235,0.3894223581370895
0,insects_abrupt_balanced__c0,insects_abrupt_balanced,0,fifo,all,30.923976608187136,0.7414035087719298,0.9489877098442728,0.7417848955189735,0.7438601858985002,0.7618164967562558,0.6838602329450915,0.7434996060367295,0.7116255262200355,0.027804981384873632,0.36353168261689356,0.6659650759722116,0.530931618086106
0,insects_abrupt_balanced__c0,insects_abrupt_balanced,0,ltm,window,42.6,0.772,0.9468494481859522,0.7517473359543903,0.659048211309499,0.7941176470588235,0.782608695652174,0.7712137486573577,0.6044460918586909,0.03309822065240087,0.33771494057890306,0.5719928064447571,0.5621001560371625
0,insects_abrupt_balanced__c0,insects_abrupt_balanced,0,ltm,late,34.4,0.8033333333333333,0.9362772806605433,0.8118050854528192,0.7313522860466662,0.8368794326241135,0.8082191780821918,0.8032114793303724,0.7066161824775479,0.036060084115993464,0.28462220606879235,0.47476660198849235,0.3894223581370895
0,insects_abrupt_balanced__c0,insects_abrupt_balanced,0,ltm,all,30.923976608187136,0.7414035087719298,0.9489877098442728,0.7417848955189735,0.7438601858985002,0.7618164967562558,0.6838602329450915,0.7434996060367295,0.7116255262200355,0.027804981384873632,0.36353168261689356,0.6659650759722116,0.530931618086106
0,insects_abrupt_balanced__c0,insects_abrupt_balanced,0,em,window,42.6,0.758,0.9286624063014419,0.7481748808526403,0.6841422178775028,0.8,0.8405797101449275,0.7518796992481203,0.7316772678438861,0.054590828316564304,0.35083913288420715,0.46039486894950943,0.4806409780677249
0,insects_abrupt_balanced__c0,insects_abrupt_balanced,0,em,late,34.4,0.8493333333333334,0.9306953549420429,0.8490997961312268,0.7106340446445678,0.5391304347826087,0.8493150684931506,0.8493337888623164,0.8503620782626838,0.06001414835719682,0.24222188038601758,0.42509213462657514,0.24291503610136633
0,insects_abrupt_balanced__c0,insects_abrupt_balanced,0,em,all,30.923976608187136,0.703859649122807,0.903255825795957,0.7019184343400832,0.7105901639694591,0.7692307692307693,0.848585690515807,0.6985877931995879,1.489279333195022,0.12776236789621012,0.46172826263410427,0.38254539763314865,0.4128786475997663
0,insects_abrupt_balanced__c0,insects_abrupt_balanced,0,rp,window,42.6,0.76,0.9439584526045093,0.7439819043712009,0.659304714144616,0.8082191780821918,0.855072463768116,0.7529538131041891,0.607377751418393,0.04732491323560717,0.3445984859318239,0.45097224676043995,0.5600088285379888
0,insects_abrupt_balanced__c0,insects_abrupt_balanced,0,rp,late,34.4,0.855,0.9442283998657256,0.8563269648684577,0.7680888414071448,0.8472222222222222,0.8356164383561644,0.8554834301332422,0.5853118589261557,0.038075428872730445,0.21411947413723922,0.46065882297941324,0.2720100693198483
0,insects_abrupt_balanced__c0,insects_abrupt_balanced,0,rp,all,30.923976608187136,0.7612280701754386,0.9532107996780894,0.762019939127694,0.7725794507317207,0.8455696202531645,0.8336106489184693,0.7585914297836233,0.6557576576872233,0.022988095966143776,0.33404929789700066,0.4301883519424632,0.5113983030506188
0,insects_abrupt_balanced__c0,insects_abrupt_balanced,0,rp5,window,42.6,0.771,0.9474455152719296,0.7502131863797714,0.6575878854029196,0.7916666666666666,0.8260869565217391,0.7669172932330827,0.5995902165601729,0.028961680367350157,0.3359048611081407,0.4978601647020294,0.559610761962627
0,insects_abrupt_balanced__c0,insects_abrupt_balanced,0,rp5,late,34.4,0.827,0.941232393918471,0.8319284986872792,0.7448418023281184,0.8285714285714286,0.7945205479452054,0.8278100444140758,0.6365698003078288,0.038747861091962085,0.24451148122517566,0.4676783893499492,0.3207778694229782
0,insects_abrupt_balanced__c0,insects_abrupt_balanced,0,rp5,all,30.923976608187136,0.7523976608187134,0.9519573258333941,0.7531521473506054,0.7596056641674093,0.806049822064057,0.7537437603993344,0.7523486271895267,0.6766987258933335,0.0265893628087759,0.34577885315349616,0.515458199880247,0.5152343491644845
0,insects_abrupt_balanced__c0,insects_abrupt_balanced,0,oracle,window,42.6,0.773,0.953383942119214,0.755962642615577,0.6736355914372001,0.8082191780821918,0.855072463768116,0.7669172932330827,0.5755983122857979,0.027395813013121686,0.32296699124562667,0.46915505358273357,0.549411549938126
0,insects_abrupt_balanced__c0,insects_abrupt_balanced,0,oracle,late,34.4,0.874,0.9509666132579433,0.873023870308264,0.7870232019165154,0.8591549295774648,0.8356164383561644,0.8749572941578408,0.5255947770731875,0.034738416198498316,0.18496874832739302,0.44859932390746143,0.2222286557471725
0,insects_abrupt_balanced__c0,insects_abrupt_balanced,0,oracle,all,30.923976608187136,0.7773684210526316,0.9583729478212445,0.7781215902816428,0.7916139995862613,0.8833333333333333,0.8818635607321131,0.7735620340626704,0.6139497461601009,0.021782275459606086,0.31167530610067823,0.31437902166408305,0.47584536184229603
0,insects_abrupt_balanced__c1,insects_abrupt_balanced,1,fifo,window,28.7,0.766,0.9398264085985657,0.7418592500210787,0.6167156511434005,0.5294117647058824,0.4090909090909091,0.791220556745182,0.6131543323603948,0.03222445301871188,0.34000622298844463,0.8073984087539661,0.49943205361009485
0,insects_abrupt_balanced__c1,insects_abrupt_balanced,1,fifo,late,35.96666666666667,0.811,0.9287305541177423,0.819126076297681,0.7174668417689439,0.546448087431694,0.5376344086021505,0.8197454420364637,0.7161813256179264,0.05019132350880915,0.27325127609825856,0.5822808908445368,0.3627664817864798
0,insects_abrupt_balanced__c1,insects_abrupt_balanced,1,fifo,all,33.853801169590646,0.7642105263157895,0.953876026962504,0.763869773435481,0.7432669914611206,0.6197916666666666,0.587171052631579,0.7707373271889401,0.6310152996205809,0.020582638711910992,0.3290740851618802,0.6805491746123826,0.47894086443715855
0,insects_abrupt_balanced__c1,insects_abrupt_balanced,1,ltm,window,28.7,0.766,0.9398264085985657,0.7418592500210787,0.6167156511434005,0.5294117647058824,0.4090909090909091,0.791220556745182,0.6131543323603948,0.03222445301871188,0.34000622298844463,0.8073984087539661,0.49943205361009485
0,insects_abrupt_balanced__c1,insects_abrupt_balanced,1,ltm,late,35.96666666666667,0.811,0.9287305541177423,0.819126076297681,0.7174668417689439,0.546448087431694,0.5376344086021505,0.8197454420364637,0.7161813256179264,0.05019132350880915,0.27325127609825856,0.5822808908445368,0.3627664817864798
0,insects_abrupt_balanced__c1,insects_abrupt_balanced,1,ltm,all,33.853801169590646,0.7642105263157895,0.953876026962504,0.763869773435481,0.7432669914611206,0.6197916666666666,0.587171052631579,0.7707373271889401,0.6310152996205809,0.020582638711910992,0.3290740851618802,0.6805491746123826,0.47894086443715855
0,insects_abrupt_balanced__c1,insects_abrupt_balanced,1,em,window,28.7,0.734,0.9022905137458753,0.725838495716349,0.6285724558486787,0.5555555555555556,0.6060606060606061,0.7430406852248393,0.9892120402449502,0.09341207681546657,0.40051129354592274,0.6427172315542392,0.4224845635866826
0,insects_abrupt_balanced__c1,insects_abrupt_balanced,1,em,late,35.96666666666667,0.8416666666666667,0.926966451556074,0.8383412284180922,0.7178870407093271,0.6325581395348837,0.7311827956989247,0.8452012383900929,0.8457615757002515,0.060350682725795524,0.2465354965072891,0.4862417968169573,0.23184243941181107
0,insects_abrupt_balanced__c1,insects_abrupt_balanced,1,em,all,33.853801169590646,0.7271345029239766,0.9023937185438399,0.7236777912273339,0.6998909906051439,0.5559502664298401,0.5148026315789473,0.7349624060150376,1.270005961393086,0.11031863302611149,0.4119188364284131,0.508715128945918,0.37425404040924837
0,insects_abrupt_balanced__c1,insects_abrupt_balanced,1,rp,window,28.7,0.774,0.9430658552281971,0.7552585796039449,0.6484314568334112,0.6178861788617886,0.5757575757575758,0.7880085653104925,0.5892211711275395,0.040889775386007715,0.33165084023529473,0.756254346734198,0.5154781879638678
0,insects_abrupt_balanced__c1,insects_abrupt_balanced,1,rp,late,35.96666666666667,0.865,0.935056270497152,0.8654920741894384,0.7681795774909851,0.6413043478260869,0.6344086021505376,0.8723770209838321,0.6053453049286314,0.03360194747103555,0.20645925075369506,0.5503801393774327,0.2578070072413713
0,insects_abrupt_balanced__c1,insects_abrupt_balanced,1,rp,all,33.853801169590646,0.7832163742690058,0.9575145805303927,0.7828605494976585,0.7630077005896513,0.6455906821963394,0.6381578947368421,0.7885641523162745,0.5785325523909307,0.017072874117573196,0.3010537679611987,0.7190730805330028,0.4470491414275802
0,insects_abrupt_balanced__c1,insects_abrupt_balanced,1,rp5,window,28.7,0.769,0.9417324256420551,0.7469488769873092,0.6304371150254321,0.6140350877192983,0.5303030303030303,0.7858672376873662,0.597590332902025,0.03506447351627262,0.3357123166853183,0.7632533725186631,0.5041566680165802
0,insects_abrupt_balanced__c1,insects_abrupt_balanced,1,rp5,late,35.96666666666667,0.836,0.9331216114337572,0.8403419036778262,0.7389772077606477,0.5875706214689266,0.5591397849462365,0.8448572411420708,0.6517349410501174,0.03915110038449191,0.23582895474393614,0.5764835209222556,0.3016703742682329
0,insects_abrupt_balanced__c1,insects_abrupt_balanced,1,rp5,all,33.853801169590646,0.7767251461988304,0.9566386915823853,0.7764004700630027,0.7557049335170261,0.6323907455012854,0.6069078947368421,0.7829856900315304,0.596755442744455,0.01793004849940997,0.3111175676135733,0.6881129697654809,0.45631310383365314
0,insects_abrupt_balanced__c1,insects_abrupt_balanced,1,oracle,window,28.7,0.772,0.94633524825689,0.7530468993381457,0.6419842298081224,0.624,0.5909090909090909,0.784796573875803,0.5795053571983103,0.04009162076754844,0.32989403988263705,0.7222554459753792,0.5066156138134132
0,insects_abrupt_balanced__c1,insects_abrupt_balanced,1,oracle,late,35.96666666666667,0.8763333333333333,0.9429624161341444,0.8744063394365654,0.7782043626578425,0.6961325966850829,0.6774193548387096,0.8826969384244926,0.5557006535170039,0.04488995654341719,0.18072310124058333,0.5547873368083306,0.21029581110148565
0,insects_abrupt_balanced__c1,insects_abrupt_balanced,1,oracle,all,33.853801169590646,0.7961988304093567,0.9621397784322087,0.7955714254029284,0.7766995111902922,0.6655462184873949,0.6513157894736842,0.8015401406742663,0.542235896279029,0.018191499457009673,0.28153532160699,0.6736268014937797,0.4130150893811078
0,insects_abrupt_balanced__c2,insects_abrupt_balanced,2,fifo,window,33.5,0.823,0.9418158107696061,0.7790331782701908,0.5997008221912463,0.10126582278481013,0.05555555555555555,0.8825431034482759,0.5466289567218996,0.032967682211654935,0.27694502582734687,0.6607813071863037,0.38775985635195553
0,insects_abrupt_balanced__c2,insects_abrupt_balanced,2,fifo,late,40.96666666666667,0.8296666666666667,0.9462178730793643,0.8350234163228074,0.7239616196228718,0.35802469135802467,0.27102803738317754,0.8503283788454891,0.6092750920549935,0.02551522313261529,0.248706574425264,0.7855779824716682,0.3431165402972913
0,insects_abrupt_balanced__c2,insects_abrupt_balanced,2,fifo,all,35.674418604651166,0.8168604651162791,0.9635082757413583,0.810271824181613,0.7341527626509031,0.24824355971896955,0.1706924315619968,0.841063996622233,0.5387163448149942,0.026690122238802502,0.26965239742545555,0.7571707739523148,0.38311572921712833
0,insects_abrupt_balanced__c2,insects_abrupt_balanced,2,ltm,window,33.5,0.823,0.9418158107696061,0.7790331782701908,0.5997008221912463,0.10126582278481013,0.05555555555555555,0.8825431034482759,0.5466289567218996,0.032967682211654935,0.27694502582734687,0.6607813071863037,0.38775985635195553
0,insects_abrupt_balanced__c2,insects_abrupt_balanced,2,ltm,late,40.96666666666667,0.8296666666666667,0.9462178730793643,0.8350234163228074,0.7239616196228718,0.35802469135802467,0.27102803738317754,0.8503283788454891,0.6092750920549935,0.02551522313261529,0.248706574425264,0.7855779824716682,0.3431165402972913
0,insects_abrupt_balanced__c2,insects_abrupt_balanced,2,ltm,all,35.674418604651166,0.8168604651162791,0.9635082757413583,0.810271824181613,0.7341527626509031,0.24824355971896955,0.1706924315619968,0.841063996622233,0.5387163448149942,0.026690122238802502,0.26965239742545555,0.7571707739523148,0.38311572921712833
0,insects_abrupt_balanced__c2,insects_abrupt_balanced,2,em,window,33.5,0.768,0.8785555185387158,0.7670237658467844,0.6398664788050451,0.2696629213483146,0.3333333333333333,0.8017241379310345,1.3990875261373945,0.10578521351390843,0.3774422951318701,0.6350889948936097,0.3151219770672444
0,insects_abrupt_balanced__c2,insects_abrupt_balanced,2,em,late,40.96666666666667,0.8426666666666667,0.9385875700701894,0.8500585929436936,0.7310945144890614,0.3855421686746988,0.4485981308411215,0.8572416176978914,0.9889707895570897,0.06487742853583583,0.25356833969497045,0.7064061041363995,0.21865557641798675
0,insects_abrupt_balanced__c2,insects_abrupt_balanced,2,em,all,35.674418604651166,0.7801162790697674,0.918640305720578,0.7754107363886507,0.7010357599266824,0.2261904761904762,0.18357487922705315,0.80246094456843,1.21885931952568,0.10849436902404909,0.3536437529205206,0.6070953452619556,0.27571745235137946
0,insects_abrupt_balanced__c2,insects_abrupt_balanced,2,rp,window,33.5,0.808,0.9382145377181087,0.7811691460459166,0.6205525748355151,0.22641509433962265,0.16666666666666666,0.8577586206896551,0.5317773820309969,0.034516877054652936,0.28344971023422655,0.7678493869962042,0.4435140971586358
0,insects_abrupt_balanced__c2,insects_abrupt_balanced,2,rp,late,40.96666666666667,0.8666666666666667,0.9521618249437093,0.8686882619121146,0.7496913623574241,0.36464088397790057,0.308411214953271,0.8873142067058417,0.5101450070685333,0.039975696808440014,0.18956511940083082,0.7741281179034426,0.22807973534147696
0,insects_abrupt_balanced__c2,insects_abrupt_balanced,2,rp,all,35.674418604651166,0.8338953488372093,0.9673404475791885,0.8286613921612838,0.7516744028383301,0.26077348066298345,0.19001610305958133,0.8580131491646058,0.4859236224646319,0.022660418431717576,0.24311533187462922,0.7776108801751892,0.3557482128831798
0,insects_abrupt_balanced__c2,insects_abrupt_balanced,2,rp5,window,33.5,0.827,0.9429976165383761,0.7904157637917778,0.6249557964551071,0.25,0.1527777777777778,0.8793103448275862,0.5227699608832538,0.030047339886802936,0.271721453384302,0.7198974251037848,0.41125884295773635
0,insects_abrupt_balanced__c2,insects_abrupt_balanced,2,rp5,late,40.96666666666667,0.856,0.9505103305125209,0.8584856453575958,0.743667583148246,0.3668639053254438,0.2897196261682243,0.8769443484272381,0.5429670108189913,0.026875105680877323,0.2104731182103397,0.7928763299849647,0.2765979290159853
0,insects_abrupt_balanced__c2,insects_abrupt_balanced,2,rp5,all,35.674418604651166,0.8304069767441861,0.9666855087955234,0.824558029177555,0.7495043709429088,0.2706422018348624,0.19001610305958133,0.8543941130345618,0.5019156908983193,0.023841975097497747,0.2516611443692503,0.7692056043503626,0.3625769729589968
0,insects_abrupt_balanced__c2,insects_abrupt_balanced,2,oracle,window,33.5,0.816,0.9487519071255006,0.7864099622196605,0.6251251655442537,0.2777777777777778,0.20833333333333334,0.8631465517241379,0.5002825130751177,0.02005946092610733,0.2662350403236957,0.7735011108192283,0.4207485013551845
0,insects_abrupt_balanced__c2,insects_abrupt_balanced,2,oracle,late,40.96666666666667,0.906,0.9603418372209456,0.9040034174282714,0.794181210383214,0.4406779661016949,0.3644859813084112,0.9260283442792948,0.4177457876293033,0.02162222167769001,0.14332993985109768,0.7703104136038628,0.17734135221976285
0,insects_abrupt_balanced__c2,insects_abrupt_balanced,2,oracle,all,35.674418604651166,0.8507558139534884,0.9730072633005293,0.8458624822318779,0.7727317265297202,0.30666666666666664,0.2222222222222222,0.874298811749804,0.43851280760907474,0.016715487820777926,0.21966916767549283,0.7693086815518153,0.3217476786545341
0,insects_abrupt_balanced__c3,insects_abrupt_balanced,3,fifo,window,37.7,0.763,0.950356358273837,0.7526191237013791,0.671602626372592,0.2696629213483146,0.17391304347826086,0.8066595059076263,0.6017934609584452,0.052351139113637826,0.3309325337304649,0.6844993672451956,0.478991520027773
0,insects_abrupt_balanced__c3,insects_abrupt_balanced,3,fifo,late,37.93333333333333,0.8433333333333334,0.9330133768232622,0.8438697897801136,0.7161549773790666,0.4120603015075377,0.422680412371134,0.8573889080261798,0.6213494183102936,0.029435763418773096,0.22894031306536824,0.6570551227350017,0.32991749591421116
0,insects_abrupt_balanced__c3,insects_abrupt_balanced,3,fifo,all,33.45614035087719,0.7843859649122807,0.9527348979611574,0.7839182733603238,0.7462582461712951,0.518918918918919,0.48403361344537815,0.7952135716449561,0.6092266420913512,0.023326516300084945,0.2989813330417734,0.5946559115886503,0.4527411843440818
0,insects_abrupt_balanced__c3,insects_abrupt_balanced,3,ltm,window,37.7,0.763,0.950356358273837,0.7526191237013791,0.671602626372592,0.2696629213483146,0.17391304347826086,0.8066595059076263,0.6017934609584452,0.052351139113637826,0.3309325337304649,0.6844993672451956,0.478991520027773
0,insects_abrupt_balanced__c3,insects_abrupt_balanced,3,ltm,late,37.93333333333333,0.8433333333333334,0.9330133768232622,0.8438697897801136,0.7161549773790666,0.4120603015075377,0.422680412371134,0.8573889080261798,0.6213494183102936,0.029435763418773096,0.22894031306536824,0.6570551227350017,0.32991749591421116
0,insects_abrupt_balanced__c3,insects_abrupt_balanced,3,ltm,all,33.45614035087719,0.7843859649122807,0.9527348979611574,0.7839182733603238,0.7462582461712951,0.518918918918919,0.48403361344537815,0.7952135716449561,0.6092266420913512,0.023326516300084945,0.2989813330417734,0.5946559115886503,0.4527411843440818
0,insects_abrupt_balanced__c3,insects_abrupt_balanced,3,em,window,37.7,0.767,0.9156660476691546,0.7612775022190028,0.6937296909538814,0.48695652173913045,0.4057971014492754,0.7937701396348013,0.8530999932828942,0.07115090429128905,0.3602441505839118,0.3504927968902546,0.44067440637810784
0,insects_abrupt_balanced__c3,insects_abrupt_balanced,3,em,late,37.93333333333333,0.8693333333333333,0.9286154412466097,0.8647373863035964,0.7281625543459094,0.389937106918239,0.31958762886597936,0.8877023768515329,0.6249180270652577,0.05154693743838841,0.2000067433620961,0.33771556857549073,0.1976047825593727
0,insects_abrupt_balanced__c3,insects_abrupt_balanced,3,em,all,33.45614035087719,0.7691228070175439,0.9038858650175667,0.7631518473336992,0.7096812552264665,0.38235294117647056,0.28403361344537814,0.7866101181460163,1.030049725491685,0.08001032893156762,0.3462326993581926,0.3762538670953749,0.37506627378285956
0,insects_abrupt_balanced__c3,insects_abrupt_balanced,3,rp,window,37.7,0.765,0.9510929995496702,0.759655178180003,0.6829580249307431,0.5694444444444444,0.5942028985507246,0.7776584317937701,0.5871113626794981,0.04385593305608812,0.32323860007080657,0.7183754305417268,0.49060459544985113
0,insects_abrupt_balanced__c3,insects_abrupt_balanced,3,rp,late,37.93333333333333,0.8676666666666667,0.9399655165925225,0.866422903757425,0.746003735982104,0.4919786096256685,0.4742268041237113,0.8808129521184981,0.5508433572299609,0.03075684788756855,0.19370516383370937,0.6164677698925575,0.245430263121143
0,insects_abrupt_balanced__c3,insects_abrupt_balanced,3,rp,all,33.45614035087719,0.8005847953216374,0.956969123677347,0.7995893700210409,0.7677406033092291,0.5778175313059034,0.5428571428571428,0.8098757952135717,0.5627769912852025,0.01921535479771734,0.2756187874291253,0.6483317505909453,0.42518246686450867
0,insects_abrupt_balanced__c3,insects_abrupt_balanced,3,rp5,window,37.7,0.763,0.951041818347489,0.758873241552318,0.6795979018282191,0.5,0.4782608695652174,0.7841031149301826,0.5864808808967025,0.04088577405385138,0.321954313588406,0.7174801823547348,0.48719128622702257
0,insects_abrupt_balanced__c3,insects_abrupt_balanced,3,rp5,late,37.93333333333333,0.856,0.9373365663616239,0.855437326671461,0.7317767767537099,0.45595854922279794,0.4536082474226804,0.8694454013089907,0.5778432397203678,0.0263715155159888,0.20747101361571493,0.6427287241780387,0.279434369201881
0,insects_abrupt_balanced__c3,insects_abrupt_balanced,3,rp5,all,33.45614035087719,0.793625730994152,0.9557459184880616,0.7929054794691408,0.7588146228485727,0.5543672014260249,0.5226890756302521,0.8033929112390185,0.5797904349717206,0.021530760562385128,0.2845515599798025,0.6154801677855296,0.4324364151762444
0,insects_abrupt_balanced__c3,insects_abrupt_balanced,3,oracle,window,37.7,0.779,0.9542231212346547,0.7754645026153967,0.7138627098244726,0.6015037593984962,0.5797101449275363,0.7937701396348013,0.5697446672192326,0.034820186208104474,0.3129292278915014,0.7039766536235844,0.48610520053974327
0,insects_abrupt_balanced__c3,insects_abrupt_balanced,3,oracle,late,37.93333333333333,0.889,0.948173405139312,0.8852588221027027,0.7727954380407297,0.5432098765432098,0.4536082474226804,0.9035480537375129,0.4974602945777478,0.028586562414324664,0.16750262544008482,0.5847361887359173,0.193536682743687
0,insects_abrupt_balanced__c3,insects_abrupt_balanced,3,oracle,all,33.45614035087719,0.8148538011695906,0.96116618089188,0.8132839774148684,0.7857328111483524,0.6224299065420561,0.5596638655462185,0.8240533171766131,0.5292680419590603,0.01580021529409832,0.2593376404997307,0.5694318189890085,0.39585291526403565
0,insects_abrupt_balanced__c4,insects_abrupt_balanced,4,fifo,window,43.9,0.797,0.941501595722495,0.7692532476700834,0.6354995491769594,0.448,0.3111111111111111,0.845054945054945,0.6487567567404149,0.05677870770807952,0.3244197516436022,0.5966741297005289,0.41749372848435057
0,insects_abrupt_balanced__c4,insects_abrupt_balanced,4,fifo,late,36.2,0.831,0.9485398548736647,0.8385837401478019,0.7241695832278953,0.38571428571428573,0.32142857142857145,0.845679012345679,0.5780968821864981,0.024492748949636253,0.252304766174702,0.6968354101549276,0.3656993146450915
0,insects_abrupt_balanced__c4,insects_abrupt_balanced,4,fifo,all,34.56976744186046,0.8037790697674418,0.9629220992201794,0.800034294108665,0.7391862308476201,0.3563892145369285,0.254606365159129,0.8235258688188881,0.5689348980675035,0.027038148419901237,0.2904348047559394,0.6789962333552647,0.41558948283111585
0,insects_abrupt_balanced__c4,insects_abrupt_balanced,4,ltm,window,43.9,0.797,0.941501595722495,0.7692532476700834,0.6354995491769594,0.448,0.3111111111111111,0.845054945054945,0.6487567567404149,0.05677870770807952,0.3244197516436022,0.5966741297005289,0.41749372848435057
0,insects_abrupt_balanced__c4,insects_abrupt_balanced,4,ltm,late,36.2,0.831,0.9485398548736647,0.8385837401478019,0.7241695832278953,0.38571428571428573,0.32142857142857145,0.845679012345679,0.5780968821864981,0.024492748949636253,0.252304766174702,0.6968354101549276,0.3656993146450915
0,insects_abrupt_balanced__c4,insects_abrupt_balanced,4,ltm,all,34.56976744186046,0.8037790697674418,0.9629220992201794,0.800034294108665,0.7391862308476201,0.3563892145369285,0.254606365159129,0.8235258688188881,0.5689348980675035,0.027038148419901237,0.2904348047559394,0.6789962333552647,0.41558948283111585
0,insects_abrupt_balanced__c4,insects_abrupt_balanced,4,em,window,43.9,0.783,0.9167645165387892,0.7693534570167069,0.6622682049808656,0.46808510638297873,0.36666666666666664,0.8241758241758241,0.7961709092788628,0.09248792309885401,0.3429188301732106,0.5764346277640127,0.3328411115001777
0,insects_abrupt_balanced__c4,insects_abrupt_balanced,4,em,late,36.2,0.842,0.9244392559494664,0.8461559415372898,0.7250249904152776,0.423841059602649,0.38095238095238093,0.855281207133059,1.0631495790891021,0.06752269233975346,0.26546170881267334,0.6030030891103786,0.23000652342724082
0,insects_abrupt_balanced__c4,insects_abrupt_balanced,4,em,all,34.56976744186046,0.7655813953488372,0.922407693976906,0.7638827587388831,0.7055808624415064,0.3384615384615385,0.3132328308207705,0.781846654219117,1.212514106361204,0.10802825598063376,0.37472278466809755,0.6183894890916175,0.3099259504708155
0,insects_abrupt_balanced__c4,insects_abrupt_balanced,4,rp,window,43.9,0.784,0.9422363697576378,0.7615257499158273,0.635287922642125,0.4520547945205479,0.36666666666666664,0.8252747252747252,0.5946955692871863,0.046945216004905324,0.3187073082661574,0.6543607573319947,0.44014413852697976
0,insects_abrupt_balanced__c4,insects_abrupt_balanced,4,rp,late,36.2,0.8686666666666667,0.955663274875663,0.8710349931620223,0.742635903960331,0.3404255319148936,0.2857142857142857,0.8854595336076817,0.4757476201956383,0.03659760165999707,0.19534098537882089,0.7061742765215259,0.25615387731699074
0,insects_abrupt_balanced__c4,insects_abrupt_balanced,4,rp,all,34.56976744186046,0.8229651162790698,0.9674016064838309,0.8201058618567161,0.7563410037542441,0.3556531284302964,0.271356783919598,0.8427994940673372,0.5118054625616834,0.0247650410126873,0.26084943565973623,0.696170493785431,0.3871071621296633
0,insects_abrupt_balanced__c4,insects_abrupt_balanced,4,rp5,window,43.9,0.795,0.9431172010492991,0.769233091330195,0.6358745311035766,0.45255474452554745,0.34444444444444444,0.8395604395604396,0.6133902361875835,0.04496397893603022,0.3171639497942052,0.6251757305763453,0.4279296648880002
0,insects_abrupt_balanced__c4,insects_abrupt_balanced,4,rp5,late,36.2,0.8533333333333334,0.9532796972385803,0.8574999848541719,0.7319141324359699,0.34285714285714286,0.2857142857142857,0.869684499314129,0.5079110523393806,0.026480167456355896,0.21285207374576567,0.711512328888489,0.2933266253679495
0,insects_abrupt_balanced__c4,insects_abrupt_balanced,4,rp5,all,34.56976744186046,0.8163953488372093,0.9661846775375783,0.8131034304372208,0.7513108215650185,0.36280137772675086,0.2646566164154104,0.8362344154670842,0.5312156724815922,0.02620791515240251,0.27104543422304445,0.685891434119753,0.39273543948899825
0,insects_abrupt_balanced__c4,insects_abrupt_balanced,4,oracle,window,43.9,0.798,0.9511532084946674,0.7727506861717245,0.6407441634349172,0.4748201438848921,0.36666666666666664,0.8406593406593407,0.5651714312776728,0.04281295759128512,0.30343249287307544,0.6899999822439746,0.4319001857096256
0,insects_abrupt_balanced__c4,insects_abrupt_balanced,4,oracle,late,36.2,0.9026666666666666,0.9637879268195592,0.9012879949168593,0.7845965645112084,0.43609022556390975,0.34523809523809523,0.918724279835391,0.3859900984221325,0.02273173313813452,0.14636631250667553,0.7104179366860736,0.1865187548577117
0,insects_abrupt_balanced__c4,insects_abrupt_balanced,4,oracle,all,34.56976744186046,0.8384302325581395,0.9725058564957788,0.8353419742879172,0.7762492942488414,0.40503432494279173,0.2964824120603015,0.8579172438715895,0.4659551953668007,0.020300220504806385,0.23654995245185265,0.6872365316419251,0.34794050360596934
0,insects_abrupt_balanced__c5,insects_abrupt_balanced,5,fifo,window,3.8,0.822,0.9518911672038662,0.8192783964524853,0.684070295738155,0.0,0.0,0.8261306532663316,0.48242801039916383,0.024897429717168712,0.2624212741131471,0.1870721822362477,0.4355543670307192
0,insects_abrupt_balanced__c5,insects_abrupt_balanced,5,fifo,late,129.4,0.6576666666666666,0.9306438471694648,0.6508418236922738,0.6562138395623962,0.5734513274336284,0.4251968503937008,0.6914852997327224,0.8769613613977563,0.07870404933125649,0.4651676059423835,0.6053236515577377,0.6195217039969654
0,insects_abrupt_balanced__c5,insects_abrupt_balanced,5,fifo,all,31.35672514619883,0.7565497076023392,0.9525179042982169,0.7549629160874501,0.7211334539201418,0.5163934426229508,0.42495784148397975,0.7684618646634761,0.6311155695131302,0.02888075772995645,0.3360306015346616,0.5680711526671957,0.5067475729360057
0,insects_abrupt_balanced__c5,insects_abrupt_balanced,5,ltm,window,3.8,0.822,0.9518911672038662,0.8192783964524853,0.684070295738155,0.0,0.0,0.8261306532663316,0.48242801039916383,0.024897429717168712,0.2624212741131471,0.1870721822362477,0.4355543670307192
0,insects_abrupt_balanced__c5,insects_abrupt_balanced,5,ltm,late,129.4,0.6576666666666666,0.9306438471694648,0.6508418236922738,0.6562138395623962,0.5734513274336284,0.4251968503937008,0.6914852997327224,0.8769613613977563,0.07870404933125649,0.4651676059423835,0.6053236515577377,0.6195217039969654
0,insects_abrupt_balanced__c5,insects_abrupt_balanced,5,ltm,all,31.35672514619883,0.7565497076023392,0.9525179042982169,0.7549629160874501,0.7211334539201418,0.5163934426229508,0.42495784148397975,0.7684618646634761,0.6311155695131302,0.02888075772995645,0.3360306015346616,0.5680711526671957,0.5067475729360057
0,insects_abrupt_balanced__c5,insects_abrupt_balanced,5,em,window,3.8,0.69,0.9490012335300183,0.711782375594478,0.6034048219996352,0.04411764705882353,0.6,0.6904522613065327,0.7593128753596237,0.11548719981956933,0.43218875871158274,0.3365756211399762,0.488527505064569
0,insects_abrupt_balanced__c5,insects_abrupt_balanced,5,em,late,129.4,0.6776666666666666,0.9142188071004481,0.6675292524601498,0.6840894851886657,0.8379351740696278,0.916010498687664,0.6429935089728904,1.159369851970548,0.11230956243072646,0.4603143383852779,0.26977573993305926,0.5527794490106577
0,insects_abrupt_balanced__c5,insects_abrupt_balanced,5,em,all,31.35672514619883,0.737251461988304,0.9349282662497226,0.7380009679583062,0.7217589072995603,0.6288916562889165,0.851602023608769,0.7331435148724783,0.8640408119502693,0.08274763941938199,0.37911420922658656,0.24032526017315603,0.44858290429825093
0,insects_abrupt_balanced__c5,insects_abrupt_balanced,5,rp,window,3.8,0.806,0.9513986186068734,0.8065999437598278,0.6734388330275571,0.0,0.0,0.8100502512562814,0.5038895519611084,0.0280545351403393,0.27695541067963325,0.36778988989109973,0.46850191709294087
0,insects_abrupt_balanced__c5,insects_abrupt_balanced,5,rp,late,129.4,0.7096666666666667,0.9424659408122058,0.7111427234302922,0.7270465847160298,0.797583081570997,0.6929133858267716,0.7121038564337533,0.7471256667051286,0.05440366438713815,0.394615184802175,0.22596121032312122,0.6145303033813992
0,insects_abrupt_balanced__c5,insects_abrupt_balanced,5,rp,all,31.35672514619883,0.7770175438596492,0.9570571723067571,0.7767554719218972,0.7737875182711318,0.764378478664193,0.6947723440134908,0.7799721330344702,0.5785188323990305,0.021933385785855464,0.30757369816651814,0.2582344985266951,0.4897408339175851
0,insects_abrupt_balanced__c5,insects_abrupt_balanced,5,rp5,window,3.8,0.82,0.9485126088665795,0.8172982277960376,0.6824069021083886,0.0,0.0,0.8241206030150754,0.48754520839451687,0.031881586939112756,0.26428353097966545,0.21793094301058336,0.4461819860245769
0,insects_abrupt_balanced__c5,insects_abrupt_balanced,5,rp5,late,129.4,0.6933333333333334,0.936014304519552,0.6931224270757766,0.7059913772702974,0.7295597484276729,0.6089238845144357,0.7056128293241696,0.8117042202268193,0.05739961058478828,0.4276786854640578,0.5495844706428085,0.6104664000640825
0,insects_abrupt_balanced__c5,insects_abrupt_balanced,5,rp5,all,31.35672514619883,0.7698245614035087,0.9549559757307264,0.7695788124447973,0.7540069315003831,0.6647780925401322,0.5935919055649241,0.776155570364088,0.6048353168131758,0.023204165668594803,0.3202523912727754,0.47925465284438884,0.49367016143625086
0,insects_abrupt_balanced__c5,insects_abrupt_balanced,5,oracle,window,3.8,0.827,0.9653308925571428,0.8254253592184553,0.6892220573709581,0.0,0.0,0.8311557788944723,0.4677086594360727,0.021324315170575977,0.25712395953222167,0.39645940773846905,0.4246137061490658
0,insects_abrupt_balanced__c5,insects_abrupt_balanced,5,oracle,late,129.4,0.75,0.9535200982805057,0.7521037585349448,0.7740870292501499,0.9745649263721553,0.9553805774278216,0.7201221840397098,0.6134252588677874,0.02386199317972038,0.33243682707219585,0.0783983570795959,0.5915546743982949
0,insects_abrupt_balanced__c5,insects_abrupt_balanced,5,oracle,all,31.35672514619883,0.792046783625731,0.9622201500634792,0.7923848096680804,0.807742718260144,0.9138840070298769,0.8768971332209107,0.7889986066517235,0.5321107815043812,0.01672867731715755,0.28580872653864625,0.11133509922852754,0.46790575971041254
