seed,stream,source,c,policy,period,n_c_mean,acc,roc_auc,weighted_f1,macro_f1,f1_c,recall_c,acc_old,logloss,ece,brier,ent_c,ent_old
0,covertype__c0,covertype,0,fifo,window,20.8,0.794,0.948153004882372,0.7961721111908464,0.6938942047182431,0.2222222222222222,0.17777777777777778,0.8230366492146597,0.6097274416800421,0.036716560296243,0.3067868114164601,0.7279587571355044,0.5208539171107732
0,covertype__c0,covertype,0,fifo,late,15.966666666666667,0.707,0.9340743715300172,0.7059144096877963,0.6386320181094428,0.2191780821917808,0.1568627450980392,0.7165140725669719,0.8682755939362735,0.08717474322099711,0.42017266757021937,0.7987198342078319,0.5319595230283257
0,covertype__c0,covertype,0,fifo,all,14.354651162790697,0.8096511627906977,0.9615696079942532,0.8068624793502202,0.7357509189341416,0.3284671532846715,0.34615384615384615,0.8167650531286895,0.6583927099693764,0.06807985717167662,0.2835364161163396,0.5587498057249242,0.3167971978248918
0,covertype__c0,covertype,0,ltm,window,20.8,0.794,0.948153004882372,0.7961721111908464,0.6938942047182431,0.2222222222222222,0.17777777777777778,0.8230366492146597,0.6097274416800421,0.036716560296243,0.3067868114164601,0.7279587571355044,0.5208539171107732
0,covertype__c0,covertype,0,ltm,late,15.966666666666667,0.707,0.9340743715300172,0.7059144096877963,0.6386320181094428,0.2191780821917808,0.1568627450980392,0.7165140725669719,0.8682755939362735,0.08717474322099711,0.42017266757021937,0.7987198342078319,0.5319595230283257
0,covertype__c0,covertype,0,ltm,all,14.354651162790697,0.8096511627906977,0.9615696079942532,0.8068624793502202,0.7357509189341416,0.3284671532846715,0.34615384615384615,0.8167650531286895,0.6583927099693764,0.06807985717167662,0.2835364161163396,0.5587498057249242,0.3167971978248918
0,covertype__c0,covertype,0,em,window,20.8,0.518,0.8696161211391576,0.5889098948711731,0.5404401378443656,0.19951338199513383,0.9111111111111111,0.49947643979057593,3.0546419181768196,0.3030770384555612,0.7618303537827956,0.3601311428100189,0.44464072380890773
0,covertype__c0,covertype,0,em,late,15.966666666666667,0.632,0.8558685978838049,0.6359135497564027,0.572281511151043,0.2184873949579832,0.5098039215686274,0.6341132587317735,1.994471572721354,0.21940437940594387,0.5997765226781989,0.5145607984752307,0.3703952074977115
0,covertype__c0,covertype,0,em,all,14.354651162790697,0.7569186046511628,0.9140698577376397,0.7677874593741838,0.6898421218669009,0.2431865828092243,0.6692307692307692,0.7582644628099173,1.4422865572148256,0.14983032271445984,0.3936152553219279,0.3317964753843982,0.23415242695215133
0,covertype__c0,covertype,0,rp,window,20.8,0.768,0.9454435235951394,0.786937970195079,0.6994116480729708,0.296875,0.4222222222222222,0.7842931937172775,0.6740111340345234,0.07002003619518957,0.3505344458215226,0.694507329663528,0.5465682838491606
0,covertype__c0,covertype,0,rp,late,15.966666666666667,0.6806666666666666,0.9225635326917594,0.6815134408105481,0.6234084866014046,0.27906976744186046,0.23529411764705882,0.6883689386232621,0.968286160174395,0.12092841507932825,0.4554950383694866,0.6875796500295596,0.49631782384804923
0,covertype__c0,covertype,0,rp,all,14.354651162790697,0.8140116279069768,0.9615222755460477,0.8135016569158088,0.7429517192480478,0.3393739703459638,0.39615384615384613,0.8204250295159387,0.6719482862351552,0.06942889813750022,0.28026744616687366,0.5251684626163987,0.29619776624952765
0,covertype__c0,covertype,0,rp5,window,20.8,0.776,0.9458384128892655,0.7883643835419132,0.6947392329776796,0.2912621359223301,0.3333333333333333,0.7968586387434555,0.6474132751246424,0.0472133665234856,0.3319652499365175,0.7324291094842836,0.5636669241131363
0,covertype__c0,covertype,0,rp5,late,15.966666666666667,0.6893333333333334,0.9307357862899162,0.6876211005657484,0.6234248732163284,0.22535211267605634,0.1568627450980392,0.6985418786029163,0.8965349716123457,0.11220857721934302,0.43911878401972965,0.7770800641430782,0.5209320099538187
0,covertype__c0,covertype,0,rp5,all,14.354651162790697,0.8069767441860465,0.9613414456281734,0.8043653394645048,0.735988424196101,0.35094339622641507,0.3576923076923077,0.8138724911452184,0.6661293464481136,0.0713118387119764,0.28456164003138656,0.5490564819048768,0.31009265910476513
0,covertype__c0,covertype,0,oracle,window,20.8,0.782,0.9573249863755513,0.7947494048972444,0.7085445228114482,0.2962962962962963,0.35555555555555557,0.8020942408376963,0.5858826525304346,0.03552357001869112,0.30697233312368677,0.7291385805754796,0.4955603900640997
0,covertype__c0,covertype,0,oracle,late,15.966666666666667,0.7366666666666667,0.9522079189999352,0.7356577713402885,0.6696799233576376,0.2391304347826087,0.21568627450980393,0.745676500508647,0.7429202200787158,0.0823606189500629,0.37224410556287824,0.714742513657643,0.45605890594264153
0,covertype__c0,covertype,0,oracle,all,14.354651162790697,0.8343023255813954,0.9698987012763458,0.8327642436850909,0.7646632362699862,0.3850467289719626,0.39615384615384613,0.8410271546635183,0.5800708275517716,0.05674238061923289,0.24817738250576568,0.5250642936814415,0.2751103144241591
0,covertype__c1,covertype,1,fifo,window,3.7,0.843,0.9576535777994731,0.8438552503238921,0.7225512690083452,0.16666666666666666,0.16666666666666666,0.8470824949698189,0.4683368690552069,0.04203394258718439,0.25053453051508195,0.7342323975521459,0.44445892955234934
0,covertype__c1,covertype,1,fifo,late,7.133333333333334,0.727,0.9438402672292174,0.732107877115984,0.6270945920891792,0.0,0.0,0.7299196787148594,0.7627053084880819,0.05304029861247849,0.3860162026136818,0.9525430936069691,0.5526386002210332
0,covertype__c1,covertype,1,fifo,all,10.73049645390071,0.7980141843971631,0.9633303549403037,0.8009723545028468,0.763653682408093,0.509493670886076,0.679324894514768,0.8000432806751785,0.70990669110477,0.05666010674610275,0.3041639417838851,0.402711803601911,0.36837359216474874
0,covertype__c1,covertype,1,ltm,window,3.7,0.843,0.9576535777994731,0.8438552503238921,0.7225512690083452,0.16666666666666666,0.16666666666666666,0.8470824949698189,0.4683368690552069,0.04203394258718439,0.25053453051508195,0.7342323975521459,0.44445892955234934
0,covertype__c1,covertype,1,ltm,late,7.133333333333334,0.727,0.9438402672292174,0.732107877115984,0.6270945920891792,0.0,0.0,0.7299196787148594,0.7627053084880819,0.05304029861247849,0.3860162026136818,0.9525430936069691,0.5526386002210332
0,covertype__c1,covertype,1,ltm,all,10.73049645390071,0.7980141843971631,0.9633303549403037,0.8009723545028468,0.763653682408093,0.509493670886076,0.679324894514768,0.8000432806751785,0.70990669110477,0.05666010674610275,0.3041639417838851,0.402711803601911,0.36837359216474874
0,covertype__c1,covertype,1,em,window,3.7,0.443,0.8604878277163851,0.548120549299849,0.5026557397405231,0.02575107296137339,1.0,0.4396378269617706,2.785105743576948,0.3881554851650032,0.8613529256662311,0.3789913847933466,0.4142386254650594
0,covertype__c1,covertype,1,em,late,7.133333333333334,0.5166666666666667,0.8350468729761172,0.5818108303994828,0.4950025212061034,0.017758046614872364,0.6666666666666666,0.5160642570281124,2.995321629962183,0.33205645494323033,0.7866291850133122,0.4175304283570322,0.37244879357501887
0,covertype__c1,covertype,1,em,all,10.73049645390071,0.6914893617021277,0.9123926627258017,0.7318022093086967,0.6638652434327782,0.1678714859437751,0.8818565400843882,0.6882348697973022,1.852680523475455,0.19882683677501584,0.5069270070784385,0.1426904046869292,0.2770135829776777
0,covertype__c1,covertype,1,rp,window,3.7,0.766,0.959385684813998,0.7747826806569011,0.6486238235183577,0.0425531914893617,0.16666666666666666,0.7696177062374245,0.607284304032188,0.07380262393990383,0.3320049399632179,0.7518915099331727,0.4290929198048378
0,covertype__c1,covertype,1,rp,late,7.133333333333334,0.702,0.938613984877782,0.7126034830968875,0.6147959593002822,0.036036036036036036,0.16666666666666666,0.7041499330655957,0.8475969464194216,0.07931638993559796,0.41219282176628774,0.903682064506781,0.542751940912754
0,covertype__c1,covertype,1,rp,all,10.73049645390071,0.782695035460993,0.9616774388893433,0.7885398581647177,0.743158296806682,0.4262295081967213,0.7130801687763713,0.7838851619418596,0.7645093013265463,0.077854647692717,0.3213412200243842,0.35809685123568397,0.35463079463890884
0,covertype__c1,covertype,1,rp5,window,3.7,0.801,0.9597684647747625,0.8085861966190828,0.6817079592593785,0.05555555555555555,0.16666666666666666,0.8048289738430584,0.5268464179066483,0.04909749605777206,0.2835704949658611,0.7491461127867893,0.450232286859
0,covertype__c1,covertype,1,rp5,late,7.133333333333334,0.717,0.9392973338520122,0.7240977672788563,0.623566969881898,0.028985507246376812,0.08333333333333333,0.7195448460508701,0.7951459096681838,0.056919196269953586,0.3920671388287154,0.889842124118422,0.5578961845238435
0,covertype__c1,covertype,1,rp5,all,10.73049645390071,0.7923404255319149,0.9625740911306179,0.7968078982669028,0.7531411051868443,0.45231607629427795,0.70042194092827,0.7939118516915531,0.7323005508386872,0.06358617150756331,0.3097596404621907,0.3910130941424478,0.3646404080193818
0,covertype__c1,covertype,1,oracle,window,3.7,0.81,0.9790291146715844,0.8110902660193483,0.7200238092781609,0.23076923076923078,0.5,0.8118712273641852,0.4614416352427738,0.05793482678789295,0.2585316571795528,0.7929225882382628,0.3521701320678511
0,covertype__c1,covertype,1,oracle,late,7.133333333333334,0.75,0.9608790262885406,0.7517888335959835,0.6442737684463762,0.0,0.0,0.7530120481927711,0.6607757414229544,0.06136865829741252,0.3427327994854385,0.9666516803334463,0.45854102382007167
0,covertype__c1,covertype,1,oracle,all,10.73049645390071,0.8107801418439716,0.9708774178406975,0.8155852353252463,0.7725978861403574,0.4749679075738126,0.7805907172995781,0.8112962562215971,0.6447920663498655,0.06670301846764093,0.27935252715143466,0.2960986416848434,0.3080335386111443
0,covertype__c2,covertype,2,fifo,window,20.1,0.714,0.9329065053960757,0.7268717244807952,0.6707064716117276,0.36363636363636365,0.38461538461538464,0.7227926078028748,0.7351446030470786,0.06406268860977306,0.40051356347531386,0.870041474526228,0.6245738008595598
0,covertype__c2,covertype,2,fifo,late,49.833333333333336,0.676,0.9369074751828493,0.6895611436072455,0.6334983399180112,0.248,0.32978723404255317,0.6871988988300068,0.8673976266291091,0.0738867248714704,0.44687063610253774,0.8997869280734555,0.5943260267052758
0,covertype__c2,covertype,2,fifo,all,12.849162011173185,0.7959776536312849,0.9635010857687268,0.796657895790542,0.7382850781495198,0.32537960954446854,0.32608695652173914,0.8020939445387663,0.643948799188375,0.059499035067498963,0.29613077404171423,0.8561895234473776,0.34976331018827994
0,covertype__c2,covertype,2,ltm,window,20.1,0.714,0.9329065053960757,0.7268717244807952,0.6707064716117276,0.36363636363636365,0.38461538461538464,0.7227926078028748,0.7351446030470786,0.06406268860977306,0.40051356347531386,0.870041474526228,0.6245738008595598
0,covertype__c2,covertype,2,ltm,late,49.833333333333336,0.676,0.9369074751828493,0.6895611436072455,0.6334983399180112,0.248,0.32978723404255317,0.6871988988300068,0.8673976266291091,0.0738867248714704,0.44687063610253774,0.8997869280734555,0.5943260267052758
0,covertype__c2,covertype,2,ltm,all,12.849162011173185,0.7959776536312849,0.9635010857687268,0.796657895790542,0.7382850781495198,0.32537960954446854,0.32608695652173914,0.8020939445387663,0.643948799188375,0.059499035067498963,0.29613077404171423,0.8561895234473776,0.34976331018827994
0,covertype__c2,covertype,2,em,window,20.1,0.528,0.8541458619727965,0.5382453698461916,0.47810146287965577,0.24083769633507854,0.8846153846153846,0.5184804928131417,2.2041163708194382,0.2638089131287599,0.7183519049941476,0.39932323959930494,0.503362666514601
0,covertype__c2,covertype,2,em,late,49.833333333333336,0.5736666666666667,0.8492414686187443,0.5902984969959763,0.5434935588801377,0.24892703862660945,0.6170212765957447,0.5722642807983482,2.649047866820145,0.2627504668113043,0.6712708083864182,0.4676719729779138,0.39087964698429634
0,covertype__c2,covertype,2,em,all,12.849162011173185,0.7474301675977654,0.9248540862711468,0.753801956895948,0.6954963567544689,0.3165182987141444,0.6956521739130435,0.7481041312959819,1.3945799711051896,0.14813185288077277,0.4012503066508344,0.40272900556702,0.25130613445734495
0,covertype__c2,covertype,2,rp,window,20.1,0.657,0.9330623020265308,0.6701610164079188,0.6043625466868745,0.30434782608695654,0.5384615384615384,0.660164271047228,0.8417694104928433,0.09697519191725472,0.4576827199080939,0.7643625049003909,0.610104240160525
0,covertype__c2,covertype,2,rp,late,49.833333333333336,0.6626666666666666,0.931709809642177,0.6723074078127531,0.6192634590327087,0.25925925925925924,0.2978723404255319,0.6744666207845836,0.9392135983807532,0.11611894904707942,0.462647863844253,0.8354811613669827,0.5344930414808491
0,covertype__c2,covertype,2,rp,all,12.849162011173185,0.793463687150838,0.9614158414008739,0.7959042217328139,0.7331061141722374,0.2975778546712803,0.3739130434782609,0.7989247311827957,0.6851873870049662,0.07226470395885017,0.3041772402909597,0.7574829247061204,0.32616329298945507
0,covertype__c2,covertype,2,rp5,window,20.1,0.69,0.931671997726736,0.7046967873646779,0.6467783562388587,0.3582089552238806,0.46153846153846156,0.6960985626283368,0.7787593154034864,0.05750029897124829,0.4209812362803598,0.7851937805660469,0.623151115320266
0,covertype__c2,covertype,2,rp5,late,49.833333333333336,0.673,0.9311420874587549,0.681897008310339,0.624519832703738,0.2304147465437788,0.26595744680851063,0.686166551961459,0.93016698789317,0.0889789884537738,0.45784111136222416,0.8671551804127561,0.5666595529112439
0,covertype__c2,covertype,2,rp5,all,12.849162011173185,0.7941340782122905,0.9628780837247162,0.7946712764920338,0.7356539276788927,0.3217391304347826,0.3217391304347826,0.8002829654782116,0.6594695576955635,0.06579140242337007,0.30011232965346946,0.804572788578895,0.3390511605286349
0,covertype__c2,covertype,2,oracle,window,20.1,0.688,0.9428191186871228,0.7009361708945071,0.6447985899508074,0.3958333333333333,0.7307692307692307,0.686858316221766,0.7488712624009816,0.07554616751419185,0.410451853244223,0.8451221475037543,0.5738868241009988
0,covertype__c2,covertype,2,oracle,late,49.833333333333336,0.7233333333333334,0.945988753900406,0.7281869552123638,0.6789620715963871,0.3448275862068966,0.3723404255319149,0.7346868547832072,0.7834449488589335,0.07161865993288495,0.3988035780841159,0.8470156428080224,0.5153199304257932
0,covertype__c2,covertype,2,oracle,all,12.849162011173185,0.8152513966480447,0.9697167568055505,0.8166302840557591,0.7712601794017706,0.44357976653696496,0.4956521739130435,0.8194114318053197,0.5823669224319528,0.055578255241360605,0.26915823933359956,0.7277602479423672,0.3106117210337384
0,covertype__c3,covertype,3,fifo,window,118.3,0.682,0.9380252198645292,0.6845261735674079,0.6755443864317646,0.7818181818181819,0.7543859649122807,0.6606217616580311,0.8229489232163127,0.08661302550252564,0.4501621511115533,0.47877377490993417,0.6060462224400358
0,covertype__c3,covertype,3,fifo,late,0.0,0.9386666666666666,0.9761686888414608,0.9387973377578477,0.8827515596847624,0.0,,0.9386666666666666,0.20801734922711015,0.0340671844832711,0.09908559270493804,,0.09815543424580891
0,covertype__c3,covertype,3,fifo,all,13.35195530726257,0.7620111731843575,0.9597282347350148,0.7618904566715857,0.7566441979486275,0.7695652173913043,0.7405857740585774,0.7623011154521262,0.7289612802522016,0.07353509517200106,0.34159966257605995,0.48285995957946776,0.40394404414241586
0,covertype__c3,covertype,3,ltm,window,118.3,0.682,0.9380252198645292,0.6845261735674079,0.6755443864317646,0.7818181818181819,0.7543859649122807,0.6606217616580311,0.8229489232163127,0.08661302550252564,0.4501621511115533,0.47877377490993417,0.6060462224400358
0,covertype__c3,covertype,3,ltm,late,0.0,0.9386666666666666,0.9761686888414608,0.9387973377578477,0.8827515596847624,0.0,,0.9386666666666666,0.20801734922711015,0.0340671844832711,0.09908559270493804,,0.09815543424580891
0,covertype__c3,covertype,3,ltm,all,13.35195530726257,0.7620111731843575,0.9597282347350148,0.7618904566715857,0.7566441979486275,0.7695652173913043,0.7405857740585774,0.7623011154521262,0.7289612802522016,0.07353509517200106,0.34159966257605995,0.48285995957946776,0.40394404414241586
0,covertype__c3,covertype,3,em,window,118.3,0.644,0.8681738026379829,0.6393014291873114,0.606029543805508,0.7494824016563147,0.793859649122807,0.5997409326424871,1.5790576454529228,0.17996776083683697,0.5413218519859487,0.38807867278375496,0.45130382844903655
0,covertype__c3,covertype,3,em,late,0.0,0.942,0.9590233662946369,0.941870038613297,0.8847868737223933,0.0,,0.942,0.2557300610138942,0.029529710446627395,0.09552211314064876,,0.08076458678645977
0,covertype__c3,covertype,3,em,all,13.35195530726257,0.728268156424581,0.9262236946454249,0.7278312483505691,0.7208933262803349,0.7364185110663984,0.7656903765690377,0.7277617348960987,1.4674004291943563,0.159129341136708,0.4322167662733091,0.3892420643746672,0.27686725313650373
0,covertype__c3,covertype,3,rp,window,118.3,0.684,0.9349140683590316,0.6841459796746187,0.6547883015837579,0.7822410147991543,0.8114035087719298,0.6463730569948186,0.856877368265665,0.09930369204801863,0.45364239767882997,0.4066611876354377,0.5692472833649082
0,covertype__c3,covertype,3,rp,late,0.0,0.9326666666666666,0.9689524337334539,0.9308449325818048,0.868155395935279,0.0,,0.9326666666666666,0.2510645706507301,0.037569793565224066,0.11249860438153984,,0.08974425859206464
0,covertype__c3,covertype,3,rp,all,13.35195530726257,0.7667039106145251,0.958576639653206,0.7672244054559956,0.7610111080324049,0.7704918032786885,0.7866108786610879,0.7664345167317819,0.758928247045212,0.08110025623905973,0.33943070997432784,0.4199262617283689,0.3744437757734075
0,covertype__c3,covertype,3,rp5,window,118.3,0.672,0.9346147147774255,0.6717328711668262,0.6497066063873712,0.7658643326039387,0.7675438596491229,0.6437823834196891,0.8393765615992272,0.09733495199156435,0.4546375032692949,0.4476574714887935,0.5967461310847618
0,covertype__c3,covertype,3,rp5,late,0.0,0.9383333333333334,0.9732674479135546,0.9384890258101536,0.8820308872634045,0.0,,0.9383333333333334,0.215363453213651,0.032757054075952446,0.09915252669941431,,0.09260753790971235
0,covertype__c3,covertype,3,rp5,all,13.35195530726257,0.7629608938547486,0.9595018752633572,0.7630342722629986,0.7562820372755031,0.7568710359408034,0.7489539748953975,0.7631504444821924,0.7405879258218544,0.07666901576104944,0.34196878714743395,0.46314603930523873,0.39336649246675165
0,covertype__c3,covertype,3,oracle,window,118.3,0.714,0.9489622472722569,0.7125946728367156,0.6960204953477838,0.7983193277310925,0.8333333333333334,0.6787564766839378,0.7330200532430489,0.08031848818797634,0.4061424730631537,0.38677105383225413,0.5541682189059469
0,covertype__c3,covertype,3,oracle,late,0.0,0.9476666666666667,0.9785356839757077,0.9474168201405821,0.8971380686355225,0.0,,0.9476666666666667,0.1899827708619986,0.02493942517438001,0.08740101995963827,,0.08286563903148815
0,covertype__c3,covertype,3,oracle,all,13.35195530726257,0.7915083798882682,0.9674494408528392,0.79206942557234,0.7868550845121726,0.7877551020408163,0.8075313807531381,0.791291546345054,0.6473165596331559,0.06427652596392207,0.30167754961662624,0.4037176630052309,0.3528429540616932
0,covertype__c4,covertype,4,fifo,window,35.5,0.72,0.9409842609365605,0.7274063246667398,0.7192652523766525,0.6105263157894737,0.5471698113207547,0.7296726504751848,0.7050688770857414,0.05885465183642457,0.38995576191835524,0.8038111817884701,0.5580489990616325
0,covertype__c4,covertype,4,fifo,late,37.0,0.6676666666666666,0.9229344201829285,0.6709296422197669,0.6343070995285712,0.3514644351464435,0.32061068702290074,0.6835134193098641,1.007339736412178,0.08454762798187276,0.46337100123173536,0.93410856361586,0.5847173316335993
0,covertype__c4,covertype,4,fifo,all,14.0,0.791864406779661,0.9581219235036035,0.7928660354900947,0.7413875572748932,0.4458077709611452,0.43951612903225806,0.7968714187485675,0.6773847330712723,0.05744345220347982,0.2986546008528535,0.7523645158572809,0.3647178722567016
0,covertype__c4,covertype,4,ltm,window,35.5,0.72,0.9409842609365605,0.7274063246667398,0.7192652523766525,0.6105263157894737,0.5471698113207547,0.7296726504751848,0.7050688770857414,0.05885465183642457,0.38995576191835524,0.8038111817884701,0.5580489990616325
0,covertype__c4,covertype,4,ltm,late,37.0,0.6676666666666666,0.9229344201829285,0.6709296422197669,0.6343070995285712,0.3514644351464435,0.32061068702290074,0.6835134193098641,1.007339736412178,0.08454762798187276,0.46337100123173536,0.93410856361586,0.5847173316335993
0,covertype__c4,covertype,4,ltm,all,14.0,0.791864406779661,0.9581219235036035,0.7928660354900947,0.7413875572748932,0.4458077709611452,0.43951612903225806,0.7968714187485675,0.6773847330712723,0.05744345220347982,0.2986546008528535,0.7523645158572809,0.3647178722567016
0,covertype__c4,covertype,4,em,window,35.5,0.592,0.8181937579396665,0.6029427694141168,0.5845505238885907,0.42,0.7924528301886793,0.5807814149947201,2.3176462272949894,0.250792787249396,0.6275699831129989,0.38599457925085945,0.3971003572903798
0,covertype__c4,covertype,4,em,late,37.0,0.571,0.8455319340813556,0.5779028106826108,0.5464444785774936,0.312,0.5954198473282443,0.5698849773440223,2.464430697179282,0.26455193001753013,0.6743938271163029,0.4996189736639645,0.39641070725790384
0,covertype__c4,covertype,4,em,all,14.0,0.7366101694915255,0.9259890248252808,0.7513385605030187,0.6809216480661939,0.25245653817082386,0.6733870967741935,0.737508595003438,1.3657315718992316,0.1466845010151478,0.4138892808239009,0.40161605712535114,0.28412871091598974
0,covertype__c4,covertype,4,rp,window,35.5,0.681,0.9373485203605686,0.6844936810786022,0.6795341486714692,0.6201550387596899,0.7547169811320755,0.6768743400211193,0.8082019629350126,0.10742128598521489,0.4398044338141033,0.6346838055160173,0.5396037416767427
0,covertype__c4,covertype,4,rp,late,37.0,0.6453333333333333,0.9176902357698743,0.6515823462010873,0.612018851880518,0.3076923076923077,0.3969465648854962,0.6566747995817358,1.0691019609595152,0.12552319674063897,0.4831464704233637,0.8705450440792925,0.5483459475748833
0,covertype__c4,covertype,4,rp,all,14.0,0.7907344632768362,0.9576563416724984,0.7938571933742413,0.7363937328484055,0.4050632911392405,0.5161290322580645,0.7946367178546871,0.7007645643437662,0.06908977090319944,0.3037891058001685,0.679656438922353,0.3445966087529042
0,covertype__c4,covertype,4,rp5,window,35.5,0.714,0.9376843965723795,0.7209314254670871,0.7231394375405964,0.7079646017699115,0.7547169811320755,0.7117212249208026,0.7519926120750351,0.06894139876827864,0.4089214440268507,0.7135565746635681,0.5714963028083793
0,covertype__c4,covertype,4,rp5,late,37.0,0.654,0.9171498622674389,0.6590723193163401,0.6167485434412043,0.2848101265822785,0.3435114503816794,0.668177065179505,1.0474714840088724,0.0961221349702964,0.4761089067859046,0.9092147616605635,0.5911336203250528
0,covertype__c4,covertype,4,rp5,all,14.0,0.7916949152542373,0.9581143203851588,0.7934862157152983,0.7387156480377204,0.41924398625429554,0.49193548387096775,0.7959546183818473,0.6882043637722121,0.059372305212896326,0.30136049808797755,0.7176253588095086,0.35965903560375223
0,covertype__c4,covertype,4,oracle,window,35.5,0.725,0.9469704757341448,0.7302661724912556,0.7305881621533273,0.6456692913385826,0.7735849056603774,0.7222808870116156,0.7032412940323399,0.07004216612803718,0.3931803415210732,0.6301694993728946,0.5099212109702417
0,covertype__c4,covertype,4,oracle,late,37.0,0.7003333333333334,0.9332606789664702,0.7009100097551129,0.6836278665229664,0.5611510791366906,0.5954198473282443,0.7051237364935518,0.9538746321796543,0.07824527413168292,0.43238462228876295,0.8281132387079699,0.5257342864531859
0,covertype__c4,covertype,4,oracle,all,14.0,0.8136158192090396,0.9645057472049986,0.8153025473872635,0.7820072336406334,0.6096654275092936,0.6612903225806451,0.8157804263121705,0.6356982724693822,0.05436980981479614,0.2772828727376538,0.6520819505242504,0.31802607592392584
0,covertype__c5,covertype,5,fifo,window,18.9,0.714,0.9345681643735846,0.7245652815567168,0.7220918753545363,0.7692307692307693,0.7407407407407407,0.7132579650565262,0.7828265134974898,0.08490719115767498,0.42414384181342457,0.6187308728675968,0.5711368895454666
0,covertype__c5,covertype,5,fifo,late,51.7,0.665,0.9311442647287983,0.6712729492810342,0.6244162350727925,0.27692307692307694,0.2288135593220339,0.6828591256072172,0.9343490037756323,0.08688854412923051,0.4565393591113994,0.8037356564332275,0.5894372879751667
0,covertype__c5,covertype,5,fifo,all,13.240223463687151,0.7901675977653632,0.96203913290572,0.791142937599153,0.7395247214742381,0.37681159420289856,0.38396624472573837,0.7956179584442054,0.6409631907213982,0.06559702512390851,0.29997176717352475,0.7721566300183591,0.3516532627108056
0,covertype__c5,covertype,5,ltm,window,18.9,0.714,0.9345681643735846,0.7245652815567168,0.7220918753545363,0.7692307692307693,0.7407407407407407,0.7132579650565262,0.7828265134974898,0.08490719115767498,0.42414384181342457,0.6187308728675968,0.5711368895454666
0,covertype__c5,covertype,5,ltm,late,51.7,0.665,0.9311442647287983,0.6712729492810342,0.6244162350727925,0.27692307692307694,0.2288135593220339,0.6828591256072172,0.9343490037756323,0.08688854412923051,0.4565393591113994,0.8037356564332275,0.5894372879751667
0,covertype__c5,covertype,5,ltm,all,13.240223463687151,0.7901675977653632,0.96203913290572,0.791142937599153,0.7395247214742381,0.37681159420289856,0.38396624472573837,0.7956179584442054,0.6409631907213982,0.06559702512390851,0.29997176717352475,0.7721566300183591,0.3516532627108056
0,covertype__c5,covertype,5,em,window,18.9,0.544,0.8686704371093475,0.5506988884530428,0.5293320451418263,0.44660194174757284,0.8518518518518519,0.5354573484069887,1.9029469897122464,0.2775009346401123,0.6798613342460035,0.16709527303477537,0.4530272947990838
0,covertype__c5,covertype,5,em,late,51.7,0.585,0.8473312204478766,0.5923107542819928,0.5452972256152441,0.20532319391634982,0.2288135593220339,0.5995836224843858,2.3735614089618835,0.25553067845700606,0.6431410206038456,0.5661449241377322,0.3808503899359272
0,covertype__c5,covertype,5,em,all,13.240223463687151,0.7541340782122905,0.9274544605012747,0.757416766697627,0.6986712300971211,0.3061797752808989,0.459915611814346,0.7580818660476702,1.263145177356496,0.14099816430044881,0.3851546515688061,0.43413358999691704,0.2543091418221481
0,covertype__c5,covertype,5,rp,window,18.9,0.665,0.930677241392122,0.6708912485072132,0.6438301475388877,0.5897435897435898,0.8518518518518519,0.6598150051387461,0.8783138473592594,0.11800099755329363,0.46526473840974986,0.408736310317576,0.5430957066501771
0,covertype__c5,covertype,5,rp,late,51.7,0.6623333333333333,0.9275855642729763,0.6675328583314926,0.6179710039008198,0.2523364485981308,0.2288135593220339,0.6800832755031229,0.9661611976435972,0.11348168437283686,0.46952206736858443,0.8100511976611732,0.544061790332626
0,covertype__c5,covertype,5,rp,all,13.240223463687151,0.792290502793296,0.9599536496161136,0.7936541981181375,0.7414484107923777,0.3856332703213611,0.43037974683544306,0.7971465775915756,0.671206807683174,0.07203813179000669,0.30322861156998543,0.70473005321249,0.3326530746237323
0,covertype__c5,covertype,5,rp5,window,18.9,0.709,0.9330823437633375,0.71723968997448,0.6958764736396761,0.6875,0.8148148148148148,0.7060637204522097,0.8204678942037424,0.09001688825593597,0.4351562834537359,0.5236032377206317,0.5679267963903841
0,covertype__c5,covertype,5,rp5,late,51.7,0.668,0.9265293936566363,0.673404454544237,0.6260806853902451,0.28421052631578947,0.2288135593220339,0.6859819569743234,0.9526048807637314,0.08959543154341217,0.46299187757663096,0.7997860962670014,0.5771579256911047
0,covertype__c5,covertype,5,rp5,all,13.240223463687151,0.7908379888268157,0.961497567461229,0.7916922440853918,0.741081833362389,0.38877755511022044,0.4092827004219409,0.7959576515880654,0.646143264688749,0.06783939340969948,0.3014301172532526,0.756212241925179,0.34399640173189033
0,covertype__c5,covertype,5,oracle,window,18.9,0.695,0.9413626435856194,0.7001675390580555,0.6740184141910123,0.6285714285714286,0.8148148148148148,0.6916752312435765,0.775664760353518,0.1017454266115248,0.4293999965268323,0.3366324478406207,0.5148386894074306
0,covertype__c5,covertype,5,oracle,late,51.7,0.693,0.9400285287670611,0.6960190906294385,0.6551523293951215,0.3611111111111111,0.3305084745762712,0.7078417765440667,0.8539274712665222,0.08603490021190391,0.42095319511870516,0.8068870925121981,0.523146230354323
0,covertype__c5,covertype,5,oracle,all,13.240223463687151,0.81,0.9680562744305201,0.8113255167890949,0.7634282148960793,0.4302788844621514,0.45569620253164556,0.8147540055483213,0.5788376433144989,0.062027995173365144,0.2724937458639523,0.6555568755069358,0.3091337103938701
0,covertype__c6,covertype,6,fifo,window,16.5,0.704,0.9336743665360454,0.712958868358118,0.6875930132246942,0.5641025641025641,0.4583333333333333,0.7163865546218487,0.7867803773389085,0.06992934254230407,0.41873287562741063,0.5635161451262424,0.5886609422699352
0,covertype__c6,covertype,6,fifo,late,23.3,0.6353333333333333,0.9104716261532204,0.6382728258045042,0.6251487649011679,0.5562913907284768,0.4772727272727273,0.6401098901098901,1.0696989353647888,0.11746745350442478,0.5140358122091832,0.6747260547365073,0.6157292094818456
0,covertype__c6,covertype,6,fifo,all,12.849162011173185,0.7688268156424581,0.9624539957835464,0.7675912003638792,0.7421349843305701,0.6157635467980296,0.5434782608695652,0.7717600452744765,0.6804975862446756,0.07376413551037389,0.33036855569179824,0.5701982817048706,0.38851698607189883
0,covertype__c6,covertype,6,ltm,window,16.5,0.704,0.9336743665360454,0.712958868358118,0.6875930132246942,0.5641025641025641,0.4583333333333333,0.7163865546218487,0.7867803773389085,0.06992934254230407,0.41873287562741063,0.5635161451262424,0.5886609422699352
0,covertype__c6,covertype,6,ltm,late,23.3,0.6353333333333333,0.9104716261532204,0.6382728258045042,0.6251487649011679,0.5562913907284768,0.4772727272727273,0.6401098901098901,1.0696989353647888,0.11746745350442478,0.5140358122091832,0.6747260547365073,0.6157292094818456
0,covertype__c6,covertype,6,ltm,all,12.849162011173185,0.7688268156424581,0.9624539957835464,0.7675912003638792,0.7421349843305701,0.6157635467980296,0.5434782608695652,0.7717600452744765,0.6804975862446756,0.07376413551037389,0.33036855569179824,0.5701982817048706,0.38851698607189883
0,covertype__c6,covertype,6,em,window,16.5,0.621,0.8977869138199596,0.6340053806179601,0.6164066668913578,0.549618320610687,0.75,0.6144957983193278,1.5654739263806732,0.1749641959241352,0.577921709477149,0.40506743324794653,0.5156653699694456
0,covertype__c6,covertype,6,em,late,23.3,0.5576666666666666,0.8421998875516195,0.5566661983901733,0.5534033113793908,0.5631067961165048,0.6590909090909091,0.5546016483516484,2.6757946550096086,0.2926828362782922,0.7133082450940693,0.41847102995367425,0.3764173310550682
0,covertype__c6,covertype,6,em,all,12.849162011173185,0.7380446927374301,0.926542548975989,0.7358819170388609,0.7094986646399813,0.5906542056074766,0.6869565217391305,0.7387096774193549,1.4009678037675553,0.15233750801951113,0.416684407233757,0.40693881784977315,0.2691059857903302
0,covertype__c6,covertype,6,rp,window,16.5,0.711,0.9333122950854772,0.7178262741003673,0.6916965626520607,0.6046511627906976,0.5416666666666666,0.7195378151260504,0.7935955220414865,0.06873531171287701,0.4113355703416311,0.5353252960571103,0.5798926529188683
0,covertype__c6,covertype,6,rp,late,23.3,0.6276666666666667,0.9038829848560985,0.6267717519184453,0.6233721980332108,0.6236559139784946,0.6590909090909091,0.626717032967033,1.1773512476453294,0.13599374588798835,0.5361336429124776,0.5537960031945258,0.5792729557557542
0,covertype__c6,covertype,6,rp,all,12.849162011173185,0.7728491620111732,0.9612704427660193,0.7722350187405475,0.7477400483970109,0.6355555555555555,0.6217391304347826,0.7748160724391624,0.7112134331455078,0.07984165930864771,0.33182176352634396,0.5146077526266121,0.3632836869494822
0,covertype__c6,covertype,6,rp5,window,16.5,0.706,0.932571120281647,0.71346582414969,0.6859030892784661,0.5609756097560976,0.4791666666666667,0.717436974789916,0.7932729938935008,0.06202954470716048,0.4206859757072237,0.577947608395851,0.5992345752700236
0,covertype__c6,covertype,6,rp5,late,23.3,0.6206666666666667,0.906894686098208,0.6246429440046589,0.618127316766885,0.5925925925925926,0.5454545454545454,0.6229395604395604,1.1158159207170768,0.1298014566295976,0.5313454005473057,0.6654840786818469,0.6101999319685484
0,covertype__c6,covertype,6,rp5,all,12.849162011173185,0.7684357541899441,0.9619506529099289,0.7673342345385599,0.7420611209931892,0.6211764705882353,0.5739130434782609,0.7709677419354839,0.692597157229583,0.07686577680728855,0.3316275831552676,0.5672293849402404,0.3799246774935808
0,covertype__c6,covertype,6,oracle,window,16.5,0.719,0.9387102143931679,0.7260665228661621,0.7052302305100665,0.6336633663366337,0.6666666666666666,0.7216386554621849,0.7508677228476078,0.06754645070308204,0.3965201389363998,0.46976528514770094,0.5540960344639313
0,covertype__c6,covertype,6,oracle,late,23.3,0.683,0.9307627248354963,0.6821632794159793,0.6815312184373269,0.7,0.7159090909090909,0.6820054945054945,0.9245204521564253,0.09264400372405467,0.45376029033376686,0.5443599205946831,0.5410530453279055
0,covertype__c6,covertype,6,oracle,all,12.849162011173185,0.794804469273743,0.9692145253628749,0.7949374703417187,0.7766460190243236,0.6893617021276596,0.7043478260869566,0.7959818902093945,0.6114236290500236,0.06641958258218726,0.2988679798431174,0.4735528575024129,0.3392064461860101
0,h2_poker__c0,h2_poker,0,fifo,window,45.6,0.848,0.8793189360040854,0.8686630773371681,0.6381183759714134,0.4745762711864407,0.7,0.8574468085106383,0.6382150441514655,0.07353527494185336,0.23847293708975528,0.5482458211983865,0.19920346963962487
0,h2_poker__c0,h2_poker,0,fifo,late,27.333333333333332,0.8873333333333333,0.8481067462427373,0.8902071715915442,0.539075937307559,0.582010582010582,0.9166666666666666,0.886734693877551,0.4266359009691968,0.05337065716789813,0.18438158330080276,0.456748994420303,0.25168971102494886
0,h2_poker__c0,h2_poker,0,fifo,all,23.168316831683168,0.903960396039604,0.8489646195715788,0.9087706376494663,0.6013354029629832,0.5821596244131455,0.7948717948717948,0.9065477397121428,0.4251550568955558,0.03375052586959252,0.1571193081315286,0.4245562036006526,0.19905861357225316
0,h2_poker__c0,h2_poker,0,ltm,window,45.6,0.848,0.8793189360040854,0.8686630773371681,0.6381183759714134,0.4745762711864407,0.7,0.8574468085106383,0.6382150441514655,0.07353527494185336,0.23847293708975528,0.5482458211983865,0.19920346963962487
0,h2_poker__c0,h2_poker,0,ltm,late,27.333333333333332,0.8873333333333333,0.8481067462427373,0.8902071715915442,0.539075937307559,0.582010582010582,0.9166666666666666,0.886734693877551,0.4266359009691968,0.05337065716789813,0.18438158330080276,0.456748994420303,0.25168971102494886
0,h2_poker__c0,h2_poker,0,ltm,all,23.168316831683168,0.903960396039604,0.8489646195715788,0.9087706376494663,0.6013354029629832,0.5821596244131455,0.7948717948717948,0.9065477397121428,0.4251550568955558,0.03375052586959252,0.1571193081315286,0.4245562036006526,0.19905861357225316
0,h2_poker__c0,h2_poker,0,em,window,45.6,0.764,0.7787756258201974,0.8155570851839393,0.5481681670886422,0.5341614906832298,0.7166666666666667,0.7670212765957447,2.405631353009927,0.15267190398961278,0.4109579243696154,0.22530669260211303,0.19275557265514404
0,h2_poker__c0,h2_poker,0,em,late,27.333333333333332,0.7416666666666667,0.764289462869813,0.814147565998963,0.4100155047361416,0.36363636363636365,0.7666666666666667,0.741156462585034,1.662944134633916,0.18494057297380725,0.43109272528365083,0.26747958971238167,0.18835826082124937
0,h2_poker__c0,h2_poker,0,em,all,23.168316831683168,0.7765346534653466,0.7934243625019555,0.8319127705726702,0.38946854726476215,0.41919191919191917,0.7094017094017094,0.7781269004662478,1.308239071295245,0.15119837302486475,0.3628796323954108,0.22441482066393328,0.18026538619305216
0,h2_poker__c0,h2_poker,0,rp,window,45.6,0.809,0.8748339060024094,0.845225830284267,0.5937763861525471,0.4605263157894737,0.5833333333333334,0.823404255319149,0.7855876803515675,0.11161580726816045,0.2980078487520112,0.471541188524631,0.206946319045669
0,h2_poker__c0,h2_poker,0,rp,late,27.333333333333332,0.8676666666666667,0.8469751313903738,0.879712438483056,0.5106920660225608,0.49038461538461536,0.85,0.8680272108843538,0.4882170624206669,0.035047988307880786,0.20204066497692538,0.5223514082103101,0.27713126088930073
0,h2_poker__c0,h2_poker,0,rp,all,23.168316831683168,0.8862376237623762,0.8456857984970381,0.8982790191555434,0.5815779568673549,0.5331179321486268,0.7051282051282052,0.8905331441313602,0.4901781457208404,0.04091860404545603,0.18087971039083298,0.4275113485492257,0.20618652301110293
0,h2_poker__c0,h2_poker,0,rp5,window,45.6,0.836,0.8675371994586344,0.8623900870363783,0.6227402695086749,0.5082872928176796,0.7666666666666667,0.8404255319148937,0.7210595139276016,0.08874704660286403,0.2565793377103502,0.4731727627173437,0.19572637720564717
0,h2_poker__c0,h2_poker,0,rp5,late,27.333333333333332,0.8866666666666667,0.8483121900244858,0.8925993902909491,0.5517325500036089,0.5806451612903226,0.9,0.8863945578231293,0.4311534717820651,0.044004196236327536,0.1843554066052158,0.4722398240483493,0.2526256102342473
0,h2_poker__c0,h2_poker,0,rp5,all,23.168316831683168,0.9003960396039604,0.848926841055349,0.9075118692276221,0.6078917943688666,0.6021840873634945,0.8247863247863247,0.9021893371173728,0.4409129728138657,0.03180888164508888,0.16205555535008573,0.3869124644922067,0.19537785530445023
0,h2_poker__c0,h2_poker,0,oracle,window,45.6,0.896,0.9064305853445657,0.9123794146300495,0.6751886285378349,0.8035714285714286,0.75,0.9053191489361702,0.3974436458081269,0.048956095984456945,0.17377749755380636,0.33488990242023103,0.19548684972575492
0,h2_poker__c0,h2_poker,0,oracle,late,27.333333333333332,0.8916666666666667,0.8627273020523951,0.8945483444097687,0.5625945136388563,0.6292134831460674,0.9333333333333333,0.8908163265306123,0.3538078297630238,0.05492437439336685,0.1719270369875816,0.36941625776691994,0.1765803148788243
0,h2_poker__c0,h2_poker,0,oracle,all,23.168316831683168,0.9101980198019802,0.8634891112383165,0.9139600167110774,0.6065252350386746,0.6799276672694394,0.8034188034188035,0.9127305899047233,0.3585168498271431,0.03649517054006381,0.1443710873923458,0.27319001039584945,0.15124401212422361
0,h2_poker__c1,h2_poker,1,fifo,window,8.3,0.977,0.7024533292979581,0.9685211558307534,0.39855521155830753,0.23529411764705882,0.13333333333333333,0.9898477157360406,0.19232450356519923,0.016313451358146613,0.042946066316275025,0.6850580207060041,0.0629046695729588
0,h2_poker__c1,h2_poker,1,fifo,late,31.5,0.895,0.8467156916424673,0.8914269670742218,0.491236516285099,0.49158249158249157,0.6134453781512605,0.9066296424852481,0.33653909865757853,0.014841137085469653,0.15169563448120763,0.7545649761533312,0.2740060148380541
0,h2_poker__c1,h2_poker,1,fifo,all,16.295652173913044,0.942695652173913,0.8835410591309456,0.9420965580040741,0.5653261646101525,0.5365025466893039,0.6475409836065574,0.94909381663113,0.22478928909306156,0.01203778410600087,0.08736380895929324,0.6545946488358956,0.18644632641059614
0,h2_poker__c1,h2_poker,1,ltm,window,8.3,0.977,0.7024533292979581,0.9685211558307534,0.39855521155830753,0.23529411764705882,0.13333333333333333,0.9898477157360406,0.19232450356519923,0.016313451358146613,0.042946066316275025,0.6850580207060041,0.0629046695729588
0,h2_poker__c1,h2_poker,1,ltm,late,31.5,0.895,0.8467156916424673,0.8914269670742218,0.491236516285099,0.49158249158249157,0.6134453781512605,0.9066296424852481,0.33653909865757853,0.014841137085469653,0.15169563448120763,0.7545649761533312,0.2740060148380541
0,h2_poker__c1,h2_poker,1,ltm,all,16.295652173913044,0.942695652173913,0.8835410591309456,0.9420965580040741,0.5653261646101525,0.5365025466893039,0.6475409836065574,0.94909381663113,0.22478928909306156,0.01203778410600087,0.08736380895929324,0.6545946488358956,0.18644632641059614
0,h2_poker__c1,h2_poker,1,em,window,8.3,0.892,0.7142201903706045,0.9156839733109451,0.22910167469400378,0.19672131147540983,0.8,0.8934010152284264,0.5459221582187456,0.08661487145301057,0.19354582829172828,0.18398818909056489,0.09290995603080388
0,h2_poker__c1,h2_poker,1,em,late,31.5,0.718,0.7479203876670184,0.7910472117002828,0.33969166135980783,0.29143897996357016,0.6722689075630253,0.7198889274557445,2.240407495204231,0.21005270671984144,0.4966083036567897,0.2706623107276159,0.1788140145311959
0,h2_poker__c1,h2_poker,1,em,all,16.295652173913044,0.7565217391304347,0.7789590260360024,0.8224952659113693,0.29498353423103185,0.2889576883384933,0.5737704918032787,0.7604832977967306,1.880729458746675,0.1862080199226366,0.4291841873340481,0.3195115785847315,0.13805836192890308
0,h2_poker__c1,h2_poker,1,rp,window,8.3,0.985,0.6908423817014374,0.9796150527325024,0.5443720038350911,0.8,0.6666666666666666,0.9898477157360406,0.19623227086553083,0.03549990303220139,0.043446974358999885,0.831911368557891,0.1053753783651129
0,h2_poker__c1,h2_poker,1,rp,late,31.5,0.86,0.8411855817234608,0.8766219630734343,0.426966376118962,0.4866666666666667,0.6134453781512605,0.8701839639014232,0.42847009682149456,0.040837942942994795,0.20223855223456694,0.731159430686421,0.301510762876489
0,h2_poker__c1,h2_poker,1,rp,all,16.295652173913044,0.9173043478260869,0.8805903219392293,0.9279816317506991,0.5259828460747147,0.5125786163522013,0.6680327868852459,0.9227078891257996,0.28844487648022576,0.008999897039226809,0.12216960062284145,0.653414587041145,0.2154989469334545
0,h2_poker__c1,h2_poker,1,rp5,window,8.3,0.985,0.6952319947263697,0.9795690861139777,0.5511478041509001,0.8,0.6666666666666666,0.9898477157360406,0.1802385219043938,0.025560284438043493,0.03596015353531651,0.7417996997925506,0.07297040104841038
0,h2_poker__c1,h2_poker,1,rp5,late,31.5,0.8716666666666667,0.8439485399347231,0.8794669917905924,0.427875671361496,0.4966887417218543,0.6302521008403361,0.8816383200277681,0.3748792499791907,0.03506800255721061,0.16401743547020228,0.7803351793157212,0.2841879511664215
0,h2_poker__c1,h2_poker,1,rp5,all,16.295652173913044,0.9308695652173913,0.8828144838968354,0.9354166773036754,0.5349249284268187,0.5445705024311183,0.6885245901639344,0.9361229566453447,0.24934747901561727,0.009581348152121449,0.0967512024212854,0.6719545030826247,0.18671139846694873
0,h2_poker__c1,h2_poker,1,oracle,window,8.3,0.932,0.7337156481989696,0.9438651591145758,0.40978972609937614,0.21621621621621623,0.5333333333333333,0.9380710659898477,0.254127666705332,0.04475361242404601,0.09526927445193724,0.5632648409219783,0.06512659466655786
0,h2_poker__c1,h2_poker,1,oracle,late,31.5,0.8963333333333333,0.8534450401119625,0.9177111952865586,0.5063852917284383,0.5682656826568265,0.6470588235294118,0.9066296424852481,0.2871051949422526,0.02736173462057629,0.149868685094973,0.6224821979379099,0.23137811102403516
0,h2_poker__c1,h2_poker,1,oracle,all,16.295652173913044,0.927304347826087,0.8896462828505545,0.9388203529397471,0.5844397082764772,0.5,0.680327868852459,0.9326581378820185,0.2236129112137113,0.017436004862020706,0.10413586864228261,0.5364964202928408,0.15435163226870063
0,h2_poker__c2,h2_poker,2,fifo,window,8.7,0.946,0.8626252412804298,0.9422823551980707,0.5787637539566177,1.0,1.0,0.9458375125376128,0.22547541323362377,0.01873568445398328,0.0862692796144944,0.23700240074042078,0.1707120444734757
0,h2_poker__c2,h2_poker,2,fifo,late,5.6,0.95,0.9297323350029435,0.9541986714084872,0.7835830986189086,0.9090909090909091,0.8823529411764706,0.9503855179349648,0.2097701085826263,0.025046019786283926,0.08407921874762705,0.2720578103920928,0.1758942346477011
0,h2_poker__c2,h2_poker,2,fifo,all,10.880208333333334,0.910625,0.8551230247609061,0.9126231403799168,0.5773864901438235,0.608058608058608,0.6775510204081633,0.9136375626483777,0.38381045013726556,0.021132400717382177,0.13640569183669193,0.5323782107313841,0.2086763582062013
0,h2_poker__c2,h2_poker,2,ltm,window,8.7,0.946,0.8626252412804298,0.9422823551980707,0.5787637539566177,1.0,1.0,0.9458375125376128,0.22547541323362377,0.01873568445398328,0.0862692796144944,0.23700240074042078,0.1707120444734757
0,h2_poker__c2,h2_poker,2,ltm,late,5.6,0.95,0.9297323350029435,0.9541986714084872,0.7835830986189086,0.9090909090909091,0.8823529411764706,0.9503855179349648,0.2097701085826263,0.025046019786283926,0.08407921874762705,0.2720578103920928,0.1758942346477011
0,h2_poker__c2,h2_poker,2,ltm,all,10.880208333333334,0.910625,0.8551230247609061,0.9126231403799168,0.5773864901438235,0.608058608058608,0.6775510204081633,0.9136375626483777,0.38381045013726556,0.021132400717382177,0.13640569183669193,0.5323782107313841,0.2086763582062013
0,h2_poker__c2,h2_poker,2,em,window,8.7,0.809,0.8498246575163118,0.8792402093447917,0.38545051313293693,0.061224489795918366,1.0,0.8084252758274825,1.196960035921632,0.15722046966862235,0.3236177024435094,0.04098319780510365,0.09115569046748136
0,h2_poker__c2,h2_poker,2,em,late,5.6,0.797,0.8775549252632041,0.8615258751184585,0.5376986980791779,0.1048951048951049,0.8823529411764706,0.7965135769359705,1.3638913963768629,0.1558003456940274,0.3559626888046734,0.053567433111542315,0.11959249717351686
0,h2_poker__c2,h2_poker,2,em,all,10.880208333333334,0.7303125,0.7907943635497017,0.8101089756987735,0.32058755624425,0.26918798665183535,0.49387755102040815,0.7333685043524136,1.8944059688863817,0.20294682637150413,0.4667246760430974,0.26075043473305454,0.16543708890766912
0,h2_poker__c2,h2_poker,2,rp,window,8.7,0.833,0.8547189844548304,0.8541628350099296,0.47415444792962014,0.6,1.0,0.8324974924774323,0.5786496523679986,0.12197783796290425,0.26307416246457527,0.046128211677998444,0.13334191174035329
0,h2_poker__c2,h2_poker,2,rp,late,5.6,0.8743333333333333,0.9251875664527851,0.9006934818621565,0.6339776935582606,0.43478260869565216,0.8823529411764706,0.8742876299027824,0.37775370520605356,0.056922004887706074,0.18648835905078878,0.11380886797224565,0.19937712231544102
0,h2_poker__c2,h2_poker,2,rp,all,10.880208333333334,0.8703125,0.8511243268453463,0.8846534267925038,0.48197844846967575,0.568738229755179,0.6163265306122448,0.8735953574254814,0.5448483328196436,0.041542381694869734,0.20023755267212465,0.5365165967881405,0.23289265381953494
0,h2_poker__c2,h2_poker,2,rp5,window,8.7,0.908,0.8614250635055726,0.9122285378196314,0.5441814935575162,0.75,1.0,0.9077231695085256,0.2925132180999215,0.03225405659486614,0.1336167247925367,0.09850595813476302,0.17408019050369158
0,h2_poker__c2,h2_poker,2,rp5,late,5.6,0.934,0.9294474273581168,0.9430768760780255,0.765458415650534,0.8823529411764706,0.8823529411764706,0.934294334562521,0.23208218882508644,0.015831156202646135,0.10132119239032122,0.2353231357285225,0.1702746268592806
0,h2_poker__c2,h2_poker,2,rp5,all,10.880208333333334,0.8990625,0.8547658665159478,0.9044293036201653,0.5350544335485021,0.593128390596745,0.6693877551020408,0.9020311263518861,0.41485971176650066,0.02340356976968737,0.15302618445151722,0.5164020394208142,0.2089742410188978
0,h2_poker__c2,h2_poker,2,oracle,window,8.7,0.909,0.8660311454435823,0.9316270474693048,0.5639053592486163,0.8571428571428571,1.0,0.9087261785356068,0.29552003558994466,0.04981217228741302,0.1307580654269349,0.13196086156142003,0.10655130281644853
0,h2_poker__c2,h2_poker,2,oracle,late,5.6,0.9106666666666666,0.9398915119345013,0.9307023097136612,0.6994143670930824,0.5172413793103449,0.8823529411764706,0.910828025477707,0.2626544748168097,0.039082289104833856,0.1333299527928484,0.1308014113060309,0.13659264098878657
0,h2_poker__c2,h2_poker,2,oracle,all,10.880208333333334,0.9071875,0.8665687708306458,0.9148613551742767,0.5299936812564112,0.4809052333804809,0.6938775510204082,0.9099446056449486,0.3361826911892099,0.03511842508687312,0.13882046673488163,0.3126116976943584,0.14312294605025724
0,h2_rialto__c0,h2_rialto,0,fifo,window,11.5,0.533,0.8677173569572927,0.5379746724672199,0.5393520483935375,0.5531914893617021,0.5416666666666666,0.5327868852459017,1.5543093168957949,0.09761692887517691,0.6418089354239052,1.097787732737366,1.074167724469708
0,h2_rialto__c0,h2_rialto,0,fifo,late,20.366666666666667,0.718,0.9514100223687132,0.7204030407043552,0.6981578013147673,0.44324324324324327,0.640625,0.7196866485013624,0.8920569404941423,0.03407445097196742,0.37399572622772304,0.7828693168915595,0.8410587019908866
0,h2_rialto__c0,h2_rialto,0,fifo,all,12.591160220994475,0.720828729281768,0.9567367191884649,0.7205077453674992,0.7040416569562077,0.5331125827814569,0.6708333333333333,0.7215005599104143,0.8489748908579648,0.024569952725325223,0.37511051014518665,0.7612327929640142,0.697065117703049
0,h2_rialto__c0,h2_rialto,0,ltm,window,11.5,0.533,0.8677173569572927,0.5379746724672199,0.5393520483935375,0.5531914893617021,0.5416666666666666,0.5327868852459017,1.5543093168957949,0.09761692887517691,0.6418089354239052,1.097787732737366,1.074167724469708
0,h2_rialto__c0,h2_rialto,0,ltm,late,20.366666666666667,0.718,0.9514100223687132,0.7204030407043552,0.6981578013147673,0.44324324324324327,0.640625,0.7196866485013624,0.8920569404941423,0.03407445097196742,0.37399572622772304,0.7828693168915595,0.8410587019908866
0,h2_rialto__c0,h2_rialto,0,ltm,all,12.591160220994475,0.720828729281768,0.9567367191884649,0.7205077453674992,0.7040416569562077,0.5331125827814569,0.6708333333333333,0.7215005599104143,0.8489748908579648,0.024569952725325223,0.37511051014518665,0.7612327929640142,0.697065117703049
0,h2_rialto__c0,h2_rialto,0,em,window,11.5,0.353,0.6971708254251003,0.38119210913026563,0.36282270064405775,0.14173228346456693,0.75,0.3432377049180328,5.247083450107379,0.3872231663211648,1.0155247973507602,0.4295845480295904,0.6684302704156597
0,h2_rialto__c0,h2_rialto,0,em,late,20.366666666666667,0.584,0.8212926971363113,0.6130258428188253,0.5803770262254296,0.20675944333996024,0.8125,0.5790190735694822,3.022399638566214,0.22270516541850593,0.6517503885162067,0.3081464604952959,0.5451044129489275
0,h2_rialto__c0,h2_rialto,0,em,all,12.591160220994475,0.6307182320441989,0.8602958314870708,0.640432134890282,0.6067149025729541,0.25676613462873005,0.7708333333333334,0.6288353863381859,2.3871858449409022,0.19528700485903921,0.5695454127969507,0.4118512098311624,0.4848250452851009
0,h2_rialto__c0,h2_rialto,0,rp,window,11.5,0.518,0.8712650828235178,0.5251641513623979,0.5152214681455397,0.39473684210526316,0.625,0.5153688524590164,1.5695647848746799,0.09424595672370106,0.6525221944898502,1.0188777886603235,1.100459146128732
0,h2_rialto__c0,h2_rialto,0,rp,late,20.366666666666667,0.7123333333333334,0.949987325121417,0.7166272480765981,0.6912136175959388,0.4,0.65625,0.7135558583106267,0.9100011375011436,0.019543263483448207,0.3829491772477877,0.719627381290997,0.8365447269278896
0,h2_rialto__c0,h2_rialto,0,rp,all,12.591160220994475,0.7184530386740331,0.9567439945039882,0.7188285485588933,0.6990251153711038,0.4934687953555878,0.7083333333333334,0.718589025755879,0.8539801171676958,0.026700228716090298,0.37791739644817396,0.72369213755877,0.6984321275513247
0,h2_rialto__c0,h2_rialto,0,rp5,window,11.5,0.528,0.8695439929425846,0.5330400051254518,0.5321021609097244,0.5185185185185185,0.5833333333333334,0.5266393442622951,1.5550655477568547,0.0982855551094249,0.6442936376628018,1.0394745257390974,1.0886855040690124
0,h2_rialto__c0,h2_rialto,0,rp5,late,20.366666666666667,0.7176666666666667,0.9512768789270206,0.7203558967422382,0.6976559133083624,0.4375,0.65625,0.7190054495912807,0.8961728746654396,0.028829553938089187,0.375865181472276,0.7684667461704233,0.8399397631441317
0,h2_rialto__c0,h2_rialto,0,rp5,all,12.591160220994475,0.720110497237569,0.956891144424298,0.7199318589620072,0.7029928531610962,0.5271565495207667,0.6875,0.720548712206047,0.8500984461447443,0.02547005128329858,0.3758082165244897,0.745496263377662,0.6977831746318571
0,h2_rialto__c0,h2_rialto,0,oracle,window,11.5,0.533,0.8731287950083052,0.5384741018858384,0.5338280301236678,0.47619047619047616,0.625,0.5307377049180327,1.5530579785655563,0.09120418965793259,0.6412223855669835,0.9710462407243482,1.100190388118464
0,h2_rialto__c0,h2_rialto,0,oracle,late,20.366666666666667,0.7193333333333334,0.9525208640570948,0.7221847386435858,0.7004229540568929,0.45098039215686275,0.71875,0.7193460490463215,0.8876717927627784,0.03204806437374096,0.3703999923916493,0.7312463910693195,0.8401353013558773
0,h2_rialto__c0,h2_rialto,0,oracle,all,12.591160220994475,0.7212154696132597,0.9573566695387614,0.7211890429136532,0.7038514517102176,0.5238828967642527,0.7083333333333334,0.7213885778275476,0.847522690609428,0.024542184694220735,0.37419030283482907,0.7222388839880024,0.6967216023728589
0,h2_rialto__c1,h2_rialto,1,fifo,window,11.0,0.563,0.8799714511930832,0.5701976345252202,0.5313739766286425,0.1,0.10526315789473684,0.5718654434250765,1.4036756467327105,0.056873795867062496,0.5762529357431369,1.0402252560048768,1.1126100502812604
0,h2_rialto__c1,h2_rialto,1,fifo,late,19.1,0.7373333333333333,0.9613627431327947,0.7372644586307039,0.716663147570842,0.48695652173913045,0.4827586206896552,0.7423521414004078,0.7680857692351719,0.03510983484986192,0.34377594742000883,1.1666676230444768,0.8261838726928243
0,h2_rialto__c1,h2_rialto,1,fifo,all,12.486187845303867,0.7375690607734806,0.9611624207043169,0.7374063530079641,0.7105465137470429,0.43253234750462105,0.4957627118644068,0.7407635467980296,0.7828505983773734,0.019050265322823383,0.3539653912571535,1.007903989177308,0.6792121072639672
0,h2_rialto__c1,h2_rialto,1,ltm,window,11.0,0.563,0.8799714511930832,0.5701976345252202,0.5313739766286425,0.1,0.10526315789473684,0.5718654434250765,1.4036756467327105,0.056873795867062496,0.5762529357431369,1.0402252560048768,1.1126100502812604
0,h2_rialto__c1,h2_rialto,1,ltm,late,19.1,0.7373333333333333,0.9613627431327947,0.7372644586307039,0.716663147570842,0.48695652173913045,0.4827586206896552,0.7423521414004078,0.7680857692351719,0.03510983484986192,0.34377594742000883,1.1666676230444768,0.8261838726928243
0,h2_rialto__c1,h2_rialto,1,ltm,all,12.486187845303867,0.7375690607734806,0.9611624207043169,0.7374063530079641,0.7105465137470429,0.43253234750462105,0.4957627118644068,0.7407635467980296,0.7828505983773734,0.019050265322823383,0.3539653912571535,1.007903989177308,0.6792121072639672
0,h2_rialto__c1,h2_rialto,1,em,window,11.0,0.294,0.667411114200105,0.3558356678743746,0.33147681531859874,0.06082289803220036,0.8947368421052632,0.2823649337410805,6.564137781813059,0.5247942533048583,1.2288720932043422,0.2750144950375298,0.49519796140507766
0,h2_rialto__c1,h2_rialto,1,em,late,19.1,0.5773333333333334,0.7988763375362012,0.6423169238857805,0.5977208322941807,0.10057142857142858,0.7586206896551724,0.5737593473827328,3.4124481624765965,0.2581912449293827,0.685443940795012,0.46711138549090436,0.47285479328758134
0,h2_rialto__c1,h2_rialto,1,em,all,12.486187845303867,0.624585635359116,0.848932550391653,0.6555734548238017,0.608247624429384,0.11841627315655648,0.690677966101695,0.6237124944021496,2.602869390540127,0.2174765260678853,0.600244304591254,0.4793586528360772,0.44079604101852965
0,h2_rialto__c1,h2_rialto,1,rp,window,11.0,0.552,0.8777684024102823,0.5694815239741552,0.5339052949531262,0.13861386138613863,0.3684210526315789,0.5555555555555556,1.4634412379055042,0.03825789358956627,0.5921279751823101,0.9863006445272208,1.141626526595778
0,h2_rialto__c1,h2_rialto,1,rp,late,19.1,0.733,0.9605827991202259,0.7351252601382383,0.7058823490789214,0.379746835443038,0.5172413793103449,0.7372535690006798,0.7777096956570352,0.03633969148799627,0.34680976001428976,1.129782050379838,0.8356387988966136
0,h2_rialto__c1,h2_rialto,1,rp,all,12.486187845303867,0.7350828729281768,0.9608688763974254,0.7363735677507286,0.703835239427707,0.3670520231213873,0.538135593220339,0.7376847290640394,0.7898874984838753,0.019744179585126486,0.3564652350246096,0.9759310309417264,0.6844098143163557
0,h2_rialto__c1,h2_rialto,1,rp5,window,11.0,0.564,0.87956679299026,0.5715679981657115,0.5378549318502127,0.16326530612244897,0.21052631578947367,0.5708460754332314,1.4225553502303414,0.04516378749972706,0.5780701321293477,1.050321881746012,1.1356044887581376
0,h2_rialto__c1,h2_rialto,1,rp5,late,19.1,0.7366666666666667,0.9612316083933535,0.7368214015137637,0.7145878849203677,0.4666666666666667,0.4827586206896552,0.7416723317471108,0.770016017074209,0.03474291346901241,0.3445829504418607,1.1536476196760146,0.8285099682654963
0,h2_rialto__c1,h2_rialto,1,rp5,all,12.486187845303867,0.7376243093922652,0.9611275616107445,0.7377131886586161,0.7099931433861095,0.4230769230769231,0.5127118644067796,0.7405956112852664,0.784984366848446,0.019190551339545045,0.35452092497888316,1.0031223069564508,0.6814580382275897
0,h2_rialto__c1,h2_rialto,1,oracle,window,11.0,0.559,0.8838207169609069,0.5748908050405549,0.536397627280924,0.10869565217391304,0.2631578947368421,0.564729867482161,1.4487643137587334,0.041992016128540983,0.5851798964648341,1.0085119936514855,1.1294603485322279
0,h2_rialto__c1,h2_rialto,1,oracle,late,19.1,0.734,0.9617881243394123,0.7339339596214232,0.712976880120786,0.4793388429752066,0.5,0.738613188307274,0.7671655042838385,0.036502535831125636,0.34433278662919126,1.124717958005102,0.8231901570176196
0,h2_rialto__c1,h2_rialto,1,oracle,all,12.486187845303867,0.7369060773480663,0.9616098453787709,0.7372175662752394,0.7099641439542468,0.42787682333873583,0.559322033898305,0.7392521271831617,0.7846385305335136,0.018676323784876117,0.35451338917945924,0.9755462264361439,0.6773570262704233
0,h2_rialto__c2,h2_rialto,2,fifo,window,12.5,0.512,0.8573333078171922,0.5144208483444779,0.48092543258241544,0.1,0.09523809523809523,0.5209397344228804,1.565244873406374,0.0924409485810215,0.6378246972534678,1.164287736147308,1.1266775433703764
0,h2_rialto__c2,h2_rialto,2,fifo,late,22.3,0.697,0.9489775365592473,0.6987849115292953,0.6822090852519078,0.4895833333333333,0.7014925373134329,0.6968973747016707,0.9259059106994252,0.04331516796625055,0.3831808549293214,1.0663485727918764,0.8171159498444548
0,h2_rialto__c2,h2_rialto,2,fifo,all,12.762430939226519,0.7239779005524862,0.9567486604005211,0.7232392498464087,0.7042792252467586,0.5076142131979695,0.6276150627615062,0.7252673422540731,0.8464820961637296,0.02432089659933198,0.3713859910328978,1.0204621020761702,0.6853394269911587
0,h2_rialto__c2,h2_rialto,2,ltm,window,12.5,0.512,0.8573333078171922,0.5144208483444779,0.48092543258241544,0.1,0.09523809523809523,0.5209397344228804,1.565244873406374,0.0924409485810215,0.6378246972534678,1.164287736147308,1.1266775433703764
0,h2_rialto__c2,h2_rialto,2,ltm,late,22.3,0.697,0.9489775365592473,0.6987849115292953,0.6822090852519078,0.4895833333333333,0.7014925373134329,0.6968973747016707,0.9259059106994252,0.04331516796625055,0.3831808549293214,1.0663485727918764,0.8171159498444548
0,h2_rialto__c2,h2_rialto,2,ltm,all,12.762430939226519,0.7239779005524862,0.9567486604005211,0.7232392498464087,0.7042792252467586,0.5076142131979695,0.6276150627615062,0.7252673422540731,0.8464820961637296,0.02432089659933198,0.3713859910328978,1.0204621020761702,0.6853394269911587
0,h2_rialto__c2,h2_rialto,2,em,window,12.5,0.254,0.6501471572285432,0.308923270501835,0.28895878579990997,0.06086956521739131,0.6666666666666666,0.24514811031664965,6.699325325653434,0.53893465328681,1.2144615893080337,0.41460054454027007,0.5283948408651667
0,h2_rialto__c2,h2_rialto,2,em,late,22.3,0.5583333333333333,0.7923379054463873,0.6029234593277316,0.5665798897016691,0.14473684210526316,0.8208955223880597,0.5523354926696216,3.625791175305717,0.25627140498606465,0.7070670112852402,0.5219050560132457,0.5041998178526756
0,h2_rialto__c2,h2_rialto,2,em,all,12.762430939226519,0.6222651933701657,0.8512805570484681,0.6433560360969085,0.6021149955620047,0.17437722419928825,0.8200836820083682,0.619618162476905,2.594061554922136,0.2096035318572308,0.5951586771194288,0.5062646980845041,0.4640770525548341
0,h2_rialto__c2,h2_rialto,2,rp,window,12.5,0.493,0.854582841204401,0.5068700884437993,0.47045911475121,0.056074766355140186,0.14285714285714285,0.5005107252298263,1.6181566636545204,0.10047274456670545,0.6546877606620245,1.1671935481643292,1.1524846930982986
0,h2_rialto__c2,h2_rialto,2,rp,late,22.3,0.6893333333333334,0.9486979839417409,0.6937208502376144,0.6704287578873752,0.4,0.7014925373134329,0.689055574497102,0.9373796731337388,0.042567066197176165,0.388483604257123,1.016120742278024,0.8214195538517135
0,h2_rialto__c2,h2_rialto,2,rp,all,12.762430939226519,0.7213812154696133,0.9563823965902811,0.7219957735603079,0.6954436092377199,0.42005420054200543,0.6485355648535565,0.7223559711102402,0.8544194175989169,0.025350529382507796,0.37444779984269355,0.9931880045420262,0.6889287072196821
0,h2_rialto__c2,h2_rialto,2,rp5,window,12.5,0.511,0.8574450881066319,0.5160285966340465,0.4803091193966881,0.07407407407407407,0.09523809523809523,0.5199182839632278,1.5809339671688145,0.09018646367916669,0.6404701328859798,1.1864111583209782,1.1498230839602837
0,h2_rialto__c2,h2_rialto,2,rp5,late,22.3,0.6976666666666667,0.9490385572097875,0.6997185444571752,0.6824985144139927,0.4824120603015075,0.7164179104477612,0.6972383225366519,0.9264497234055019,0.041649636217727305,0.3829839282610607,1.0586942906306533,0.8188433055693906
0,h2_rialto__c2,h2_rialto,2,rp5,all,12.762430939226519,0.7234254143646409,0.9568534552893191,0.7228728733009329,0.7029896497915902,0.4967532467532468,0.6401673640167364,0.7245394994681149,0.848033457959798,0.024265621522304548,0.3717097432664119,1.0186484996518552,0.6873179694716036
0,h2_rialto__c2,h2_rialto,2,oracle,window,12.5,0.509,0.8607266695435442,0.5165120159015876,0.4833873965760329,0.10666666666666667,0.19047619047619047,0.515832482124617,1.5843769868814999,0.10559219384906823,0.6395668062437239,1.2075905033601675,1.1434024908286542
0,h2_rialto__c2,h2_rialto,2,oracle,late,22.3,0.701,0.9500044131207026,0.7020746825613463,0.6883760382579986,0.5291005291005291,0.746268656716418,0.6999659052165019,0.9230242034200813,0.033894910130365476,0.3821167712095814,1.0445049042961216,0.8158468930347463
0,h2_rialto__c2,h2_rialto,2,oracle,all,12.762430939226519,0.7250828729281767,0.9572381774948585,0.7244996299571083,0.7065625719589643,0.5205047318611987,0.6903765690376569,0.725547281787134,0.8464116341274379,0.024219905432037038,0.37115319749624676,0.9740373983781851,0.6831593874357016
0,h2_rialto__c3,h2_rialto,3,fifo,window,10.9,0.585,0.8842499468076493,0.5831696350871944,0.5419406793604176,0.07692307692307693,0.05,0.5959183673469388,1.4089111042545097,0.07963286497530031,0.5868662716110304,1.2783173414153866,1.048100269489308
0,h2_rialto__c3,h2_rialto,3,fifo,late,24.033333333333335,0.7376666666666667,0.9603462672740726,0.7380483300227293,0.713601679451086,0.4155844155844156,0.4050632911392405,0.7466621020198562,0.7567026012262645,0.0424697875297303,0.34099809143957155,0.9466623321192332,0.8043012402874654
0,h2_rialto__c3,h2_rialto,3,fifo,all,12.87292817679558,0.7341436464088398,0.9591851079059858,0.7335692914557127,0.7102328028979205,0.46747967479674796,0.4713114754098361,0.7377352150537635,0.8022132737534375,0.024464916073951806,0.3605596096938974,0.9662007914886344,0.6760014920141066
0,h2_rialto__c3,h2_rialto,3,ltm,window,10.9,0.585,0.8842499468076493,0.5831696350871944,0.5419406793604176,0.07692307692307693,0.05,0.5959183673469388,1.4089111042545097,0.07963286497530031,0.5868662716110304,1.2783173414153866,1.048100269489308
0,h2_rialto__c3,h2_rialto,3,ltm,late,24.033333333333335,0.7376666666666667,0.9603462672740726,0.7380483300227293,0.713601679451086,0.4155844155844156,0.4050632911392405,0.7466621020198562,0.7567026012262645,0.0424697875297303,0.34099809143957155,0.9466623321192332,0.8043012402874654
0,h2_rialto__c3,h2_rialto,3,ltm,all,12.87292817679558,0.7341436464088398,0.9591851079059858,0.7335692914557127,0.7102328028979205,0.46747967479674796,0.4713114754098361,0.7377352150537635,0.8022132737534375,0.024464916073951806,0.3605596096938974,0.9662007914886344,0.6760014920141066
0,h2_rialto__c3,h2_rialto,3,em,window,10.9,0.343,0.6764633773361934,0.37895000353860825,0.35402959236572923,0.07197943444730077,0.7,0.3357142857142857,6.180159987134095,0.45599070348697973,1.1041005869952578,0.4452044381825487,0.5477386533365782
0,h2_rialto__c3,h2_rialto,3,em,late,24.033333333333335,0.5953333333333334,0.8195144791448661,0.6456968398322314,0.6078633126844781,0.14728682170542637,0.7215189873417721,0.5919205751454981,2.9806144925760165,0.2135708961827727,0.6235969503201824,0.5282321667340686,0.5259017414045726
0,h2_rialto__c3,h2_rialto,3,em,all,12.87292817679558,0.6307182320441989,0.8514811091251758,0.6539869608149563,0.6102380980805392,0.15514935354436024,0.7131147540983607,0.62959229390681,2.5039395328795213,0.20241036882889557,0.5789873182614665,0.5089461915567305,0.4648402300184039
0,h2_rialto__c3,h2_rialto,3,rp,window,10.9,0.569,0.8820408297012401,0.5789860514763259,0.5438735596859976,0.14814814814814814,0.3,0.5744897959183674,1.447047878016438,0.08492783073720188,0.600127293211172,1.2310630877426136,1.0872413627737592
0,h2_rialto__c3,h2_rialto,3,rp,late,24.033333333333335,0.734,0.9609634627035983,0.7355110501440449,0.7157154381974704,0.4745762711864407,0.5316455696202531,0.7394727832933927,0.7627887357590901,0.04042099002776128,0.3441611614071156,0.9375423099851837,0.814337939131055
0,h2_rialto__c3,h2_rialto,3,rp,all,12.87292817679558,0.7319889502762431,0.9590302449009946,0.7323530136808845,0.707419351675121,0.44805194805194803,0.5655737704918032,0.7342629928315412,0.8077817382594726,0.023319350504321854,0.363025945806746,0.9422013022112652,0.6818802238215437
0,h2_rialto__c3,h2_rialto,3,rp5,window,10.9,0.58,0.884061539302197,0.5812134942912818,0.5474737423799283,0.16666666666666666,0.15,0.5887755102040816,1.4171254896502896,0.07237093917721571,0.5886196383763103,1.2853946982413693,1.0715221866066786
0,h2_rialto__c3,h2_rialto,3,rp5,late,24.033333333333335,0.7393333333333333,0.9602317566411976,0.7397803201297359,0.7191348437081247,0.4675324675324675,0.45569620253164556,0.7470044505306402,0.7586053872942936,0.039460326507612255,0.34157834729504727,0.9416143322554239,0.8073059266251487
0,h2_rialto__c3,h2_rialto,3,rp5,all,12.87292817679558,0.7340331491712707,0.9591740598483491,0.7335689584525382,0.7114541235582676,0.48140900195694714,0.5040983606557377,0.7371751792114696,0.8033314121686322,0.023249311314452927,0.3608487423594002,0.9601199641564457,0.6781355224009412
0,h2_rialto__c3,h2_rialto,3,oracle,window,10.9,0.57,0.8839190978896179,0.5736645210298185,0.540237364903452,0.16326530612244897,0.2,0.5775510204081633,1.4293240237153904,0.07636118298669867,0.5934136713012693,1.2219052548475895,1.0799232634525886
0,h2_rialto__c3,h2_rialto,3,oracle,late,24.033333333333335,0.741,0.9621997827577908,0.7409843891913588,0.7269105764509497,0.5555555555555556,0.5063291139240507,0.7473467990414242,0.7525717728897671,0.042644441527155394,0.33845853939082726,0.9632762973226207,0.8059115378153023
0,h2_rialto__c3,h2_rialto,3,oracle,all,12.87292817679558,0.7348618784530386,0.959892178322366,0.7344346741474473,0.7144680997564236,0.5067698259187621,0.5368852459016393,0.7375672043010753,0.8013592429011025,0.022973030288342598,0.35978593354342053,0.9559335389106667,0.6761846477847828
0,h2_rialto__c4,h2_rialto,4,fifo,window,11.7,0.566,0.8787454409897031,0.5667761595091658,0.5210482838558793,0.0,0.0,0.5781409601634321,1.388889812761421,0.08218715626260528,0.5920007347979052,1.4327808972876237,1.043223677765199
0,h2_rialto__c4,h2_rialto,4,fifo,late,21.533333333333335,0.7446666666666667,0.9600578387430078,0.7479114904121001,0.7094362428061938,0.26900584795321636,0.359375,0.7530653950953679,0.7643615931184464,0.04298422187416924,0.33208609128929084,1.1045115165136044,0.797342372980783
0,h2_rialto__c4,h2_rialto,4,fifo,all,12.58011049723757,0.7513812154696132,0.9606368270565628,0.751523489125263,0.7187255151535316,0.37816764132553604,0.4024896265560166,0.7560893667058626,0.7743846327032801,0.015025588426598109,0.34334814430659333,0.9443377893613326,0.6517692060017635
0,h2_rialto__c4,h2_rialto,4,ltm,window,11.7,0.566,0.8787454409897031,0.5667761595091658,0.5210482838558793,0.0,0.0,0.5781409601634321,1.388889812761421,0.08218715626260528,0.5920007347979052,1.4327808972876237,1.043223677765199
0,h2_rialto__c4,h2_rialto,4,ltm,late,21.533333333333335,0.7446666666666667,0.9600578387430078,0.7479114904121001,0.7094362428061938,0.26900584795321636,0.359375,0.7530653950953679,0.7643615931184464,0.04298422187416924,0.33208609128929084,1.1045115165136044,0.797342372980783
0,h2_rialto__c4,h2_rialto,4,ltm,all,12.58011049723757,0.7513812154696132,0.9606368270565628,0.751523489125263,0.7187255151535316,0.37816764132553604,0.4024896265560166,0.7560893667058626,0.7743846327032801,0.015025588426598109,0.34334814430659333,0.9443377893613326,0.6517692060017635
0,h2_rialto__c4,h2_rialto,4,em,window,11.7,0.343,0.6589827680523255,0.40846423795009384,0.3800772235572413,0.05701754385964912,0.6190476190476191,0.33707865168539325,6.25878042860464,0.46439637330412203,1.121485006329885,0.5635502931987931,0.5351121272082056
0,h2_rialto__c4,h2_rialto,4,em,late,21.533333333333335,0.6233333333333333,0.8057541691660279,0.6661786477097578,0.622051399258384,0.1166936790923825,0.5625,0.6246594005449592,3.0930417775147054,0.20177419137473374,0.600776964589435,0.5421139494436418,0.48968718681833484
0,h2_rialto__c4,h2_rialto,4,em,all,12.58011049723757,0.658232044198895,0.8559336820134739,0.6793252870547077,0.6320118413123281,0.1407185628742515,0.5850622406639004,0.6592194411781175,2.3208046062594843,0.17747384826538024,0.5391639213045399,0.5445710296924084,0.46009469315958534
0,h2_rialto__c4,h2_rialto,4,rp,window,11.7,0.552,0.8755327199592052,0.5673973349875844,0.533035058621824,0.1414141414141414,0.3333333333333333,0.5566905005107252,1.4406624547585456,0.0841112307616558,0.6102026309389228,1.4412707038648063,1.0799124519418164
0,h2_rialto__c4,h2_rialto,4,rp,late,21.533333333333335,0.7446666666666667,0.9596081113786283,0.7479648743260872,0.7094865485193463,0.26900584795321636,0.359375,0.7530653950953679,0.771890721256019,0.042217366121136045,0.33495723031456287,1.082693989305292,0.8021096666057603
0,h2_rialto__c4,h2_rialto,4,rp,all,12.58011049723757,0.7497237569060774,0.9602753328082709,0.7510108410683608,0.7146479725295185,0.33707865168539325,0.43568464730290457,0.7539615879948486,0.780472316767679,0.01603504454542024,0.34565556049021445,0.9289374531122431,0.6566761993616297
0,h2_rialto__c4,h2_rialto,4,rp5,window,11.7,0.565,0.8786235155785572,0.5683720493425732,0.5317293607184526,0.11428571428571428,0.09523809523809523,0.575076608784474,1.4007258333742552,0.0912919432735319,0.594274534165968,1.4554491513623995,1.0702909568070569
0,h2_rialto__c4,h2_rialto,4,rp5,late,21.533333333333335,0.7446666666666667,0.9598366402914061,0.7478151235555492,0.709474858600719,0.27058823529411763,0.359375,0.7530653950953679,0.7654431415281802,0.041607508909244244,0.3325267266745394,1.0999673401882202,0.799414301097461
0,h2_rialto__c4,h2_rialto,4,rp5,all,12.58011049723757,0.751049723756906,0.9605294745090198,0.7514104086021015,0.717671608298075,0.3673469387755102,0.4107883817427386,0.7556414132930175,0.7756267435290934,0.01652199810458984,0.3436608505009307,0.9396709465242146,0.6538986498815738
0,h2_rialto__c4,h2_rialto,4,oracle,window,11.7,0.55,0.8816809428530359,0.5582206934227807,0.5314312412326101,0.22641509433962265,0.2857142857142857,0.5556690500510725,1.4069029408860725,0.08659402136097359,0.5995806939594336,1.37843693697732,1.059298026157422
0,h2_rialto__c4,h2_rialto,4,oracle,late,21.533333333333335,0.7436666666666667,0.9606756789019345,0.7464687975063657,0.709727793861042,0.2891566265060241,0.375,0.7517029972752044,0.7623424294497689,0.041750416766750176,0.331977960586801,1.1089312201262813,0.7940865544409631
0,h2_rialto__c4,h2_rialto,4,oracle,all,12.58011049723757,0.7502209944751381,0.9613914423975102,0.7505497572039859,0.7190341163708627,0.3917910447761194,0.43568464730290457,0.7544655355842992,0.7735598785827953,0.016111592013938143,0.343441541186929,0.9335937318289309,0.6507243202658927
0,h2_rialto__c5,h2_rialto,5,fifo,window,14.2,0.566,0.8758175194100399,0.5667692887322644,0.5442156164830603,0.2777777777777778,0.20833333333333334,0.5747950819672131,1.4828762402611437,0.10145970450047934,0.6030762205541085,1.1429251451849927,1.0331271913458484
0,h2_rialto__c5,h2_rialto,5,fifo,late,23.366666666666667,0.7376666666666667,0.9523271010419011,0.737544460145356,0.714932585779117,0.45,0.5142857142857142,0.7430034129692833,0.8701985445838712,0.0149610968929485,0.3560449564684134,1.180462604837313,0.75534431122634
0,h2_rialto__c5,h2_rialto,5,fifo,all,12.823204419889503,0.7471270718232044,0.9595556344813565,0.7465244110694176,0.7217667366002266,0.46435845213849286,0.4691358024691358,0.7509100072800582,0.8071075621347168,0.026021134151166265,0.35038905945278037,0.9806396536282097,0.6356606942542554
0,h2_rialto__c5,h2_rialto,5,ltm,window,14.2,0.566,0.8758175194100399,0.5667692887322644,0.5442156164830603,0.2777777777777778,0.20833333333333334,0.5747950819672131,1.4828762402611437,0.10145970450047934,0.6030762205541085,1.1429251451849927,1.0331271913458484
0,h2_rialto__c5,h2_rialto,5,ltm,late,23.366666666666667,0.7376666666666667,0.9523271010419011,0.737544460145356,0.714932585779117,0.45,0.5142857142857142,0.7430034129692833,0.8701985445838712,0.0149610968929485,0.3560449564684134,1.180462604837313,0.75534431122634
0,h2_rialto__c5,h2_rialto,5,ltm,all,12.823204419889503,0.7471270718232044,0.9595556344813565,0.7465244110694176,0.7217667366002266,0.46435845213849286,0.4691358024691358,0.7509100072800582,0.8071075621347168,0.026021134151166265,0.35038905945278037,0.9806396536282097,0.6356606942542554
0,h2_rialto__c5,h2_rialto,5,em,window,14.2,0.357,0.6723110487843371,0.4210698121749522,0.3938116176492029,0.07263922518159806,0.625,0.35040983606557374,5.945117251411202,0.4785086751005307,1.1082201377314722,0.2272860887456122,0.46923718465816416
0,h2_rialto__c5,h2_rialto,5,em,late,23.366666666666667,0.6056666666666667,0.841384023852404,0.6498860881998972,0.6106016786128603,0.15022091310751104,0.7285714285714285,0.6027303754266211,2.669892112238531,0.23639285839664242,0.6357137188408087,0.48611124490554086,0.47656229001834327
0,h2_rialto__c5,h2_rialto,5,em,all,12.823204419889503,0.6541988950276243,0.8616369231416705,0.6733122009450971,0.6293609955920811,0.1724137931034483,0.6995884773662552,0.6535812286498291,2.340832414514483,0.19188379820749155,0.551199403001475,0.4831113971614807,0.43865546208237266
0,h2_rialto__c5,h2_rialto,5,rp,window,14.2,0.55,0.870470849338904,0.5726185410964698,0.5377706604342828,0.125,0.375,0.5543032786885246,1.5610579345657094,0.11284178156309974,0.62296208224497,1.1490505913523386,1.0440559122347566
0,h2_rialto__c5,h2_rialto,5,rp,late,23.366666666666667,0.733,0.9511202594839656,0.7353814895293784,0.7099366454721112,0.4117647058823529,0.6,0.7361774744027304,0.8807689730431469,0.014908961731705585,0.35914717889065645,1.1030396134295484,0.7618620495642264
0,h2_rialto__c5,h2_rialto,5,rp,all,12.823204419889503,0.7441988950276243,0.9589632561714678,0.7453953114957783,0.7128952678637406,0.375,0.5185185185185185,0.7472699781598253,0.8156891499872988,0.027640658989426584,0.35315930537473017,0.9484388730795009,0.6393596105826728
0,h2_rialto__c5,h2_rialto,5,rp5,window,14.2,0.563,0.8740824883603544,0.5738834069266102,0.5433389073398823,0.18181818181818182,0.3333333333333333,0.5686475409836066,1.5083700211391229,0.08032016801675425,0.6063456615506354,1.1530141198658597,1.047557401768005
0,h2_rialto__c5,h2_rialto,5,rp5,late,23.366666666666667,0.738,0.95205237385084,0.7382681143851522,0.7148529646026482,0.44047619047619047,0.5285714285714286,0.7430034129692833,0.8729164510052615,0.014391474842668766,0.3568598700059,1.1598033541723103,0.7567860778337507
0,h2_rialto__c5,h2_rialto,5,rp5,all,12.823204419889503,0.747292817679558,0.9594847658287409,0.7472136129235061,0.7197583309345041,0.4343065693430657,0.4897119341563786,0.750798006384051,0.8092170800457568,0.025835948890761594,0.35066061185477077,0.9700710657761402,0.6372668437813938
0,h2_rialto__c5,h2_rialto,5,oracle,window,14.2,0.561,0.8742475585110843,0.5771397692178732,0.5443826769362929,0.1565217391304348,0.375,0.5655737704918032,1.527652848960542,0.0969779158776703,0.6101129997755452,1.1645483087281212,1.0468532169280251
0,h2_rialto__c5,h2_rialto,5,oracle,late,23.366666666666667,0.7363333333333333,0.9527391498052046,0.7357264947824743,0.7174236639052405,0.5031446540880503,0.5714285714285714,0.7402730375426622,0.8652631623089337,0.02280482026881854,0.3549593221427961,1.0967488434676966,0.7520718181093483
0,h2_rialto__c5,h2_rialto,5,oracle,all,12.823204419889503,0.7471270718232044,0.9599385259358849,0.7472077736391632,0.7212616975120177,0.4514991181657848,0.5267489711934157,0.7501260010080081,0.8069562163840456,0.028149556586039622,0.35017859645819777,0.9433195826201483,0.6347093511394902
0,h2_rialto__c6,h2_rialto,6,fifo,window,12.2,0.531,0.8733917315761837,0.5349116698857116,0.5034475447081335,0.15384615384615385,0.10526315789473684,0.5392456676860347,1.5038638245679974,0.10113588427193118,0.6321981373486947,1.163244836350288,1.0426221358819883
0,h2_rialto__c6,h2_rialto,6,fifo,late,21.533333333333335,0.7023333333333334,0.9468771180019793,0.7055003693717791,0.6818704285223022,0.41346153846153844,0.6825396825396826,0.7027579162410623,0.9604806408802613,0.03803698413259993,0.39675113893504854,0.9367672757541365,0.8156515556969236
0,h2_rialto__c6,h2_rialto,6,fifo,all,13.187845303867404,0.7165745856353591,0.9536668363070362,0.7166823375311874,0.7020859222724949,0.5496688741721855,0.664,0.7173109243697479,0.8817280144332248,0.03183353516117182,0.38322872053632207,0.7364254773170907,0.6950185420061621
0,h2_rialto__c6,h2_rialto,6,ltm,window,12.2,0.531,0.8733917315761837,0.5349116698857116,0.5034475447081335,0.15384615384615385,0.10526315789473684,0.5392456676860347,1.5038638245679974,0.10113588427193118,0.6321981373486947,1.163244836350288,1.0426221358819883
0,h2_rialto__c6,h2_rialto,6,ltm,late,21.533333333333335,0.7023333333333334,0.9468771180019793,0.7055003693717791,0.6818704285223022,0.41346153846153844,0.6825396825396826,0.7027579162410623,0.9604806408802613,0.03803698413259993,0.39675113893504854,0.9367672757541365,0.8156515556969236
0,h2_rialto__c6,h2_rialto,6,ltm,all,13.187845303867404,0.7165745856353591,0.9536668363070362,0.7166823375311874,0.7020859222724949,0.5496688741721855,0.664,0.7173109243697479,0.8817280144332248,0.03183353516117182,0.38322872053632207,0.7364254773170907,0.6950185420061621
0,h2_rialto__c6,h2_rialto,6,em,window,12.2,0.351,0.6715269547234781,0.3970945076057041,0.3709607842738086,0.08058608058608059,0.5789473684210527,0.34658511722731905,5.940146561609114,0.4699508635450968,1.1080608682162534,0.35282669119493665,0.5050241514546642
0,h2_rialto__c6,h2_rialto,6,em,late,21.533333333333335,0.5703333333333334,0.7994075195293024,0.6049136502902778,0.5698544885512687,0.17132867132867133,0.7777777777777778,0.5658835546475995,3.3894467930516368,0.26420025171095946,0.7041924136940902,0.37840903220146394,0.4733179667432798
0,h2_rialto__c6,h2_rialto,6,em,all,13.187845303867404,0.6269613259668508,0.8454265211605423,0.6388172738189735,0.6049095869580943,0.25081645983017636,0.768,0.6249859943977591,2.5729671523312017,0.20837506522975296,0.593233186247963,0.3654967095543502,0.466140746109428
0,h2_rialto__c6,h2_rialto,6,rp,window,12.2,0.52,0.8657684739448783,0.5360111393586383,0.5035488827667717,0.14285714285714285,0.3684210526315789,0.5229357798165137,1.5639384114022787,0.11179604608367946,0.648359905477449,1.088957932500092,1.0602467653649685
0,h2_rialto__c6,h2_rialto,6,rp,late,21.533333333333335,0.6926666666666667,0.9452732823715442,0.699277526870968,0.6707185055934559,0.34615384615384615,0.7142857142857143,0.6922029281579843,0.9787447941674303,0.03859347426534361,0.4058535121310982,0.8923855821582741,0.8153837485316905
0,h2_rialto__c6,h2_rialto,6,rp,all,13.187845303867404,0.7131491712707182,0.9530055424993336,0.7146754779464716,0.692053125420833,0.4558258642765685,0.712,0.7131652661064426,0.8909474333896564,0.03469146417468399,0.386951617703131,0.7064528808384711,0.6972709004821372
0,h2_rialto__c6,h2_rialto,6,rp5,window,12.2,0.531,0.8724633534226323,0.5363825888546861,0.5127363200501708,0.25,0.21052631578947367,0.5372069317023446,1.5159178389170822,0.1057291997627961,0.6314188953961547,1.1668978161942518,1.0605323318554418
0,h2_rialto__c6,h2_rialto,6,rp5,late,21.533333333333335,0.6996666666666667,0.9468282092857379,0.7036087775470847,0.6788988580145175,0.39819004524886875,0.6984126984126984,0.6996935648621042,0.9648556619508429,0.04383940983756045,0.39851558427179157,0.9401955399511273,0.8161511866097668
0,h2_rialto__c6,h2_rialto,6,rp5,all,13.187845303867404,0.7159116022099448,0.9536141967483978,0.7161683265701101,0.7008488093096535,0.5408805031446541,0.688,0.7163025210084034,0.883717733449773,0.031412224914769714,0.38376420916620957,0.7342182336058665,0.6966658166449029
0,h2_rialto__c6,h2_rialto,6,oracle,window,12.2,0.534,0.8780148174160729,0.541052768300593,0.5414162177903689,0.5454545454545454,0.631578947368421,0.5321100917431193,1.5061095625286203,0.09838029727922194,0.6327465522274268,1.105361717817055,1.0449786461094122
0,h2_rialto__c6,h2_rialto,6,oracle,late,21.533333333333335,0.7036666666666667,0.9477277354184566,0.7064892954111256,0.684274133430979,0.431924882629108,0.7301587301587301,0.7030983997276132,0.9574039604873096,0.03512151498644053,0.3958138844879304,0.894407078299689,0.805781048933611
0,h2_rialto__c6,h2_rialto,6,oracle,all,13.187845303867404,0.7166850828729282,0.9540283487590469,0.7169197352270343,0.7034405455902385,0.5626911314984709,0.736,0.7164145658263306,0.8811289789646077,0.031515917411968464,0.3830202707068795,0.700089676621973,0.6924746279982527
0,h2_rialto__c7,h2_rialto,7,fifo,window,11.8,0.543,0.868187455076726,0.554375772745335,0.5226415420523621,0.16326530612244897,0.19047619047619047,0.550561797752809,1.5642167761538426,0.08668081705130389,0.6388244767461633,1.2916604546948338,1.0783525221293087
0,h2_rialto__c7,h2_rialto,7,fifo,late,18.766666666666666,0.7453333333333333,0.9517661323695993,0.7455405431425758,0.7156321913608358,0.3816793893129771,0.43103448275862066,0.7515295717199184,0.8456144888293601,0.0525315274193765,0.345092381862751,1.177663708190144,0.7852863429006296
0,h2_rialto__c7,h2_rialto,7,fifo,all,12.303867403314918,0.7491712707182321,0.9569531416379491,0.7491935764540218,0.7211457427876511,0.43018867924528303,0.4769874476987448,0.7528133923072616,0.8244513849908661,0.017709728235802146,0.35512933564489313,0.9270698900908557,0.6594435581796426
0,h2_rialto__c7,h2_rialto,7,ltm,window,11.8,0.543,0.868187455076726,0.554375772745335,0.5226415420523621,0.16326530612244897,0.19047619047619047,0.550561797752809,1.5642167761538426,0.08668081705130389,0.6388244767461633,1.2916604546948338,1.0783525221293087
0,h2_rialto__c7,h2_rialto,7,ltm,late,18.766666666666666,0.7453333333333333,0.9517661323695993,0.7455405431425758,0.7156321913608358,0.3816793893129771,0.43103448275862066,0.7515295717199184,0.8456144888293601,0.0525315274193765,0.345092381862751,1.177663708190144,0.7852863429006296
0,h2_rialto__c7,h2_rialto,7,ltm,all,12.303867403314918,0.7491712707182321,0.9569531416379491,0.7491935764540218,0.7211457427876511,0.43018867924528303,0.4769874476987448,0.7528133923072616,0.8244513849908661,0.017709728235802146,0.35512933564489313,0.9270698900908557,0.6594435581796426
0,h2_rialto__c7,h2_rialto,7,em,window,11.8,0.248,0.6371369566873313,0.3219591973035222,0.3001639450621516,0.055105348460291734,0.8095238095238095,0.23595505617977527,7.22953399386623,0.5806527898709062,1.298501261176971,0.29043973013357427,0.4418091677766868
0,h2_rialto__c7,h2_rialto,7,em,late,18.766666666666666,0.5426666666666666,0.7993328860377406,0.6094973267724537,0.5666584464615083,0.08832807570977919,0.7241379310344828,0.5390890550645819,3.4697990072082474,0.3027498942527953,0.7519995322885321,0.36506792007282673,0.44540694743084347
0,h2_rialto__c7,h2_rialto,7,em,all,12.303867403314918,0.6241988950276243,0.8505640354441268,0.65704346590697,0.6100151383612022,0.122202486678508,0.7196652719665272,0.6229214489670232,2.551445302520505,0.21353672701813767,0.5985460287529647,0.4454490927382108,0.4522644812240313
0,h2_rialto__c7,h2_rialto,7,rp,window,11.8,0.517,0.8581209577167117,0.5416960167825702,0.5049654933594167,0.08849557522123894,0.23809523809523808,0.5229826353421859,1.6522026075609153,0.09620855324596901,0.6661974574281603,1.2305841089594385,1.1042660770547779
0,h2_rialto__c7,h2_rialto,7,rp,late,18.766666666666666,0.7386666666666667,0.9497813523599008,0.7412935318571386,0.7080851608899733,0.3373493975903614,0.4827586206896552,0.7437117607070021,0.8614299403835233,0.04639069772503189,0.3528318316976281,1.1183085089739537,0.7916080049760035
0,h2_rialto__c7,h2_rialto,7,rp,all,12.303867403314918,0.7448618784530386,0.9562273461560039,0.7462176408860499,0.7136944194144252,0.37632776934749623,0.5188284518828452,0.7478864565253905,0.8346650730319836,0.018793329527795305,0.35915836506064625,0.8968378371239388,0.6641068687348357
0,h2_rialto__c7,h2_rialto,7,rp5,window,11.8,0.532,0.8643123212744914,0.5478947738334629,0.5148711349049236,0.14084507042253522,0.23809523809523808,0.5383043922369765,1.5939621607093686,0.08277255205042419,0.6449569259987448,1.2761154213896704,1.1010619825716623
0,h2_rialto__c7,h2_rialto,7,rp5,late,18.766666666666666,0.745,0.950938191019359,0.7457351817154056,0.7159184003202907,0.3829787234042553,0.46551724137931033,0.7505098572399728,0.8493242258379115,0.048391080695806006,0.3469944566210619,1.1556434592973521,0.7868055472785844
0,h2_rialto__c7,h2_rialto,7,rp5,all,12.303867403314918,0.7484530386740331,0.9567379215284995,0.7487806028600105,0.7200477731152204,0.4219858156028369,0.497907949790795,0.7518056099882425,0.82701394806662,0.018067772065100803,0.355992327274302,0.9163013509737342,0.6613351777866647
0,h2_rialto__c7,h2_rialto,7,oracle,window,11.8,0.538,0.8651138601653725,0.5544822937033717,0.5184010423292692,0.1095890410958904,0.19047619047619047,0.5454545454545454,1.6025131425366295,0.09377949879935762,0.6437476328478153,1.2948596514772899,1.1024576824958612
0,h2_rialto__c7,h2_rialto,7,oracle,late,18.766666666666666,0.7456666666666667,0.952446536599387,0.7469052026941757,0.714784481905822,0.3561643835616438,0.4482758620689655,0.7515295717199184,0.8466274777600893,0.04156066902556361,0.3474024880595995,1.1465865691843653,0.7790814733729414
0,h2_rialto__c7,h2_rialto,7,oracle,all,12.303867403314918,0.7497790055248619,0.9574760877617766,0.7501138280632101,0.7213294515876777,0.4227353463587922,0.497907949790795,0.7531493197469347,0.8239047018553298,0.020017771689564604,0.3551052189010721,0.911455764407034,0.6583140194596704
0,h2_rialto__c8,h2_rialto,8,fifo,window,11.3,0.557,0.8762178571624336,0.5594834471109239,0.5269988634133813,0.16,0.1,0.5663265306122449,1.4498713087342894,0.08388450353133158,0.6147623578992396,1.481777095577268,1.0675027132605872
0,h2_rialto__c8,h2_rialto,8,fifo,late,26.233333333333334,0.7293333333333333,0.9566687267822346,0.7299726829641366,0.7101112232721876,0.4648648648648649,0.5308641975308642,0.7348406988694759,0.8137417889412221,0.0305851288168886,0.3602227144565284,1.1855495505972664,0.8113375867639537
0,h2_rialto__c8,h2_rialto,8,fifo,all,12.977900552486188,0.7397790055248619,0.9586393481031751,0.739725122193146,0.7167621063381242,0.4781783681214421,0.5206611570247934,0.7427483480792922,0.8084171634095396,0.022589758488889472,0.35920627536374167,0.9749718505073937,0.6563019629996271
0,h2_rialto__c8,h2_rialto,8,ltm,window,11.3,0.557,0.8762178571624336,0.5594834471109239,0.5269988634133813,0.16,0.1,0.5663265306122449,1.4498713087342894,0.08388450353133158,0.6147623578992396,1.481777095577268,1.0675027132605872
0,h2_rialto__c8,h2_rialto,8,ltm,late,26.233333333333334,0.7293333333333333,0.9566687267822346,0.7299726829641366,0.7101112232721876,0.4648648648648649,0.5308641975308642,0.7348406988694759,0.8137417889412221,0.0305851288168886,0.3602227144565284,1.1855495505972664,0.8113375867639537
0,h2_rialto__c8,h2_rialto,8,ltm,all,12.977900552486188,0.7397790055248619,0.9586393481031751,0.739725122193146,0.7167621063381242,0.4781783681214421,0.5206611570247934,0.7427483480792922,0.8084171634095396,0.022589758488889472,0.35920627536374167,0.9749718505073937,0.6563019629996271
0,h2_rialto__c8,h2_rialto,8,em,window,11.3,0.334,0.6468485185590003,0.3763371726608581,0.3516571902531417,0.07142857142857142,0.75,0.32551020408163267,6.6457779027897415,0.4851409295471908,1.146478149089185,0.514373627332253,0.49114074014393
0,h2_rialto__c8,h2_rialto,8,em,late,26.233333333333334,0.5813333333333334,0.8025123244541333,0.6278279152235059,0.5928597246030554,0.16145833333333334,0.7654320987654321,0.5762247344981158,3.3120821365093387,0.26404398284176134,0.6880004183028702,0.5219919249006375,0.4370062854448259
0,h2_rialto__c8,h2_rialto,8,em,all,12.977900552486188,0.6438674033149171,0.8560915155345625,0.6648361812816674,0.6208282390804604,0.16357584403233477,0.7107438016528925,0.6429611378653824,2.4210996982239164,0.19737350688013977,0.5688937865826653,0.45524426324373496,0.4418556625948196
0,h2_rialto__c8,h2_rialto,8,rp,window,11.3,0.541,0.8748500164056099,0.5520874424623989,0.5211524071386056,0.17142857142857143,0.3,0.5459183673469388,1.4913697522346496,0.07873970148398193,0.6249748350059318,1.4870833628253446,1.0980982289968682
0,h2_rialto__c8,h2_rialto,8,rp,late,26.233333333333334,0.7253333333333334,0.955838291390001,0.7291556232069849,0.7041136656038922,0.3949579831932773,0.5802469135802469,0.7293593696471394,0.8216247055987381,0.03392625104365675,0.36277220531423426,1.1645685280464253,0.8161192448073347
0,h2_rialto__c8,h2_rialto,8,rp,all,12.977900552486188,0.7360220994475138,0.9582019275907637,0.7372083939928413,0.7077598937640535,0.4017991004497751,0.5537190082644629,0.7384925523574868,0.8151351588126262,0.022075671016042853,0.36140997889869686,0.9614102230978353,0.6608725802951544
0,h2_rialto__c8,h2_rialto,8,rp5,window,11.3,0.555,0.8764575767040343,0.5597103427575856,0.5322875546284633,0.2222222222222222,0.2,0.5622448979591836,1.4609830932059051,0.078347209184834,0.6145827652871467,1.465357776138878,1.0889426577290964
0,h2_rialto__c8,h2_rialto,8,rp5,late,26.233333333333334,0.7296666666666667,0.9569087692153406,0.7306080711709754,0.7103894456963641,0.4607329842931937,0.5432098765432098,0.7348406988694759,0.8146914728151413,0.03510040700165455,0.3603635909647214,1.1844199662398418,0.8141363758179846
0,h2_rialto__c8,h2_rialto,8,rp5,all,12.977900552486188,0.7398342541436465,0.9587012104691139,0.7399484098427938,0.7163367524908856,0.47101449275362317,0.5371900826446281,0.7425803561429052,0.809688048647576,0.02344245399421525,0.3594493768649487,0.9726174693004199,0.6584354504965573
0,h2_rialto__c8,h2_rialto,8,oracle,window,11.3,0.56,0.8789651397479327,0.5660198512675987,0.5499257273653954,0.3673469387755102,0.45,0.5622448979591836,1.457586167387718,0.08338860065333704,0.6135125570407799,1.3631167143540757,1.0813105935512064
0,h2_rialto__c8,h2_rialto,8,oracle,late,26.233333333333334,0.7266666666666667,0.9580180324322061,0.7285271237315585,0.7078026610529212,0.4519230769230769,0.5802469135802469,0.7307297019527236,0.8106097278585526,0.03338082434112914,0.35974652999434964,1.157050683482325,0.8084855872406056
0,h2_rialto__c8,h2_rialto,8,oracle,all,12.977900552486188,0.7396132596685083,0.9594064955760047,0.7400249902661129,0.7166642804853061,0.47394957983193275,0.5826446280991735,0.7417403964609699,0.8075028910784655,0.021351904443294233,0.3590472117757024,0.9427366538242391,0.6546574864504633
0,h2_rialto__c9,h2_rialto,9,fifo,window,11.3,0.515,0.8734474032478119,0.5170870515063517,0.5200955982031084,0.5555555555555556,0.45454545454545453,0.516359918200409,1.5616968364630206,0.10724384670826638,0.6482046235792004,1.4089234950509844,1.0869795925074694
0,h2_rialto__c9,h2_rialto,9,fifo,late,27.166666666666668,0.701,0.9493198055575534,0.6997176989194533,0.7022555278872142,0.7329192546583851,0.7564102564102564,0.6995208761122519,0.9239026284005628,0.030154612915437064,0.39149354000105224,0.7576184429796228,0.8229271846723916
0,h2_rialto__c9,h2_rialto,9,fifo,all,13.226519337016574,0.7100552486187846,0.953960521076279,0.7090906786356148,0.7078265848493936,0.6945898778359512,0.7896825396825397,0.7089309726580009,0.8984894561400341,0.03395517329142579,0.3934288678032466,0.7213265544442566,0.7053804079498703
0,h2_rialto__c9,h2_rialto,9,ltm,window,11.3,0.515,0.8734474032478119,0.5170870515063517,0.5200955982031084,0.5555555555555556,0.45454545454545453,0.516359918200409,1.5616968364630206,0.10724384670826638,0.6482046235792004,1.4089234950509844,1.0869795925074694
0,h2_rialto__c9,h2_rialto,9,ltm,late,27.166666666666668,0.701,0.9493198055575534,0.6997176989194533,0.7022555278872142,0.7329192546583851,0.7564102564102564,0.6995208761122519,0.9239026284005628,0.030154612915437064,0.39149354000105224,0.7576184429796228,0.8229271846723916
0,h2_rialto__c9,h2_rialto,9,ltm,all,13.226519337016574,0.7100552486187846,0.953960521076279,0.7090906786356148,0.7078265848493936,0.6945898778359512,0.7896825396825397,0.7089309726580009,0.8984894561400341,0.03395517329142579,0.3934288678032466,0.7213265544442566,0.7053804079498703
0,h2_rialto__c9,h2_rialto,9,em,window,11.3,0.34,0.666269177077917,0.3699459270619503,0.3508428714892782,0.13166144200626959,0.9545454545454546,0.3261758691206544,5.943297659329381,0.45843455245802806,1.0932030538345385,0.797601015617614,0.5354257124534688
0,h2_rialto__c9,h2_rialto,9,em,late,27.166666666666668,0.6173333333333333,0.830507517454244,0.6201848991038885,0.6115623498302502,0.5064377682403434,0.7564102564102564,0.6136208076659821,2.7224793321012744,0.19262052259415735,0.5965291231371795,0.44261944564902705,0.5526669959553071
0,h2_rialto__c9,h2_rialto,9,em,all,13.226519337016574,0.6305524861878453,0.8572148283171369,0.6358998005307259,0.6112882201754865,0.3539373412362405,0.8293650793650794,0.6277454056476917,2.4064235445561715,0.1914752339209027,0.5762329116616147,0.4411716183640626,0.49433662015808855
0,h2_rialto__c9,h2_rialto,9,rp,window,11.3,0.508,0.8698231454145612,0.5105539943110367,0.5026683059598497,0.4126984126984127,0.5909090909090909,0.5061349693251533,1.589226581101908,0.08967744161986327,0.6505735792862054,1.279551300816491,1.1146401109979296
0,h2_rialto__c9,h2_rialto,9,rp,late,27.166666666666668,0.7003333333333334,0.9491911187518026,0.6989883953451966,0.7001007694733826,0.7134502923976608,0.782051282051282,0.6981519507186859,0.9267704310218572,0.02949191473958637,0.3919865391804386,0.7511442817410228,0.8252810032002524
0,h2_rialto__c9,h2_rialto,9,rp,all,13.226519337016574,0.7080662983425414,0.9537273963705948,0.7073997477377314,0.7002754680496637,0.6257668711656442,0.8095238095238095,0.70663379650381,0.9036862111279791,0.03538264133159597,0.3947263415403092,0.6793391182190566,0.7081796672813953
0,h2_rialto__c9,h2_rialto,9,rp5,window,11.3,0.516,0.8731114163098752,0.5181541649063982,0.5271409857196829,0.631578947368421,0.5454545454545454,0.5153374233128835,1.567900562032511,0.07865750263573094,0.6455688384713877,1.3638697219483933,1.105265139962538
0,h2_rialto__c9,h2_rialto,9,rp5,late,27.166666666666668,0.7006666666666667,0.9493680845972003,0.6993574504438425,0.7022711112471407,0.7375,0.7564102564102564,0.6991786447638604,0.9245188526501115,0.027894062791466556,0.3917003695767124,0.7578309657311896,0.8234626856015737
0,h2_rialto__c9,h2_rialto,9,rp5,all,13.226519337016574,0.7097237569060774,0.953948285820568,0.7087469862553849,0.7075794936185403,0.6953528399311532,0.8015873015873016,0.7084267144778127,0.8994575204024161,0.03372606054494109,0.3934770416304815,0.707016346047645,0.7068269063154892
0,h2_rialto__c9,h2_rialto,9,oracle,window,11.3,0.518,0.8750684223141277,0.5197926789302775,0.5336303150199537,0.6938775510204082,0.7727272727272727,0.5122699386503068,1.5606084737875126,0.10132235233644674,0.6487827715456178,1.27475009829554,1.0943768105326255
0,h2_rialto__c9,h2_rialto,9,oracle,late,27.166666666666668,0.7043333333333334,0.9497563689723929,0.703034795398063,0.7067408333909408,0.7515923566878981,0.7564102564102564,0.702943189596167,0.9205033631701289,0.03533959268636222,0.38917662672593156,0.7512504574673867,0.8223976175935247
0,h2_rialto__c9,h2_rialto,9,oracle,all,13.226519337016574,0.7102209944751381,0.9542734407223785,0.7092413099773278,0.7104272219532166,0.7228070175438597,0.8174603174603174,0.7087068579112505,0.8963535412836428,0.0342819754484951,0.39286789292609864,0.6758249470041398,0.7049352120871635
0,insects_abrupt_balanced__c0,insects_abrupt_balanced,0,fifo,window,19.6,0.777,0.9461426128499406,0.7561264164290885,0.6504413131501411,0.7076923076923077,0.696969696969697,0.7797311271975181,0.5975512847012776,0.023178818149868018,0.33411590772641697,0.6744193023920352,0.5554726900882054
0,insects_abrupt_balanced__c0,insects_abrupt_balanced,0,fifo,late,14.966666666666667,0.7963333333333333,0.9447804988503162,0.8039803457626524,0.7086739843906756,0.7547169811320755,0.7407407407407407,0.7968382105617222,0.5691522157698714,0.02733149875291195,0.28350060091767554,0.5664844873787561,0.41223991365457374
0,insects_abrupt_balanced__c0,insects_abrupt_balanced,0,fifo,all,12.70059880239521,0.7407784431137725,0.9504894241155958,0.7407519375197836,0.7216722634213871,0.6205250596658711,0.52,0.7441337386018237,0.6604242104941508,0.028057889328571863,0.3626654044110471,0.8157287944133198,0.5337990806975912
0,insects_abrupt_balanced__c0,insects_abrupt_balanced,0,ltm,window,19.6,0.777,0.9461426128499406,0.7561264164290885,0.6504413131501411,0.7076923076923077,0.696969696969697,0.7797311271975181,0.5975512847012776,0.023178818149868018,0.33411590772641697,0.6744193023920352,0.5554726900882054
0,insects_abrupt_balanced__c0,insects_abrupt_balanced,0,ltm,late,14.966666666666667,0.7963333333333333,0.9447804988503162,0.8039803457626524,0.7086739843906756,0.7547169811320755,0.7407407407407407,0.7968382105617222,0.5691522157698714,0.02733149875291195,0.28350060091767554,0.5664844873787561,0.41223991365457374
0,insects_abrupt_balanced__c0,insects_abrupt_balanced,0,ltm,all,12.70059880239521,0.7407784431137725,0.9504894241155958,0.7407519375197836,0.7216722634213871,0.6205250596658711,0.52,0.7441337386018237,0.6604242104941508,0.028057889328571863,0.3626654044110471,0.8157287944133198,0.5337990806975912
0,insects_abrupt_balanced__c0,insects_abrupt_balanced,0,em,window,19.6,0.762,0.9209125492258184,0.7423971216687806,0.6437394923269755,0.6956521739130435,0.7272727272727273,0.7631851085832472,0.7633378067000818,0.07658095389111712,0.3554990960602479,0.4916687476112939,0.4657850838518579
0,insects_abrupt_balanced__c0,insects_abrupt_balanced,0,em,late,14.966666666666667,0.848,0.9547182496110577,0.8509129049112182,0.6778049563345401,0.38016528925619836,0.8518518518518519,0.8479650184998319,0.5551362931946466,0.03286017366992425,0.22277140009834517,0.5036580012131828,0.2813913204164813
0,insects_abrupt_balanced__c0,insects_abrupt_balanced,0,em,all,12.70059880239521,0.6936526946107785,0.8993468475897962,0.6934073336067025,0.6596688539099317,0.4773022049286641,0.736,0.6930091185410334,1.4803084972289575,0.12555804927910252,0.46799474290474685,0.41109200650350275,0.4374216083190492
0,insects_abrupt_balanced__c0,insects_abrupt_balanced,0,rp,window,19.6,0.771,0.9428672157644687,0.7527523072015878,0.6537819483201358,0.7142857142857143,0.7575757575757576,0.7714581178903827,0.6006985589966045,0.04837948955100498,0.34043060408026143,0.5644968489513206,0.5566950803840556
0,insects_abrupt_balanced__c0,insects_abrupt_balanced,0,rp,late,14.966666666666667,0.8456666666666667,0.9570440251362958,0.8485005463354222,0.7367785617292717,0.7142857142857143,0.7407407407407407,0.8466195761856711,0.43472031328514243,0.0321853866289258,0.2071423031097692,0.5852631675854881,0.2990072239061968
0,insects_abrupt_balanced__c0,insects_abrupt_balanced,0,rp,all,12.70059880239521,0.76,0.9553857937869598,0.7608208260716772,0.7609771015711915,0.7664670658682635,0.768,0.7598784194528876,0.6011101955090565,0.021068044921013843,0.3343203855205357,0.5923342468821621,0.5184397316662045
0,insects_abrupt_balanced__c0,insects_abrupt_balanced,0,rp5,window,19.6,0.776,0.9467288248564608,0.7550874424052086,0.6509437493789842,0.7164179104477612,0.7272727272727273,0.7776628748707343,0.5944214335259856,0.04090929762515413,0.3337962386257574,0.5988291034721402,0.553899116955334
0,insects_abrupt_balanced__c0,insects_abrupt_balanced,0,rp5,late,14.966666666666667,0.8196666666666667,0.9525737127866108,0.8251525080297335,0.7228086202337551,0.7547169811320755,0.7407407407407407,0.8203834510595358,0.4907407557081314,0.04161682808112452,0.24019713186767236,0.5501474859640203,0.3447368355060045
0,insects_abrupt_balanced__c0,insects_abrupt_balanced,0,rp5,all,12.70059880239521,0.752874251497006,0.9535593546092743,0.7535095612486644,0.7454014312301026,0.70509977827051,0.636,0.7546504559270517,0.6286447797180459,0.02472677510149566,0.34579365331144885,0.6532092190122674,0.5179011935887741
0,insects_abrupt_balanced__c0,insects_abrupt_balanced,0,oracle,window,19.6,0.77,0.9526796095467279,0.7509780732469168,0.6529795203026565,0.7164179104477612,0.7272727272727273,0.7714581178903827,0.5690149917426538,0.032660163340721145,0.32395223825332903,0.5634756391242648,0.5430745249066696
0,insects_abrupt_balanced__c0,insects_abrupt_balanced,0,oracle,late,14.966666666666667,0.8756666666666667,0.9638919707209018,0.8758511924313493,0.7768746750410539,0.8,0.8148148148148148,0.8762193070972082,0.3670517381317896,0.02478368156375412,0.1730980144810582,0.542034081182854,0.24308247780368628
0,insects_abrupt_balanced__c0,insects_abrupt_balanced,0,oracle,all,12.70059880239521,0.77562874251497,0.961584313406875,0.7766804113672601,0.7815185345105,0.813141683778234,0.792,0.7753799392097265,0.5508362676595827,0.016739510219913604,0.3095871341191694,0.4306291900625849,0.4811335527400153
0,insects_abrupt_balanced__c1,insects_abrupt_balanced,1,fifo,window,20.8,0.78,0.9400194547455191,0.7551944370011888,0.6152735911366393,0.44,0.3235294117647059,0.7960662525879917,0.5734126252099836,0.04484707870958886,0.32635678098443854,0.859524928728013,0.48947256990706534
0,insects_abrupt_balanced__c1,insects_abrupt_balanced,1,fifo,late,16.033333333333335,0.808,0.9503346239756048,0.8141169140506989,0.6881899972387872,0.4186046511627907,0.3829787234042553,0.8147646461225873,0.5423265162743386,0.02849513242119005,0.27186720370934947,0.6857916057343065,0.37422204857713093
0,insects_abrupt_balanced__c1,insects_abrupt_balanced,1,fifo,all,13.18562874251497,0.7711377245508982,0.9538773816236946,0.7694872289096037,0.705664971078949,0.3641456582633053,0.2813852813852814,0.7780071649766227,0.5782423605068328,0.018474473746547475,0.3196094818320994,0.769352444102216,0.4719740838720095
0,insects_abrupt_balanced__c1,insects_abrupt_balanced,1,ltm,window,20.8,0.78,0.9400194547455191,0.7551944370011888,0.6152735911366393,0.44,0.3235294117647059,0.7960662525879917,0.5734126252099836,0.04484707870958886,0.32635678098443854,0.859524928728013,0.48947256990706534
0,insects_abrupt_balanced__c1,insects_abrupt_balanced,1,ltm,late,16.033333333333335,0.808,0.9503346239756048,0.8141169140506989,0.6881899972387872,0.4186046511627907,0.3829787234042553,0.8147646461225873,0.5423265162743386,0.02849513242119005,0.27186720370934947,0.6857916057343065,0.37422204857713093
0,insects_abrupt_balanced__c1,insects_abrupt_balanced,1,ltm,all,13.18562874251497,0.7711377245508982,0.9538773816236946,0.7694872289096037,0.705664971078949,0.3641456582633053,0.2813852813852814,0.7780071649766227,0.5782423605068328,0.018474473746547475,0.3196094818320994,0.769352444102216,0.4719740838720095
0,insects_abrupt_balanced__c1,insects_abrupt_balanced,1,em,window,20.8,0.766,0.9102989712175851,0.7573988976992893,0.6527596358292989,0.49230769230769234,0.47058823529411764,0.7763975155279503,0.7182213495134756,0.057256990618114456,0.3478802017049487,0.7783858292737049,0.4478867444290813
0,insects_abrupt_balanced__c1,insects_abrupt_balanced,1,em,late,16.033333333333335,0.8306666666666667,0.9494233737954508,0.832486068979877,0.670262437534573,0.3870967741935484,0.6382978723404256,0.8337284117846258,0.6097827054186078,0.05996010157152304,0.24298945219002746,0.6158337033955298,0.25768536976250245
0,insects_abrupt_balanced__c1,insects_abrupt_balanced,1,em,all,13.18562874251497,0.7316766467065868,0.9020421410464529,0.7290880309396696,0.6654786164953702,0.32454361054766734,0.3463203463203463,0.7370817900297528,1.093083521333562,0.10599555882997787,0.3972908681710364,0.5511335803690826,0.3764952392810368
0,insects_abrupt_balanced__c1,insects_abrupt_balanced,1,rp,window,20.8,0.777,0.9419849177074954,0.7587263758513138,0.6360019666111117,0.5352112676056338,0.5588235294117647,0.7846790890269151,0.5692785487581942,0.03578665521249073,0.32607455330843366,0.8443530774503332,0.5037903476828148
0,insects_abrupt_balanced__c1,insects_abrupt_balanced,1,rp,late,16.033333333333335,0.8553333333333333,0.960341001728104,0.8571722035536871,0.7315732913569742,0.48936170212765956,0.48936170212765956,0.8611581442600745,0.42099261345816225,0.031302709289379574,0.2043630369313625,0.6379362604491725,0.2838393833143808
0,insects_abrupt_balanced__c1,insects_abrupt_balanced,1,rp,all,13.18562874251497,0.7887425149700599,0.9568033438137111,0.7877328409435851,0.729636308054281,0.42028985507246375,0.37662337662337664,0.7945230432934605,0.5251862430086064,0.01537015911766445,0.292460522380591,0.8212892882119306,0.44468082338966985
0,insects_abrupt_balanced__c1,insects_abrupt_balanced,1,rp5,window,20.8,0.78,0.9409563056802442,0.757218036243312,0.6312837481602924,0.5423728813559322,0.47058823529411764,0.7908902691511387,0.5705173458218189,0.03988984812392859,0.32620163644604927,0.8239459391955634,0.49260722075131713
0,insects_abrupt_balanced__c1,insects_abrupt_balanced,1,rp5,late,16.033333333333335,0.831,0.9572593991970725,0.8339877523158978,0.709148734054248,0.46511627906976744,0.425531914893617,0.8374534371825263,0.4744073500543923,0.033303274943435004,0.23484928266715568,0.6740566042079568,0.31900109900043166
0,insects_abrupt_balanced__c1,insects_abrupt_balanced,1,rp5,all,13.18562874251497,0.7834730538922156,0.9564761554238181,0.7820571523291172,0.7237430200397662,0.4128686327077748,0.3333333333333333,0.7897868723055438,0.5426965949478997,0.016778808301475306,0.3018190495805313,0.7882460368014659,0.4507210641432544
0,insects_abrupt_balanced__c1,insects_abrupt_balanced,1,oracle,window,20.8,0.786,0.9469294742089316,0.7648489125270147,0.6392229113247206,0.5245901639344263,0.47058823529411764,0.7971014492753623,0.5529883886707008,0.032140452363422174,0.3161250379595539,0.8529339743750021,0.4851498950196511
0,insects_abrupt_balanced__c1,insects_abrupt_balanced,1,oracle,late,16.033333333333335,0.8866666666666667,0.9685847948952393,0.8855790193894788,0.7654627500028092,0.5476190476190477,0.48936170212765956,0.8929901794784965,0.34501578492980267,0.01770845830610162,0.1610523052845169,0.6729523072794499,0.23400660518182081
0,insects_abrupt_balanced__c1,insects_abrupt_balanced,1,oracle,all,13.18562874251497,0.8056287425149701,0.963279560098337,0.8041922115946992,0.7495227143538132,0.45910290237467016,0.37662337662337664,0.8116461230190054,0.47880445759480283,0.011060310346792342,0.26776835197702714,0.7700660164482316,0.40857948082088336
0,insects_abrupt_balanced__c2,insects_abrupt_balanced,2,fifo,window,16.0,0.852,0.9419503993185917,0.8179739874606013,0.5922473393097424,0.0,0.0,0.8801652892561983,0.45894972176644433,0.027399259670921744,0.2335654889329498,0.5613141633980906,0.36718704527166873
0,insects_abrupt_balanced__c2,insects_abrupt_balanced,2,fifo,late,11.966666666666667,0.8413333333333334,0.931138541256954,0.8462347237684045,0.6999996292548674,0.15384615384615385,0.08333333333333333,0.8505398110661269,0.603064894856038,0.03110918396756869,0.2383198975594017,0.6222583054318116,0.3334790711966411
0,insects_abrupt_balanced__c2,insects_abrupt_balanced,2,fifo,all,13.523809523809524,0.834047619047619,0.9617478538910914,0.8286068957941229,0.7053663018767499,0.03333333333333333,0.017467248908296942,0.845332206867419,0.5034968903677193,0.028002088373202408,0.24899309103288622,0.6316329328859094,0.3579413134716222
0,insects_abrupt_balanced__c2,insects_abrupt_balanced,2,ltm,window,16.0,0.852,0.9419503993185917,0.8179739874606013,0.5922473393097424,0.0,0.0,0.8801652892561983,0.45894972176644433,0.027399259670921744,0.2335654889329498,0.5613141633980906,0.36718704527166873
0,insects_abrupt_balanced__c2,insects_abrupt_balanced,2,ltm,late,11.966666666666667,0.8413333333333334,0.931138541256954,0.8462347237684045,0.6999996292548674,0.15384615384615385,0.08333333333333333,0.8505398110661269,0.603064894856038,0.03110918396756869,0.2383198975594017,0.6222583054318116,0.3334790711966411
0,insects_abrupt_balanced__c2,insects_abrupt_balanced,2,ltm,all,13.523809523809524,0.834047619047619,0.9617478538910914,0.8286068957941229,0.7053663018767499,0.03333333333333333,0.017467248908296942,0.845332206867419,0.5034968903677193,0.028002088373202408,0.24899309103288622,0.6316329328859094,0.3579413134716222
0,insects_abrupt_balanced__c2,insects_abrupt_balanced,2,em,window,16.0,0.759,0.8759783899253017,0.7768693907221205,0.6059142332570467,0.14814814814814814,0.375,0.7716942148760331,1.4028091508703253,0.1251344032996867,0.39153224119596547,0.5787757121262518,0.30821386922971256
0,insects_abrupt_balanced__c2,insects_abrupt_balanced,2,em,late,11.966666666666667,0.8476666666666667,0.9197227062374161,0.8572896997320627,0.6983250656864896,0.1652892561983471,0.2777777777777778,0.8545883940620783,0.979087374112957,0.06792521518097729,0.2473935896943467,0.5920879717678451,0.20899195139530274
0,insects_abrupt_balanced__c2,insects_abrupt_balanced,2,em,all,13.523809523809524,0.794404761904762,0.915450156248602,0.7961662622407184,0.6880065223003511,0.09818181818181818,0.11790393013100436,0.8037535453503107,1.0901110255885735,0.09971439968707979,0.32796256605486535,0.504822124030289,0.27088086931860206
0,insects_abrupt_balanced__c2,insects_abrupt_balanced,2,rp,window,16.0,0.852,0.9383864599115662,0.8213164815214609,0.6101911777251484,0.10810810810810811,0.0625,0.878099173553719,0.46229172891017833,0.03281912481911316,0.23831193825911057,0.667518607928294,0.4156765171194857
0,insects_abrupt_balanced__c2,insects_abrupt_balanced,2,rp,late,11.966666666666667,0.885,0.9384485642133399,0.884640209529251,0.7197359444688928,0.09523809523809523,0.05555555555555555,0.8950742240215924,0.5001394225318573,0.03222624850364974,0.17701919665545635,0.6333444913836863,0.22803505303373997
0,insects_abrupt_balanced__c2,insects_abrupt_balanced,2,rp,all,13.523809523809524,0.8548809523809524,0.9651899396344522,0.8510348468935534,0.7315409605845135,0.08029197080291971,0.048034934497816595,0.8660310180435701,0.4508169681451765,0.02114329957916595,0.22083635525144013,0.6739151734383837,0.337463580144588
0,insects_abrupt_balanced__c2,insects_abrupt_balanced,2,rp5,window,16.0,0.852,0.9433809331150108,0.8183912296611253,0.5925470822698888,0.0,0.0,0.8801652892561983,0.44974433425033505,0.025353490218118176,0.23229595451211282,0.6339207344399503,0.3875094542105173
0,insects_abrupt_balanced__c2,insects_abrupt_balanced,2,rp5,late,11.966666666666667,0.8683333333333333,0.936353665967543,0.8703017936318592,0.7240702177044619,0.2,0.1111111111111111,0.8775303643724697,0.5340897778627115,0.02853595660237159,0.19860128836136332,0.6457246450719105,0.26608971300606427
0,insects_abrupt_balanced__c2,insects_abrupt_balanced,2,rp5,all,13.523809523809524,0.8467261904761905,0.9649635688352589,0.8419295080280571,0.720240915888958,0.056910569105691054,0.03056768558951965,0.858004948403838,0.4669050719060771,0.025062689358291913,0.23075768468718055,0.6486323581414382,0.3384680003002832
0,insects_abrupt_balanced__c2,insects_abrupt_balanced,2,oracle,window,16.0,0.849,0.9518780413010535,0.817304265241986,0.5997225318425908,0.05555555555555555,0.03125,0.8760330578512396,0.4361023527137704,0.017200114588417147,0.23041515893729259,0.7152167717541436,0.38540107333697626
0,insects_abrupt_balanced__c2,insects_abrupt_balanced,2,oracle,late,11.966666666666667,0.9166666666666666,0.9499806555026237,0.9140432755856924,0.7719919221614321,0.2727272727272727,0.16666666666666666,0.9257759784075573,0.4078423633887986,0.026788934170699604,0.13199203780978802,0.6154563611713152,0.15838965413918463
0,insects_abrupt_balanced__c2,insects_abrupt_balanced,2,oracle,all,13.523809523809524,0.8673809523809524,0.9719368251191735,0.8632425220421421,0.7439008306358872,0.09375,0.05240174672489083,0.8786434131917205,0.4052886278402887,0.017524441066348283,0.19989706298189602,0.6666663440044095,0.2986844966231325
0,insects_abrupt_balanced__c3,insects_abrupt_balanced,3,fifo,window,17.8,0.792,0.9528208371353205,0.7828407383578287,0.6876411162939555,0.16666666666666666,0.1,0.8134020618556701,0.5518348916054019,0.031286505327525665,0.29783163384811145,0.7084928181141986,0.46996161468089725
0,insects_abrupt_balanced__c3,insects_abrupt_balanced,3,fifo,late,14.633333333333333,0.856,0.9451509491457136,0.8537161085055235,0.6908803811118199,0.2318840579710145,0.17777777777777778,0.8663282571912013,0.4502766684651289,0.020268215794834822,0.20796714139773345,0.6484939894043369,0.3192604332444405
0,insects_abrupt_balanced__c3,insects_abrupt_balanced,3,fifo,all,14.410714285714286,0.7963095238095238,0.9534005228441638,0.795286787887507,0.7286537576416033,0.37209302325581395,0.3088803088803089,0.8039417205731213,0.5480053595415812,0.020776588102481203,0.2846704673538223,0.6458589790237697,0.4410833705731618
0,insects_abrupt_balanced__c3,insects_abrupt_balanced,3,ltm,window,17.8,0.792,0.9528208371353205,0.7828407383578287,0.6876411162939555,0.16666666666666666,0.1,0.8134020618556701,0.5518348916054019,0.031286505327525665,0.29783163384811145,0.7084928181141986,0.46996161468089725
0,insects_abrupt_balanced__c3,insects_abrupt_balanced,3,ltm,late,14.633333333333333,0.856,0.9451509491457136,0.8537161085055235,0.6908803811118199,0.2318840579710145,0.17777777777777778,0.8663282571912013,0.4502766684651289,0.020268215794834822,0.20796714139773345,0.6484939894043369,0.3192604332444405
0,insects_abrupt_balanced__c3,insects_abrupt_balanced,3,ltm,all,14.410714285714286,0.7963095238095238,0.9534005228441638,0.795286787887507,0.7286537576416033,0.37209302325581395,0.3088803088803089,0.8039417205731213,0.5480053595415812,0.020776588102481203,0.2846704673538223,0.6458589790237697,0.4410833705731618
0,insects_abrupt_balanced__c3,insects_abrupt_balanced,3,em,window,17.8,0.773,0.9126870084726306,0.7703649677463511,0.6870268229850837,0.43243243243243246,0.5333333333333333,0.7804123711340206,0.7654924357118127,0.05062071159031963,0.3279711669163385,0.6163225954926437,0.4463655583734265
0,insects_abrupt_balanced__c3,insects_abrupt_balanced,3,em,late,14.633333333333333,0.8693333333333333,0.9289919743958491,0.8655689439404609,0.6789783561846668,0.20512820512820512,0.17777777777777778,0.8798646362098139,0.5691060053189932,0.03839185136385857,0.21027566270444306,0.5440222276001192,0.2686582854237342
0,insects_abrupt_balanced__c3,insects_abrupt_balanced,3,em,all,14.410714285714286,0.7800595238095238,0.9040186028253903,0.7771277925298463,0.6998709005232201,0.28509719222462204,0.2548262548262548,0.7882836587872559,0.8773141314053291,0.061356090473308735,0.32505945975717415,0.4838916897319319,0.39281746467328993
0,insects_abrupt_balanced__c3,insects_abrupt_balanced,3,rp,window,17.8,0.787,0.9525136124463408,0.783024328424234,0.7017993211855064,0.32653061224489793,0.26666666666666666,0.8030927835051547,0.554287813417126,0.030349638170546436,0.30200061985859233,0.7701708132982382,0.4810909620980931
0,insects_abrupt_balanced__c3,insects_abrupt_balanced,3,rp,late,14.633333333333333,0.8766666666666667,0.9537354295602136,0.8769657000838619,0.7256832086379813,0.32608695652173914,0.3333333333333333,0.8849407783417935,0.38588758666794987,0.020194085947776035,0.17478810717683496,0.699989100044123,0.27163234311704954
0,insects_abrupt_balanced__c3,insects_abrupt_balanced,3,rp,all,14.410714285714286,0.8077380952380953,0.9575260827232865,0.8070054505390997,0.7462065978875936,0.4225941422594142,0.38996138996138996,0.8142796687020132,0.5025640271964622,0.018038733315496755,0.2640533781441484,0.7260995207002541,0.42486794513087744
0,insects_abrupt_balanced__c3,insects_abrupt_balanced,3,rp5,window,17.8,0.792,0.9532390333029412,0.7855476904340903,0.7091736282950265,0.3,0.2,0.8103092783505155,0.5471222928234524,0.03429145988804836,0.29639058983102423,0.7676510857619029,0.47863676651333725
0,insects_abrupt_balanced__c3,insects_abrupt_balanced,3,rp5,late,14.633333333333333,0.865,0.9527328074039554,0.8628588757876972,0.6954473559177469,0.22535211267605634,0.17777777777777778,0.8754653130287648,0.40994547380597185,0.021731313241623716,0.1888570381040253,0.704187975235635,0.28648623155451247
0,insects_abrupt_balanced__c3,insects_abrupt_balanced,3,rp5,all,14.410714285714286,0.8041071428571429,0.9568962662007793,0.8028819283860774,0.7395985676986369,0.40186915887850466,0.33204633204633205,0.8114987001995042,0.5179391727616239,0.019976252203999914,0.2717239531070221,0.6931996572103051,0.4252564956326548
0,insects_abrupt_balanced__c3,insects_abrupt_balanced,3,oracle,window,17.8,0.799,0.9560800397760011,0.7949360638268236,0.7393934586173204,0.43902439024390244,0.3,0.8144329896907216,0.5363602739002242,0.028101891854685757,0.29065397104530033,0.7084128319374919,0.47425450674272235
0,insects_abrupt_balanced__c3,insects_abrupt_balanced,3,oracle,late,14.633333333333333,0.8916666666666667,0.9648909847343373,0.8886309090216992,0.7286096181630303,0.2903225806451613,0.2,0.9021996615905246,0.336086063245998,0.017354141159400552,0.15220447866495862,0.6613479637922312,0.22021944389005296
0,insects_abrupt_balanced__c3,insects_abrupt_balanced,3,oracle,all,14.410714285714286,0.8228571428571428,0.9623637280111702,0.8212257928109581,0.7685359871898965,0.4889975550122249,0.3861003861003861,0.8296959071398343,0.46803696065511213,0.011333384662504926,0.2469534896874283,0.6383236422258601,0.395226800479568
0,insects_abrupt_balanced__c4,insects_abrupt_balanced,4,fifo,window,22.8,0.828,0.9466515323552794,0.7978876691376244,0.6192939460222694,0.2608695652173913,0.15789473684210525,0.8544698544698545,0.5300678424402536,0.03758935963146306,0.2757173206791394,0.6657644972249066,0.3974928793788039
0,insects_abrupt_balanced__c4,insects_abrupt_balanced,4,fifo,late,12.466666666666667,0.8313333333333334,0.9533074621770727,0.8358974469669466,0.6811294807568471,0.11764705882352941,0.075,0.841554054054054,0.5082966201621603,0.022498730960714412,0.24829298566163516,0.6639167341665011,0.3703413704370187
0,insects_abrupt_balanced__c4,insects_abrupt_balanced,4,fifo,all,15.011904761904763,0.8167857142857143,0.9615283181153829,0.8132255033794984,0.7132834207516229,0.16447368421052633,0.09881422924901186,0.8277633407868495,0.5491862730123984,0.02897536714565205,0.27583169614779673,0.6068701037872942,0.4002746355460036
0,insects_abrupt_balanced__c4,insects_abrupt_balanced,4,ltm,window,22.8,0.828,0.9466515323552794,0.7978876691376244,0.6192939460222694,0.2608695652173913,0.15789473684210525,0.8544698544698545,0.5300678424402536,0.03758935963146306,0.2757173206791394,0.6657644972249066,0.3974928793788039
0,insects_abrupt_balanced__c4,insects_abrupt_balanced,4,ltm,late,12.466666666666667,0.8313333333333334,0.9533074621770727,0.8358974469669466,0.6811294807568471,0.11764705882352941,0.075,0.841554054054054,0.5082966201621603,0.022498730960714412,0.24829298566163516,0.6639167341665011,0.3703413704370187
0,insects_abrupt_balanced__c4,insects_abrupt_balanced,4,ltm,all,15.011904761904763,0.8167857142857143,0.9615283181153829,0.8132255033794984,0.7132834207516229,0.16447368421052633,0.09881422924901186,0.8277633407868495,0.5491862730123984,0.02897536714565205,0.27583169614779673,0.6068701037872942,0.4002746355460036
0,insects_abrupt_balanced__c4,insects_abrupt_balanced,4,em,window,22.8,0.825,0.8918877627868014,0.7992274530963019,0.6376186600637185,0.38596491228070173,0.2894736842105263,0.8461538461538461,0.7982502847116649,0.07040516830779266,0.28327121947580836,0.610103034404828,0.29969767202533115
0,insects_abrupt_balanced__c4,insects_abrupt_balanced,4,em,late,12.466666666666667,0.867,0.9487790345517649,0.8677652897228624,0.6872554514341341,0.13333333333333333,0.125,0.8770270270270271,0.5655885468383907,0.030024702215450255,0.20567839931482548,0.5682645117327443,0.24375842235983514
0,insects_abrupt_balanced__c4,insects_abrupt_balanced,4,em,all,15.011904761904763,0.7820833333333334,0.9186471001878521,0.7816656620963748,0.6847665644851081,0.15267175572519084,0.15810276679841898,0.7916238593098447,1.1375114337073147,0.10012894884571914,0.34812911699033844,0.5470906902805064,0.2992769344016231
0,insects_abrupt_balanced__c4,insects_abrupt_balanced,4,rp,window,22.8,0.827,0.9476490668588404,0.8029146676941089,0.644448794395534,0.3793103448275862,0.2894736842105263,0.8482328482328483,0.5210652662838902,0.04133607154829923,0.2757630790400248,0.6894474094364832,0.418231253685327
0,insects_abrupt_balanced__c4,insects_abrupt_balanced,4,rp,late,12.466666666666667,0.883,0.9641081692494339,0.8839361386175615,0.7234912616992504,0.1694915254237288,0.125,0.8932432432432432,0.3770477165620861,0.022582237640859988,0.17264885817616163,0.6744109888175528,0.2575339945501618
0,insects_abrupt_balanced__c4,insects_abrupt_balanced,4,rp,all,15.011904761904763,0.8392857142857143,0.9652755700550711,0.8366485094010273,0.7381392855400692,0.19753086419753085,0.12648221343873517,0.8501843234423159,0.49053249538861304,0.021036023163940893,0.2429540500852205,0.6189467238875203,0.3729397170766245
0,insects_abrupt_balanced__c4,insects_abrupt_balanced,4,rp5,window,22.8,0.826,0.9479076997586159,0.7992006558308047,0.63642046292553,0.37735849056603776,0.2631578947368421,0.8482328482328483,0.519913622562857,0.03708622967819221,0.27329993637473227,0.6965223496273539,0.4058767312384715
0,insects_abrupt_balanced__c4,insects_abrupt_balanced,4,rp5,late,12.466666666666667,0.862,0.9603184900602617,0.8641692987909697,0.7008555411986097,0.1111111111111111,0.075,0.8726351351351351,0.4304370715664062,0.02458351092852947,0.20405225381257508,0.6651582666747411,0.3039234924729986
0,insects_abrupt_balanced__c4,insects_abrupt_balanced,4,rp5,all,15.011904761904763,0.8295238095238096,0.9646368056581477,0.8265863092773427,0.7284719689890508,0.189873417721519,0.11857707509881422,0.8403940291291473,0.5116850079659211,0.025565479383807495,0.2558838526658417,0.6121331025913036,0.37904506560190937
0,insects_abrupt_balanced__c4,insects_abrupt_balanced,4,oracle,window,22.8,0.827,0.9549880845274489,0.801089988689771,0.6389736103655488,0.38596491228070173,0.2894736842105263,0.8482328482328483,0.49775170123414036,0.03858996012921568,0.26605615881807476,0.7250898599491635,0.3977649962470707
0,insects_abrupt_balanced__c4,insects_abrupt_balanced,4,oracle,late,12.466666666666667,0.913,0.9721165724711162,0.9101832964940781,0.74516700356958,0.16,0.1,0.9239864864864865,0.3031724577383792,0.018119768211751673,0.1350009656241064,0.648512338232484,0.2004265080340063
0,insects_abrupt_balanced__c4,insects_abrupt_balanced,4,oracle,all,15.011904761904763,0.8510119047619048,0.9714928136076489,0.848300448603985,0.751145571679606,0.21806853582554517,0.1383399209486166,0.8619085030519127,0.4484935745870509,0.020689069018889637,0.22280569628152974,0.6219993471810018,0.33472534013975414
0,insects_abrupt_balanced__c5,insects_abrupt_balanced,5,fifo,window,1.9,0.823,0.9525362596481773,0.8220660819944192,0.6838887130907545,0.0,0.0,0.8238238238238238,0.4668796861186367,0.022677228472651544,0.25676671742195306,0.4654252081442472,0.42711162633183747
0,insects_abrupt_balanced__c5,insects_abrupt_balanced,5,fifo,late,48.63333333333333,0.6383333333333333,0.9211856437733178,0.6229240182971649,0.5585728789805483,0.06756756756756757,0.035211267605633804,0.6682995101469559,0.9290599371061359,0.1005672756632309,0.48052548319863597,0.48516140366782856,0.6179424422379368
0,insects_abrupt_balanced__c5,insects_abrupt_balanced,5,fifo,all,12.011976047904191,0.7585029940119761,0.9468813632327514,0.7563232094692598,0.6666324586569671,0.18518518518518517,0.13100436681222707,0.7672272478902313,0.6355963367287648,0.027952423329961923,0.3337324119130121,0.5042115647384693,0.5071387524785809
0,insects_abrupt_balanced__c5,insects_abrupt_balanced,5,ltm,window,1.9,0.823,0.9525362596481773,0.8220660819944192,0.6838887130907545,0.0,0.0,0.8238238238238238,0.4668796861186367,0.022677228472651544,0.25676671742195306,0.4654252081442472,0.42711162633183747
0,insects_abrupt_balanced__c5,insects_abrupt_balanced,5,ltm,late,48.63333333333333,0.6383333333333333,0.9211856437733178,0.6229240182971649,0.5585728789805483,0.06756756756756757,0.035211267605633804,0.6682995101469559,0.9290599371061359,0.1005672756632309,0.48052548319863597,0.48516140366782856,0.6179424422379368
0,insects_abrupt_balanced__c5,insects_abrupt_balanced,5,ltm,all,12.011976047904191,0.7585029940119761,0.9468813632327514,0.7563232094692598,0.6666324586569671,0.18518518518518517,0.13100436681222707,0.7672272478902313,0.6355963367287648,0.027952423329961923,0.3337324119130121,0.5042115647384693,0.5071387524785809
0,insects_abrupt_balanced__c5,insects_abrupt_balanced,5,em,window,1.9,0.679,0.9442761847669896,0.707262958952401,0.5929886196133453,0.014084507042253521,1.0,0.6786786786786787,0.7955852205055027,0.11959857179947098,0.45493148290518104,0.9685284818469537,0.512732017240019
0,insects_abrupt_balanced__c5,insects_abrupt_balanced,5,em,late,48.63333333333333,0.5756666666666667,0.8600280186448699,0.5677244301828598,0.5636523827465503,0.4541984732824427,0.8380281690140845,0.562631210636809,2.099137775907458,0.2075396680297543,0.6394582938121907,0.5132964311610283,0.5304142532631696
0,insects_abrupt_balanced__c5,insects_abrupt_balanced,5,em,all,12.011976047904191,0.7191017964071856,0.9166067873397085,0.7256691950807383,0.6625250277702703,0.3259827420901246,0.74235807860262,0.7187784591099509,1.0831148704975366,0.10339643497852169,0.4135567746608526,0.3944262994482479,0.43978618567877165
0,insects_abrupt_balanced__c5,insects_abrupt_balanced,5,rp,window,1.9,0.814,0.9611122582880531,0.815389974478209,0.6783132303823622,0.0,0.0,0.8148148148148148,0.4905068776515677,0.021412386228807447,0.2697446416656885,0.6476618639008334,0.4646133646384406
0,insects_abrupt_balanced__c5,insects_abrupt_balanced,5,rp,late,48.63333333333333,0.6903333333333334,0.9304792917527784,0.6924537149177422,0.7106248134917657,0.7550200803212851,0.6619718309859155,0.6917424772568229,0.8261900306494282,0.03890082214707841,0.42113962338172944,0.5800425338871875,0.6288002267504659
0,insects_abrupt_balanced__c5,insects_abrupt_balanced,5,rp,all,12.011976047904191,0.7744910179640718,0.9516147465294571,0.7748531481294186,0.7608787555136872,0.6923076923076923,0.6681222707423581,0.7759698864671241,0.592278804334857,0.019853478497167967,0.31148153959279173,0.5053396338743907,0.4897881639756619
0,insects_abrupt_balanced__c5,insects_abrupt_balanced,5,rp5,window,1.9,0.826,0.9595859534988326,0.8251682507983046,0.6865241329234197,0.0,0.0,0.8268268268268268,0.46981842473781094,0.022560157754704407,0.25802045208782265,0.505181373265835,0.43770430613195793
0,insects_abrupt_balanced__c5,insects_abrupt_balanced,5,rp5,late,48.63333333333333,0.65,0.926506438140786,0.6401023999589066,0.5934842784151446,0.20606060606060606,0.11971830985915492,0.6763470958712386,0.8758607243607421,0.08814704795933993,0.4584064561267866,0.5907749591331471,0.61118360526566
0,insects_abrupt_balanced__c5,insects_abrupt_balanced,5,rp5,all,12.011976047904191,0.7640119760479042,0.9495043585523505,0.762946987871995,0.6947541283314097,0.33066666666666666,0.27074235807860264,0.7708700139639366,0.6128136176710886,0.0290522770885749,0.3227730180983417,0.5077161954441053,0.4921136969415124
0,insects_abrupt_balanced__c5,insects_abrupt_balanced,5,oracle,window,1.9,0.827,0.9694528192623797,0.8267483045276421,0.6877842618835771,0.0,0.0,0.8278278278278278,0.4540457222682359,0.020594107740533593,0.25047707392908697,0.8759819683063852,0.40948681961520816
0,insects_abrupt_balanced__c5,insects_abrupt_balanced,5,oracle,late,48.63333333333333,0.6966666666666667,0.9404918758467535,0.6989550118809537,0.7290230040263747,0.8541666666666666,0.8661971830985915,0.6882435269419174,0.740955802771957,0.05141600573125344,0.3950570733749828,0.1727746238784222,0.5967632984221831
0,insects_abrupt_balanced__c5,insects_abrupt_balanced,5,oracle,all,12.011976047904191,0.7853293413173653,0.9568589791511691,0.7856278325782186,0.7886497816525285,0.8125,0.7947598253275109,0.7851982271871775,0.5473965630505859,0.019123047079512494,0.29429410062045025,0.20572634749462465,0.46577876388127265
