seed,stream,source,c,policy,period,n_c_mean,acc,roc_auc,weighted_f1,macro_f1,f1_c,recall_c,acc_old,logloss,ece,brier,ent_c,ent_old
0,covertype__c0,covertype,0,fifo,window,89.3,0.739,0.9459791356069426,0.7479184192545449,0.7438166553877531,0.7571701720841301,0.7122302158273381,0.7493074792243767,0.7507892832767489,0.052630549458019815,0.38344407490467713,0.6063798871301443,0.5794606240536854
0,covertype__c0,covertype,0,fifo,late,107.1,0.634,0.9183821251818421,0.6427129180605805,0.6417838538940825,0.5519287833827893,0.6326530612244898,0.6341463414634146,1.0864011500782182,0.11601626724216546,0.5089662332359264,0.7014431318262573,0.6003420522710492
0,covertype__c0,covertype,0,fifo,all,104.37368421052632,0.7884736842105263,0.9655358242124279,0.7879977918764874,0.7812536711953734,0.7189741360573788,0.784257942152679,0.7890000592031259,0.678717523160286,0.07420975132449581,0.30802221256709167,0.43411940651148195,0.3356941166345525
0,covertype__c0,covertype,0,ltm,window,89.3,0.724,0.9424294519240067,0.7357930156289613,0.7415561635186846,0.7209775967413442,0.6366906474820144,0.7576177285318559,0.7994159915549501,0.058457219481393534,0.4020359322053661,0.6223496013429138,0.55299085288198
0,covertype__c0,covertype,0,ltm,late,107.1,0.6316666666666667,0.9273791054612321,0.6368397053359052,0.6395843503385438,0.5735080058224163,0.6700680272108843,0.6274944567627494,1.038729941667299,0.13622992493432626,0.5303167269499853,0.6978300835597201,0.5795867812156751
0,covertype__c0,covertype,0,ltm,all,104.37368421052632,0.7876315789473685,0.9675215247373486,0.7861500429006448,0.778720536896536,0.7260667698430245,0.7785680417259364,0.7887632466994258,0.6561224053269606,0.07633167526388514,0.3122616554892117,0.4279207959629897,0.3324574875254305
0,covertype__c0,covertype,0,em,window,89.3,0.614,0.8716438662307423,0.6202697927544903,0.6244738370189603,0.6952380952380952,0.7877697841726619,0.5470914127423823,1.9016556303749221,0.19589456381936315,0.5743115612954913,0.4438611491110123,0.48168312414668113
0,covertype__c0,covertype,0,em,late,107.1,0.5676666666666667,0.8255143908290713,0.5764665173591023,0.5788508094770538,0.4948148148148148,0.5680272108843537,0.5676274944567627,2.9390226731719036,0.28840106773519775,0.70038053921,0.3721710444345026,0.3508213995444004
0,covertype__c0,covertype,0,em,all,104.37368421052632,0.7548947368421053,0.9238067316994755,0.7536470194628866,0.7431615723651864,0.6857506361323156,0.7667140825035562,0.7534189805221716,1.4489119887724546,0.14898834968433222,0.39442400658537047,0.2805119774931684,0.23368247237214837
0,covertype__c0,covertype,0,rp,window,89.3,0.718,0.9406505424308857,0.7236067406065592,0.7167829283995744,0.7491638795986622,0.8057553956834532,0.6842105263157895,0.7576435217856127,0.07711371001181365,0.4037040631932869,0.47005017666499954,0.578640743541567
0,covertype__c0,covertype,0,rp,late,107.1,0.6413333333333333,0.9169129752700004,0.6461429521848228,0.6437815522971297,0.5465288035450517,0.6292517006802721,0.6426459719142646,1.1259364998445265,0.12469752459787253,0.5000973939866786,0.6741851037933126,0.5479515788082417
0,covertype__c0,covertype,0,rp,all,104.37368421052632,0.7943157894736842,0.9653600964861084,0.7944804297552377,0.7856198289064341,0.7111692844677138,0.772878141299194,0.7969924812030075,0.6953857095270506,0.07603846157981003,0.30350329100817774,0.4249344876273818,0.3098504381200302
0,covertype__c0,covertype,0,rp5,window,89.3,0.735,0.9437883804650401,0.7433086700919196,0.7380265352770259,0.7659574468085106,0.7769784172661871,0.7188365650969529,0.7263552898645975,0.05744166897186277,0.3783045235625241,0.5155519661197827,0.5976332336109693
0,covertype__c0,covertype,0,rp5,late,107.1,0.6266666666666667,0.9123483086653417,0.633957763491512,0.6349485183641429,0.5478119935170178,0.5748299319727891,0.6322985957132299,1.1475972109954977,0.12450925028613667,0.5191871360235082,0.7146566840248193,0.5829501111863462
0,covertype__c0,covertype,0,rp5,all,104.37368421052632,0.7883157894736842,0.9651635496175979,0.7879293731053492,0.780735201017289,0.7219789842381786,0.781887150308203,0.789118465454976,0.6887717204374356,0.07615445099387569,0.30838172618402404,0.42194758941388905,0.3271044985420669
0,covertype__c0,covertype,0,oracle,window,89.3,0.732,0.944724217915356,0.7365029211459543,0.7312139136634858,0.7664473684210527,0.8381294964028777,0.6911357340720221,0.7333077083276314,0.06288264662888074,0.39091970043726687,0.44541765076409373,0.5608552264675243
0,covertype__c0,covertype,0,oracle,late,107.1,0.6813333333333333,0.9341064594492472,0.6838066369035752,0.6834573571471506,0.5705794947994056,0.6530612244897959,0.6844050258684405,0.9524431140643,0.09919035602834951,0.4463868047222872,0.6280384169894179,0.5204327016749687
0,covertype__c0,covertype,0,oracle,all,104.37368421052632,0.8145789473684211,0.9720731566811979,0.8150791805190686,0.8072401094048253,0.7422455220620359,0.8055950687529635,0.815700668995323,0.6069260813532789,0.06369227769467824,0.27256158172342426,0.3862626374615805,0.2921153000859118
0,covertype__c1,covertype,1,fifo,window,67.6,0.758,0.9509644624362156,0.7618348696241299,0.7598514663656658,0.5333333333333333,0.5637583892617449,0.7920094007050529,0.6396541126852557,0.042654381885075074,0.3508099762475141,0.7099444961385536,0.5700124973717252
0,covertype__c1,covertype,1,fifo,late,143.8,0.6463333333333333,0.9315060570299861,0.6532754171885109,0.6465551013690016,0.5029821073558648,0.6140776699029126,0.651468315301391,0.9772036117095841,0.10744062110081792,0.4935279751780175,0.7189636246381759,0.5913680191075562
0,covertype__c1,covertype,1,fifo,all,234.9090909090909,0.8061497326203209,0.9713165915722393,0.8076181869174865,0.8023401283456116,0.8547181248737119,0.875595114883047,0.7819597663854639,0.6080139202671029,0.05580901554798147,0.2826317297740824,0.20770074637770145,0.3974605398815138
0,covertype__c1,covertype,1,ltm,window,67.6,0.739,0.9497167864481368,0.7443801942949315,0.7433661715821663,0.5317220543806647,0.5906040268456376,0.7649823736780259,0.6553383810876265,0.04025419696401317,0.3606588929735226,0.6772230820751006,0.5761577915192356
0,covertype__c1,covertype,1,ltm,late,143.8,0.649,0.9343959270624865,0.6553068966048482,0.6486745412304893,0.5082444228903976,0.6359223300970874,0.6510819165378671,0.9440128778551923,0.11365256660942079,0.49865943430930587,0.7196998886081726,0.5762241818546415
0,covertype__c1,covertype,1,ltm,all,234.9090909090909,0.8019786096256685,0.9724096130514964,0.8028434871771468,0.7967043609032068,0.8552750678869556,0.8801490374663631,0.7747494411997982,0.593967422497521,0.06260158271401904,0.28735010912987985,0.20345825176616278,0.39352363938504525
0,covertype__c1,covertype,1,em,window,67.6,0.6,0.8778455977054546,0.6085871292173869,0.6173281519417352,0.4262295081967213,0.697986577181208,0.5828437132784959,1.8214772103750994,0.21332336776097854,0.6138159055673758,0.43971898150266325,0.47693712715593456
0,covertype__c1,covertype,1,em,late,143.8,0.5916666666666667,0.8486327034608034,0.5941062970127572,0.5884899487065022,0.458984375,0.5703883495145631,0.5950540958268934,2.531698008003593,0.2557988942005016,0.6568770696591881,0.3677551256586001,0.3843031831247554
0,covertype__c1,covertype,1,em,all,234.9090909090909,0.7795187165775401,0.9411433821341451,0.7798156627975608,0.7728338889866917,0.8387033010476379,0.8782860691368247,0.7451150046867113,1.173750612308596,0.12368951867942805,0.35685482432557497,0.12555464388837118,0.2856636274495761
0,covertype__c1,covertype,1,rp,window,67.6,0.689,0.9411041094324525,0.694962059677377,0.6900902053452848,0.5013927576601671,0.6040268456375839,0.7038777908343126,0.7764996424342507,0.10085233110205616,0.4285604160506245,0.589267299817549,0.5557959161508484
0,covertype__c1,covertype,1,rp,late,143.8,0.644,0.9306625477074757,0.6480226790443882,0.6462073861630461,0.5085836909871244,0.5752427184466019,0.6549459041731066,0.9879897920730548,0.1316860301115821,0.48846106532863104,0.7071492422251545,0.5335255066432851
0,covertype__c1,covertype,1,rp,all,234.9090909090909,0.8022459893048128,0.9707803130794022,0.803903318519188,0.7981897997199641,0.8589354381704108,0.8784930656178845,0.7756867834739347,0.63133582366096,0.07191468756799461,0.2890121151235803,0.17791988236062622,0.3675697392058582
0,covertype__c1,covertype,1,rp5,window,67.6,0.729,0.9471113313381295,0.734320674430086,0.7333345005374495,0.5325443786982249,0.6040268456375839,0.7508813160987075,0.6831726139001891,0.04468644147361876,0.3795922716075646,0.6657800984462615,0.5713391765488327
0,covertype__c1,covertype,1,rp5,late,143.8,0.633,0.927670856302195,0.638209281290284,0.6345002670830688,0.5034687809712587,0.616504854368932,0.6356259659969088,1.0101717571585087,0.12274533372829549,0.500996759275598,0.7465301771649513,0.5730450011042246
0,covertype__c1,covertype,1,rp5,all,234.9090909090909,0.8042245989304813,0.9711052531408075,0.8054526533453912,0.800141659323718,0.8531215441841762,0.8782860691368247,0.7784267070444877,0.6166091630675093,0.060186321097466675,0.2846180788317785,0.19967550417078783,0.3861669914473388
0,covertype__c1,covertype,1,oracle,window,67.6,0.714,0.9493094192430428,0.7211004849378941,0.7204596133516233,0.5,0.6040268456375839,0.7332549941245593,0.7039691785905138,0.07447819185912716,0.3932912082129226,0.5546128395525034,0.527060865255825
0,covertype__c1,covertype,1,oracle,late,143.8,0.667,0.9416031890326505,0.667930238851054,0.6655736432342472,0.5273972602739726,0.5606796116504854,0.6839258114374034,0.8755938959353498,0.11436544038635288,0.44982292521487216,0.6594904434000994,0.5136392714773951
0,covertype__c1,covertype,1,oracle,all,234.9090909090909,0.8215508021390374,0.9764966353064305,0.8226249237831578,0.8174410194626266,0.8692276256640785,0.8805630304284827,0.8009950248756219,0.5529866615451284,0.05764276314492743,0.2576942932930004,0.17650432584006165,0.34474227104347804
0,covertype__c2,covertype,2,fifo,window,71.7,0.727,0.9430656298001088,0.7354096980225846,0.7302998991434175,0.6701030927835051,0.7142857142857143,0.7282728272827282,0.7295262872572648,0.0646075852451352,0.39541641069097544,0.6143041392219885,0.5703964183462278
0,covertype__c2,covertype,2,fifo,late,213.4,0.6486666666666666,0.9172931462291757,0.6544323154454037,0.6526697270674428,0.6725099601593626,0.7589928057553957,0.6235679214402619,1.0687169393831655,0.10907641553423887,0.485906035194449,0.6192937004078369,0.5946826947687088
0,covertype__c2,covertype,2,fifo,all,53.475935828877006,0.7904812834224599,0.9633256681417925,0.7914800271285054,0.7831386646372055,0.6762866762866763,0.703,0.7954237288135593,0.6837995952808806,0.061673815168494156,0.3032110144800769,0.6582626090435757,0.3504420519895861
0,covertype__c2,covertype,2,ltm,window,71.7,0.708,0.943154287607508,0.7179492808183079,0.7115031461897944,0.6666666666666666,0.6923076923076923,0.7095709570957096,0.752881329243901,0.07695663365212503,0.4052026748268415,0.5879459671459661,0.5625429532456292
0,covertype__c2,covertype,2,ltm,late,213.4,0.6566666666666666,0.9328123774838647,0.6632478573541362,0.6606431144088113,0.6744379683597003,0.7284172661870504,0.6403436988543372,0.9720084807385514,0.10692663313706437,0.4869664039804237,0.6272919763024333,0.5762200870278038
0,covertype__c2,covertype,2,ltm,all,53.475935828877006,0.7873262032085562,0.967645250883756,0.7879564090221842,0.7783593020443444,0.6640198511166253,0.669,0.7940112994350282,0.637710085040517,0.06665606758918713,0.30592633139142966,0.6669571051576679,0.3461837261568583
0,covertype__c2,covertype,2,em,window,71.7,0.641,0.8758309858516506,0.645673477357675,0.64593580111418,0.7112970711297071,0.9340659340659341,0.6116611661166117,1.7348589330557445,0.18583824709810584,0.5611930741321971,0.30363295072670754,0.45588138115514376
0,covertype__c2,covertype,2,em,late,213.4,0.6076666666666667,0.842703736399856,0.6119996765615843,0.6169168967731914,0.6313173156586578,0.685251798561151,0.5900163666121113,2.628642895669477,0.2327354943515656,0.6257493465985223,0.4294907940086615,0.3820280349354055
0,covertype__c2,covertype,2,em,all,53.475935828877006,0.7586096256684493,0.9344350417730096,0.7601092757782619,0.7495029284517708,0.6414273281114012,0.737,0.7598305084745762,1.3060565039808893,0.1364632960313557,0.3812716864236674,0.38358566119844056,0.25094241543551227
0,covertype__c2,covertype,2,rp,window,71.7,0.708,0.9379977358022208,0.7122303221165507,0.7039979159430029,0.6982758620689655,0.8901098901098901,0.6897689768976898,0.8251009729163025,0.09899750925778505,0.4238730971400061,0.40763745323391154,0.5272308125770904
0,covertype__c2,covertype,2,rp,late,213.4,0.658,0.9167771709349399,0.6585745332792764,0.6591083673278808,0.6776859504132231,0.737410071942446,0.6399345335515548,1.092895430559796,0.12465823168087306,0.4896210345731923,0.558161974116413,0.5402091374294874
0,covertype__c2,covertype,2,rp,all,53.475935828877006,0.7909625668449198,0.9617649179035331,0.792161130804196,0.7805696779065895,0.6635773864689527,0.716,0.7951977401129944,0.7170509132841698,0.07410071989710391,0.3103840438935838,0.5500731649191585,0.3238031417770168
0,covertype__c2,covertype,2,rp5,window,71.7,0.719,0.9416787826336478,0.7256676525924907,0.7147122806561298,0.6481481481481481,0.7692307692307693,0.713971397139714,0.7557296410565798,0.08361129795037361,0.4013079734677471,0.49970822428191586,0.5583049867028137
0,covertype__c2,covertype,2,rp5,late,213.4,0.639,0.9118132003440033,0.6406992576161002,0.6412551956026881,0.6721177432542927,0.7392086330935251,0.61620294599018,1.1147797466503426,0.11770036754135314,0.49893647411946035,0.6066030391123249,0.592682333397773
0,covertype__c2,covertype,2,rp5,all,53.475935828877006,0.7862566844919786,0.9629352875239221,0.787095446057247,0.7765117848404459,0.6631729394949977,0.696,0.7913559322033898,0.6980128853828952,0.06953857104291783,0.3080982831630562,0.6262625859580887,0.34214118326986115
0,covertype__c2,covertype,2,oracle,window,71.7,0.719,0.9432980488195719,0.7205934815342043,0.715960644139019,0.7456140350877193,0.9340659340659341,0.6974697469746974,0.7872111043274284,0.10158193060644533,0.41366368489008637,0.4064395733127322,0.509682375403969
0,covertype__c2,covertype,2,oracle,late,213.4,0.696,0.9334391345394789,0.6969347442083648,0.697248770118498,0.7007299270072993,0.7769784172661871,0.6775777414075287,0.9394117344805506,0.08989737832020574,0.42768167357198233,0.5734114692575626,0.5186990802386408
0,covertype__c2,covertype,2,oracle,all,53.475935828877006,0.8088235294117647,0.9696087958518301,0.8104063398048745,0.8001704207621791,0.6884512085944494,0.769,0.8110734463276836,0.6238196457635947,0.06231788793523234,0.2777148057477604,0.51777537724901,0.3060968683090398
0,covertype__c3,covertype,3,fifo,window,200.9,0.729,0.945443054126492,0.7343232596063585,0.637865621280671,0.8456221198156681,0.7978260869565217,0.6703703703703704,0.764677615935246,0.0919419183662006,0.4033223346043813,0.3141567456205784,0.6087502595830568
0,covertype__c3,covertype,3,fifo,late,0.0,0.9176666666666666,0.9695289701813331,0.9193753412209262,0.8584061047941725,0.0,,0.9176666666666666,0.2472630516827054,0.03687007052045707,0.12168185301014314,,0.15754579394608362
0,covertype__c3,covertype,3,fifo,all,29.67032967032967,0.7637362637362637,0.9604431513070291,0.7640055385597165,0.7659672942373446,0.8347996089931574,0.7907407407407407,0.7629105322763307,0.7274314609202945,0.07322158635066088,0.3388142198837788,0.34114755917869793,0.40705577620079364
0,covertype__c3,covertype,3,ltm,window,200.9,0.707,0.9445683493999742,0.7143774252005731,0.610974835005439,0.8413793103448276,0.7956521739130434,0.6314814814814815,0.7840850393218863,0.10699235899454038,0.4146845008266245,0.3393102783133036,0.5952513940388234
0,covertype__c3,covertype,3,ltm,late,0.0,0.9143333333333333,0.972738517462011,0.9162763428045386,0.8541337146994682,0.0,,0.9143333333333333,0.2432044171147413,0.0368846000904967,0.11982943587026587,,0.1436966405760819
0,covertype__c3,covertype,3,ltm,all,29.67032967032967,0.7621428571428571,0.9619361835787549,0.7621867980090377,0.7631828784786922,0.8252427184466019,0.7870370370370371,0.7613816534541337,0.7021382257085369,0.07431095110907109,0.3417430106720799,0.36216287057233554,0.40697200337592826
0,covertype__c3,covertype,3,em,window,200.9,0.701,0.8500251474295668,0.6939808320421117,0.5497147255444492,0.8314606741573034,0.8043478260869565,0.6129629629629629,1.5667525643645683,0.18358567494359201,0.4958860453056239,0.20506619973706658,0.3778898259732167
0,covertype__c3,covertype,3,em,late,0.0,0.9283333333333333,0.9181531228359511,0.9269398356302745,0.8609451673392008,0.0,,0.9283333333333333,0.4169339709710719,0.043711954281804806,0.11983091192839553,,0.08388126138466423
0,covertype__c3,covertype,3,em,all,29.67032967032967,0.7310989010989011,0.9254987482930611,0.7308024624206667,0.7300314712000749,0.8003952569169961,0.75,0.7305209513023783,1.4486008969431894,0.1580897144696833,0.42763223643219644,0.2637439031371667,0.27401729122164886
0,covertype__c3,covertype,3,rp,window,200.9,0.732,0.9426737647235678,0.7294077690662866,0.6174569336579315,0.8543478260869565,0.8543478260869565,0.6277777777777778,0.7709962156937784,0.10594943479944643,0.39316587225570865,0.24385084533208423,0.55438551153495
0,covertype__c3,covertype,3,rp,late,0.0,0.8986666666666666,0.9630957268847912,0.9106584233089998,0.844238958587928,0.0,,0.8986666666666666,0.38368663512913037,0.06290731098042117,0.16508350488245788,,0.1157722306489711
0,covertype__c3,covertype,3,rp,all,29.67032967032967,0.7682417582417582,0.9590686768258461,0.769043266619632,0.7697938401677645,0.8322274881516588,0.812962962962963,0.7668742921857304,0.7621555854066503,0.08301436092979562,0.3393183137516597,0.3027293937280265,0.370027968602905
0,covertype__c3,covertype,3,rp5,window,200.9,0.727,0.9422848051257049,0.7275214450814161,0.6334102170698193,0.8456375838926175,0.8217391304347826,0.6462962962962963,0.7699325704898741,0.10457353221866325,0.40402939501631374,0.2885429515398409,0.5776640491549859
0,covertype__c3,covertype,3,rp5,late,0.0,0.9103333333333333,0.9679230087874139,0.9205357862851047,0.8610380258380163,0.0,,0.9103333333333333,0.25883852272704294,0.03336013245392208,0.12442093595588839,,0.1486274838957903
0,covertype__c3,covertype,3,rp5,all,29.67032967032967,0.7637912087912088,0.9602352526244962,0.7642090183214032,0.765878769508042,0.8352490421455939,0.8074074074074075,0.7624575311438279,0.7380259052597878,0.07622511290258334,0.33970862549137754,0.33362779258440173,0.39438079618850447
0,covertype__c3,covertype,3,oracle,window,200.9,0.767,0.9544560233968837,0.7653982573030058,0.7099773746743125,0.8643326039387309,0.8586956521739131,0.6888888888888889,0.6560358776769499,0.09762000457385323,0.3566566387154667,0.24228914084548867,0.5330991168956642
0,covertype__c3,covertype,3,oracle,late,0.0,0.9343333333333333,0.9754711647580593,0.9328864359035355,0.8751925902113983,0.0,,0.9343333333333333,0.20976901041010598,0.0292734709069686,0.10323625972013024,,0.10587133798963451
0,covertype__c3,covertype,3,oracle,all,29.67032967032967,0.7937912087912088,0.9682929530444991,0.7944212056755048,0.7946511017122215,0.8413001912045889,0.8148148148148148,0.7931483578708947,0.6446223373176364,0.06364909539768766,0.2984324707649592,0.30487976265439576,0.3503844539096883
0,covertype__c4,covertype,4,fifo,window,113.3,0.75,0.9481515796983114,0.7578987207954564,0.7564795276625058,0.7762803234501348,0.6697674418604651,0.7719745222929937,0.7128398588195186,0.051381402819572944,0.36702605302877167,0.6326280356372995,0.5346861746633235
0,covertype__c4,covertype,4,fifo,late,118.43333333333334,0.6456666666666667,0.9215926320329706,0.6525948227337484,0.6483030770528907,0.6821705426356589,0.584070796460177,0.6565934065934066,0.998996631450171,0.10570272325555684,0.47511197737524785,0.6783905224202676,0.5965650578316342
0,covertype__c4,covertype,4,fifo,all,56.486486486486484,0.790108108108108,0.963425799728235,0.7908579587345167,0.7814540845794553,0.7351063829787234,0.6593511450381679,0.7979601191840476,0.670963914892145,0.05785533334392075,0.2996415161444206,0.5593735571992136,0.3614148124347225
0,covertype__c4,covertype,4,ltm,window,113.3,0.734,0.9476922905699459,0.7427186512959324,0.741694134022055,0.7394957983193278,0.6139534883720931,0.7668789808917198,0.7260931646985215,0.04519466912086477,0.38129181955428215,0.6147635414380554,0.5349908349542856
0,covertype__c4,covertype,4,ltm,late,118.43333333333334,0.641,0.9321779418256186,0.6479151262873071,0.6445841057810531,0.6684709066305818,0.5464601769911505,0.6577708006279435,0.9663549722707727,0.12093827825909959,0.4936228499682875,0.6318094785810366,0.5811096945874652
0,covertype__c4,covertype,4,ltm,all,56.486486486486484,0.786,0.9654180741030853,0.7860713101081664,0.7750983936525971,0.7267818574514039,0.642175572519084,0.7946367178546871,0.6443659699590125,0.06506469285553088,0.305789256316795,0.5218910535810785,0.35869267319192155
0,covertype__c4,covertype,4,em,window,113.3,0.665,0.872023426428699,0.6693134982093629,0.6690530804143565,0.7150259067357513,0.641860465116279,0.6713375796178344,1.8232105634726763,0.17781946358161205,0.527349873282236,0.42143274185056134,0.4113311456306891
0,covertype__c4,covertype,4,em,late,118.43333333333334,0.589,0.8345584223641611,0.5942189478596667,0.5953177086481991,0.5454545454545454,0.4911504424778761,0.6063579277864992,2.6639097761211104,0.26121943962758204,0.6608267116095684,0.35060193280455737,0.37232203991329116
0,covertype__c4,covertype,4,em,all,56.486486486486484,0.7569189189189189,0.9321186065272069,0.7584347541392579,0.7421637783516731,0.6509680795395081,0.5935114503816794,0.7667316066926427,1.2613166657732269,0.13490095139572866,0.38185499222314007,0.3277020962320331,0.2628343007853722
0,covertype__c4,covertype,4,rp,window,113.3,0.734,0.9452005118696695,0.7361170124660114,0.7304950408664176,0.8173076923076923,0.7906976744186046,0.7184713375796178,0.7224549122688289,0.07823041189330493,0.3883631724191216,0.5118377724464782,0.5182673189318127
0,covertype__c4,covertype,4,rp,late,118.43333333333334,0.6543333333333333,0.9191351230090443,0.6559157090615059,0.6508877098354283,0.6071019473081328,0.5862831858407079,0.6664050235478807,1.0574624858051729,0.12787457819679557,0.4853437196192828,0.591660927837478,0.5303414382901086
0,covertype__c4,covertype,4,rp,all,56.486486486486484,0.794972972972973,0.9633976641144899,0.7961611113915068,0.7837426206830329,0.7148514851485148,0.6889312977099237,0.8013408205363283,0.6883258535558986,0.0665754077024924,0.3015942184678485,0.4749928234760469,0.3342196485530977
0,covertype__c4,covertype,4,rp5,window,113.3,0.747,0.9474138618931583,0.7530683978637389,0.7496167941531713,0.8275862068965517,0.7813953488372093,0.7375796178343949,0.6910640680456765,0.06812966147775541,0.36535482853140555,0.5518315690051042,0.5334538162995519
0,covertype__c4,covertype,4,rp5,late,118.43333333333334,0.6356666666666667,0.9146626411928714,0.6399192570955222,0.6341903433705994,0.6109785202863962,0.5663716814159292,0.6479591836734694,1.0730526792691357,0.12411826076314125,0.49772825515010677,0.6460809495478724,0.5787337243451282
0,covertype__c4,covertype,4,rp5,all,56.486486486486484,0.7887567567567567,0.9630062698888933,0.789347728698452,0.7783867980994527,0.7157258064516129,0.6774809160305344,0.7954389181755672,0.6854838103114159,0.06367811783090155,0.3038690136914759,0.5164439540871261,0.3520019683508808
0,covertype__c4,covertype,4,oracle,window,113.3,0.724,0.9489175514931635,0.723681767404511,0.7211094925846865,0.7796610169491526,0.7488372093023256,0.7171974522292993,0.6980365977489981,0.08114249268817042,0.38187050629545854,0.4908471993534233,0.4948896447377172
0,covertype__c4,covertype,4,oracle,late,118.43333333333334,0.7046666666666667,0.9344145241955462,0.7044409110275808,0.7027887006087858,0.7161066048667439,0.6836283185840708,0.7083987441130298,0.9143540172949185,0.07990232400495924,0.4255789152487214,0.5774635421411282,0.5220825794249921
0,covertype__c4,covertype,4,oracle,all,56.486486486486484,0.8122162162162162,0.9689271953279971,0.8135025165777421,0.8030327889904071,0.752741774675972,0.7204198473282443,0.8177286270914509,0.6250551095516796,0.05640195534167047,0.2768402659228242,0.46153154047939704,0.31449929781322206
0,covertype__c5,covertype,5,fifo,window,49.6,0.737,0.9463788752138497,0.7445688798499426,0.7376729034825075,0.8210526315789474,0.7647058823529411,0.7338530066815144,0.7185305064563561,0.053915678716568285,0.37878772048869813,0.49890242670925533,0.5661639959544187
0,covertype__c5,covertype,5,fifo,late,184.06666666666666,0.6453333333333333,0.9207878627016122,0.6522437565298225,0.6491535501150666,0.55,0.4600760456273764,0.6847210994341147,1.010170785085018,0.10728727787522914,0.48458148442339005,0.6458782290486075,0.5979897495409952
0,covertype__c5,covertype,5,fifo,all,49.193548387096776,0.7882795698924732,0.9639510818710566,0.7881268033428908,0.7742337446698888,0.6210720887245841,0.5508196721311476,0.8005654509471304,0.6583511578584297,0.0628746288522787,0.302331253284738,0.6658336106124414,0.3533991510745004
0,covertype__c5,covertype,5,ltm,window,49.6,0.736,0.9461316178924348,0.7455891364460983,0.7455013573782047,0.8631578947368421,0.803921568627451,0.7282850779510023,0.7244992679777588,0.048635469773028545,0.3847829818727407,0.5167524317841714,0.560993404233002
0,covertype__c5,covertype,5,ltm,late,184.06666666666666,0.6426666666666667,0.9301549511922114,0.6488879331296556,0.6459904623509775,0.5490654205607477,0.4467680608365019,0.6843168957154406,0.9842732277152166,0.11768719152244767,0.5050126286140003,0.647629690278347,0.5796359727753997
0,covertype__c5,covertype,5,ltm,all,49.193548387096776,0.7891397849462366,0.9686825630831376,0.7886110170660379,0.7741699673347087,0.616060225846926,0.5366120218579234,0.8022052586938083,0.6303002990095709,0.06352861825873116,0.30616204896323834,0.6705149882870735,0.35068264723062736
0,covertype__c5,covertype,5,em,window,49.6,0.653,0.8833698879584923,0.655100338531691,0.6499363374806425,0.752,0.9215686274509803,0.6224944320712695,1.8140209146683215,0.17668665560271474,0.5501766542129737,0.22779012171692292,0.4563813054776316
0,covertype__c5,covertype,5,em,late,184.06666666666666,0.6006666666666667,0.8500773435456649,0.6079250749374778,0.6124647816421348,0.5101311084624554,0.4068441064638783,0.6418755052546483,2.424364204696768,0.23917854058890503,0.6348303416698962,0.445027044911638,0.38092865686935534
0,covertype__c5,covertype,5,em,all,49.193548387096776,0.761021505376344,0.9356237190595229,0.7610483480816786,0.7458738404411328,0.5886699507389163,0.5224043715846994,0.7733672603901611,1.219451289797969,0.12886957279815012,0.3738023048927061,0.4213350123209959,0.26027896603623024
0,covertype__c5,covertype,5,rp,window,49.6,0.726,0.9443794612828963,0.7271880404997874,0.7217671772485104,0.8088888888888889,0.8921568627450981,0.7071269487750557,0.7481827430956444,0.07131377969889814,0.39225471194452666,0.3683224206628183,0.5486121468183097
0,covertype__c5,covertype,5,rp,late,184.06666666666666,0.6646666666666666,0.920431215866003,0.6668000483362146,0.6639794301239202,0.6045016077170418,0.5361216730038023,0.6919967663702506,1.0456058518787064,0.11484254232933268,0.4791138422312771,0.5948067020341309,0.5393356225028006
0,covertype__c5,covertype,5,rp,all,49.193548387096776,0.7926881720430108,0.9623829631542863,0.7932451884067322,0.7804222681814289,0.6545454545454545,0.6098360655737705,0.8021487135990952,0.6881706524744006,0.06970042026604831,0.30493961497885297,0.5986289308140125,0.3291466692509419
0,covertype__c5,covertype,5,rp5,window,49.6,0.74,0.9459222489230013,0.7453156454949765,0.7403489002921236,0.8543689320388349,0.8627450980392157,0.7260579064587973,0.7148623442119756,0.060519491173888634,0.37866443884580475,0.4512324078425276,0.560367004631695
0,covertype__c5,covertype,5,rp5,late,184.06666666666666,0.639,0.9158691819672631,0.6439991873289712,0.6414144947032404,0.5534729878721059,0.47718631178707227,0.6734033953112368,1.0640665909063476,0.11409370796317785,0.4921253530790561,0.6293015751442441,0.5928163696512612
0,covertype__c5,covertype,5,rp5,all,49.193548387096776,0.7870967741935484,0.9635406762653099,0.7869867894806247,0.773205720059445,0.6270466949666464,0.5650273224043716,0.7985863726321741,0.6689809620908517,0.06603958309840725,0.30476647812366797,0.6648584793509745,0.3454599449691849
0,covertype__c5,covertype,5,oracle,window,49.6,0.734,0.9476035519262186,0.7323568388602435,0.7275395643644388,0.8103448275862069,0.9215686274509803,0.7126948775055679,0.7416701247650253,0.07679621769853644,0.3933006193942887,0.27305295367515375,0.5293679031781631
0,covertype__c5,covertype,5,oracle,late,184.06666666666666,0.7066666666666667,0.9356262661691227,0.707109796644783,0.7068544105484722,0.6382978723404256,0.5703422053231939,0.7356507679870655,0.9058638537915767,0.08699357420751339,0.42467790716184234,0.5919139429040076,0.5117100774099649
0,covertype__c5,covertype,5,oracle,all,49.193548387096776,0.8098924731182796,0.9697332847729333,0.8105340284978574,0.7975219573110142,0.663924794359577,0.6174863387978142,0.8198473282442749,0.6023362304240977,0.06023983209414362,0.2762489091035378,0.5459194916572362,0.3092161896207688
0,covertype__c6,covertype,6,fifo,window,100.2,0.75,0.948705103838083,0.7598964404533677,0.7558549938023177,0.858085808580858,0.8227848101265823,0.7363420427553444,0.6765001021545564,0.04817234533835517,0.36649718645731194,0.42478300116704015,0.6335904625772572
0,covertype__c6,covertype,6,fifo,late,62.13333333333333,0.64,0.9240346690010046,0.6474555110512269,0.6445363126525293,0.7513227513227513,0.6698113207547169,0.6377331420373027,1.0560118941600518,0.1115377614826564,0.5043107080662196,0.5759126709223972,0.6075001940146451
0,covertype__c6,covertype,6,fifo,all,80.57291666666667,0.775625,0.964602409648581,0.7757015842100822,0.7758131096082774,0.8482517482517482,0.78409825468649,0.7748824562397326,0.6840627334209415,0.06567490099911204,0.3259140973106652,0.40453189716269045,0.3952429237611443
0,covertype__c6,covertype,6,ltm,window,100.2,0.734,0.9449455140286109,0.7449530131126808,0.7452693050370742,0.8137931034482758,0.7468354430379747,0.7315914489311164,0.7092797854282479,0.05441792579449567,0.38712808959080214,0.4456013867568535,0.6233844327759208
0,covertype__c6,covertype,6,ltm,late,62.13333333333333,0.636,0.9294550384214068,0.64245135022394,0.6428855754940329,0.7798408488063661,0.6933962264150944,0.6316355810616929,1.0140796079151164,0.13125894627917284,0.5231509967426228,0.5868154119569226,0.5866717963194809
0,covertype__c6,covertype,6,ltm,all,80.57291666666667,0.7713541666666667,0.9664243881749423,0.7709491785687216,0.770494289671827,0.8479943701618579,0.7789269553975436,0.7706905341868238,0.6648071823446077,0.07184360590913408,0.33075419036737885,0.4276064996127376,0.3894052882804937
0,covertype__c6,covertype,6,em,window,100.2,0.647,0.8998783814653093,0.66612096117395,0.6793255460409001,0.7906976744186046,0.7531645569620253,0.6270783847980997,1.56647157503239,0.17637239237410549,0.5442254731674588,0.3308333777725185,0.48482678368607596
0,covertype__c6,covertype,6,em,late,62.13333333333333,0.5763333333333334,0.8517979351592421,0.583694119288144,0.5876912170088389,0.7544303797468355,0.7028301886792453,0.5667144906743186,2.482148682996202,0.27737714669114094,0.6807491993759522,0.40236950609051786,0.359385128494451
0,covertype__c6,covertype,6,em,all,80.57291666666667,0.7375520833333333,0.9327328465659067,0.7367797258705017,0.7325326005875847,0.783934548159167,0.6813186813186813,0.7424800317226534,1.3152905089507294,0.15050314593907552,0.41372801208578863,0.31323328601378914,0.2729345068809604
0,covertype__c6,covertype,6,rp,window,100.2,0.731,0.9457613690540994,0.739908125996501,0.7336211106702978,0.8488745980707395,0.8354430379746836,0.7114014251781473,0.7059374420470091,0.0546084009549856,0.37536132538769756,0.34924117450096814,0.6077362861982286
0,covertype__c6,covertype,6,rp,late,62.13333333333333,0.6473333333333333,0.9225187828872821,0.6518906688590095,0.6556632233494438,0.8040712468193384,0.7452830188679245,0.6398852223816356,1.0913880428503042,0.12410731553692558,0.49496151210882183,0.4335877966651581,0.5646620551217696
0,covertype__c6,covertype,6,rp,all,80.57291666666667,0.7754166666666666,0.9633841629127385,0.7761636651495216,0.7748481101260095,0.8432055749128919,0.7821590174531351,0.7748258086444231,0.7111973361674712,0.07712183765192562,0.32637927454097504,0.3546678507770506,0.36547159446982924
0,covertype__c6,covertype,6,rp5,window,100.2,0.765,0.9480219889621372,0.7732841654585169,0.7678065009080809,0.8761904761904762,0.8734177215189873,0.7446555819477435,0.6744724960996927,0.057582617019274675,0.359673958773634,0.3800277154923983,0.638569584621431
0,covertype__c6,covertype,6,rp5,late,62.13333333333333,0.6293333333333333,0.9186033068019578,0.6363249963863459,0.6361981779372105,0.7559055118110236,0.6792452830188679,0.6255380200860832,1.1110910468015798,0.12542512788130186,0.5140681281719514,0.5651192489968959,0.5929578846187292
0,covertype__c6,covertype,6,rp5,all,80.57291666666667,0.7727604166666666,0.9642916282130274,0.7729009729588652,0.7721327039209606,0.8502248356969907,0.7944408532643826,0.7708604769727525,0.6933317951038265,0.07081563098346585,0.32673213586685684,0.3923811593829247,0.3848092998124912
0,covertype__c6,covertype,6,oracle,window,100.2,0.735,0.9497505858143861,0.7424629220254667,0.7386467630652881,0.819672131147541,0.7911392405063291,0.7244655581947743,0.6699265812293822,0.05817013408999398,0.3591773572399989,0.35021687673255925,0.5619473618862155
0,covertype__c6,covertype,6,oracle,late,62.13333333333333,0.682,0.939032845180605,0.6839512182462446,0.6858288621026284,0.832183908045977,0.8537735849056604,0.6689383070301291,0.9200267325737053,0.10148334636595191,0.440390026734801,0.37316149184076225,0.5356891709381034
0,covertype__c6,covertype,6,oracle,all,80.57291666666667,0.79640625,0.9714474246759686,0.7968785675604825,0.7961864283048447,0.8596851471594799,0.8118939883645766,0.7950490001699427,0.6100952838950203,0.06374698315621835,0.29198192084111085,0.339855586218799,0.34360662394699343
0,h2_poker__c0,h2_poker,0,fifo,window,326.8,0.879,0.9956988759831522,0.8848129435516978,0.920892798120425,0.8896991795806746,0.8013136288998358,1.0,0.2701453327479882,0.061363309785046775,0.17305855661892314,0.2397444512012814,0.11677836325788522
0,h2_poker__c0,h2_poker,0,fifo,late,559.7,0.958,0.974975485635307,0.9574039344696691,0.8738492363464021,0.9715447154471545,0.9887706855791962,0.9181957186544343,0.14862341122528872,0.011248227908274695,0.06706248610820226,0.07868444794247316,0.22779270159812753
0,h2_poker__c0,h2_poker,0,fifo,all,344.3046357615894,0.9105298013245033,0.8718834214391464,0.912619290031964,0.592992178203215,0.944087646392142,0.96133871898442,0.8838501161498838,0.4264558080652099,0.024349887184287832,0.14101975176888948,0.12181154727894773,0.2272574854230967
0,h2_poker__c0,h2_poker,0,ltm,window,326.8,0.965,0.9987161324350918,0.9652322920156845,0.975347073174126,0.970513900589722,0.9458128078817734,0.9948849104859335,0.11805921936678192,0.038272000591494805,0.05980175324116631,0.23070123412339968,0.16992442071655428
0,h2_poker__c0,h2_poker,0,ltm,late,559.7,0.9456666666666667,0.9964042011778712,0.9570451331926311,0.7981386473168198,0.9697514225816113,0.956855791962175,0.9311926605504587,0.19451386349999056,0.019132466161556,0.07128700402681588,0.0949216313839004,0.18249950029068324
0,h2_poker__c0,h2_poker,0,ltm,all,344.3046357615894,0.8976158940397351,0.9631534984511452,0.9115681237374882,0.5457362905679783,0.9422834416529247,0.9342181188690133,0.8783961216038784,0.4129049204875553,0.030763414508408526,0.15045083764431466,0.14002596887716712,0.2390558879310647
0,h2_poker__c0,h2_poker,0,em,window,326.8,0.806,0.900903427953312,0.8523546103339994,0.793791036254639,0.8991150442477877,0.8341543513957307,0.7621483375959079,0.6191212322801476,0.11981697989628495,0.30609931400357004,0.22769035444050814,0.12776621905221436
0,h2_poker__c0,h2_poker,0,em,late,559.7,0.8773333333333333,0.9324510409703048,0.9033796667589535,0.6109367501213238,0.9569696969696969,0.9332151300236406,0.805045871559633,0.7896872016992088,0.07384860723919204,0.20284135898982572,0.06870604203279207,0.1879810892871271
0,h2_poker__c0,h2_poker,0,em,all,344.3046357615894,0.7911920529801324,0.8374897244229373,0.8463242655156094,0.4442396147468475,0.9002640666260411,0.8524716291594537,0.759014240985759,1.3158338107550582,0.1535357518589548,0.35674119152642475,0.10908636900770108,0.15664008600582582
0,h2_poker__c0,h2_poker,0,rp,window,326.8,0.923,0.9897850907769866,0.9249703863238659,0.9472081738874039,0.9343563512361467,0.8998357963875205,0.959079283887468,0.20896606946024948,0.029232778075487343,0.12410599704417542,0.21448769543735188,0.14675339143757785
0,h2_poker__c0,h2_poker,0,rp,late,559.7,0.9323333333333333,0.9745439139704158,0.9415318803146279,0.7703018282786818,0.9537815126050421,0.9391252955082743,0.9235474006116208,0.19282538139188943,0.013944672949531854,0.09367526419612349,0.09757438140129078,0.23339435058139088
0,h2_poker__c0,h2_poker,0,rp,all,344.3046357615894,0.8860264900662251,0.8704571776520754,0.8993562278866459,0.5604797918510154,0.9286129970902037,0.9207539911521446,0.8677911322088678,0.4932128217533393,0.03981933876871809,0.1726887168089769,0.15119665218304187,0.23190073676542353
0,h2_poker__c0,h2_poker,0,rp5,window,326.8,0.932,0.9959464619564588,0.9339714435318439,0.9111757707019158,0.944110060189166,0.9014778325123153,0.979539641943734,0.16164612375071957,0.03280856123646338,0.10013348453374094,0.22967147391818407,0.11527089170345572
0,h2_poker__c0,h2_poker,0,rp5,late,559.7,0.9543333333333334,0.9755570155463298,0.9560545954056197,0.8367651260427106,0.9700320046552225,0.985224586288416,0.9143730886850153,0.14836493486433497,0.011061952513665055,0.066880506544581,0.07854267784784114,0.23236048086218689
0,h2_poker__c0,h2_poker,0,rp5,all,344.3046357615894,0.9064238410596026,0.872646323959322,0.9116358476432453,0.5931510365733247,0.9439305267132339,0.9617234083477592,0.8773861226138774,0.43076781910429335,0.026656882470863077,0.14278935488124536,0.12391212081683255,0.22093505720471365
0,h2_poker__c0,h2_poker,0,oracle,window,326.8,0.943,0.9905101490163886,0.9433150580692109,0.9597459787299581,0.9522212908633697,0.9326765188834154,0.959079283887468,0.16813075205661906,0.02987919582777488,0.0986116071470011,0.12916187340570534,0.09118825148097189
0,h2_poker__c0,h2_poker,0,oracle,late,559.7,0.953,0.9803861693914806,0.960778945155167,0.7977852103517142,0.9700956937799043,0.958628841607565,0.9457186544342507,0.15770414536931468,0.013536944292813324,0.0785674939669296,0.068044774560693,0.1971034477504625
0,h2_poker__c0,h2_poker,0,oracle,all,344.3046357615894,0.9166225165562913,0.8849602401734478,0.9230608011877576,0.5738117250182195,0.953549010140029,0.9496056934025774,0.8993031006968993,0.3747124900114591,0.03443020722535491,0.13617852326563679,0.09078830939832858,0.15475399912513366
0,h2_poker__c1,h2_poker,1,fifo,window,171.9,0.932,0.9804272814908351,0.9409312709142716,0.7595496798853764,0.9020172910662824,0.828042328042328,0.9951768488745981,0.3174023747435568,0.02201117762898924,0.12551759762461004,0.34875506492016767,0.15299245093133854
0,h2_poker__c1,h2_poker,1,fifo,late,396.1,0.9506666666666667,0.9735793205207495,0.9506617210456916,0.8710344778667155,0.9404606692742286,0.9271636675235647,0.9656301145662848,0.14681667047006866,0.010771111680202793,0.06989783458191817,0.2021555352644851,0.09568720334710236
0,h2_poker__c1,h2_poker,1,fifo,all,308.4294117647059,0.9287058823529412,0.8896733462975839,0.9279809515995397,0.6115247821153902,0.9107998192498871,0.8854331400456862,0.9504819170572111,0.344079400183201,0.023007456778502203,0.11064255126392265,0.20565957396320036,0.13888978027019092
0,h2_poker__c1,h2_poker,1,ltm,window,171.9,0.932,0.9770306616796106,0.943996553802339,0.7634660585955871,0.9035971223021583,0.8306878306878307,0.9935691318327974,0.3071828493281531,0.03536617285183582,0.11620326395164436,0.300228381595209,0.18738633130098203
0,h2_poker__c1,h2_poker,1,ltm,late,396.1,0.9496666666666667,0.9965062126362916,0.9601540507974805,0.8086040526608367,0.964943032427695,0.9434447300771208,0.9536279323513366,0.18643093297131774,0.015467698688669177,0.07002723543592787,0.19036498817759323,0.08724711834855164
0,h2_poker__c1,h2_poker,1,ltm,all,308.4294117647059,0.9214705882352942,0.9861741834731838,0.9306746706599122,0.5516057277857149,0.9183748169838946,0.8817431031453171,0.9414625519497745,0.309938736034149,0.019747145587655224,0.11642299901067757,0.22615365274639984,0.14454004069876608
0,h2_poker__c1,h2_poker,1,em,window,171.9,0.794,0.8985350764106959,0.8582807644167659,0.6741086722770028,0.8547486033519553,0.8095238095238095,0.7845659163987139,1.630759802737432,0.14559297210929623,0.3440220756116578,0.15870283072597582,0.14996154688695362
0,h2_poker__c1,h2_poker,1,em,late,396.1,0.88,0.9382013479972514,0.9080837130863701,0.6300154020926987,0.8809523809523809,0.792630676949443,0.9356246590289143,0.9885777068303133,0.0811873281404753,0.19674223710714317,0.1697690456922513,0.06384860504750263
0,h2_poker__c1,h2_poker,1,em,all,308.4294117647059,0.8136470588235294,0.8493699907823903,0.8654103115249285,0.40369604861613506,0.8787185354691075,0.8096995255666842,0.8156335661862234,1.3023081238387753,0.1364616138641942,0.31942106257886005,0.1288026856481787,0.1225272085836178
0,h2_poker__c1,h2_poker,1,rp,window,171.9,0.851,0.9628222848452519,0.863146820479029,0.6977470206789266,0.8144458281444583,0.8650793650793651,0.842443729903537,0.5096029214692946,0.09463198631476208,0.24712305300466547,0.24012143078137174,0.14246595856883387
0,h2_poker__c1,h2_poker,1,rp,late,396.1,0.9356666666666666,0.9738448486271546,0.9463249962047998,0.7772622324071992,0.9456327985739751,0.9091688089117395,0.9525368248772504,0.18530684279806198,0.015937131275081305,0.08876416344427959,0.22393634895748374,0.09725865841486064
0,h2_poker__c1,h2_poker,1,rp,all,308.4294117647059,0.9064117647058824,0.8883647659262397,0.9146408340032012,0.5821548008439352,0.8995962314939435,0.8808645229309436,0.9192678397736316,0.42329583245971725,0.029486832118509214,0.1452011901906793,0.20942076270176338,0.16509125088907411
0,h2_poker__c1,h2_poker,1,rp5,window,171.9,0.913,0.9834888678046605,0.9222450189245162,0.7193141152292762,0.8819538670284939,0.8597883597883598,0.9453376205787781,0.2167809799914068,0.02647775767374669,0.11782271266730143,0.2972781110552087,0.18350238268715874
0,h2_poker__c1,h2_poker,1,rp5,late,396.1,0.953,0.9744276434346659,0.9573539132341757,0.8412978227404985,0.9552899513058876,0.9245929734361611,0.9710856519367158,0.14619580438056667,0.021523164923164327,0.06789988953779161,0.21640241018205256,0.09223400513024003
0,h2_poker__c1,h2_poker,1,rp5,all,308.4294117647059,0.9237058823529412,0.8898122962536693,0.9262643877579366,0.5983827168096993,0.9133115705476967,0.884905991917062,0.943231054912017,0.35273136888733914,0.021134295318570032,0.11483405182742905,0.20026363343758463,0.13810874332459577
0,h2_poker__c1,h2_poker,1,oracle,window,171.9,0.93,0.9812553434911907,0.9408341374262229,0.7254681240353104,0.9035812672176309,0.8677248677248677,0.9678456591639871,0.21594696490804483,0.04179204889850269,0.11864155847347095,0.120615716535024,0.15087094160969997
0,h2_poker__c1,h2_poker,1,oracle,late,396.1,0.94,0.9773403670621932,0.9520322397248121,0.7653335952147959,0.9476041200179132,0.9065981148243359,0.96126568466994,0.1952999319703315,0.031142295081952712,0.09821734517710172,0.1593005454622858,0.06344093889636192
0,h2_poker__c1,h2_poker,1,oracle,all,308.4294117647059,0.9322941176470588,0.9006009370810046,0.9367593601322608,0.6250649894502702,0.92906840155417,0.9033561764189071,0.946856485984614,0.30369370315314687,0.028178968434795334,0.11311138258610388,0.1326660261704309,0.10861400455209326
0,h2_poker__c2,h2_poker,2,fifo,window,12.3,0.939,0.862849345689698,0.9348048788442559,0.5504639198647775,0.875,1.0,0.9385699899295066,0.22270540884771162,0.021391763805707495,0.08437035080712335,0.1614695040363149,0.16852228529905122
0,h2_poker__c2,h2_poker,2,fifo,late,22.2,0.9353333333333333,0.9047269362167141,0.933055670010894,0.7801946340530636,0.8695652173913043,0.7692307692307693,0.9390119250425895,0.3579568789087024,0.03265094522497107,0.10734343704458787,0.15852488030609424,0.13207362109913853
0,h2_poker__c2,h2_poker,2,fifo,all,33.88324873096447,0.9092893401015228,0.871273279660328,0.9102338060223794,0.5648066014195292,0.7524475524475525,0.6968911917098446,0.9179522400676247,0.39939277785274185,0.02642588877605541,0.13580733585178045,0.3947800880265012,0.19664569660645745
0,h2_poker__c2,h2_poker,2,ltm,window,12.3,0.92,0.9906130461911913,0.942570502240786,0.697560970964998,1.0,1.0,0.919436052366566,0.23275110920638267,0.04885644505111521,0.09707311262134122,0.31602763321676514,0.18874905138206544
0,h2_poker__c2,h2_poker,2,ltm,late,22.2,0.9276666666666666,0.9935463773124711,0.9433869483247062,0.7913805862953123,0.8695652173913043,0.7692307692307693,0.931175468483816,0.27192810121839905,0.01921782492916732,0.10108345807087434,0.09905530533399735,0.1553120483451447
0,h2_poker__c2,h2_poker,2,ltm,all,33.88324873096447,0.9101015228426396,0.9741861786359503,0.9193580137277072,0.5433491068899852,0.7716092761770906,0.711139896373057,0.9182163989856298,0.3568503157996439,0.016596243450291374,0.13369419079746614,0.45225284887222805,0.21539157498461628
0,h2_poker__c2,h2_poker,2,em,window,12.3,0.876,0.8489715656393217,0.9137215203342353,0.4651786393201348,0.4117647058823529,1.0,0.8751258811681772,1.0579682387429952,0.107919553332818,0.23449740681415232,0.016950921669138357,0.10052807271665433
0,h2_poker__c2,h2_poker,2,em,late,22.2,0.863,0.9066502207781874,0.896428765084754,0.6822600557456763,0.8173913043478261,0.7230769230769231,0.8660988074957411,0.8839244822484768,0.0895263802962878,0.2296384538417944,0.11164934964635034,0.12047812808491036
0,h2_poker__c2,h2_poker,2,em,all,33.88324873096447,0.7486294416243655,0.834294881044147,0.8239071314479752,0.37697306109834705,0.6800308404009252,0.5712435233160622,0.7558643279797126,1.8249115931787456,0.18669320372102471,0.43405478781176526,0.20289124183816143,0.15874576708652374
0,h2_poker__c2,h2_poker,2,rp,window,12.3,0.843,0.8544062463154974,0.8622239188140938,0.5138936925781222,0.7777777777777778,1.0,0.8418932527693856,0.5602309178312646,0.11499588736722655,0.25860271189831885,0.031031220822528644,0.1283627641413475
0,h2_poker__c2,h2_poker,2,rp,late,22.2,0.8943333333333333,0.900043731997151,0.9056499841815454,0.6740791914357771,0.8620689655172413,0.7692307692307693,0.8971039182282794,0.4266322760077933,0.044560849384004064,0.16013483876028978,0.2065956557496031,0.17333183247257253
0,h2_poker__c2,h2_poker,2,rp,all,33.88324873096447,0.8744670050761422,0.867346453975089,0.8862575758453249,0.4778907817936888,0.7462257368799425,0.6722797927461139,0.8827134404057481,0.5506409774530578,0.041422519281031245,0.19435456272773108,0.4180337650583371,0.2156092971757057
0,h2_poker__c2,h2_poker,2,rp5,window,12.3,0.9,0.862678000728426,0.9108895609639704,0.502006680983059,0.5833333333333334,1.0,0.8992950654582075,0.2866417735582063,0.035602294201726344,0.13056793768717403,0.0664666167481233,0.16815753125720695
0,h2_poker__c2,h2_poker,2,rp5,late,22.2,0.933,0.9045690305097848,0.9339984653714487,0.7484201603733979,0.8181818181818182,0.6923076923076923,0.9383304940374787,0.35973876307826047,0.03633365640459492,0.11410379614655858,0.23069065112798373,0.13400592086752702
0,h2_poker__c2,h2_poker,2,rp5,all,33.88324873096447,0.8988324873096447,0.8710038721590738,0.9027914586859279,0.5385864853446136,0.7287899860917941,0.6787564766839378,0.9078085376162299,0.42576270640823055,0.02551552879548495,0.15072038751746936,0.3937200120777547,0.1966976789029359
0,h2_poker__c2,h2_poker,2,oracle,window,12.3,0.908,0.8659082557741347,0.9307786035822984,0.5569656601667827,0.8235294117647058,1.0,0.9073514602215509,0.3009349040149286,0.05135174581790623,0.131838342210965,0.044373305455000255,0.1042938940852115
0,h2_poker__c2,h2_poker,2,oracle,late,22.2,0.9266666666666666,0.9260184014885094,0.9365379293213381,0.7932850227113277,0.8620689655172413,0.7692307692307693,0.9301533219761499,0.2732791738224932,0.03531311580488284,0.1083850218130597,0.07319945838599357,0.10273858704902886
0,h2_poker__c2,h2_poker,2,oracle,all,33.88324873096447,0.912741116751269,0.8813450746406434,0.9188877187523697,0.5357758973612095,0.788977519941987,0.7046632124352331,0.9212278106508875,0.34928259890443486,0.0331204658969508,0.13435995118779673,0.26655423304890663,0.131179185760077
0,h2_rialto__c0,h2_rialto,0,fifo,window,55.0,0.476,0.8626666666666667,0.47945077973000744,0.47945077973000744,0.5269461077844312,0.44,0.48,1.5880766507934385,0.10672054435460131,0.6727325910071111,1.134602665780502,1.157367951593613
0,h2_rialto__c0,h2_rialto,0,fifo,late,100.0,0.7216666666666667,0.9544447530864197,0.7233490726629234,0.7233490726629235,0.7720465890183028,0.7733333333333333,0.715925925925926,0.8683176539059293,0.04284061798142166,0.36054686688066334,0.5734848060238855,0.8136204994617647
0,h2_rialto__c0,h2_rialto,0,fifo,all,59.94764397905759,0.7282722513089005,0.9601976336358662,0.7270940357075701,0.7292549132113828,0.7816185441236275,0.8008333333333333,0.7234078212290502,0.8232937336982851,0.029761964898292262,0.3612357284829826,0.5187254810847861,0.6779677129401217
0,h2_rialto__c0,h2_rialto,0,ltm,window,55.0,0.475,0.8630188888888888,0.4793097329729943,0.4793097329729944,0.5357142857142857,0.45,0.4777777777777778,1.588358055893366,0.11240630118510471,0.6729556722317935,1.1227165196530553,1.1549195638173326
0,h2_rialto__c0,h2_rialto,0,ltm,late,100.0,0.7246666666666667,0.9545232098765432,0.7262014729430935,0.7262014729430935,0.7720465890183028,0.7733333333333333,0.7192592592592593,0.8678842051250734,0.0466983282341179,0.3602078272512434,0.5721595125578355,0.8132618997783791
0,h2_rialto__c0,h2_rialto,0,ltm,all,59.94764397905759,0.7282722513089005,0.9603001382249673,0.7270808987255977,0.7292745280004316,0.7824318828792192,0.8016666666666666,0.7233519553072626,0.8223789645572862,0.028921645973188522,0.3611282529322625,0.5171416348113348,0.6783157001423217
0,h2_rialto__c0,h2_rialto,0,em,window,55.0,0.389,0.7145227777777778,0.39054350712723357,0.3905435071272335,0.43283582089552236,0.58,0.36777777777777776,4.30928163025375,0.3787827813414345,0.985374894379992,0.6648556635950392,0.637047752470192
0,h2_rialto__c0,h2_rialto,0,em,late,100.0,0.6483333333333333,0.8559366049382715,0.6537972818656282,0.6537972818656284,0.726027397260274,0.7066666666666667,0.6418518518518519,2.304117614284451,0.17351818042852157,0.5492255353031428,0.40533562449198235,0.545870694210362
0,h2_rialto__c0,h2_rialto,0,em,all,59.94764397905759,0.6631937172774869,0.8779087274135303,0.6619823558969242,0.6643707390476328,0.7222653219550039,0.7758333333333334,0.6556424581005587,2.0810669223243012,0.17068619345369923,0.5203436739650261,0.3800736989316697,0.4740970928499913
0,h2_rialto__c0,h2_rialto,0,rp,window,55.0,0.481,0.8652322222222223,0.4838683330703792,0.4838683330703792,0.49572649572649574,0.58,0.47,1.5531176224599912,0.10806651921878438,0.6628694677267751,1.0681214555373972,1.165902030098263
0,h2_rialto__c0,h2_rialto,0,rp,late,100.0,0.7216666666666667,0.9544447530864197,0.7233490726629234,0.7233490726629235,0.7720465890183028,0.7733333333333333,0.715925925925926,0.8683176539059293,0.04284061798142166,0.36054686688066334,0.5734848060238855,0.8136204994617647
0,h2_rialto__c0,h2_rialto,0,rp,all,59.94764397905759,0.7286910994764398,0.9603111699729251,0.7274410071454206,0.7292054399394974,0.7719714964370546,0.8125,0.723072625698324,0.8215874963202392,0.029318974468739618,0.36079342844880924,0.513204971693932,0.6783401120705963
0,h2_rialto__c0,h2_rialto,0,rp5,window,55.0,0.475,0.8639322222222223,0.47714486212177104,0.47714486212177115,0.51,0.51,0.4711111111111111,1.5683526257740164,0.10540235092548811,0.6663124395928574,1.0967888046977725,1.1629203392624279
0,h2_rialto__c0,h2_rialto,0,rp5,late,100.0,0.7216666666666667,0.9544447530864197,0.7233490726629234,0.7233490726629235,0.7720465890183028,0.7733333333333333,0.715925925925926,0.8683176539059293,0.04284061798142166,0.36054686688066334,0.5734848060238855,0.8136204994617647
0,h2_rialto__c0,h2_rialto,0,rp5,all,59.94764397905759,0.7281675392670157,0.9602578616526903,0.72697367925031,0.7289516071387206,0.7768860353130016,0.8066666666666666,0.7229050279329609,0.8223444675453746,0.030012894033473323,0.360945397003681,0.5155878621776189,0.6782316408201914
0,h2_rialto__c0,h2_rialto,0,oracle,window,55.0,0.481,0.8652322222222223,0.4838683330703792,0.4838683330703792,0.49572649572649574,0.58,0.47,1.5531176224599912,0.10806651921878438,0.6628694677267751,1.0681214555373972,1.165902030098263
0,h2_rialto__c0,h2_rialto,0,oracle,late,100.0,0.7216666666666667,0.9544447530864197,0.7233490726629234,0.7233490726629235,0.7720465890183028,0.7733333333333333,0.715925925925926,0.8683176539059293,0.04284061798142166,0.36054686688066334,0.5734848060238855,0.8136204994617647
0,h2_rialto__c0,h2_rialto,0,oracle,all,59.94764397905759,0.7282722513089005,0.9603346741270229,0.7270707115568598,0.7288498840172941,0.7719714964370546,0.8125,0.7226256983240223,0.8212951538444516,0.0289195606188448,0.3605870292738199,0.5131827646525341,0.6784529024073305
0,h2_rialto__c1,h2_rialto,1,fifo,window,55.0,0.472,0.868761111111111,0.47956351442442935,0.47956351442442935,0.44808743169398907,0.41,0.47888888888888886,1.5322383454863489,0.13209523454218666,0.6653362647545822,1.1432898910626486,1.1795603998543347
0,h2_rialto__c1,h2_rialto,1,fifo,late,100.0,0.7216666666666667,0.9544447530864197,0.7233490726629234,0.7233490726629235,0.7387387387387387,0.6833333333333333,0.725925925925926,0.8683176539059293,0.04284061798142166,0.36054686688066334,0.8638122535722753,0.7813618941786105
0,h2_rialto__c1,h2_rialto,1,fifo,all,59.94764397905759,0.7363350785340315,0.962936334943907,0.7356612206189601,0.7347253715441963,0.7120331950207469,0.715,0.7377653631284916,0.7920093974708599,0.024742090723722996,0.3518272076736709,0.753513811760451,0.6516515351930317
0,h2_rialto__c1,h2_rialto,1,ltm,window,55.0,0.473,0.8685494444444444,0.479788166755407,0.4797881667554069,0.45555555555555555,0.41,0.48,1.537334373830286,0.11563073082261173,0.6671329497657454,1.1461219498488395,1.1792291174660896
0,h2_rialto__c1,h2_rialto,1,ltm,late,100.0,0.7246666666666667,0.9545232098765432,0.7262014729430935,0.7262014729430935,0.737410071942446,0.6833333333333333,0.7292592592592593,0.8678842051250734,0.0466983282341179,0.3602078272512434,0.8616185125446684,0.7810997886687311
0,h2_rialto__c1,h2_rialto,1,ltm,all,59.94764397905759,0.7368586387434555,0.9627190825950152,0.7362243805479893,0.73531087284206,0.7131589871315899,0.7158333333333333,0.738268156424581,0.794986723201811,0.023583803730679354,0.3527787840871699,0.7517442473059643,0.6526124858466914
0,h2_rialto__c1,h2_rialto,1,em,window,55.0,0.37,0.6836694444444444,0.35882003041721705,0.358820030417217,0.3475409836065574,0.53,0.3522222222222222,5.095912673766879,0.41994155954287704,1.0560237422709555,0.5550891546214054,0.5982267743902722
0,h2_rialto__c1,h2_rialto,1,em,late,100.0,0.6483333333333333,0.8559366049382715,0.6537972818656282,0.6537972818656284,0.671875,0.5733333333333334,0.6566666666666666,2.304117614284451,0.17351818042852157,0.5492255353031428,0.6378284194828661,0.5200381614335973
0,h2_rialto__c1,h2_rialto,1,em,all,59.94764397905759,0.6689528795811518,0.8785124766859177,0.668448597299803,0.6659300690969354,0.6049089469517023,0.6366666666666667,0.6711173184357542,2.0786668931808867,0.1699311306272983,0.5184559701601793,0.5481268532918537,0.45003182217621623
0,h2_rialto__c1,h2_rialto,1,rp,window,55.0,0.464,0.8668544444444443,0.46823354145494095,0.468233541454941,0.40963855421686746,0.51,0.4588888888888889,1.5669143371088001,0.11619060571881627,0.6781132983818141,1.027200106449775,1.1874560445593447
0,h2_rialto__c1,h2_rialto,1,rp,late,100.0,0.7216666666666667,0.9544447530864197,0.7233490726629234,0.7233490726629235,0.7387387387387387,0.6833333333333333,0.725925925925926,0.8683176539059293,0.04284061798142166,0.36054686688066334,0.8638122535722753,0.7813618941786105
0,h2_rialto__c1,h2_rialto,1,rp,all,59.94764397905759,0.736020942408377,0.9628321159602062,0.7353198293517947,0.7339650107139118,0.7011308562197092,0.7233333333333334,0.7368715083798882,0.7938582866486867,0.02507533810844909,0.3525177128451416,0.7438604124394824,0.6521611601216986
0,h2_rialto__c1,h2_rialto,1,rp5,window,55.0,0.473,0.8684744444444444,0.47854356868086606,0.4785435686808661,0.4563106796116505,0.47,0.47333333333333333,1.5399731110554544,0.10637362179239251,0.6661688217747067,1.0762025367891326,1.1922307286818785
0,h2_rialto__c1,h2_rialto,1,rp5,late,100.0,0.7216666666666667,0.9544447530864197,0.7233490726629234,0.7233490726629235,0.7387387387387387,0.6833333333333333,0.725925925925926,0.8683176539059293,0.04284061798142166,0.36054686688066334,0.8638122535722753,0.7813618941786105
0,h2_rialto__c1,h2_rialto,1,rp5,all,59.94764397905759,0.7364397905759162,0.9629100773020879,0.7357495005182538,0.734738746877054,0.7102342786683107,0.72,0.7375418994413407,0.7924149752571115,0.02439532743646739,0.3518747111824644,0.7479265671986336,0.652352764064795
0,h2_rialto__c1,h2_rialto,1,oracle,window,55.0,0.464,0.8668544444444443,0.46823354145494095,0.468233541454941,0.40963855421686746,0.51,0.4588888888888889,1.5669143371088001,0.11619060571881627,0.6781132983818141,1.027200106449775,1.1874560445593447
0,h2_rialto__c1,h2_rialto,1,oracle,late,100.0,0.7216666666666667,0.9544447530864197,0.7233490726629234,0.7233490726629235,0.7387387387387387,0.6833333333333333,0.725925925925926,0.8683176539059293,0.04284061798142166,0.36054686688066334,0.8638122535722753,0.7813618941786105
0,h2_rialto__c1,h2_rialto,1,oracle,all,59.94764397905759,0.7356544502617801,0.9628250894430431,0.7349348297193203,0.7335953467966226,0.7011308562197092,0.7233333333333334,0.7364804469273744,0.7939022827268979,0.02594551662523727,0.35247103780153555,0.7438372443137784,0.6516835267990974
0,h2_rialto__c2,h2_rialto,2,fifo,window,55.0,0.46,0.8607344444444445,0.46351408605455763,0.4635140860545577,0.37583892617449666,0.28,0.48,1.5843990106006796,0.11966206499952937,0.6825129656208121,1.2293533036797237,1.187903863093776
0,h2_rialto__c2,h2_rialto,2,fifo,late,100.0,0.7216666666666667,0.9544447530864197,0.7233490726629234,0.7233490726629235,0.7873754152823921,0.79,0.7140740740740741,0.8683176539059293,0.04284061798142166,0.36054686688066334,0.711735365179581,0.798259326222243
0,h2_rialto__c2,h2_rialto,2,fifo,all,59.94764397905759,0.7349738219895288,0.9613576297480669,0.7342112073916769,0.7362422013292742,0.7853763440860215,0.7608333333333334,0.7332402234636871,0.8081728481801561,0.02674398414837423,0.354922065094971,0.6803254878308025,0.6576789786453582
0,h2_rialto__c2,h2_rialto,2,ltm,window,55.0,0.464,0.8604944444444443,0.4687937579878926,0.4687937579878927,0.39473684210526316,0.3,0.4822222222222222,1.5880301558481669,0.11264700658261098,0.6833195404928197,1.2211427081140018,1.183790352125831
0,h2_rialto__c2,h2_rialto,2,ltm,late,100.0,0.7246666666666667,0.9545232098765432,0.7262014729430935,0.7262014729430935,0.7913188647746243,0.79,0.7174074074074074,0.8678842051250734,0.0466983282341179,0.3602078272512434,0.7113197844308405,0.7977996473480452
0,h2_rialto__c2,h2_rialto,2,ltm,all,59.94764397905759,0.7352356020942409,0.9613945275680711,0.7345634428029167,0.7366900453382419,0.7881392350666093,0.7641666666666667,0.7332960893854749,0.8080344120139638,0.025602589046493464,0.35484653497971785,0.678698736938521,0.6571997892847015
0,h2_rialto__c2,h2_rialto,2,em,window,55.0,0.352,0.6943361111111112,0.35338350370288873,0.35338350370288873,0.38565022421524664,0.43,0.3433333333333333,4.678730068387657,0.4376783754722429,1.05260279262784,0.641888096453255,0.5995938622337262
0,h2_rialto__c2,h2_rialto,2,em,late,100.0,0.6483333333333333,0.8559366049382715,0.6537972818656282,0.6537972818656284,0.7036450079239303,0.74,0.6381481481481481,2.304117614284451,0.17351818042852157,0.5492255353031428,0.5182453247795845,0.5333251719561841
0,h2_rialto__c2,h2_rialto,2,em,all,59.94764397905759,0.6683769633507853,0.8794078583244719,0.6682097488186357,0.6696457929657558,0.7043659043659044,0.7058333333333333,0.6658659217877095,2.061437737227384,0.17028776712235472,0.5181706403138993,0.5012747536581227,0.4556989583889788
0,h2_rialto__c2,h2_rialto,2,rp,window,55.0,0.467,0.8622633333333333,0.47192887102525305,0.47192887102525305,0.43564356435643564,0.44,0.47,1.5689577422663497,0.1099259728960301,0.6756381311737872,1.184284497256698,1.2144473949526886
0,h2_rialto__c2,h2_rialto,2,rp,late,100.0,0.7216666666666667,0.9544447530864197,0.7233490726629234,0.7233490726629235,0.7873754152823921,0.79,0.7140740740740741,0.8683176539059293,0.04284061798142166,0.36054686688066334,0.711735365179581,0.798259326222243
0,h2_rialto__c2,h2_rialto,2,rp,all,59.94764397905759,0.7354450261780104,0.9614621455462741,0.7345814576014119,0.7364371719696219,0.7813288477712363,0.7741666666666667,0.7328491620111732,0.807438044865744,0.025802657891498704,0.3545916550726628,0.6765857614415313,0.6590317272430468
0,h2_rialto__c2,h2_rialto,2,rp5,window,55.0,0.472,0.8621800000000001,0.4775663084989137,0.4775663084989136,0.4861878453038674,0.44,0.47555555555555556,1.5679082243357132,0.10495424835131982,0.6765093534791985,1.2027011603901272,1.2052859016527655
0,h2_rialto__c2,h2_rialto,2,rp5,late,100.0,0.7216666666666667,0.9544447530864197,0.7233490726629234,0.7233490726629235,0.7873754152823921,0.79,0.7140740740740741,0.8683176539059293,0.04284061798142166,0.36054686688066334,0.711735365179581,0.798259326222243
0,h2_rialto__c2,h2_rialto,2,rp5,all,59.94764397905759,0.7351832460732984,0.9614432874230582,0.7343661213600652,0.7365065564307388,0.7882901994060246,0.7741666666666667,0.7325698324022346,0.807345622342918,0.026547840436709533,0.3546181781285932,0.678122280889554,0.6585755084830653
0,h2_rialto__c2,h2_rialto,2,oracle,window,55.0,0.467,0.8622633333333333,0.47192887102525305,0.47192887102525305,0.43564356435643564,0.44,0.47,1.5689577422663497,0.1099259728960301,0.6756381311737872,1.184284497256698,1.2144473949526886
0,h2_rialto__c2,h2_rialto,2,oracle,late,100.0,0.7216666666666667,0.9544447530864197,0.7233490726629234,0.7233490726629235,0.7873754152823921,0.79,0.7140740740740741,0.8683176539059293,0.04284061798142166,0.36054686688066334,0.711735365179581,0.798259326222243
0,h2_rialto__c2,h2_rialto,2,oracle,all,59.94764397905759,0.7353403141361257,0.9614759328239633,0.7344782379888483,0.7363380430389003,0.7813288477712363,0.7741666666666667,0.7327374301675977,0.807294191754112,0.026155723844903726,0.35449396701835334,0.6765675080090121,0.6587978233179617
0,h2_rialto__c3,h2_rialto,3,fifo,window,55.0,0.487,0.8661388888888888,0.4932656027365291,0.4932656027365291,0.6187845303867403,0.56,0.47888888888888886,1.5234222787328515,0.0936104298798533,0.6630426669147247,1.1513530244691361,1.1995483744065873
0,h2_rialto__c3,h2_rialto,3,fifo,late,100.0,0.7216666666666667,0.9544447530864197,0.7233490726629234,0.7233490726629235,0.7164179104477612,0.72,0.7218518518518519,0.8683176539059293,0.04284061798142166,0.36054686688066334,0.7245732126573572,0.7968328987247123
0,h2_rialto__c3,h2_rialto,3,fifo,all,59.94764397905759,0.7351832460732984,0.9616529370628749,0.7343489073589035,0.734980558006252,0.7502198768689534,0.7108333333333333,0.7368156424581006,0.8052309812501947,0.028413948727603357,0.35525120600615956,0.7025566256643926,0.6511789756656663
0,h2_rialto__c3,h2_rialto,3,ltm,window,55.0,0.491,0.8674827777777778,0.4965609970385149,0.49656099703851486,0.6222222222222222,0.56,0.48333333333333334,1.522334830290039,0.09048261103222276,0.6632318897830473,1.1488018773163153,1.1948234436683813
0,h2_rialto__c3,h2_rialto,3,ltm,late,100.0,0.7246666666666667,0.9545232098765432,0.7262014729430935,0.7262014729430935,0.7242524916943521,0.7266666666666667,0.7244444444444444,0.8678842051250734,0.0466983282341179,0.3602078272512434,0.7265358653903791,0.7961089716858744
0,h2_rialto__c3,h2_rialto,3,ltm,all,59.94764397905759,0.7354973821989529,0.9616958015364061,0.7347549577922735,0.7355146344834775,0.7538529282254514,0.7133333333333334,0.7369832402234637,0.8049278402649362,0.03051919969763473,0.35507417991253004,0.7022328131759552,0.6513699758484423
0,h2_rialto__c3,h2_rialto,3,em,window,55.0,0.362,0.6935155555555557,0.35790858679496046,0.35790858679496046,0.5,0.64,0.33111111111111113,4.945486496423345,0.41591545136798125,1.040312102094466,0.5233827864545203,0.6228674916553516
0,h2_rialto__c3,h2_rialto,3,em,late,100.0,0.6483333333333333,0.8559366049382715,0.6537972818656282,0.6537972818656284,0.6282894736842105,0.6366666666666667,0.6496296296296297,2.304117614284451,0.17351818042852157,0.5492255353031428,0.5037973932411905,0.5349304976826723
0,h2_rialto__c3,h2_rialto,3,em,all,59.94764397905759,0.6674869109947644,0.8796763308269536,0.6672089172766889,0.6677057519410386,0.6796705678370177,0.6533333333333333,0.6684357541899442,2.0589735192004524,0.16906343222827794,0.5153823978522702,0.5139910564597788,0.45675627419071035
0,h2_rialto__c3,h2_rialto,3,rp,window,55.0,0.474,0.8679988888888888,0.47934077510275835,0.47934077510275824,0.5674418604651162,0.61,0.4588888888888889,1.5268843893518615,0.09962778694011293,0.6696161447459481,0.999049523155212,1.2126130919837523
0,h2_rialto__c3,h2_rialto,3,rp,late,100.0,0.7216666666666667,0.9544447530864197,0.7233490726629234,0.7233490726629235,0.7164179104477612,0.72,0.7218518518518519,0.8683176539059293,0.04284061798142166,0.36054686688066334,0.7245732126573572,0.7968328987247123
0,h2_rialto__c3,h2_rialto,3,rp,all,59.94764397905759,0.734607329842932,0.9616767149593635,0.7337691707477118,0.734157106863066,0.7435008665511266,0.715,0.7359217877094972,0.8055337839317366,0.02909769032674573,0.3556417280986643,0.6898897323735153,0.6518621351240823
0,h2_rialto__c3,h2_rialto,3,rp5,window,55.0,0.477,0.8684555555555555,0.4823464713832136,0.4823464713832136,0.5671641791044776,0.57,0.4666666666666667,1.5163726004465845,0.09026134010879089,0.6617494355487841,1.066997882341704,1.2111081718601797
0,h2_rialto__c3,h2_rialto,3,rp5,late,100.0,0.7216666666666667,0.9544447530864197,0.7233490726629234,0.7233490726629235,0.7164179104477612,0.72,0.7218518518518519,0.8683176539059293,0.04284061798142166,0.36054686688066334,0.7245732126573572,0.7968328987247123
0,h2_rialto__c3,h2_rialto,3,rp5,all,59.94764397905759,0.7346596858638743,0.961703797864718,0.7338165909212584,0.7342444075730599,0.7445510026155188,0.7116666666666667,0.7362011173184357,0.8048734126852473,0.02939116396188248,0.3551848073288224,0.6955096923618419,0.6517748419679865
0,h2_rialto__c3,h2_rialto,3,oracle,window,55.0,0.474,0.8679988888888888,0.47934077510275835,0.47934077510275824,0.5674418604651162,0.61,0.4588888888888889,1.5268843893518615,0.09962778694011293,0.6696161447459481,0.999049523155212,1.2126130919837523
0,h2_rialto__c3,h2_rialto,3,oracle,late,100.0,0.7216666666666667,0.9544447530864197,0.7233490726629234,0.7233490726629235,0.7164179104477612,0.72,0.7218518518518519,0.8683176539059293,0.04284061798142166,0.36054686688066334,0.7245732126573572,0.7968328987247123
0,h2_rialto__c3,h2_rialto,3,oracle,all,59.94764397905759,0.7347643979057592,0.9616953919380631,0.7339347610924448,0.7343161611467794,0.7435008665511266,0.715,0.7360893854748604,0.8053334251828073,0.028784898921898963,0.3555521675199774,0.6898611842402478,0.6516180746858932
0,h2_rialto__c4,h2_rialto,4,fifo,window,55.0,0.47,0.8591255555555556,0.475229776489919,0.4752297764899189,0.3108108108108108,0.23,0.49666666666666665,1.5895672290397556,0.1339932172096752,0.6767364875853543,1.2221455720110952,1.1657267327229264
0,h2_rialto__c4,h2_rialto,4,fifo,late,100.0,0.7216666666666667,0.9544447530864197,0.7233490726629234,0.7233490726629235,0.6022187004754358,0.6333333333333333,0.7314814814814815,0.8683176539059293,0.04284061798142166,0.36054686688066334,0.9957651431744254,0.7667004620005936
0,h2_rialto__c4,h2_rialto,4,fifo,all,59.94764397905759,0.7400523560209424,0.9625150853296169,0.7396081338357066,0.7362639802745017,0.6552755232806493,0.6391666666666667,0.7468156424581005,0.8015185772247795,0.028127352707163766,0.349931753800165,0.8299090315690876,0.6313835586134007
0,h2_rialto__c4,h2_rialto,4,ltm,window,55.0,0.465,0.858638888888889,0.4703666665263139,0.47036666652631387,0.3129251700680272,0.23,0.4911111111111111,1.592802466957412,0.128479401631546,0.6779278244461356,1.2193093621731035,1.1564818329502948
0,h2_rialto__c4,h2_rialto,4,ltm,late,100.0,0.7246666666666667,0.9545232098765432,0.7262014729430935,0.7262014729430935,0.6182380216383307,0.6666666666666666,0.7311111111111112,0.8678842051250734,0.0466983282341179,0.3602078272512434,0.9953171860429061,0.7662443805022602
0,h2_rialto__c4,h2_rialto,4,ltm,all,59.94764397905759,0.7401047120418848,0.9624835856299387,0.7396735202302752,0.7364532025314076,0.6584641493423844,0.6466666666666666,0.7463687150837989,0.8018668248733273,0.02826717812100677,0.3497439020333767,0.8292810977187771,0.6305729119381647
0,h2_rialto__c4,h2_rialto,4,em,window,55.0,0.328,0.6725533333333333,0.3410394999189136,0.3410394999189136,0.22839506172839505,0.37,0.3233333333333333,5.331920783130737,0.46282228711138784,1.0975784089727307,0.43644471776281213,0.5940166933445206
0,h2_rialto__c4,h2_rialto,4,em,late,100.0,0.6483333333333333,0.8559366049382715,0.6537972818656282,0.6537972818656284,0.4415156507413509,0.44666666666666666,0.6707407407407407,2.304117614284451,0.17351818042852157,0.5492255353031428,0.5508046374985156,0.5297074705429695
0,h2_rialto__c4,h2_rialto,4,em,all,59.94764397905759,0.670890052356021,0.8803309184930359,0.6711078638956786,0.6658260140236482,0.5379253792537926,0.5466666666666666,0.6792178770949721,2.0261148791159815,0.16834666071509374,0.5127236337972533,0.5144478884265857,0.4498938282742585
0,h2_rialto__c4,h2_rialto,4,rp,window,55.0,0.469,0.8570311111111112,0.4780467374218332,0.47804673742183323,0.39543726235741444,0.52,0.4633333333333333,1.6259021231640647,0.13858502982193044,0.6962913982380833,1.1612073246358037,1.1711454659682379
0,h2_rialto__c4,h2_rialto,4,rp,late,100.0,0.7216666666666667,0.9544447530864197,0.7233490726629234,0.7233490726629235,0.6022187004754358,0.6333333333333333,0.7314814814814815,0.8683176539059293,0.04284061798142166,0.36054686688066334,0.9957651431744254,0.7667004620005936
0,h2_rialto__c4,h2_rialto,4,rp,all,59.94764397905759,0.7403141361256544,0.9623617316039328,0.7399687296032921,0.7363298963318103,0.6482084690553745,0.6633333333333333,0.7454748603351955,0.8035165147946398,0.02809784004506626,0.3510137060759345,0.8248510650012342,0.6316708489170955
0,h2_rialto__c4,h2_rialto,4,rp5,window,55.0,0.478,0.8593488888888888,0.48673566522654027,0.48673566522654016,0.4224137931034483,0.49,0.4766666666666667,1.5939552167494875,0.11522923422035375,0.6800533268509007,1.1932035317692888,1.1766347174449592
0,h2_rialto__c4,h2_rialto,4,rp5,late,100.0,0.7216666666666667,0.9544447530864197,0.7233490726629234,0.7233490726629235,0.6022187004754358,0.6333333333333333,0.7314814814814815,0.8683176539059293,0.04284061798142166,0.36054686688066334,0.9957651431744254,0.7667004620005936
0,h2_rialto__c4,h2_rialto,4,rp5,all,59.94764397905759,0.7405759162303664,0.962492051930135,0.7401917413744326,0.7367746461019155,0.654020618556701,0.6608333333333334,0.7459217877094972,0.8017689480904262,0.027643591216562544,0.3501033306917474,0.8274971902339138,0.6319361930687057
0,h2_rialto__c4,h2_rialto,4,oracle,window,55.0,0.469,0.8570311111111112,0.4780467374218332,0.47804673742183323,0.39543726235741444,0.52,0.4633333333333333,1.6259021231640647,0.13858502982193044,0.6962913982380833,1.1612073246358037,1.1711454659682379
0,h2_rialto__c4,h2_rialto,4,oracle,late,100.0,0.7216666666666667,0.9544447530864197,0.7233490726629234,0.7233490726629235,0.6022187004754358,0.6333333333333333,0.7314814814814815,0.8683176539059293,0.04284061798142166,0.36054686688066334,0.9957651431744254,0.7667004620005936
0,h2_rialto__c4,h2_rialto,4,oracle,all,59.94764397905759,0.74,0.9623707154062991,0.7396769259247974,0.7360496646007988,0.6482084690553745,0.6633333333333333,0.7451396648044692,0.8033398615186108,0.028567230096459208,0.35089721071850116,0.8248288071545339,0.6314326731269868
0,h2_rialto__c5,h2_rialto,5,fifo,window,55.0,0.484,0.8632922222222221,0.48585431208853763,0.48585431208853763,0.3645833333333333,0.35,0.4988888888888889,1.5856802358774362,0.0967124238591547,0.6630586364798432,1.2175864518528008,1.1465024262860213
0,h2_rialto__c5,h2_rialto,5,fifo,late,100.0,0.7216666666666667,0.9544447530864197,0.7233490726629234,0.7233490726629235,0.6323529411764706,0.7166666666666667,0.7222222222222222,0.8683176539059293,0.04284061798142166,0.36054686688066334,0.9441155577536963,0.772439304825119
0,h2_rialto__c5,h2_rialto,5,fifo,all,59.94764397905759,0.7402094240837697,0.9624723422793888,0.7397245930479609,0.7366137725995663,0.6612707405908539,0.6808333333333333,0.7441899441340782,0.8012410217493435,0.029269662432180744,0.3496301107909558,0.7912871859190935,0.6317975968230917
0,h2_rialto__c5,h2_rialto,5,ltm,window,55.0,0.485,0.8617099999999999,0.4897320733473231,0.4897320733473231,0.35789473684210527,0.34,0.5011111111111111,1.5947852729158758,0.10116011793528622,0.6639428240734169,1.214707710078164,1.141304191356997
0,h2_rialto__c5,h2_rialto,5,ltm,late,100.0,0.7246666666666667,0.9545232098765432,0.7262014729430935,0.7262014729430935,0.6343612334801763,0.72,0.7251851851851852,0.8678842051250734,0.0466983282341179,0.3602078272512434,0.9414122012509587,0.772233823256921
0,h2_rialto__c5,h2_rialto,5,ltm,all,59.94764397905759,0.7404188481675392,0.9623826445293087,0.7399979247113021,0.7368652456916077,0.660996354799514,0.68,0.7444692737430167,0.802573951625132,0.029772798973875463,0.34979476879382687,0.7896535998973652,0.6310670649498182
0,h2_rialto__c5,h2_rialto,5,em,window,55.0,0.391,0.7087744444444445,0.3876142935733807,0.3876142935733806,0.3708206686930091,0.61,0.36666666666666664,4.446774633378702,0.37768449939074167,0.984805052844356,0.4927434983577962,0.684987214946905
0,h2_rialto__c5,h2_rialto,5,em,late,100.0,0.6483333333333333,0.8559366049382715,0.6537972818656282,0.6537972818656284,0.5485854858548586,0.7433333333333333,0.6377777777777778,2.304117614284451,0.17351818042852157,0.5492255353031428,0.5941747668551765,0.5248885672811183
0,h2_rialto__c5,h2_rialto,5,em,all,59.94764397905759,0.6731937172774869,0.8803341261965854,0.6736238328783483,0.6696455686728934,0.5732993815933066,0.6566666666666666,0.6743016759776537,2.040297208754687,0.1665251709699773,0.5085672157037918,0.5161481478142017,0.4514183950014509
0,h2_rialto__c5,h2_rialto,5,rp,window,55.0,0.482,0.8601344444444445,0.4813089594365876,0.48130895943658764,0.43506493506493504,0.67,0.46111111111111114,1.6176129662527092,0.10945935440918445,0.6685692125779841,1.1830794672016014,1.1507691300485956
0,h2_rialto__c5,h2_rialto,5,rp,late,100.0,0.7216666666666667,0.9544447530864197,0.7233490726629234,0.7233490726629235,0.6323529411764706,0.7166666666666667,0.7222222222222222,0.8683176539059293,0.04284061798142166,0.36054686688066334,0.9441155577536963,0.772439304825119
0,h2_rialto__c5,h2_rialto,5,rp,all,59.94764397905759,0.7400523560209424,0.9623337197597298,0.7396339183940202,0.7363318574752589,0.6563587166602242,0.7075,0.7422346368715084,0.8030950284989411,0.029360074799166535,0.35003586251233665,0.7884154364085422,0.6319727580571698
0,h2_rialto__c5,h2_rialto,5,rp5,window,55.0,0.48,0.8623022222222222,0.4802142517304548,0.48021425173045473,0.4117647058823529,0.56,0.4711111111111111,1.592712481774534,0.10228194483000791,0.6626484163661445,1.202002968066666,1.1520548588697115
0,h2_rialto__c5,h2_rialto,5,rp5,late,100.0,0.7216666666666667,0.9544447530864197,0.7233490726629234,0.7233490726629235,0.6323529411764706,0.7166666666666667,0.7222222222222222,0.8683176539059293,0.04284061798142166,0.36054686688066334,0.9441155577536963,0.772439304825119
0,h2_rialto__c5,h2_rialto,5,rp5,all,59.94764397905759,0.7401570680628272,0.9624485338759596,0.7396934501340878,0.7364143817144646,0.6569972559780478,0.6983333333333334,0.7429608938547486,0.8016117607271098,0.02923487957203693,0.3495889127152828,0.7899821933862231,0.632084957172108
0,h2_rialto__c5,h2_rialto,5,oracle,window,55.0,0.482,0.8601344444444445,0.4813089594365876,0.48130895943658764,0.43506493506493504,0.67,0.46111111111111114,1.6176129662527092,0.10945935440918445,0.6685692125779841,1.1830794672016014,1.1507691300485956
0,h2_rialto__c5,h2_rialto,5,oracle,late,100.0,0.7216666666666667,0.9544447530864197,0.7233490726629234,0.7233490726629235,0.6323529411764706,0.7166666666666667,0.7222222222222222,0.8683176539059293,0.04284061798142166,0.36054686688066334,0.9441155577536963,0.772439304825119
0,h2_rialto__c5,h2_rialto,5,oracle,all,59.94764397905759,0.7401570680628272,0.962342422682914,0.7397803225298214,0.7364724375680062,0.6563587166602242,0.7075,0.7423463687150837,0.8030231568930404,0.029538168923668662,0.3499794792998439,0.7884111901956158,0.6317121044733844
0,h2_rialto__c6,h2_rialto,6,fifo,window,55.0,0.472,0.8609144444444444,0.47999566741782557,0.4799956674178256,0.5389221556886228,0.45,0.47444444444444445,1.5718990485109376,0.091985918158988,0.6639810391699025,1.1353218405497834,1.210977793995261
0,h2_rialto__c6,h2_rialto,6,fifo,late,100.0,0.7216666666666667,0.9544447530864197,0.7233490726629234,0.7233490726629235,0.82,0.82,0.7107407407407408,0.8683176539059293,0.04284061798142166,0.36054686688066334,0.6249193415248455,0.8079055510727691
0,h2_rialto__c6,h2_rialto,6,fifo,all,59.94764397905759,0.728586387434555,0.9594348622574123,0.7281403435901214,0.7319646380976657,0.8244933160845191,0.7966666666666666,0.7240223463687151,0.8314436640730075,0.030149070179001418,0.3628876288874779,0.5357020300460815,0.6739603710167927
0,h2_rialto__c6,h2_rialto,6,ltm,window,55.0,0.467,0.8584933333333333,0.4767773094414471,0.47677730944144703,0.5454545454545454,0.45,0.4688888888888889,1.588619976505243,0.10044919798461768,0.6696745175267566,1.1417131006281647,1.2068677307545455
0,h2_rialto__c6,h2_rialto,6,ltm,late,100.0,0.7246666666666667,0.9545232098765432,0.7262014729430935,0.7262014729430935,0.8180300500834724,0.8166666666666667,0.7144444444444444,0.8678842051250734,0.0466983282341179,0.3602078272512434,0.6244852555381606,0.8074479283361209
0,h2_rialto__c6,h2_rialto,6,ltm,all,59.94764397905759,0.7293717277486911,0.9593377771557036,0.7289811273503509,0.7327398303901366,0.8236819360414867,0.7941666666666667,0.7250279329608939,0.8326770380328292,0.028612687211518995,0.3628653437723208,0.5359988007422093,0.6743347379446674
0,h2_rialto__c6,h2_rialto,6,em,window,55.0,0.356,0.7039733333333335,0.35884083350554224,0.35884083350554224,0.3446153846153846,0.56,0.3333333333333333,4.579398956073292,0.43671527699310897,1.0611508453135803,0.4801015662192731,0.6201425691506354
0,h2_rialto__c6,h2_rialto,6,em,late,100.0,0.6483333333333333,0.8559366049382715,0.6537972818656282,0.6537972818656284,0.7950963222416813,0.7566666666666667,0.6362962962962962,2.304117614284451,0.17351818042852157,0.5492255353031428,0.45482063718623106,0.5403723594665567
0,h2_rialto__c6,h2_rialto,6,em,all,59.94764397905759,0.6619895287958115,0.8743456891715319,0.6615563919491585,0.6649032601173162,0.7458609271523179,0.7508333333333334,0.6560335195530727,2.1329537324261776,0.17618688917905884,0.5316352901589027,0.3799765838747096,0.46447619796946865
0,h2_rialto__c6,h2_rialto,6,rp,window,55.0,0.461,0.8576972222222222,0.46482172975314656,0.4648217297531465,0.47619047619047616,0.65,0.44,1.6087304084108804,0.11497007899500629,0.6752572148614852,1.0031223304199204,1.2156183029517564
0,h2_rialto__c6,h2_rialto,6,rp,late,100.0,0.7216666666666667,0.9544447530864197,0.7233490726629234,0.7233490726629235,0.82,0.82,0.7107407407407408,0.8683176539059293,0.04284061798142166,0.36054686688066334,0.6249193415248455,0.8079055510727691
0,h2_rialto__c6,h2_rialto,6,rp,all,59.94764397905759,0.727696335078534,0.9593424133366726,0.7269526062488292,0.7300487673260344,0.8049484536082474,0.8133333333333334,0.7219553072625698,0.8335122736971761,0.03125721704767864,0.363542340680234,0.5247096471331137,0.6741820230688433
0,h2_rialto__c6,h2_rialto,6,rp5,window,55.0,0.477,0.8602022222222221,0.48183585645082366,0.4818358564508237,0.5535714285714286,0.62,0.46111111111111114,1.581754883153701,0.09784383385792841,0.6641678019106828,1.0704127195398714,1.2162011070567562
0,h2_rialto__c6,h2_rialto,6,rp5,late,100.0,0.7216666666666667,0.9544447530864197,0.7233490726629234,0.7233490726629235,0.82,0.82,0.7107407407407408,0.8683176539059293,0.04284061798142166,0.36054686688066334,0.6249193415248455,0.8079055510727691
0,h2_rialto__c6,h2_rialto,6,rp5,all,59.94764397905759,0.7290052356020943,0.9594220069557304,0.7283857053817796,0.7319833274217757,0.819023569023569,0.8108333333333333,0.7235195530726257,0.8319230765537092,0.02919863632539304,0.3628714448717047,0.5302773804116361,0.6742362438150542
0,h2_rialto__c6,h2_rialto,6,oracle,window,55.0,0.461,0.8576972222222222,0.46482172975314656,0.4648217297531465,0.47619047619047616,0.65,0.44,1.6087304084108804,0.11497007899500629,0.6752572148614852,1.0031223304199204,1.2156183029517564
0,h2_rialto__c6,h2_rialto,6,oracle,late,100.0,0.7216666666666667,0.9544447530864197,0.7233490726629234,0.7233490726629235,0.82,0.82,0.7107407407407408,0.8683176539059293,0.04284061798142166,0.36054686688066334,0.6249193415248455,0.8079055510727691
0,h2_rialto__c6,h2_rialto,6,oracle,all,59.94764397905759,0.7275392670157068,0.9593460605639853,0.7267816286128885,0.7298845732115669,0.8049484536082474,0.8133333333333334,0.7217877094972067,0.8334556471207075,0.03076733692520465,0.36352712119252656,0.5246824635513809,0.6739929147440591
0,h2_rialto__c7,h2_rialto,7,fifo,window,55.0,0.475,0.8630644444444444,0.4784710774483842,0.47847107744838413,0.37433155080213903,0.35,0.4888888888888889,1.5621363321733182,0.11257577230608207,0.6728851725331835,1.1575258705043083,1.1761033070152047
0,h2_rialto__c7,h2_rialto,7,fifo,late,100.0,0.7216666666666667,0.9544447530864197,0.7233490726629234,0.7233490726629235,0.590339892665474,0.55,0.7407407407407407,0.8683176539059293,0.04284061798142166,0.36054686688066334,0.9699308639339435,0.7695709374717582
0,h2_rialto__c7,h2_rialto,7,fifo,all,59.94764397905759,0.7424083769633508,0.961844652951427,0.7416850204316328,0.7377151090505286,0.6415770609318996,0.5966666666666667,0.7521787709497206,0.8088636065799762,0.025263639272737712,0.35170260498688977,0.7721469970293934,0.6354353264002972
0,h2_rialto__c7,h2_rialto,7,ltm,window,55.0,0.477,0.8628477777777779,0.48205762765376725,0.48205762765376725,0.3783783783783784,0.35,0.4911111111111111,1.5655810803148325,0.09781019903019948,0.6742697637332145,1.1473115472011814,1.1771621407470876
0,h2_rialto__c7,h2_rialto,7,ltm,late,100.0,0.7246666666666667,0.9545232098765432,0.7262014729430935,0.7262014729430935,0.5904059040590406,0.5333333333333333,0.7459259259259259,0.8678842051250734,0.0466983282341179,0.3602078272512434,0.9704490507908544,0.769007506641377
0,h2_rialto__c7,h2_rialto,7,ltm,all,59.94764397905759,0.7426178010471204,0.961734233064911,0.7419103054611517,0.7379118606937379,0.6410835214446953,0.5916666666666667,0.7527374301675978,0.810472907947254,0.02547104663958682,0.3519467353071932,0.7715925062076269,0.6341670679824244
0,h2_rialto__c7,h2_rialto,7,em,window,55.0,0.303,0.6761555555555555,0.3038761508535325,0.3038761508535325,0.2702702702702703,0.55,0.27555555555555555,5.313187829055327,0.5234034586521739,1.1604434645154458,0.3404644434190594,0.5368894072846193
0,h2_rialto__c7,h2_rialto,7,em,late,100.0,0.6483333333333333,0.8559366049382715,0.6537972818656282,0.6537972818656284,0.5657370517928287,0.47333333333333333,0.6677777777777778,2.304117614284451,0.17351818042852157,0.5492255353031428,0.5853344596785726,0.5258708236340743
0,h2_rialto__c7,h2_rialto,7,em,all,59.94764397905759,0.670261780104712,0.8794899610459046,0.6704433390691602,0.6664083517005499,0.5686847599164927,0.5675,0.6771508379888268,2.0399488783773405,0.169493985412721,0.5151368947011634,0.46399557248925294,0.4545031347319179
0,h2_rialto__c7,h2_rialto,7,rp,window,55.0,0.446,0.8572533333333332,0.45205860523464025,0.45205860523464025,0.33876221498371334,0.52,0.43777777777777777,1.6205161191721704,0.13630425970217164,0.7014582800808828,1.0729560628986814,1.1812856034363073
0,h2_rialto__c7,h2_rialto,7,rp,late,100.0,0.7216666666666667,0.9544447530864197,0.7233490726629234,0.7233490726629235,0.590339892665474,0.55,0.7407407407407407,0.8683176539059293,0.04284061798142166,0.36054686688066334,0.9699308639339435,0.7695709374717582
0,h2_rialto__c7,h2_rialto,7,rp,all,59.94764397905759,0.7398952879581152,0.9615836884269395,0.7393726112693011,0.7347695947341862,0.6232993197278912,0.6108333333333333,0.7485474860335195,0.8120853967513894,0.027684728108873544,0.35326873813651716,0.76512037205807,0.6357196462947263
0,h2_rialto__c7,h2_rialto,7,rp5,window,55.0,0.463,0.8613072222222222,0.4674507751958303,0.4674507751958303,0.3781818181818182,0.52,0.45666666666666667,1.5812985438012086,0.11863856320686136,0.6839248078021564,1.1260436621912997,1.1824619552177171
0,h2_rialto__c7,h2_rialto,7,rp5,late,100.0,0.7216666666666667,0.9544447530864197,0.7233490726629234,0.7233490726629235,0.590339892665474,0.55,0.7407407407407407,0.8683176539059293,0.04284061798142166,0.36054686688066334,0.9699308639339435,0.7695709374717582
0,h2_rialto__c7,h2_rialto,7,rp5,all,59.94764397905759,0.7416230366492147,0.9617462031634816,0.7410381921596304,0.7367099998519442,0.631896551724138,0.6108333333333333,0.750391061452514,0.8098631750155163,0.025788841741538147,0.35225602706831316,0.7695124982168492,0.6357545149200396
0,h2_rialto__c7,h2_rialto,7,oracle,window,55.0,0.446,0.8572533333333332,0.45205860523464025,0.45205860523464025,0.33876221498371334,0.52,0.43777777777777777,1.6205161191721704,0.13630425970217164,0.7014582800808828,1.0729560628986814,1.1812856034363073
0,h2_rialto__c7,h2_rialto,7,oracle,late,100.0,0.7216666666666667,0.9544447530864197,0.7233490726629234,0.7233490726629235,0.590339892665474,0.55,0.7407407407407407,0.8683176539059293,0.04284061798142166,0.36054686688066334,0.9699308639339435,0.7695709374717582
0,h2_rialto__c7,h2_rialto,7,oracle,all,59.94764397905759,0.7414659685863875,0.9615938517894029,0.7409649280896488,0.7362986782171912,0.6232993197278912,0.6108333333333333,0.7502234636871509,0.811877354846644,0.026134427989161286,0.353192011991556,0.7650967418368633,0.6355141354624726
0,h2_rialto__c8,h2_rialto,8,fifo,window,55.0,0.496,0.8651166666666666,0.5013533518265996,0.5013533518265996,0.4583333333333333,0.33,0.5144444444444445,1.5500058875946001,0.11054802524365705,0.6678036801078515,1.3978950720271277,1.1300811486875808
0,h2_rialto__c8,h2_rialto,8,fifo,late,100.0,0.7216666666666667,0.9544447530864197,0.7233490726629234,0.7233490726629235,0.7068676716917923,0.7033333333333334,0.7237037037037037,0.8683176539059293,0.04284061798142166,0.36054686688066334,0.8564237192702103,0.7821828424343954
0,h2_rialto__c8,h2_rialto,8,fifo,all,59.94764397905759,0.7357591623036649,0.9619433714789632,0.735107773151305,0.7347702887751374,0.7265692175408427,0.7041666666666667,0.737877094972067,0.8085655381515445,0.02837978106960469,0.3543009219978115,0.7471427386070597,0.6407022074522268
0,h2_rialto__c8,h2_rialto,8,ltm,window,55.0,0.496,0.8633144444444445,0.5029289247012331,0.5029289247012332,0.4689655172413793,0.34,0.5133333333333333,1.5617570582283953,0.12176049576074825,0.6711471264388861,1.3956424113817467,1.125328017499175
0,h2_rialto__c8,h2_rialto,8,ltm,late,100.0,0.7246666666666667,0.9545232098765432,0.7262014729430935,0.7262014729430935,0.7088186356073212,0.71,0.7262962962962963,0.8678842051250734,0.0466983282341179,0.3602078272512434,0.8566665063305233,0.7816500115814139
0,h2_rialto__c8,h2_rialto,8,ltm,all,59.94764397905759,0.7366492146596859,0.9619017083178256,0.7360552065396081,0.7357760179155741,0.7289879931389366,0.7083333333333334,0.7385474860335196,0.8091111189081825,0.029818431447843817,0.35409179497563126,0.7473085804668818,0.6399723443322555
0,h2_rialto__c8,h2_rialto,8,em,window,55.0,0.373,0.7083699999999999,0.3777241003725678,0.3777241003725679,0.38095238095238093,0.56,0.3522222222222222,4.543170386612757,0.4016777700382791,1.0147034177034215,0.7537939160406164,0.6128454923541871
0,h2_rialto__c8,h2_rialto,8,em,late,100.0,0.6483333333333333,0.8559366049382715,0.6537972818656282,0.6537972818656284,0.6158730158730159,0.6466666666666666,0.6485185185185185,2.304117614284451,0.17351818042852157,0.5492255353031428,0.6032930308938379,0.5238754268323782
0,h2_rialto__c8,h2_rialto,8,em,all,59.94764397905759,0.6704188481675393,0.8811059853794561,0.6702297042430494,0.6684045092033004,0.6241741158181111,0.6691666666666667,0.6705027932960894,2.0327741936609454,0.16783071891760878,0.5147341404747794,0.5067055388838503,0.45096538235622774
0,h2_rialto__c8,h2_rialto,8,rp,window,55.0,0.483,0.8657722222222223,0.4906355145648838,0.49063551456488375,0.4166666666666667,0.55,0.47555555555555556,1.5446856837490632,0.10849056199583715,0.6674032444725604,1.3297802331436575,1.1472174987490598
0,h2_rialto__c8,h2_rialto,8,rp,late,100.0,0.7216666666666667,0.9544447530864197,0.7233490726629234,0.7233490726629235,0.7068676716917923,0.7033333333333334,0.7237037037037037,0.8683176539059293,0.04284061798142166,0.36054686688066334,0.8564237192702103,0.7821828424343954
0,h2_rialto__c8,h2_rialto,8,rp,all,59.94764397905759,0.7346596858638743,0.9619945922378882,0.733945468924139,0.7329536477089762,0.7089125102207686,0.7225,0.7354748603351955,0.808553866641444,0.029905537406631533,0.354387500522022,0.7414946525681252,0.641552366476016
0,h2_rialto__c8,h2_rialto,8,rp5,window,55.0,0.488,0.8654944444444446,0.4925755854346874,0.4925755854346874,0.4434782608695652,0.51,0.4855555555555556,1.5428403012388932,0.11113296764330712,0.6648622997105171,1.3581381338782657,1.1424021780704245
0,h2_rialto__c8,h2_rialto,8,rp5,late,100.0,0.7216666666666667,0.9544447530864197,0.7233490726629234,0.7233490726629235,0.7068676716917923,0.7033333333333334,0.7237037037037037,0.8683176539059293,0.04284061798142166,0.36054686688066334,0.8564237192702103,0.7821828424343954
0,h2_rialto__c8,h2_rialto,8,rp5,all,59.94764397905759,0.7354973821989529,0.9619946915948164,0.7347551094731755,0.7339960039752362,0.7155887230514096,0.7191666666666666,0.7365921787709497,0.8081655376401948,0.02797548674810857,0.35411614622758997,0.743834900136455,0.6413361171036179
0,h2_rialto__c8,h2_rialto,8,oracle,window,55.0,0.483,0.8657722222222223,0.4906355145648838,0.49063551456488375,0.4166666666666667,0.55,0.47555555555555556,1.5446856837490632,0.10849056199583715,0.6674032444725604,1.3297802331436575,1.1472174987490598
0,h2_rialto__c8,h2_rialto,8,oracle,late,100.0,0.7216666666666667,0.9544447530864197,0.7233490726629234,0.7233490726629235,0.7068676716917923,0.7033333333333334,0.7237037037037037,0.8683176539059293,0.04284061798142166,0.36054686688066334,0.8564237192702103,0.7821828424343954
0,h2_rialto__c8,h2_rialto,8,oracle,all,59.94764397905759,0.7352879581151832,0.9620092993866993,0.7345726422872079,0.7335559435090775,0.7089125102207686,0.7225,0.736145251396648,0.8083203556153279,0.02921230667758337,0.3543834269162357,0.7414632091278213,0.6413526376829094
0,h2_rialto__c9,h2_rialto,9,fifo,window,55.0,0.478,0.8636466666666667,0.48702927407152974,0.4870292740715298,0.7325581395348837,0.63,0.46111111111111114,1.5715737047855387,0.10848426977957351,0.6836774415463731,1.070623721173107,1.1698721326949528
0,h2_rialto__c9,h2_rialto,9,fifo,late,100.0,0.7216666666666667,0.9544447530864197,0.7233490726629234,0.7233490726629235,0.8671328671328671,0.8266666666666667,0.71,0.8683176539059293,0.04284061798142166,0.36054686688066334,0.6313090380895482,0.8071955847878023
0,h2_rialto__c9,h2_rialto,9,fifo,all,59.94764397905759,0.7242408376963351,0.9588716588652332,0.7235175983229744,0.7293838443364435,0.8713522400328813,0.8833333333333333,0.7135754189944135,0.844120904022135,0.030685361630786646,0.37128443602685474,0.4421876680924078,0.6910006140785118
0,h2_rialto__c9,h2_rialto,9,ltm,window,55.0,0.474,0.8625555555555555,0.48286054295909125,0.48286054295909125,0.7294117647058823,0.62,0.4577777777777778,1.584732632886318,0.12231612286273374,0.6892441948279383,1.0586771869445364,1.1627407405832602
0,h2_rialto__c9,h2_rialto,9,ltm,late,100.0,0.7246666666666667,0.9545232098765432,0.7262014729430935,0.7262014729430935,0.8671328671328671,0.8266666666666667,0.7133333333333334,0.8678842051250734,0.0466983282341179,0.3602078272512434,0.6315527356861214,0.8066626527641253
0,h2_rialto__c9,h2_rialto,9,ltm,all,59.94764397905759,0.7240837696335078,0.9587807295897639,0.7234150067477921,0.7293096124401311,0.8719637710992177,0.8825,0.713463687150838,0.845544919138777,0.0321243549438479,0.3716830461053572,0.4407328061156367,0.6898488438205154
0,h2_rialto__c9,h2_rialto,9,em,window,55.0,0.379,0.7057344444444444,0.376427428885159,0.37642742888515907,0.6557377049180327,0.6,0.35444444444444445,4.501183922339649,0.4138925604552922,1.0368387771365242,0.5829817369190536,0.5920807440105084
0,h2_rialto__c9,h2_rialto,9,em,late,100.0,0.6483333333333333,0.8559366049382715,0.6537972818656282,0.6537972818656284,0.8413284132841329,0.76,0.6359259259259259,2.304117614284451,0.17351818042852157,0.5492255353031428,0.4645375782772843,0.5392926993453285
0,h2_rialto__c9,h2_rialto,9,em,all,59.94764397905759,0.6550261780104712,0.8747378921096741,0.6551202925152266,0.6626880171952194,0.8458367683429514,0.855,0.6416201117318435,2.125210057163903,0.17350354098124202,0.535041603154209,0.32884195705770036,0.4870972379775761
0,h2_rialto__c9,h2_rialto,9,rp,window,55.0,0.492,0.865958888888889,0.49893129539024905,0.49893129539024905,0.8125,0.78,0.46,1.5477862990020308,0.09466977697236469,0.6651144770053948,0.9741135669345392,1.1942663587773
0,h2_rialto__c9,h2_rialto,9,rp,late,100.0,0.7216666666666667,0.9544447530864197,0.7233490726629234,0.7233490726629235,0.8671328671328671,0.8266666666666667,0.71,0.8683176539059293,0.04284061798142166,0.36054686688066334,0.6313090380895482,0.8071955847878023
0,h2_rialto__c9,h2_rialto,9,rp,all,59.94764397905759,0.7243979057591623,0.9589332940816249,0.7235937331709963,0.7296602761339197,0.8764777823073787,0.8958333333333334,0.7129050279329608,0.843014844238447,0.030251024163122694,0.3703645319038498,0.43415894616005196,0.6923172035455597
0,h2_rialto__c9,h2_rialto,9,rp5,window,55.0,0.484,0.865461111111111,0.4920343009061061,0.4920343009061062,0.7734806629834254,0.7,0.46,1.5528857037687953,0.10354703359524405,0.6729871953580675,1.0090833528394263,1.1828925594651492
0,h2_rialto__c9,h2_rialto,9,rp5,late,100.0,0.7216666666666667,0.9544447530864197,0.7233490726629234,0.7233490726629235,0.8671328671328671,0.8266666666666667,0.71,0.8683176539059293,0.04284061798142166,0.36054686688066334,0.6313090380895482,0.8071955847878023
0,h2_rialto__c9,h2_rialto,9,rp5,all,59.94764397905759,0.7244502617801047,0.9589357947170928,0.7236971875626184,0.7296563413581143,0.8738738738738738,0.8891666666666667,0.7134078212290503,0.843098707349531,0.030344819350820593,0.3706987424363544,0.4370725077496134,0.69168309659746
0,h2_rialto__c9,h2_rialto,9,oracle,window,55.0,0.492,0.865958888888889,0.49893129539024905,0.49893129539024905,0.8125,0.78,0.46,1.5477862990020308,0.09466977697236469,0.6651144770053948,0.9741135669345392,1.1942663587773
0,h2_rialto__c9,h2_rialto,9,oracle,late,100.0,0.7216666666666667,0.9544447530864197,0.7233490726629234,0.7233490726629235,0.8671328671328671,0.8266666666666667,0.71,0.8683176539059293,0.04284061798142166,0.36054686688066334,0.6313090380895482,0.8071955847878023
0,h2_rialto__c9,h2_rialto,9,oracle,all,59.94764397905759,0.7248167539267015,0.9589468557398251,0.724039098173877,0.7300879574681725,0.8764777823073787,0.8958333333333334,0.7133519553072626,0.8428816026135888,0.030068418279385323,0.37034943595075415,0.4341438199352935,0.6919460755945892
0,insects_abrupt_balanced__c0,insects_abrupt_balanced,0,fifo,window,86.5,0.766,0.9433052353107388,0.7524479792671391,0.6517739656001452,0.834733893557423,0.764102564102564,0.7664596273291926,0.6789753952939664,0.024366979866732735,0.3462255669092118,0.4180428800271771,0.5732835591353131
0,insects_abrupt_balanced__c0,insects_abrupt_balanced,0,fifo,late,135.1,0.8146666666666667,0.9757088595131974,0.8239420860818933,0.7768546608951455,0.919093851132686,0.9498327759197325,0.7997038134024436,0.455602360262336,0.018128492221080966,0.2572298843179311,0.26050648518208397,0.44670284984675485
0,insects_abrupt_balanced__c0,insects_abrupt_balanced,0,fifo,all,91.49726775956285,0.753224043715847,0.9557490922461415,0.7541834490786314,0.7628978443177274,0.8826001681143177,0.8481421647819063,0.7425044091710759,0.648922513594284,0.02496510456906384,0.3443951707016973,0.40131980675133794,0.5311733589822529
0,insects_abrupt_balanced__c0,insects_abrupt_balanced,0,ltm,window,86.5,0.76,0.9422210923434845,0.7476175749338069,0.6476012254284251,0.8370786516853933,0.764102564102564,0.7590062111801242,0.6895974606696035,0.034953912618186186,0.3543359905090204,0.42983989951552704,0.6086730101366925
0,insects_abrupt_balanced__c0,insects_abrupt_balanced,0,ltm,late,135.1,0.8166666666666667,0.9748489548836184,0.8237885785551498,0.7726690761157489,0.9238249594813615,0.9531772575250836,0.8015549796371714,0.44945167494010235,0.027075309600757446,0.24899208575176704,0.2575167792003447,0.49070004581455745
0,insects_abrupt_balanced__c0,insects_abrupt_balanced,0,ltm,all,91.49726775956285,0.7480874316939891,0.9557363838752827,0.7488071887290154,0.7566655857769383,0.8662869541632764,0.8599892299407647,0.7354497354497355,0.6289906461032396,0.01422206733497981,0.3454984074179732,0.4828330897769729,0.5865125319347494
0,insects_abrupt_balanced__c0,insects_abrupt_balanced,0,em,window,86.5,0.749,0.9130379365187631,0.7485021281708129,0.6813132315653235,0.890625,0.8769230769230769,0.7180124223602484,0.7717908769104727,0.06942817571542376,0.36301878132404736,0.31485886585392614,0.5118917633300596
0,insects_abrupt_balanced__c0,insects_abrupt_balanced,0,em,late,135.1,0.8503333333333334,0.978623569391596,0.8493015990211282,0.7858402223588499,0.9163987138263665,0.9531772575250836,0.8389485375786746,0.39166379561970105,0.03317406406480556,0.21037516924130534,0.25706332445538194,0.3027595788978315
0,insects_abrupt_balanced__c0,insects_abrupt_balanced,0,em,all,91.49726775956285,0.7139890710382514,0.9111089084519833,0.7115321971773866,0.7245419979763651,0.8968466060929984,0.9036079698438342,0.6925743477467615,1.3524971014734926,0.11825240258971911,0.43484061749456215,0.23123024296142594,0.4257851528553057
0,insects_abrupt_balanced__c0,insects_abrupt_balanced,0,rp,window,86.5,0.772,0.9442523980321186,0.7569235049301812,0.6555075087856129,0.873015873015873,0.8461538461538461,0.7540372670807454,0.6174377216096846,0.028223120784684013,0.33485796058027234,0.3509496390927603,0.5742363901547304
0,insects_abrupt_balanced__c0,insects_abrupt_balanced,0,rp,late,135.1,0.859,0.980683251546086,0.8624564974846302,0.8060119527740756,0.9218241042345277,0.9464882943143813,0.8493150684931506,0.35085487014152433,0.014709192149069836,0.19515319975491716,0.26770436788047636,0.33295581490378556
0,insects_abrupt_balanced__c0,insects_abrupt_balanced,0,rp,all,91.49726775956285,0.7734972677595628,0.9596342981603514,0.7743291500721041,0.7839874598208856,0.9176151761517615,0.9116855142703285,0.7578908958219303,0.5939227538994166,0.017323756824880014,0.31638909301821133,0.2779589204031536,0.5175187022237978
0,insects_abrupt_balanced__c0,insects_abrupt_balanced,0,rp5,window,86.5,0.773,0.9446534157130692,0.7585429902803805,0.657129019822722,0.8571428571428571,0.8153846153846154,0.7627329192546584,0.642250193497385,0.029917541076831353,0.3380018224597834,0.3772927766592316,0.5717289805276032
0,insects_abrupt_balanced__c0,insects_abrupt_balanced,0,rp5,late,135.1,0.836,0.9787803501967939,0.8427595959727654,0.7911345160183637,0.9205834683954619,0.9498327759197325,0.8233987412069604,0.3938090292900026,0.021811436300066638,0.2219349771130882,0.262018644045735,0.37874938480943665
0,insects_abrupt_balanced__c0,insects_abrupt_balanced,0,rp5,all,91.49726775956285,0.7646994535519126,0.9585694827730838,0.7656488612418456,0.7748813909179212,0.9023383768913342,0.8831448572967151,0.7513227513227513,0.6143541991296733,0.022318936359197884,0.32727453020549746,0.31833133711248024,0.5190012025272431
0,insects_abrupt_balanced__c0,insects_abrupt_balanced,0,oracle,window,86.5,0.786,0.9517991105301568,0.7703414138725646,0.6673462754054412,0.9072164948453608,0.9025641025641026,0.7577639751552795,0.5733272140258086,0.035286689488282064,0.3131837596158191,0.3166431465621942,0.5712733980272102
0,insects_abrupt_balanced__c0,insects_abrupt_balanced,0,oracle,late,135.1,0.8826666666666667,0.9842795104502091,0.884158995782197,0.8295374712442358,0.9253246753246753,0.9531772575250836,0.8748611625323954,0.2898906144291185,0.01081797106114607,0.16538219312797173,0.26429448715399134,0.2798371050157971
0,insects_abrupt_balanced__c0,insects_abrupt_balanced,0,oracle,all,91.49726775956285,0.786120218579235,0.9640326743962899,0.7868328232354632,0.7964139434081988,0.9292656587473002,0.9267635971997846,0.770236574834276,0.5567000377961012,0.020390303299180408,0.2971110855473194,0.21948804092142468,0.48460597243274667
0,insects_abrupt_balanced__c1,insects_abrupt_balanced,1,fifo,window,92.1,0.758,0.94158920455493,0.7401211880233913,0.6418525894803814,0.7636363636363637,0.6737967914438503,0.7773677736777368,0.6544240962185943,0.03929423797872001,0.35567801818621625,0.5994174331359158,0.5200147973508702
0,insects_abrupt_balanced__c1,insects_abrupt_balanced,1,fifo,late,132.1,0.8176666666666667,0.9763437758513449,0.8273825873800048,0.778408280016179,0.7879746835443038,0.8412162162162162,0.8150887573964497,0.4469085646730207,0.01518196375336679,0.2529016381749047,0.3889017054730702,0.4264626892667029
0,insects_abrupt_balanced__c1,insects_abrupt_balanced,1,fifo,all,94.31147540983606,0.7614754098360655,0.9549362251348347,0.7614913242712384,0.7612782060937434,0.7723870252287219,0.765805387575591,0.7609975122868758,0.6550375930239329,0.025722503712686307,0.33328165420984396,0.49198217847444947,0.49006694529425565
0,insects_abrupt_balanced__c1,insects_abrupt_balanced,1,ltm,window,92.1,0.756,0.9427180384344949,0.7384755282663624,0.640344665103011,0.7673716012084593,0.679144385026738,0.7736777367773677,0.654473560477372,0.03857020637989493,0.35488851000006433,0.6049900558688587,0.5548486079690066
0,insects_abrupt_balanced__c1,insects_abrupt_balanced,1,ltm,late,132.1,0.8236666666666667,0.9751961428478514,0.8309472862714545,0.7779764106449641,0.778125,0.8412162162162162,0.8217455621301775,0.44140799642068895,0.02460441020967599,0.24520632733484574,0.41203126632630976,0.46688265880489205
0,insects_abrupt_balanced__c1,insects_abrupt_balanced,1,ltm,all,94.31147540983606,0.7582513661202186,0.957927666026606,0.7584188443085339,0.7576235639415341,0.7621666208413528,0.7619571192963167,0.7578423639342273,0.6055595559589666,0.014606738209424597,0.33194269879175814,0.5685675734654942,0.5459621009161254
0,insects_abrupt_balanced__c1,insects_abrupt_balanced,1,em,window,92.1,0.74,0.9249033383616462,0.7347267161535231,0.6670710742317213,0.8153846153846154,0.8502673796791443,0.7146371463714637,0.7763222648062705,0.0828789202720324,0.3756149188777976,0.4390859108882903,0.4683917275212786
0,insects_abrupt_balanced__c1,insects_abrupt_balanced,1,em,late,132.1,0.853,0.9784008008675342,0.8561947447621481,0.7955437106258058,0.8286189683860233,0.8412162162162162,0.8542899408284024,0.3677671317756238,0.02881617610345245,0.21036221088318757,0.3709971903449768,0.2944295588468852
0,insects_abrupt_balanced__c1,insects_abrupt_balanced,1,em,all,94.31147540983606,0.7225136612021857,0.9114563873192019,0.7208608998646605,0.7204279581643823,0.7280334728033473,0.6695986805937328,0.7283538620229355,1.2983665281646655,0.112264953727153,0.4197773513004417,0.3853118327067693,0.39004441785442473
0,insects_abrupt_balanced__c1,insects_abrupt_balanced,1,rp,window,92.1,0.773,0.9450742868937304,0.7560645135471448,0.6557882296703947,0.8392370572207084,0.8235294117647058,0.7613776137761378,0.608736089272697,0.03909229672298854,0.3350800113848411,0.4880419451542815,0.5457251760238339
0,insects_abrupt_balanced__c1,insects_abrupt_balanced,1,rp,late,132.1,0.8653333333333333,0.9806915676595113,0.8688875775773508,0.8139690438356983,0.8300653594771242,0.8581081081081081,0.8661242603550295,0.3455774353579388,0.011736530361890343,0.19295311227461778,0.39387212852864856,0.3095736408784911
0,insects_abrupt_balanced__c1,insects_abrupt_balanced,1,rp,all,94.31147540983606,0.7797267759562841,0.9581442649533641,0.7797213764521125,0.7799019295864525,0.7977036632039366,0.8020890599230346,0.7772586614889874,0.6028621032000523,0.021788660849734055,0.307206759075618,0.5145713230840446,0.4571100682887798
0,insects_abrupt_balanced__c1,insects_abrupt_balanced,1,rp5,window,92.1,0.771,0.9427340494360131,0.7534523220191696,0.6535479656930666,0.8115942028985508,0.7486631016042781,0.7761377613776138,0.626922112192364,0.03746677585746917,0.34274190984399977,0.529375342165156,0.531154179915722
0,insects_abrupt_balanced__c1,insects_abrupt_balanced,1,rp5,late,132.1,0.843,0.9792807685606899,0.8492043537218057,0.7947294818062458,0.8077544426494345,0.8445945945945946,0.8428254437869822,0.38482187012403074,0.013049597992988002,0.21765848369834992,0.38840554944329764,0.35838795874232815
0,insects_abrupt_balanced__c1,insects_abrupt_balanced,1,rp5,all,94.31147540983606,0.7731147540983606,0.9574138082184854,0.7731592717320799,0.7729810197452608,0.7860503736507057,0.7806487080813634,0.7722832352405801,0.6220162789646545,0.022384705410431346,0.316603663443406,0.4967221412900261,0.4673385169068512
0,insects_abrupt_balanced__c1,insects_abrupt_balanced,1,oracle,window,92.1,0.781,0.9505388478482355,0.7642511169764227,0.6630111884864439,0.8494623655913979,0.8449197860962567,0.7662976629766297,0.5848603916355964,0.03881248563413133,0.32012904377132034,0.4588469634348906,0.5450488759237915
0,insects_abrupt_balanced__c1,insects_abrupt_balanced,1,oracle,late,132.1,0.888,0.9846879167365151,0.8894043814571416,0.8345233625462285,0.8542372881355932,0.8513513513513513,0.8920118343195266,0.2861444176912841,0.013915726648265292,0.1621337929684421,0.38032661871328716,0.2633564141258327
0,insects_abrupt_balanced__c1,insects_abrupt_balanced,1,oracle,all,94.31147540983606,0.796775956284153,0.9635217876063372,0.7967190496657904,0.7966021906372539,0.8110624315443593,0.8141836173721825,0.7948546811479886,0.5568287979235971,0.018798492073559818,0.28322574273114076,0.4785742360824916,0.42406224528520453
0,insects_abrupt_balanced__c2,insects_abrupt_balanced,2,fifo,window,84.2,0.757,0.940627803452443,0.7231653077986402,0.6243084809345142,0.4230769230769231,0.3089887640449438,0.8540145985401459,0.6806490720901263,0.057176478641966344,0.3573413732699639,0.7443606118587892,0.4300809249579249
0,insects_abrupt_balanced__c2,insects_abrupt_balanced,2,fifo,late,139.53333333333333,0.8146666666666667,0.9763955877062517,0.824204719403176,0.7773215906822329,0.6889952153110048,0.6728971962616822,0.8316536020903322,0.4488163859319129,0.020385517949949285,0.2537559830742905,0.6846534806909021,0.3967582860638619
0,insects_abrupt_balanced__c2,insects_abrupt_balanced,2,fifo,all,94.72131147540983,0.7895628415300546,0.9624084052355558,0.7888689588837726,0.769626864293366,0.5473176612417119,0.5176738882554162,0.8183851081832467,0.5901053387704467,0.02798582073625875,0.2977557470503025,0.7524061570739369,0.40172362916899745
0,insects_abrupt_balanced__c2,insects_abrupt_balanced,2,ltm,window,84.2,0.753,0.9395940709285823,0.7198251402841805,0.6214361626140948,0.42911877394636017,0.3146067415730337,0.8479318734793188,0.6889415101291437,0.06112134724245109,0.36359404832141273,0.7596075224629495,0.46635307649750435
0,insects_abrupt_balanced__c2,insects_abrupt_balanced,2,ltm,late,139.53333333333333,0.823,0.9755181550491039,0.8298951575383251,0.7794770481331689,0.6848,0.6666666666666666,0.8417319895483389,0.44258509384207084,0.024583383470375645,0.24588095710365557,0.6939538254817611,0.43868683146421006
0,insects_abrupt_balanced__c2,insects_abrupt_balanced,2,ltm,all,94.72131147540983,0.7849726775956284,0.9644029305977623,0.7837640604142719,0.7641423870526202,0.5377532228360957,0.49942987457240595,0.8152423546476489,0.5536102085017923,0.014264699978899818,0.29797877677618834,0.8189397891917454,0.45930567673699035
0,insects_abrupt_balanced__c2,insects_abrupt_balanced,2,em,window,84.2,0.755,0.9093022617306992,0.7390940318499695,0.6465328391662292,0.5736842105263158,0.6123595505617978,0.7858880778588808,1.0239236910273153,0.09076415664311888,0.38656272162591027,0.6289986432682927,0.3772963907662064
0,insects_abrupt_balanced__c2,insects_abrupt_balanced,2,em,late,139.53333333333333,0.8576666666666667,0.9783515368773191,0.8580169037395448,0.7965978087398516,0.6836248012718601,0.6697819314641744,0.8801791713325868,0.3829120106964912,0.024827443665635364,0.205741106502693,0.6782721291963792,0.2603994100216813
0,insects_abrupt_balanced__c2,insects_abrupt_balanced,2,em,all,94.72131147540983,0.7562841530054645,0.9207511292922262,0.7536396476349827,0.7352845223454126,0.5231934364152729,0.47263397947548463,0.7863531971473467,1.2580417338759102,0.11234713506948824,0.38327306796892596,0.6555723800349013,0.29479824645021074
0,insects_abrupt_balanced__c2,insects_abrupt_balanced,2,rp,window,84.2,0.778,0.9430239385465476,0.75924945712363,0.6576965972359937,0.6051873198847262,0.5898876404494382,0.818734793187348,0.6100450528079623,0.03926196824394228,0.3340384878606661,0.7437989197457096,0.4697708610450071
0,insects_abrupt_balanced__c2,insects_abrupt_balanced,2,rp,late,139.53333333333333,0.865,0.9810952863911601,0.8680805486281133,0.8124682385556028,0.6949685534591195,0.6884735202492211,0.8861515490854797,0.3423974757290138,0.011505526225539756,0.19008657638873214,0.6828648173767013,0.2812952985454479
0,insects_abrupt_balanced__c2,insects_abrupt_balanced,2,rp,all,94.72131147540983,0.8097814207650273,0.966555890853512,0.8097269383306694,0.7903752409297645,0.5677114133648729,0.5473204104903079,0.8376042548047866,0.5332350985639978,0.019907330769347618,0.2693882055177679,0.7565303573462588,0.375907979555599
0,insects_abrupt_balanced__c2,insects_abrupt_balanced,2,rp5,window,84.2,0.772,0.942091672088444,0.7476260516327154,0.6468825718705199,0.54,0.4550561797752809,0.8406326034063261,0.6341856434628005,0.039317047988510045,0.3406833380240703,0.7437345890105628,0.44825434824715166
0,insects_abrupt_balanced__c2,insects_abrupt_balanced,2,rp5,late,139.53333333333333,0.8416666666666667,0.9793969104873458,0.8481113745377767,0.7965521681705212,0.6949685534591195,0.6884735202492211,0.8600223964165733,0.38600156150182474,0.014593379836597056,0.2177912676478017,0.6822722107206723,0.32778559567030374
0,insects_abrupt_balanced__c2,insects_abrupt_balanced,2,rp5,all,94.72131147540983,0.8022404371584699,0.9652929536858328,0.8018487673154276,0.7826464843123425,0.5614140203714799,0.5342075256556442,0.8306539344856763,0.5554057291927803,0.02338188436673759,0.2806037756378241,0.7521671138469965,0.3807496172414513
0,insects_abrupt_balanced__c2,insects_abrupt_balanced,2,oracle,window,84.2,0.779,0.9472639557800072,0.7621685124515579,0.6605695690381004,0.6256684491978609,0.6573033707865169,0.805352798053528,0.5940049314922646,0.029518968706164238,0.3253849197225991,0.738251346644527,0.45805866686717955
0,insects_abrupt_balanced__c2,insects_abrupt_balanced,2,oracle,late,139.53333333333333,0.884,0.9845155502049759,0.8853475991525791,0.8299871499948241,0.7038216560509554,0.6884735202492211,0.9074281448301605,0.2870242424101539,0.011585358666454926,0.16371958537865328,0.6774171308255109,0.2300130147531072
0,insects_abrupt_balanced__c2,insects_abrupt_balanced,2,oracle,all,94.72131147540983,0.8234972677595629,0.9706394013857896,0.8236120443666237,0.8055554334005443,0.5982404692082112,0.5815279361459521,0.849147830291309,0.49623697318703797,0.019704351505489447,0.2513896750463203,0.7371044959850361,0.3410690877406546
0,insects_abrupt_balanced__c3,insects_abrupt_balanced,3,fifo,window,106.3,0.743,0.9433352079330404,0.7429499486686365,0.6742348210971641,0.6898550724637681,0.601010101010101,0.7780548628428927,0.6375362128129513,0.036729616543461546,0.3576231437249743,0.6730107827624533,0.49214349574300664
0,insects_abrupt_balanced__c3,insects_abrupt_balanced,3,fifo,late,132.1,0.822,0.9766300154916004,0.8313829818222199,0.776440984872938,0.6544980443285529,0.899641577060932,0.8140389562660787,0.44060712178148104,0.01494390945412212,0.2485056339384711,0.6018075061717014,0.39433547490083404
0,insects_abrupt_balanced__c3,insects_abrupt_balanced,3,fifo,all,97.20652173913044,0.7729347826086956,0.9570690146678037,0.7739950418379806,0.7688563804111874,0.7233611743862314,0.7649892933618844,0.7738325671425115,0.6205095187115174,0.026680946769256586,0.31508369716589846,0.49886999377173946,0.47125559439487147
0,insects_abrupt_balanced__c3,insects_abrupt_balanced,3,ltm,window,106.3,0.73,0.9438509687731775,0.7324264214486311,0.6679734651008014,0.61875,0.5,0.786783042394015,0.6556839746841622,0.04460843451773787,0.375182555539535,0.7000609228580693,0.49979708297950026
0,insects_abrupt_balanced__c3,insects_abrupt_balanced,3,ltm,late,132.1,0.8233333333333334,0.9756884548761535,0.8309351683160172,0.7732975220100368,0.6507713884992987,0.8315412186379928,0.8224917309812569,0.4360770654951158,0.023959250516010798,0.2413949147636952,0.6672315409323976,0.4337367727245566
0,insects_abrupt_balanced__c3,insects_abrupt_balanced,3,ltm,all,97.20652173913044,0.7701630434782609,0.9573398224381314,0.7704300686448579,0.764759703509727,0.7125953194846174,0.7253747323340471,0.7752238083716428,0.5981285567743433,0.012989724832941795,0.31678368553726177,0.5952871837764238,0.5187895821642714
0,insects_abrupt_balanced__c3,insects_abrupt_balanced,3,em,window,106.3,0.72,0.9254125561138831,0.7247475904781507,0.6656524055443828,0.5833333333333334,0.4595959595959596,0.78428927680798,0.8163739085062484,0.10916506787712504,0.42200348116337555,0.39677018460739233,0.47140704464027566
0,insects_abrupt_balanced__c3,insects_abrupt_balanced,3,em,late,132.1,0.8613333333333333,0.9785985549888528,0.8630113204905877,0.7991844334847165,0.6965174129353234,0.7526881720430108,0.87247335538405,0.3654724714263922,0.017228812650028808,0.2026272412904403,0.5303070929636017,0.28865692490592954
0,insects_abrupt_balanced__c3,insects_abrupt_balanced,3,em,all,97.20652173913044,0.743804347826087,0.9114077874351626,0.7382616771783094,0.7252096345983641,0.5778061224489796,0.48501070663811563,0.7730462134043068,1.2179305570567447,0.0979307111493043,0.38805001824696966,0.34408673284041136,0.3941997493674323
0,insects_abrupt_balanced__c3,insects_abrupt_balanced,3,rp,window,106.3,0.777,0.9458836107338309,0.7610868512662519,0.6590149904678674,0.8280871670702179,0.8636363636363636,0.7556109725685786,0.5883567865869461,0.03709866118569648,0.32612414590774264,0.5665388864724874,0.5041244673295248
0,insects_abrupt_balanced__c3,insects_abrupt_balanced,3,rp,late,132.1,0.8586666666666667,0.9796234605524964,0.8634836621728433,0.8058724595607442,0.7011834319526628,0.8494623655913979,0.8596104373392135,0.35400225882640424,0.025266749555898853,0.1977919575994879,0.6182402759555279,0.2775304103505623
0,insects_abrupt_balanced__c3,insects_abrupt_balanced,3,rp,all,97.20652173913044,0.7933695652173913,0.9606117450162225,0.7938629258171483,0.7902055511374498,0.7653244421646576,0.7987152034261242,0.7927655456085169,0.5699986806056603,0.02355443620299634,0.2870772360140532,0.5302864726108741,0.4357808432786684
0,insects_abrupt_balanced__c3,insects_abrupt_balanced,3,rp5,window,106.3,0.768,0.9448629944109568,0.7575607452910925,0.6705510323800473,0.7908163265306123,0.7828282828282829,0.7643391521197007,0.604460885231607,0.035928651352463196,0.335675855606096,0.5977369397644646,0.49873111183843877
0,insects_abrupt_balanced__c3,insects_abrupt_balanced,3,rp5,late,132.1,0.846,0.979257492863888,0.8525206143334297,0.794926440253937,0.6938202247191011,0.8853046594982079,0.8419698640205807,0.3821197418933891,0.018538316631080236,0.2153261662833823,0.6109244128419985,0.3261162584230689
0,insects_abrupt_balanced__c3,insects_abrupt_balanced,3,rp5,all,97.20652173913044,0.7854347826086957,0.9598159350232751,0.7861729023977229,0.7822097153145194,0.7528089887640449,0.7890792291220556,0.7850229857246552,0.5871323627243515,0.024041223006682863,0.2974451146866332,0.5044808672044552,0.44756618779724905
0,insects_abrupt_balanced__c3,insects_abrupt_balanced,3,oracle,window,106.3,0.779,0.9500902530216356,0.7615778597696533,0.659365804110437,0.8317307692307693,0.8737373737373737,0.7556109725685786,0.5742171976302004,0.03500355960609234,0.3191142737875557,0.5249749133583798,0.49755464716191905
0,insects_abrupt_balanced__c3,insects_abrupt_balanced,3,oracle,late,132.1,0.889,0.9851872146555248,0.8903700750244055,0.8308778141669778,0.8032520325203252,0.8853046594982079,0.8893789048144065,0.27986018655284534,0.010267103534039286,0.15689755710738051,0.5788802507116638,0.23258155564989919
0,insects_abrupt_balanced__c3,insects_abrupt_balanced,3,oracle,all,97.20652173913044,0.8089673913043478,0.9648108559117755,0.8088878523444641,0.8062403735690816,0.7937681542117772,0.8046038543897216,0.8094604403580934,0.5326622680081948,0.018918461490385237,0.2677328818381784,0.4493122939037809,0.4084199550383574
0,insects_abrupt_balanced__c4,insects_abrupt_balanced,4,fifo,window,99.4,0.759,0.9393146791708751,0.7370342379921317,0.6395802820936695,0.5770491803278689,0.44221105527638194,0.8377028714107366,0.6963203275687498,0.05791717786879709,0.36720633352529647,0.6374311581264573,0.4470684877488962
0,insects_abrupt_balanced__c4,insects_abrupt_balanced,4,fifo,late,129.3,0.8136666666666666,0.9763178733048999,0.8238375945841164,0.7768747651061295,0.7216494845360825,0.7241379310344828,0.8232472324723247,0.44942140981065315,0.02310153983981842,0.2545905666053436,0.6308427776520977,0.40284017136212946
0,insects_abrupt_balanced__c4,insects_abrupt_balanced,4,fifo,all,93.9672131147541,0.7836065573770492,0.9607584653224884,0.7844564039094283,0.7738516114527362,0.6581777023203169,0.6749854904236796,0.7948965434035109,0.6196914615103232,0.028795436193208547,0.30915398989036397,0.6674621998806103,0.4283028799289667
0,insects_abrupt_balanced__c4,insects_abrupt_balanced,4,ltm,window,99.4,0.756,0.9387079979809098,0.7345919969966094,0.6373057543939323,0.5798045602605864,0.4472361809045226,0.83270911360799,0.6990543195748038,0.06758258864052129,0.3705141790488216,0.6514721374236979,0.4857513274124299
0,insects_abrupt_balanced__c4,insects_abrupt_balanced,4,ltm,late,129.3,0.8233333333333334,0.9752329207602696,0.8305858867660056,0.7795372253384815,0.7186440677966102,0.7310344827586207,0.8332103321033211,0.4432868303326918,0.0216366328994385,0.24663536516286483,0.6262667290869219,0.4456524736694138
0,insects_abrupt_balanced__c4,insects_abrupt_balanced,4,ltm,all,93.9672131147541,0.7787978142076503,0.9625018641592956,0.7798388075914324,0.7679073694890696,0.6370699223085461,0.6662797446314568,0.7904928515412921,0.5791124054018812,0.012860753718442645,0.30913845203811513,0.728108899978607,0.48726728250609297
0,insects_abrupt_balanced__c4,insects_abrupt_balanced,4,em,window,99.4,0.762,0.9187376022900625,0.7451974601159418,0.6455899046585808,0.659400544959128,0.6080402010050251,0.8002496878901373,0.7804739321009522,0.0947610440055622,0.3624657038362072,0.5700206209098863,0.36494220728239257
0,insects_abrupt_balanced__c4,insects_abrupt_balanced,4,em,late,129.3,0.86,0.9784027911619239,0.8619410406807965,0.8034558720753576,0.7322970639032815,0.7310344827586207,0.8738007380073801,0.3867447979517953,0.024778662814000686,0.2088272240793611,0.6162421804950526,0.2742773461724855
0,insects_abrupt_balanced__c4,insects_abrupt_balanced,4,em,all,93.9672131147541,0.7518032786885246,0.9218406608216981,0.7515921033681805,0.7427350470915064,0.6472611802064038,0.709808473592571,0.7561681848344092,1.2460735940841985,0.11093867796954174,0.3900836978454903,0.578624882527029,0.3194251530225116
0,insects_abrupt_balanced__c4,insects_abrupt_balanced,4,rp,window,99.4,0.775,0.9420919890773424,0.7565623897903333,0.6556787335143804,0.6809651474530831,0.6381909547738693,0.8089887640449438,0.6141841374467424,0.05241722586276536,0.3352864604300113,0.6359368878601415,0.4659641392740252
0,insects_abrupt_balanced__c4,insects_abrupt_balanced,4,rp,late,129.3,0.867,0.9807929466024207,0.8702813654350087,0.8152469657329214,0.7313691507798961,0.7275862068965517,0.8819188191881919,0.344448862661746,0.009740952249178526,0.1912061500087817,0.6229301006888985,0.28859216879973265
0,insects_abrupt_balanced__c4,insects_abrupt_balanced,4,rp,all,93.9672131147541,0.8049726775956284,0.9645503449979814,0.8058238022399531,0.7950850287900035,0.6786922209695603,0.6987811955890888,0.8160101345237377,0.56489723357542,0.024863293827725175,0.28150160530982676,0.6685105866414329,0.4000982177005761
0,insects_abrupt_balanced__c4,insects_abrupt_balanced,4,rp5,window,99.4,0.771,0.9403847662750863,0.7519621816940378,0.6522187846182056,0.6486486486486487,0.542713567839196,0.8277153558052435,0.6498553740995666,0.04496746749763167,0.34713466646047303,0.6384262193187888,0.4585386960362902
0,insects_abrupt_balanced__c4,insects_abrupt_balanced,4,rp5,late,129.3,0.842,0.9793589478567978,0.8481762911956015,0.7934539238334719,0.7118055555555556,0.7068965517241379,0.8564575645756457,0.3859049483654478,0.012605878903297778,0.2178893128165314,0.6310570229290107,0.33484711790580635
0,insects_abrupt_balanced__c4,insects_abrupt_balanced,4,rp5,all,93.9672131147541,0.7962295081967213,0.9634924079478454,0.7971601758081721,0.7861914515818627,0.6668560068162454,0.681369704004643,0.8081679435362249,0.5854453220972404,0.024376209974555193,0.2919257514448189,0.667808859645394,0.40701264135666126
0,insects_abrupt_balanced__c4,insects_abrupt_balanced,4,oracle,window,99.4,0.777,0.9485212171304399,0.7597256115088987,0.6583777108089056,0.7081081081081081,0.6582914572864321,0.8064918851435705,0.5821609646813868,0.02775860364129594,0.3164714364696522,0.6386050340670412,0.463376290281664
0,insects_abrupt_balanced__c4,insects_abrupt_balanced,4,oracle,late,129.3,0.884,0.9845973298487158,0.8853973141213404,0.8294671781169941,0.7328767123287672,0.7379310344827587,0.8996309963099631,0.2874104253904566,0.011002005680566654,0.16375448362259942,0.6217175220466082,0.23958312458522674
0,insects_abrupt_balanced__c4,insects_abrupt_balanced,4,oracle,all,93.9672131147541,0.8170491803278689,0.9692908962941802,0.8177697054560565,0.8072175018248653,0.6929223744292238,0.7045850261172374,0.8287386137419316,0.5221609592509506,0.019620475864435466,0.2606682432744203,0.6592022372603787,0.364515396934657
0,insects_abrupt_balanced__c5,insects_abrupt_balanced,5,fifo,window,21.2,0.79,0.9485608728085387,0.7716091556252219,0.6691673657382048,0.0,0.0,0.8237747653806048,0.5799547543746678,0.04206701392382415,0.3157448608171612,0.4118920286197419,0.47869036759666134
0,insects_abrupt_balanced__c5,insects_abrupt_balanced,5,fifo,late,356.9,0.8243333333333334,0.9772674494518383,0.833956759684474,0.7769545747098237,0.9076553381393753,0.8319697923222152,0.8157335223245925,0.43245743927834684,0.021389778678797225,0.24350541083246688,0.3160628619874482,0.512246711407011
0,insects_abrupt_balanced__c5,insects_abrupt_balanced,5,fifo,all,140.6443298969072,0.777319587628866,0.9594180521203932,0.7776987502726529,0.7778512182784599,0.8452142206016409,0.7938356164383562,0.7743932038834952,0.6090229300175064,0.024453099839986142,0.3110481628169331,0.2964998500575808,0.4991528546671591
0,insects_abrupt_balanced__c5,insects_abrupt_balanced,5,ltm,window,21.2,0.791,0.9480474130624655,0.7731621710948515,0.6705765237365888,0.0,0.0,0.8248175182481752,0.583910327709618,0.04261520954336118,0.31642710789804485,0.4135039933205574,0.47638248820208307
0,insects_abrupt_balanced__c5,insects_abrupt_balanced,5,ltm,late,356.9,0.8296666666666667,0.9761171268879254,0.8369289153423297,0.7773134143769752,0.9140546006066734,0.8533668974197609,0.8029766123316796,0.4305949070773887,0.025030890070131116,0.23742305007645495,0.3829063965131998,0.5287753024006462
0,insects_abrupt_balanced__c5,insects_abrupt_balanced,5,ltm,all,140.6443298969072,0.7751546391752577,0.9605170113360141,0.7754935861978748,0.7760489804470417,0.8648450394278379,0.8075342465753425,0.7694174757281553,0.5791919431894573,0.0146419677497211,0.31080121114598463,0.3753439686883344,0.5386874573384983
0,insects_abrupt_balanced__c5,insects_abrupt_balanced,5,em,window,21.2,0.753,0.9210903851170457,0.7491760948754748,0.6709360444534723,0.16216216216216217,0.14634146341463414,0.7789363920750783,0.8623113488277196,0.07952371990492337,0.365384309435153,0.3162379715565539,0.43512238963192224
0,insects_abrupt_balanced__c5,insects_abrupt_balanced,5,em,late,356.9,0.867,0.979246617415135,0.8675395038458174,0.7989064956030235,0.9569652534268409,0.9446192573945877,0.7795889440113395,0.35050371045053935,0.025793623014362863,0.1923655643018842,0.10751656075859,0.4855286725648099
0,insects_abrupt_balanced__c5,insects_abrupt_balanced,5,em,all,140.6443298969072,0.7450515463917525,0.9195673463134392,0.7434112905579929,0.743020280123064,0.785415421398685,0.9,0.7175970873786408,1.1932504869765377,0.09982774049124313,0.3846120818638328,0.10781167834811221,0.4315583761032503
0,insects_abrupt_balanced__c5,insects_abrupt_balanced,5,rp,window,21.2,0.774,0.9470758697462655,0.7599392334573427,0.6642966217085621,0.04,0.024390243902439025,0.8060479666319083,0.5821322040473227,0.029662718270625662,0.3234204267898425,0.544343151207571,0.51288086777257
0,insects_abrupt_balanced__c5,insects_abrupt_balanced,5,rp,late,356.9,0.8703333333333333,0.982118708898331,0.8735636216816747,0.8112903896921848,0.9549608355091384,0.920704845814978,0.813607370659107,0.3264853144563476,0.016837488864411713,0.1809446384331632,0.12124851650904565,0.5128472454017847
0,insects_abrupt_balanced__c5,insects_abrupt_balanced,5,rp,all,140.6443298969072,0.7946907216494845,0.9629448269535373,0.794529652879628,0.7954227847112708,0.9040170636331318,0.8708904109589041,0.7811893203883495,0.5577971010535451,0.020221575318963805,0.28456022011544857,0.15004143848360507,0.49812346494766585
0,insects_abrupt_balanced__c5,insects_abrupt_balanced,5,rp5,window,21.2,0.789,0.9482935392079458,0.7712223927158182,0.6688218945587533,0.0,0.0,0.8227320125130344,0.573823212906599,0.03644563592437994,0.3153180278716543,0.47772974672428414,0.4978286496730095
0,insects_abrupt_balanced__c5,insects_abrupt_balanced,5,rp5,late,356.9,0.85,0.9802569571702175,0.8564051362264978,0.7971805403065378,0.9332886356017432,0.8760226557583386,0.820694542877392,0.3703828117643575,0.013899368417975691,0.20822138551815064,0.1984083665630004,0.5131104362057755
0,insects_abrupt_balanced__c5,insects_abrupt_balanced,5,rp5,all,140.6443298969072,0.7879896907216495,0.9617318387831272,0.788158375242349,0.7887044158875026,0.8773754033703837,0.838013698630137,0.779126213592233,0.5783230979657301,0.021798457294337,0.29564584209555694,0.20364131455574266,0.49428893117499695
0,insects_abrupt_balanced__c5,insects_abrupt_balanced,5,oracle,window,21.2,0.787,0.9514959550277258,0.7705630412768762,0.6682370186203697,0.0,0.0,0.8206465067778936,0.5610203853979586,0.019155122585484356,0.3093046057022108,0.5747296795597132,0.4997512134890392
0,insects_abrupt_balanced__c5,insects_abrupt_balanced,5,oracle,late,356.9,0.891,0.9854437956788833,0.8924727303008737,0.8305950746005338,0.9733718318896375,0.9546884833228445,0.8192771084337349,0.27090261245864883,0.01440979581069745,0.15386009109239074,0.03703539006194743,0.5074411709061694
0,insects_abrupt_balanced__c5,insects_abrupt_balanced,5,oracle,all,140.6443298969072,0.806958762886598,0.9662236747403042,0.8067538073844086,0.8078032870911773,0.9224846894138232,0.9027397260273973,0.7899878640776699,0.5242440053422733,0.01748930891907352,0.26868281259486143,0.08268447300727703,0.47419789481411845
1,covertype__c0,covertype,0,fifo,window,89.3,0.731,0.9435521563850258,0.7385659205939109,0.7399231936299621,0.730844793713163,0.6690647482014388,0.7548476454293629,0.7614367057101449,0.06475778676597502,0.3830545418924689,0.5911858198135236,0.5718214823537713
1,covertype__c0,covertype,0,fifo,late,107.1,0.6253333333333333,0.9164425275732109,0.6342165202422734,0.6367126122506827,0.5509325681492109,0.6530612244897959,0.6223207686622321,1.1118349082592365,0.12633831215740116,0.5211542992205703,0.6961946526441084,0.593545031319733
1,covertype__c0,covertype,0,fifo,all,104.37368421052632,0.788578947368421,0.9654691437133965,0.7882490829098769,0.7811726552477783,0.7204861111111112,0.7871028923660502,0.7887632466994258,0.677885492933237,0.0713027765585518,0.308465775208575,0.4324663425783821,0.33843715402315483
1,covertype__c0,covertype,0,ltm,window,89.3,0.749,0.945020353614332,0.7566937044248885,0.7554134112544114,0.7724665391969407,0.7266187050359713,0.7576177285318559,0.7485109785316226,0.06389441511637585,0.3821244036575728,0.5831552442292346,0.584496974485486
1,covertype__c0,covertype,0,ltm,late,107.1,0.632,0.9292801729287259,0.6393692103679283,0.6412216644719392,0.569364161849711,0.6700680272108843,0.6278640059127863,1.021529625497381,0.12138830416085249,0.5180486137999187,0.7201082016279385,0.5947486613385634
1,covertype__c0,covertype,0,ltm,all,104.37368421052632,0.7883157894736842,0.9678781790044769,0.7872681037579892,0.7797845213011373,0.7303814116615519,0.7899478425794215,0.7881120123142502,0.64917897789151,0.0732833454198154,0.30967751394377613,0.42859834466534397,0.3371814016857706
1,covertype__c0,covertype,0,em,window,89.3,0.623,0.8981504657915785,0.6295953289959814,0.6353148039578371,0.6978998384491115,0.7769784172661871,0.5637119113573407,1.4411622753727789,0.19033083010579493,0.5653843131722817,0.41631604242563597,0.496334810517705
1,covertype__c0,covertype,0,em,late,107.1,0.5646666666666667,0.831521137504734,0.571959432816219,0.5775300143655683,0.4973544973544973,0.6394557823129252,0.5565410199556541,2.9420788680711443,0.2973807042732618,0.7151829191126543,0.3366644890727949,0.33949361984413984
1,covertype__c0,covertype,0,em,all,104.37368421052632,0.7494736842105263,0.9273133037988617,0.7482084073283138,0.7372580753851984,0.6801585645733361,0.772878141299194,0.7465514179148659,1.4111053045253352,0.15439107992457318,0.4003221348465309,0.2727504651982413,0.23548655089210588
1,covertype__c0,covertype,0,rp,window,89.3,0.73,0.939318131229836,0.7352499690607848,0.7290893704408433,0.7604690117252931,0.8165467625899281,0.6966759002770083,0.7639706465350531,0.08092717990314244,0.40176382459274596,0.455956539180572,0.5752401966785776
1,covertype__c0,covertype,0,rp,late,107.1,0.643,0.9171735316956161,0.6469963689266325,0.647408054192769,0.551048951048951,0.6700680272108843,0.6400591278640059,1.1308415515330386,0.12158504306230214,0.5025798128959118,0.6729088713173266,0.5512152848946427
1,covertype__c0,covertype,0,rp,all,104.37368421052632,0.7938947368421052,0.9654642627407217,0.7943706701844688,0.7855129168289351,0.7110823630875377,0.781887150308203,0.7953939968030312,0.6898974669042356,0.07563935307905077,0.3036872791714182,0.4213453083552338,0.31318598065421815
1,covertype__c0,covertype,0,rp5,window,89.3,0.75,0.9415159456088952,0.7559410635015926,0.7516910538724485,0.7801418439716312,0.7913669064748201,0.7340720221606648,0.7393750844717704,0.0699184126744148,0.3777333533639833,0.5039898310771603,0.5932080816581651
1,covertype__c0,covertype,0,rp5,late,107.1,0.6186666666666667,0.9120517129764112,0.6252656828906542,0.6287989401732308,0.546031746031746,0.5850340136054422,0.6223207686622321,1.1554165144624169,0.12809464159326353,0.5212231800415555,0.7082570849150279,0.5872025105922654
1,covertype__c0,covertype,0,rp5,all,104.37368421052632,0.788578947368421,0.9651905453222983,0.7884665856775164,0.7802461443439104,0.7229700390794616,0.7894736842105263,0.7884672310698004,0.6845450186315044,0.07380101894000503,0.3074867321597588,0.4198309287049316,0.33095276039520927
1,covertype__c0,covertype,0,oracle,window,89.3,0.73,0.9437527890659071,0.7324918699086602,0.7267507776621956,0.7714748784440842,0.8561151079136691,0.6814404432132964,0.740331694467292,0.07406855197114191,0.3941560977737353,0.4277253524228766,0.5597876920366379
1,covertype__c0,covertype,0,oracle,late,107.1,0.6726666666666666,0.9336866645677411,0.6757906503740136,0.6759866619815985,0.5614525139664804,0.6836734693877551,0.6714708056171471,0.9619176403444535,0.10743514721812386,0.455628891041868,0.6238778113854906,0.5192382132635756
1,covertype__c0,covertype,0,oracle,all,104.37368421052632,0.8127368421052632,0.9721664483769865,0.8132770752587238,0.805186724491973,0.7419076391886059,0.8150782361308677,0.8124444970694452,0.6028652219699223,0.0638944069477447,0.27353016910077854,0.3855379007077377,0.2960051525739755
